so_path	needed_soname	verdict	note
proprietary/system/lib64/libantradio.so	android.hardware.bluetooth@1.0.so	PLATFORM	HIDL iface lib, hardware/interfaces lineage-23.2 @13d687a84c83 (.hal present)
proprietary/system/lib64/libantradio.so	com.qualcomm.qti.ant@1.0.so	VENDOR	shipped in this repo as proprietary/system_ext/lib64/com.qualcomm.qti.ant@1.0.so;proprietary/vendor/lib64/com.qualcomm.qti.ant@1.0.so
proprietary/system/lib64/libantradio.so	libbase.so	PLATFORM	bionic libbase, LineageOS/android_bionic (manifest default.xml:37); /system/lib64
proprietary/system/lib64/libantradio.so	libc++.so	PLATFORM	bionic NDK compat lib, LineageOS/android_bionic (manifest default.xml:37); /system/lib64
proprietary/system/lib64/libantradio.so	libc.so	PLATFORM	bionic, LineageOS/android_bionic (manifest default.xml:37); /system/lib64 + apex com.android.runtime/lib64/bionic
proprietary/system/lib64/libantradio.so	libcutils.so	PLATFORM	bionic libcutils, LineageOS/android_bionic (manifest default.xml:37); /system/lib64
proprietary/system/lib64/libantradio.so	libdl.so	PLATFORM	bionic, LineageOS/android_bionic (manifest default.xml:37)
proprietary/system/lib64/libantradio.so	libhidlbase.so	PLATFORM	system/libhidl module 'libhidlbase', system/libhidl lineage-22.2 @2bfb10b64fcfa (module names); manifest default.xml:912 (system/libhidl, remote=aosp)
proprietary/system/lib64/libantradio.so	libhidltransport.so	PLATFORM	system/libhidl module 'libhidltransport', system/libhidl lineage-22.2 @2bfb10b64fcfa (module names); manifest default.xml:912 (system/libhidl, remote=aosp)
proprietary/system/lib64/libantradio.so	libhwbinder.so	PLATFORM	frameworks/native (manifest default.xml:613) libs/hwbinder
proprietary/system/lib64/libantradio.so	liblog.so	PLATFORM	bionic, LineageOS/android_bionic (manifest default.xml:37); /system/lib64
proprietary/system/lib64/libantradio.so	libm.so	PLATFORM	bionic, LineageOS/android_bionic (manifest default.xml:37)
proprietary/system/lib64/libantradio.so	libnativehelper.so	PLATFORM	AOSP libnativehelper, manifest default.xml:679
proprietary/system/lib64/libantradio.so	libutils.so	PLATFORM	bionic libutils, LineageOS/android_bionic (manifest default.xml:37); /system/lib64
proprietary/system_ext/lib/com.qualcomm.qti.wifidisplayhal@1.0.so	libc++.so	PLATFORM	bionic NDK compat lib, LineageOS/android_bionic (manifest default.xml:37); /system/lib64
proprietary/system_ext/lib/com.qualcomm.qti.wifidisplayhal@1.0.so	libc.so	PLATFORM	bionic, LineageOS/android_bionic (manifest default.xml:37); /system/lib64 + apex com.android.runtime/lib64/bionic
proprietary/system_ext/lib/com.qualcomm.qti.wifidisplayhal@1.0.so	libcutils.so	PLATFORM	bionic libcutils, LineageOS/android_bionic (manifest default.xml:37); /system/lib64
proprietary/system_ext/lib/com.qualcomm.qti.wifidisplayhal@1.0.so	libdl.so	PLATFORM	bionic, LineageOS/android_bionic (manifest default.xml:37)
proprietary/system_ext/lib/com.qualcomm.qti.wifidisplayhal@1.0.so	libhidlbase.so	PLATFORM	system/libhidl module 'libhidlbase', system/libhidl lineage-22.2 @2bfb10b64fcfa (module names); manifest default.xml:912 (system/libhidl, remote=aosp)
proprietary/system_ext/lib/com.qualcomm.qti.wifidisplayhal@1.0.so	liblog.so	PLATFORM	bionic, LineageOS/android_bionic (manifest default.xml:37); /system/lib64
proprietary/system_ext/lib/com.qualcomm.qti.wifidisplayhal@1.0.so	libm.so	PLATFORM	bionic, LineageOS/android_bionic (manifest default.xml:37)
proprietary/system_ext/lib/com.qualcomm.qti.wifidisplayhal@1.0.so	libutils.so	PLATFORM	bionic libutils, LineageOS/android_bionic (manifest default.xml:37); /system/lib64
proprietary/system_ext/lib/libmmosal.so	libc++.so	PLATFORM	bionic NDK compat lib, LineageOS/android_bionic (manifest default.xml:37); /system/lib64
proprietary/system_ext/lib/libmmosal.so	libc.so	PLATFORM	bionic, LineageOS/android_bionic (manifest default.xml:37); /system/lib64 + apex com.android.runtime/lib64/bionic
proprietary/system_ext/lib/libmmosal.so	libcutils.so	PLATFORM	bionic libcutils, LineageOS/android_bionic (manifest default.xml:37); /system/lib64
proprietary/system_ext/lib/libmmosal.so	libdl.so	PLATFORM	bionic, LineageOS/android_bionic (manifest default.xml:37)
proprietary/system_ext/lib/libmmosal.so	liblog.so	PLATFORM	bionic, LineageOS/android_bionic (manifest default.xml:37); /system/lib64
proprietary/system_ext/lib/libmmosal.so	libm.so	PLATFORM	bionic, LineageOS/android_bionic (manifest default.xml:37)
proprietary/system_ext/lib/libmmosal.so	libutils.so	PLATFORM	bionic libutils, LineageOS/android_bionic (manifest default.xml:37); /system/lib64
proprietary/system_ext/lib/libmmparser_lite.so	libc++.so	PLATFORM	bionic NDK compat lib, LineageOS/android_bionic (manifest default.xml:37); /system/lib64
proprietary/system_ext/lib/libmmparser_lite.so	libc.so	PLATFORM	bionic, LineageOS/android_bionic (manifest default.xml:37); /system/lib64 + apex com.android.runtime/lib64/bionic
proprietary/system_ext/lib/libmmparser_lite.so	libcutils.so	PLATFORM	bionic libcutils, LineageOS/android_bionic (manifest default.xml:37); /system/lib64
proprietary/system_ext/lib/libmmparser_lite.so	libdl.so	PLATFORM	bionic, LineageOS/android_bionic (manifest default.xml:37)
proprietary/system_ext/lib/libmmparser_lite.so	liblog.so	PLATFORM	bionic, LineageOS/android_bionic (manifest default.xml:37); /system/lib64
proprietary/system_ext/lib/libmmparser_lite.so	libm.so	PLATFORM	bionic, LineageOS/android_bionic (manifest default.xml:37)
proprietary/system_ext/lib/libmmparser_lite.so	libmmosal.so	VENDOR	shipped in this repo as proprietary/system_ext/lib/libmmosal.so;proprietary/vendor/lib/libmmosal.so
proprietary/system_ext/lib/libmmparser_lite.so	libutils.so	PLATFORM	bionic libutils, LineageOS/android_bionic (manifest default.xml:37); /system/lib64
proprietary/system_ext/lib/libmmrtpdecoder.so	libc++.so	PLATFORM	bionic NDK compat lib, LineageOS/android_bionic (manifest default.xml:37); /system/lib64
proprietary/system_ext/lib/libmmrtpdecoder.so	libc.so	PLATFORM	bionic, LineageOS/android_bionic (manifest default.xml:37); /system/lib64 + apex com.android.runtime/lib64/bionic
proprietary/system_ext/lib/libmmrtpdecoder.so	libcutils.so	PLATFORM	bionic libcutils, LineageOS/android_bionic (manifest default.xml:37); /system/lib64
proprietary/system_ext/lib/libmmrtpdecoder.so	libdl.so	PLATFORM	bionic, LineageOS/android_bionic (manifest default.xml:37)
proprietary/system_ext/lib/libmmrtpdecoder.so	liblog.so	PLATFORM	bionic, LineageOS/android_bionic (manifest default.xml:37); /system/lib64
proprietary/system_ext/lib/libmmrtpdecoder.so	libm.so	PLATFORM	bionic, LineageOS/android_bionic (manifest default.xml:37)
proprietary/system_ext/lib/libmmrtpdecoder.so	libmmosal.so	VENDOR	shipped in this repo as proprietary/system_ext/lib/libmmosal.so;proprietary/vendor/lib/libmmosal.so
proprietary/system_ext/lib/libmmrtpdecoder.so	libutils.so	PLATFORM	bionic libutils, LineageOS/android_bionic (manifest default.xml:37); /system/lib64
proprietary/system_ext/lib/libmmrtpencoder.so	libc++.so	PLATFORM	bionic NDK compat lib, LineageOS/android_bionic (manifest default.xml:37); /system/lib64
proprietary/system_ext/lib/libmmrtpencoder.so	libc.so	PLATFORM	bionic, LineageOS/android_bionic (manifest default.xml:37); /system/lib64 + apex com.android.runtime/lib64/bionic
proprietary/system_ext/lib/libmmrtpencoder.so	libcutils.so	PLATFORM	bionic libcutils, LineageOS/android_bionic (manifest default.xml:37); /system/lib64
proprietary/system_ext/lib/libmmrtpencoder.so	libdl.so	PLATFORM	bionic, LineageOS/android_bionic (manifest default.xml:37)
proprietary/system_ext/lib/libmmrtpencoder.so	liblog.so	PLATFORM	bionic, LineageOS/android_bionic (manifest default.xml:37); /system/lib64
proprietary/system_ext/lib/libmmrtpencoder.so	libm.so	PLATFORM	bionic, LineageOS/android_bionic (manifest default.xml:37)
proprietary/system_ext/lib/libmmrtpencoder.so	libmmosal.so	VENDOR	shipped in this repo as proprietary/system_ext/lib/libmmosal.so;proprietary/vendor/lib/libmmosal.so
proprietary/system_ext/lib/libmmrtpencoder.so	libutils.so	PLATFORM	bionic libutils, LineageOS/android_bionic (manifest default.xml:37); /system/lib64
proprietary/system_ext/lib/libwfdavenhancements.so	libbinder.so	PLATFORM	frameworks/native (manifest default.xml:613) libs/binder
proprietary/system_ext/lib/libwfdavenhancements.so	libc++.so	PLATFORM	bionic NDK compat lib, LineageOS/android_bionic (manifest default.xml:37); /system/lib64
proprietary/system_ext/lib/libwfdavenhancements.so	libc.so	PLATFORM	bionic, LineageOS/android_bionic (manifest default.xml:37); /system/lib64 + apex com.android.runtime/lib64/bionic
proprietary/system_ext/lib/libwfdavenhancements.so	libdl.so	PLATFORM	bionic, LineageOS/android_bionic (manifest default.xml:37)
proprietary/system_ext/lib/libwfdavenhancements.so	libgui.so	PLATFORM	frameworks/native (manifest default.xml:613) libs/gui
proprietary/system_ext/lib/libwfdavenhancements.so	liblog.so	PLATFORM	bionic, LineageOS/android_bionic (manifest default.xml:37); /system/lib64
proprietary/system_ext/lib/libwfdavenhancements.so	libm.so	PLATFORM	bionic, LineageOS/android_bionic (manifest default.xml:37)
proprietary/system_ext/lib/libwfdavenhancements.so	libstagefright_foundation.so	VENDOR-ELSEWHERE	CAF/Qualcomm stagefright foundation (vendor variant); AOSP frameworks/av has the system variant. Vendor copy expected from CAF, CAF platform tree device fork @2e50286ebc01 (extract-files.py):22 (hardware/qcom-caf/sdm845); project not on github.com, module name NOT verified here
proprietary/system_ext/lib/libwfdavenhancements.so	libui.so	PLATFORM	frameworks/native (manifest default.xml:613) libs/ui
proprietary/system_ext/lib/libwfdavenhancements.so	libutils.so	PLATFORM	bionic libutils, LineageOS/android_bionic (manifest default.xml:37); /system/lib64
proprietary/system_ext/lib/libwfdclient.so	libbinder.so	PLATFORM	frameworks/native (manifest default.xml:613) libs/binder
proprietary/system_ext/lib/libwfdclient.so	libc++.so	PLATFORM	bionic NDK compat lib, LineageOS/android_bionic (manifest default.xml:37); /system/lib64
proprietary/system_ext/lib/libwfdclient.so	libc.so	PLATFORM	bionic, LineageOS/android_bionic (manifest default.xml:37); /system/lib64 + apex com.android.runtime/lib64/bionic
proprietary/system_ext/lib/libwfdclient.so	libcutils.so	PLATFORM	bionic libcutils, LineageOS/android_bionic (manifest default.xml:37); /system/lib64
proprietary/system_ext/lib/libwfdclient.so	libdl.so	PLATFORM	bionic, LineageOS/android_bionic (manifest default.xml:37)
proprietary/system_ext/lib/libwfdclient.so	libgui.so	PLATFORM	frameworks/native (manifest default.xml:613) libs/gui
proprietary/system_ext/lib/libwfdclient.so	libinput.so	PLATFORM	frameworks/native (manifest default.xml:613) libs/input (/system/lib64/libinput.so); consumer is a system_ext wfd blob. CAF may also ship a vendor copy (confidence: high)
proprietary/system_ext/lib/libwfdclient.so	liblog.so	PLATFORM	bionic, LineageOS/android_bionic (manifest default.xml:37); /system/lib64
proprietary/system_ext/lib/libwfdclient.so	libm.so	PLATFORM	bionic, LineageOS/android_bionic (manifest default.xml:37)
proprietary/system_ext/lib/libwfdclient.so	libmmosal.so	VENDOR	shipped in this repo as proprietary/system_ext/lib/libmmosal.so;proprietary/vendor/lib/libmmosal.so
proprietary/system_ext/lib/libwfdclient.so	libnativewindow.so	PLATFORM	frameworks/native (manifest default.xml:613) libs/nativewindow
proprietary/system_ext/lib/libwfdclient.so	libutils.so	PLATFORM	bionic libutils, LineageOS/android_bionic (manifest default.xml:37); /system/lib64
proprietary/system_ext/lib/libwfdclient.so	libwfdcommonutils.so	VENDOR	shipped in this repo as proprietary/system_ext/lib/libwfdcommonutils.so
proprietary/system_ext/lib/libwfdclient.so	libwfdconfigutils.so	VENDOR	shipped in this repo as proprietary/system_ext/lib/libwfdconfigutils.so
proprietary/system_ext/lib/libwfdclient.so	libwfdmminterface.so	VENDOR	shipped in this repo as proprietary/system_ext/lib/libwfdmminterface.so
proprietary/system_ext/lib/libwfdclient.so	libwfdsinksm.so	VENDOR	shipped in this repo as proprietary/system_ext/lib/libwfdsinksm.so
proprietary/system_ext/lib/libwfdcommonutils.so	libEGL.so	PLATFORM	external/angle, manifest default.xml:70 (ANGLE provides /system/lib64/libEGL.so)
proprietary/system_ext/lib/libwfdcommonutils.so	libGLESv2.so	PLATFORM	external/angle, manifest default.xml:70
proprietary/system_ext/lib/libwfdcommonutils.so	libbinder.so	PLATFORM	frameworks/native (manifest default.xml:613) libs/binder
proprietary/system_ext/lib/libwfdcommonutils.so	libc++.so	PLATFORM	bionic NDK compat lib, LineageOS/android_bionic (manifest default.xml:37); /system/lib64
proprietary/system_ext/lib/libwfdcommonutils.so	libc.so	PLATFORM	bionic, LineageOS/android_bionic (manifest default.xml:37); /system/lib64 + apex com.android.runtime/lib64/bionic
proprietary/system_ext/lib/libwfdcommonutils.so	libcutils.so	PLATFORM	bionic libcutils, LineageOS/android_bionic (manifest default.xml:37); /system/lib64
proprietary/system_ext/lib/libwfdcommonutils.so	libdl.so	PLATFORM	bionic, LineageOS/android_bionic (manifest default.xml:37)
proprietary/system_ext/lib/libwfdcommonutils.so	libdng_sdk.so	PLATFORM	external/dng_sdk, manifest default.xml:136
proprietary/system_ext/lib/libwfdcommonutils.so	libgui.so	PLATFORM	frameworks/native (manifest default.xml:613) libs/gui
proprietary/system_ext/lib/libwfdcommonutils.so	libheif.so	PLATFORM	AOSP external/libheif (/system/lib64/libheif.so). Not found by name in the LineageOS 23.2 manifest - lead to confirm (confidence: medium)
proprietary/system_ext/lib/libwfdcommonutils.so	libion.so	PLATFORM	AOSP system/memory/libion, manifest default.xml:924
proprietary/system_ext/lib/libwfdcommonutils.so	libjpeg.so	PLATFORM	external/libjpeg-turbo, manifest default.xml:310
proprietary/system_ext/lib/libwfdcommonutils.so	liblog.so	PLATFORM	bionic, LineageOS/android_bionic (manifest default.xml:37); /system/lib64
proprietary/system_ext/lib/libwfdcommonutils.so	libm.so	PLATFORM	bionic, LineageOS/android_bionic (manifest default.xml:37)
proprietary/system_ext/lib/libwfdcommonutils.so	libmmosal.so	VENDOR	shipped in this repo as proprietary/system_ext/lib/libmmosal.so;proprietary/vendor/lib/libmmosal.so
proprietary/system_ext/lib/libwfdcommonutils.so	libnativewindow.so	PLATFORM	frameworks/native (manifest default.xml:613) libs/nativewindow
proprietary/system_ext/lib/libwfdcommonutils.so	libnl.so	VENDOR-ELSEWHERE	netlink lib shipped by CAF, not by AOSP; CAF platform tree device fork @2e50286ebc01 (extract-files.py):22 (hardware/qcom-caf/sdm845); project not on github.com, module name NOT verified here
proprietary/system_ext/lib/libwfdcommonutils.so	libpiex.so	PLATFORM	external/piex, manifest default.xml:429
proprietary/system_ext/lib/libwfdcommonutils.so	libpng.so	PLATFORM	external/libpng, manifest default.xml:327
proprietary/system_ext/lib/libwfdcommonutils.so	libprocessgroup.so	PLATFORM	bionic libprocessgroup, LineageOS/android_bionic (manifest default.xml:37); /system/lib64
proprietary/system_ext/lib/libwfdcommonutils.so	libui.so	PLATFORM	frameworks/native (manifest default.xml:613) libs/ui
proprietary/system_ext/lib/libwfdcommonutils.so	libutils.so	PLATFORM	bionic libutils, LineageOS/android_bionic (manifest default.xml:37); /system/lib64
proprietary/system_ext/lib/libwfdcommonutils.so	libwfdconfigutils.so	VENDOR	shipped in this repo as proprietary/system_ext/lib/libwfdconfigutils.so
proprietary/system_ext/lib/libwfdcommonutils.so	libwfddisplayconfig.so	VENDOR	shipped in this repo as proprietary/system_ext/lib/libwfddisplayconfig.so
proprietary/system_ext/lib/libwfdcommonutils.so	libwfdmminterface.so	VENDOR	shipped in this repo as proprietary/system_ext/lib/libwfdmminterface.so
proprietary/system_ext/lib/libwfdconfigutils.so	libbinder.so	PLATFORM	frameworks/native (manifest default.xml:613) libs/binder
proprietary/system_ext/lib/libwfdconfigutils.so	libc++.so	PLATFORM	bionic NDK compat lib, LineageOS/android_bionic (manifest default.xml:37); /system/lib64
proprietary/system_ext/lib/libwfdconfigutils.so	libc.so	PLATFORM	bionic, LineageOS/android_bionic (manifest default.xml:37); /system/lib64 + apex com.android.runtime/lib64/bionic
proprietary/system_ext/lib/libwfdconfigutils.so	libcutils.so	PLATFORM	bionic libcutils, LineageOS/android_bionic (manifest default.xml:37); /system/lib64
proprietary/system_ext/lib/libwfdconfigutils.so	libdl.so	PLATFORM	bionic, LineageOS/android_bionic (manifest default.xml:37)
proprietary/system_ext/lib/libwfdconfigutils.so	liblog.so	PLATFORM	bionic, LineageOS/android_bionic (manifest default.xml:37); /system/lib64
proprietary/system_ext/lib/libwfdconfigutils.so	libm.so	PLATFORM	bionic, LineageOS/android_bionic (manifest default.xml:37)
proprietary/system_ext/lib/libwfdconfigutils.so	libmmosal.so	VENDOR	shipped in this repo as proprietary/system_ext/lib/libmmosal.so;proprietary/vendor/lib/libmmosal.so
proprietary/system_ext/lib/libwfdconfigutils.so	libnl.so	VENDOR-ELSEWHERE	netlink lib shipped by CAF, not by AOSP; CAF platform tree device fork @2e50286ebc01 (extract-files.py):22 (hardware/qcom-caf/sdm845); project not on github.com, module name NOT verified here
proprietary/system_ext/lib/libwfdconfigutils.so	libutils.so	PLATFORM	bionic libutils, LineageOS/android_bionic (manifest default.xml:37); /system/lib64
proprietary/system_ext/lib/libwfdconfigutils.so	libwfdmminterface.so	VENDOR	shipped in this repo as proprietary/system_ext/lib/libwfdmminterface.so
proprietary/system_ext/lib/libwfddisplayconfig.so	libbinder_ndk.so	PLATFORM	frameworks/native (manifest default.xml:613) libs/binder_ndk; NDK
proprietary/system_ext/lib/libwfddisplayconfig.so	libc++.so	PLATFORM	bionic NDK compat lib, LineageOS/android_bionic (manifest default.xml:37); /system/lib64
proprietary/system_ext/lib/libwfddisplayconfig.so	libc.so	PLATFORM	bionic, LineageOS/android_bionic (manifest default.xml:37); /system/lib64 + apex com.android.runtime/lib64/bionic
proprietary/system_ext/lib/libwfddisplayconfig.so	libcutils.so	PLATFORM	bionic libcutils, LineageOS/android_bionic (manifest default.xml:37); /system/lib64
proprietary/system_ext/lib/libwfddisplayconfig.so	libdisplayconfig.system.qti.so	VENDOR-ELSEWHERE	Qualcomm display config client (system variant), CAF display tree; CAF platform tree device fork @2e50286ebc01 (extract-files.py):22 (hardware/qcom-caf/sdm845); project not on github.com, module name NOT verified here
proprietary/system_ext/lib/libwfddisplayconfig.so	libdl.so	PLATFORM	bionic, LineageOS/android_bionic (manifest default.xml:37)
proprietary/system_ext/lib/libwfddisplayconfig.so	libhidlbase.so	PLATFORM	system/libhidl module 'libhidlbase', system/libhidl lineage-22.2 @2bfb10b64fcfa (module names); manifest default.xml:912 (system/libhidl, remote=aosp)
proprietary/system_ext/lib/libwfddisplayconfig.so	liblog.so	PLATFORM	bionic, LineageOS/android_bionic (manifest default.xml:37); /system/lib64
proprietary/system_ext/lib/libwfddisplayconfig.so	libm.so	PLATFORM	bionic, LineageOS/android_bionic (manifest default.xml:37)
proprietary/system_ext/lib/libwfddisplayconfig.so	libutils.so	PLATFORM	bionic libutils, LineageOS/android_bionic (manifest default.xml:37); /system/lib64
proprietary/system_ext/lib/libwfddisplayconfig.so	vendor.display.config@2.0.so	VENDOR-ELSEWHERE	display-config HIDL is NOT in hardware/interfaces at 22.2 or 23.2 (no display/ dir; ls-tree @13d687a84c83), so it must come from the CAF display tree, CAF platform tree device fork @2e50286ebc01 (extract-files.py):22 (hardware/qcom-caf/sdm845); project not on github.com, module name NOT verified here
proprietary/system_ext/lib/libwfddisplayconfig.so	vendor.qti.hardware.display.config-V5-ndk.so	VENDOR-ELSEWHERE	Qualcomm HIDL display-config NDK variant; same as @1.1; project not on github.com, module name NOT verified here
proprietary/system_ext/lib/libwfdmminterface.so	libc++.so	PLATFORM	bionic NDK compat lib, LineageOS/android_bionic (manifest default.xml:37); /system/lib64
proprietary/system_ext/lib/libwfdmminterface.so	libc.so	PLATFORM	bionic, LineageOS/android_bionic (manifest default.xml:37); /system/lib64 + apex com.android.runtime/lib64/bionic
proprietary/system_ext/lib/libwfdmminterface.so	libdl.so	PLATFORM	bionic, LineageOS/android_bionic (manifest default.xml:37)
proprietary/system_ext/lib/libwfdmminterface.so	liblog.so	PLATFORM	bionic, LineageOS/android_bionic (manifest default.xml:37); /system/lib64
proprietary/system_ext/lib/libwfdmminterface.so	libm.so	PLATFORM	bionic, LineageOS/android_bionic (manifest default.xml:37)
proprietary/system_ext/lib/libwfdmminterface.so	libmmosal.so	VENDOR	shipped in this repo as proprietary/system_ext/lib/libmmosal.so;proprietary/vendor/lib/libmmosal.so
proprietary/system_ext/lib/libwfdmminterface.so	libutils.so	PLATFORM	bionic libutils, LineageOS/android_bionic (manifest default.xml:37); /system/lib64
proprietary/system_ext/lib/libwfdmmsink.so	android.hidl.allocator@1.0.so	PLATFORM	system/libhidl, system/libhidl lineage-22.2 @2bfb10b64fcfa (module names); manifest default.xml:912 (system/libhidl, remote=aosp)
proprietary/system_ext/lib/libwfdmmsink.so	android.hidl.memory@1.0.so	PLATFORM	system/libhidl, system/libhidl lineage-22.2 @2bfb10b64fcfa (module names); manifest default.xml:912 (system/libhidl, remote=aosp)
proprietary/system_ext/lib/libwfdmmsink.so	libaaudio.so	PLATFORM	AOSP frameworks/ndk aaudio -> /system/lib64 (confidence: high)
proprietary/system_ext/lib/libwfdmmsink.so	libandroid.so	PLATFORM	AOSP frameworks/ndk, NDK libandroid -> /system/lib64
proprietary/system_ext/lib/libwfdmmsink.so	libaudioclient.so	PLATFORM	frameworks/av (manifest default.xml:597) media/libaudioclient
proprietary/system_ext/lib/libwfdmmsink.so	libbinder.so	PLATFORM	frameworks/native (manifest default.xml:613) libs/binder
proprietary/system_ext/lib/libwfdmmsink.so	libc++.so	PLATFORM	bionic NDK compat lib, LineageOS/android_bionic (manifest default.xml:37); /system/lib64
proprietary/system_ext/lib/libwfdmmsink.so	libc.so	PLATFORM	bionic, LineageOS/android_bionic (manifest default.xml:37); /system/lib64 + apex com.android.runtime/lib64/bionic
proprietary/system_ext/lib/libwfdmmsink.so	libcutils.so	PLATFORM	bionic libcutils, LineageOS/android_bionic (manifest default.xml:37); /system/lib64
proprietary/system_ext/lib/libwfdmmsink.so	libdl.so	PLATFORM	bionic, LineageOS/android_bionic (manifest default.xml:37)
proprietary/system_ext/lib/libwfdmmsink.so	libgui.so	PLATFORM	frameworks/native (manifest default.xml:613) libs/gui
proprietary/system_ext/lib/libwfdmmsink.so	libhidlbase.so	PLATFORM	system/libhidl module 'libhidlbase', system/libhidl lineage-22.2 @2bfb10b64fcfa (module names); manifest default.xml:912 (system/libhidl, remote=aosp)
proprietary/system_ext/lib/libwfdmmsink.so	libhidlmemory.so	PLATFORM	system/libhidl module 'libhidlmemory', system/libhidl lineage-22.2 @2bfb10b64fcfa (module names); manifest default.xml:912 (system/libhidl, remote=aosp)
proprietary/system_ext/lib/libwfdmmsink.so	libhwui.so	PLATFORM	frameworks/native (manifest default.xml:613) libs/hwui
proprietary/system_ext/lib/libwfdmmsink.so	liblog.so	PLATFORM	bionic, LineageOS/android_bionic (manifest default.xml:37); /system/lib64
proprietary/system_ext/lib/libwfdmmsink.so	libm.so	PLATFORM	bionic, LineageOS/android_bionic (manifest default.xml:37)
proprietary/system_ext/lib/libwfdmmsink.so	libmedia.so	PLATFORM	frameworks/av (manifest default.xml:597) media/libmediaplayerservice
proprietary/system_ext/lib/libwfdmmsink.so	libmediandk.so	PLATFORM	frameworks/av (manifest default.xml:597) media/libmediandk
proprietary/system_ext/lib/libwfdmmsink.so	libmmosal.so	VENDOR	shipped in this repo as proprietary/system_ext/lib/libmmosal.so;proprietary/vendor/lib/libmmosal.so
proprietary/system_ext/lib/libwfdmmsink.so	libmmparser_lite.so	VENDOR	shipped in this repo as proprietary/system_ext/lib/libmmparser_lite.so
proprietary/system_ext/lib/libwfdmmsink.so	libmmrtpdecoder.so	VENDOR	shipped in this repo as proprietary/system_ext/lib/libmmrtpdecoder.so
proprietary/system_ext/lib/libwfdmmsink.so	libui.so	PLATFORM	frameworks/native (manifest default.xml:613) libs/ui
proprietary/system_ext/lib/libwfdmmsink.so	libutils.so	PLATFORM	bionic libutils, LineageOS/android_bionic (manifest default.xml:37); /system/lib64
proprietary/system_ext/lib/libwfdmmsink.so	libwfdcommonutils.so	VENDOR	shipped in this repo as proprietary/system_ext/lib/libwfdcommonutils.so
proprietary/system_ext/lib/libwfdmmsink.so	libwfdconfigutils.so	VENDOR	shipped in this repo as proprietary/system_ext/lib/libwfdconfigutils.so
proprietary/system_ext/lib/libwfdmmsink.so	libwfddisplayconfig.so	VENDOR	shipped in this repo as proprietary/system_ext/lib/libwfddisplayconfig.so
proprietary/system_ext/lib/libwfdmmsink.so	libwfdmminterface.so	VENDOR	shipped in this repo as proprietary/system_ext/lib/libwfdmminterface.so
proprietary/system_ext/lib/libwfdmmsrc_system.so	android.hardware.graphics.mapper@4.0.so	PLATFORM	HIDL iface lib, hardware/interfaces lineage-23.2 @13d687a84c83 (.hal present)
proprietary/system_ext/lib/libwfdmmsrc_system.so	libaudioclient.so	PLATFORM	frameworks/av (manifest default.xml:597) media/libaudioclient
proprietary/system_ext/lib/libwfdmmsrc_system.so	libbinder.so	PLATFORM	frameworks/native (manifest default.xml:613) libs/binder
proprietary/system_ext/lib/libwfdmmsrc_system.so	libc++.so	PLATFORM	bionic NDK compat lib, LineageOS/android_bionic (manifest default.xml:37); /system/lib64
proprietary/system_ext/lib/libwfdmmsrc_system.so	libc.so	PLATFORM	bionic, LineageOS/android_bionic (manifest default.xml:37); /system/lib64 + apex com.android.runtime/lib64/bionic
proprietary/system_ext/lib/libwfdmmsrc_system.so	libcutils.so	PLATFORM	bionic libcutils, LineageOS/android_bionic (manifest default.xml:37); /system/lib64
proprietary/system_ext/lib/libwfdmmsrc_system.so	libdl.so	PLATFORM	bionic, LineageOS/android_bionic (manifest default.xml:37)
proprietary/system_ext/lib/libwfdmmsrc_system.so	libgralloctypes.so	VENDOR-ELSEWHERE	Qualcomm gralloc type headers-as-lib, CAF tree; CAF platform tree device fork @2e50286ebc01 (extract-files.py):22 (hardware/qcom-caf/sdm845); project not on github.com, module name NOT verified here
proprietary/system_ext/lib/libwfdmmsrc_system.so	libgui.so	PLATFORM	frameworks/native (manifest default.xml:613) libs/gui
proprietary/system_ext/lib/libwfdmmsrc_system.so	libgui_shim.so	PLATFORM	AOSP system/libgui_shim -> /system/lib64; device fork @2e50286ebc01 (extract-files.py):63-64 blob_fixup
proprietary/system_ext/lib/libwfdmmsrc_system.so	libhidlbase.so	PLATFORM	system/libhidl module 'libhidlbase', system/libhidl lineage-22.2 @2bfb10b64fcfa (module names); manifest default.xml:912 (system/libhidl, remote=aosp)
proprietary/system_ext/lib/libwfdmmsrc_system.so	libinput.so	PLATFORM	frameworks/native (manifest default.xml:613) libs/input (/system/lib64/libinput.so); consumer is a system_ext wfd blob. CAF may also ship a vendor copy (confidence: high)
proprietary/system_ext/lib/libwfdmmsrc_system.so	liblog.so	PLATFORM	bionic, LineageOS/android_bionic (manifest default.xml:37); /system/lib64
proprietary/system_ext/lib/libwfdmmsrc_system.so	libm.so	PLATFORM	bionic, LineageOS/android_bionic (manifest default.xml:37)
proprietary/system_ext/lib/libwfdmmsrc_system.so	libmedia_helper.so	PLATFORM	frameworks/av (manifest default.xml:597) media/libmedia_helper
proprietary/system_ext/lib/libwfdmmsrc_system.so	libmmosal.so	VENDOR	shipped in this repo as proprietary/system_ext/lib/libmmosal.so;proprietary/vendor/lib/libmmosal.so
proprietary/system_ext/lib/libwfdmmsrc_system.so	libui.so	PLATFORM	frameworks/native (manifest default.xml:613) libs/ui
proprietary/system_ext/lib/libwfdmmsrc_system.so	libutils.so	PLATFORM	bionic libutils, LineageOS/android_bionic (manifest default.xml:37); /system/lib64
proprietary/system_ext/lib/libwfdmmsrc_system.so	libwfdavenhancements.so	VENDOR	shipped in this repo as proprietary/system_ext/lib/libwfdavenhancements.so
proprietary/system_ext/lib/libwfdmmsrc_system.so	libwfdcommonutils.so	VENDOR	shipped in this repo as proprietary/system_ext/lib/libwfdcommonutils.so
proprietary/system_ext/lib/libwfdmmsrc_system.so	libwfdconfigutils.so	VENDOR	shipped in this repo as proprietary/system_ext/lib/libwfdconfigutils.so
proprietary/system_ext/lib/libwfdmmsrc_system.so	libwfddisplayconfig.so	VENDOR	shipped in this repo as proprietary/system_ext/lib/libwfddisplayconfig.so
proprietary/system_ext/lib/libwfdmmsrc_system.so	libwfdmminterface.so	VENDOR	shipped in this repo as proprietary/system_ext/lib/libwfdmminterface.so
proprietary/system_ext/lib/libwfdrtsp.so	libc++.so	PLATFORM	bionic NDK compat lib, LineageOS/android_bionic (manifest default.xml:37); /system/lib64
proprietary/system_ext/lib/libwfdrtsp.so	libc.so	PLATFORM	bionic, LineageOS/android_bionic (manifest default.xml:37); /system/lib64 + apex com.android.runtime/lib64/bionic
proprietary/system_ext/lib/libwfdrtsp.so	libcutils.so	PLATFORM	bionic libcutils, LineageOS/android_bionic (manifest default.xml:37); /system/lib64
proprietary/system_ext/lib/libwfdrtsp.so	libdl.so	PLATFORM	bionic, LineageOS/android_bionic (manifest default.xml:37)
proprietary/system_ext/lib/libwfdrtsp.so	liblog.so	PLATFORM	bionic, LineageOS/android_bionic (manifest default.xml:37); /system/lib64
proprietary/system_ext/lib/libwfdrtsp.so	libm.so	PLATFORM	bionic, LineageOS/android_bionic (manifest default.xml:37)
proprietary/system_ext/lib/libwfdrtsp.so	libmmosal.so	VENDOR	shipped in this repo as proprietary/system_ext/lib/libmmosal.so;proprietary/vendor/lib/libmmosal.so
proprietary/system_ext/lib/libwfdrtsp.so	libutils.so	PLATFORM	bionic libutils, LineageOS/android_bionic (manifest default.xml:37); /system/lib64
proprietary/system_ext/lib/libwfdrtsp.so	libwfdcommonutils.so	VENDOR	shipped in this repo as proprietary/system_ext/lib/libwfdcommonutils.so
proprietary/system_ext/lib/libwfdrtsp.so	libwfdconfigutils.so	VENDOR	shipped in this repo as proprietary/system_ext/lib/libwfdconfigutils.so
proprietary/system_ext/lib/libwfdservice.so	android.media.audio.common.types-V4-cpp.so	PLATFORM	frameworks/av (manifest default.xml:597) media/libaudiocommon; device fork @2e50286ebc01 (extract-files.py):58-59 rewrites V2-cpp -> V4-cpp at extraction
proprietary/system_ext/lib/libwfdservice.so	audioclient-types-aidl-cpp.so	PLATFORM	frameworks/av (manifest default.xml:597) media/libaudioclient (AIDL types)
proprietary/system_ext/lib/libwfdservice.so	libaudioclient.so	PLATFORM	frameworks/av (manifest default.xml:597) media/libaudioclient
proprietary/system_ext/lib/libwfdservice.so	libaudiofoundation.so	PLATFORM	frameworks/av (manifest default.xml:597) media/libaudiofoundation
proprietary/system_ext/lib/libwfdservice.so	libbinder.so	PLATFORM	frameworks/native (manifest default.xml:613) libs/binder
proprietary/system_ext/lib/libwfdservice.so	libc++.so	PLATFORM	bionic NDK compat lib, LineageOS/android_bionic (manifest default.xml:37); /system/lib64
proprietary/system_ext/lib/libwfdservice.so	libc.so	PLATFORM	bionic, LineageOS/android_bionic (manifest default.xml:37); /system/lib64 + apex com.android.runtime/lib64/bionic
proprietary/system_ext/lib/libwfdservice.so	libcutils.so	PLATFORM	bionic libcutils, LineageOS/android_bionic (manifest default.xml:37); /system/lib64
proprietary/system_ext/lib/libwfdservice.so	libdl.so	PLATFORM	bionic, LineageOS/android_bionic (manifest default.xml:37)
proprietary/system_ext/lib/libwfdservice.so	libgui.so	PLATFORM	frameworks/native (manifest default.xml:613) libs/gui
proprietary/system_ext/lib/libwfdservice.so	libhidlbase.so	PLATFORM	system/libhidl module 'libhidlbase', system/libhidl lineage-22.2 @2bfb10b64fcfa (module names); manifest default.xml:912 (system/libhidl, remote=aosp)
proprietary/system_ext/lib/libwfdservice.so	libinput.so	PLATFORM	frameworks/native (manifest default.xml:613) libs/input (/system/lib64/libinput.so); consumer is a system_ext wfd blob. CAF may also ship a vendor copy (confidence: high)
proprietary/system_ext/lib/libwfdservice.so	liblog.so	PLATFORM	bionic, LineageOS/android_bionic (manifest default.xml:37); /system/lib64
proprietary/system_ext/lib/libwfdservice.so	libm.so	PLATFORM	bionic, LineageOS/android_bionic (manifest default.xml:37)
proprietary/system_ext/lib/libwfdservice.so	libmedia_helper.so	PLATFORM	frameworks/av (manifest default.xml:597) media/libmedia_helper
proprietary/system_ext/lib/libwfdservice.so	libmmosal.so	VENDOR	shipped in this repo as proprietary/system_ext/lib/libmmosal.so;proprietary/vendor/lib/libmmosal.so
proprietary/system_ext/lib/libwfdservice.so	libutils.so	PLATFORM	bionic libutils, LineageOS/android_bionic (manifest default.xml:37); /system/lib64
proprietary/system_ext/lib/libwfdservice.so	libwfdavenhancements.so	VENDOR	shipped in this repo as proprietary/system_ext/lib/libwfdavenhancements.so
proprietary/system_ext/lib/libwfdservice.so	libwfdcommonutils.so	VENDOR	shipped in this repo as proprietary/system_ext/lib/libwfdcommonutils.so
proprietary/system_ext/lib/libwfdservice.so	libwfdconfigutils.so	VENDOR	shipped in this repo as proprietary/system_ext/lib/libwfdconfigutils.so
proprietary/system_ext/lib/libwfdservice.so	libwfdmminterface.so	VENDOR	shipped in this repo as proprietary/system_ext/lib/libwfdmminterface.so
proprietary/system_ext/lib/libwfdservice.so	libwfdmmsrc_system.so	VENDOR	shipped in this repo as proprietary/system_ext/lib/libwfdmmsrc_system.so
proprietary/system_ext/lib/libwfdservice.so	libwfdsinksm.so	VENDOR	shipped in this repo as proprietary/system_ext/lib/libwfdsinksm.so
proprietary/system_ext/lib/libwfdservice.so	vendor.qti.hardware.wifidisplaysession@1.0.so	VENDOR	shipped in this repo as proprietary/system_ext/lib/vendor.qti.hardware.wifidisplaysession@1.0.so;proprietary/vendor/lib/vendor.qti.hardware.wifidisplaysession@1.0.so
proprietary/system_ext/lib/libwfdsinksm.so	libc++.so	PLATFORM	bionic NDK compat lib, LineageOS/android_bionic (manifest default.xml:37); /system/lib64
proprietary/system_ext/lib/libwfdsinksm.so	libc.so	PLATFORM	bionic, LineageOS/android_bionic (manifest default.xml:37); /system/lib64 + apex com.android.runtime/lib64/bionic
proprietary/system_ext/lib/libwfdsinksm.so	libcutils.so	PLATFORM	bionic libcutils, LineageOS/android_bionic (manifest default.xml:37); /system/lib64
proprietary/system_ext/lib/libwfdsinksm.so	libdl.so	PLATFORM	bionic, LineageOS/android_bionic (manifest default.xml:37)
proprietary/system_ext/lib/libwfdsinksm.so	libhidlbase.so	PLATFORM	system/libhidl module 'libhidlbase', system/libhidl lineage-22.2 @2bfb10b64fcfa (module names); manifest default.xml:912 (system/libhidl, remote=aosp)
proprietary/system_ext/lib/libwfdsinksm.so	liblog.so	PLATFORM	bionic, LineageOS/android_bionic (manifest default.xml:37); /system/lib64
proprietary/system_ext/lib/libwfdsinksm.so	libm.so	PLATFORM	bionic, LineageOS/android_bionic (manifest default.xml:37)
proprietary/system_ext/lib/libwfdsinksm.so	libmedia.so	PLATFORM	frameworks/av (manifest default.xml:597) media/libmediaplayerservice
proprietary/system_ext/lib/libwfdsinksm.so	libmediandk.so	PLATFORM	frameworks/av (manifest default.xml:597) media/libmediandk
proprietary/system_ext/lib/libwfdsinksm.so	libmmosal.so	VENDOR	shipped in this repo as proprietary/system_ext/lib/libmmosal.so;proprietary/vendor/lib/libmmosal.so
proprietary/system_ext/lib/libwfdsinksm.so	libmmrtpdecoder.so	VENDOR	shipped in this repo as proprietary/system_ext/lib/libmmrtpdecoder.so
proprietary/system_ext/lib/libwfdsinksm.so	libmmrtpencoder.so	VENDOR	shipped in this repo as proprietary/system_ext/lib/libmmrtpencoder.so
proprietary/system_ext/lib/libwfdsinksm.so	libnativewindow.so	PLATFORM	frameworks/native (manifest default.xml:613) libs/nativewindow
proprietary/system_ext/lib/libwfdsinksm.so	libutils.so	PLATFORM	bionic libutils, LineageOS/android_bionic (manifest default.xml:37); /system/lib64
proprietary/system_ext/lib/libwfdsinksm.so	libwfdcommonutils.so	VENDOR	shipped in this repo as proprietary/system_ext/lib/libwfdcommonutils.so
proprietary/system_ext/lib/libwfdsinksm.so	libwfdconfigutils.so	VENDOR	shipped in this repo as proprietary/system_ext/lib/libwfdconfigutils.so
proprietary/system_ext/lib/libwfdsinksm.so	libwfdmminterface.so	VENDOR	shipped in this repo as proprietary/system_ext/lib/libwfdmminterface.so
proprietary/system_ext/lib/libwfdsinksm.so	libwfdmmsink.so	VENDOR	shipped in this repo as proprietary/system_ext/lib/libwfdmmsink.so
proprietary/system_ext/lib/libwfdsinksm.so	libwfdrtsp.so	VENDOR	shipped in this repo as proprietary/system_ext/lib/libwfdrtsp.so
proprietary/system_ext/lib/libwfdsinksm.so	libwfduibcinterface.so	VENDOR	shipped in this repo as proprietary/system_ext/lib/libwfduibcinterface.so
proprietary/system_ext/lib/libwfduibcinterface.so	libc++.so	PLATFORM	bionic NDK compat lib, LineageOS/android_bionic (manifest default.xml:37); /system/lib64
proprietary/system_ext/lib/libwfduibcinterface.so	libc.so	PLATFORM	bionic, LineageOS/android_bionic (manifest default.xml:37); /system/lib64 + apex com.android.runtime/lib64/bionic
proprietary/system_ext/lib/libwfduibcinterface.so	libcutils.so	PLATFORM	bionic libcutils, LineageOS/android_bionic (manifest default.xml:37); /system/lib64
proprietary/system_ext/lib/libwfduibcinterface.so	libdl.so	PLATFORM	bionic, LineageOS/android_bionic (manifest default.xml:37)
proprietary/system_ext/lib/libwfduibcinterface.so	liblog.so	PLATFORM	bionic, LineageOS/android_bionic (manifest default.xml:37); /system/lib64
proprietary/system_ext/lib/libwfduibcinterface.so	libm.so	PLATFORM	bionic, LineageOS/android_bionic (manifest default.xml:37)
proprietary/system_ext/lib/libwfduibcinterface.so	libmmosal.so	VENDOR	shipped in this repo as proprietary/system_ext/lib/libmmosal.so;proprietary/vendor/lib/libmmosal.so
proprietary/system_ext/lib/libwfduibcinterface.so	libutils.so	PLATFORM	bionic libutils, LineageOS/android_bionic (manifest default.xml:37); /system/lib64
proprietary/system_ext/lib/libwfduibcinterface.so	libwfduibcsinkinterface.so	VENDOR	shipped in this repo as proprietary/system_ext/lib/libwfduibcsinkinterface.so
proprietary/system_ext/lib/libwfduibcinterface.so	libwfduibcsrcinterface.so	VENDOR	shipped in this repo as proprietary/system_ext/lib/libwfduibcsrcinterface.so
proprietary/system_ext/lib/libwfduibcsink.so	libc++.so	PLATFORM	bionic NDK compat lib, LineageOS/android_bionic (manifest default.xml:37); /system/lib64
proprietary/system_ext/lib/libwfduibcsink.so	libc.so	PLATFORM	bionic, LineageOS/android_bionic (manifest default.xml:37); /system/lib64 + apex com.android.runtime/lib64/bionic
proprietary/system_ext/lib/libwfduibcsink.so	libdl.so	PLATFORM	bionic, LineageOS/android_bionic (manifest default.xml:37)
proprietary/system_ext/lib/libwfduibcsink.so	liblog.so	PLATFORM	bionic, LineageOS/android_bionic (manifest default.xml:37); /system/lib64
proprietary/system_ext/lib/libwfduibcsink.so	libm.so	PLATFORM	bionic, LineageOS/android_bionic (manifest default.xml:37)
proprietary/system_ext/lib/libwfduibcsink.so	libmmosal.so	VENDOR	shipped in this repo as proprietary/system_ext/lib/libmmosal.so;proprietary/vendor/lib/libmmosal.so
proprietary/system_ext/lib/libwfduibcsink.so	libutils.so	PLATFORM	bionic libutils, LineageOS/android_bionic (manifest default.xml:37); /system/lib64
proprietary/system_ext/lib/libwfduibcsinkinterface.so	libc++.so	PLATFORM	bionic NDK compat lib, LineageOS/android_bionic (manifest default.xml:37); /system/lib64
proprietary/system_ext/lib/libwfduibcsinkinterface.so	libc.so	PLATFORM	bionic, LineageOS/android_bionic (manifest default.xml:37); /system/lib64 + apex com.android.runtime/lib64/bionic
proprietary/system_ext/lib/libwfduibcsinkinterface.so	libcutils.so	PLATFORM	bionic libcutils, LineageOS/android_bionic (manifest default.xml:37); /system/lib64
proprietary/system_ext/lib/libwfduibcsinkinterface.so	libdl.so	PLATFORM	bionic, LineageOS/android_bionic (manifest default.xml:37)
proprietary/system_ext/lib/libwfduibcsinkinterface.so	liblog.so	PLATFORM	bionic, LineageOS/android_bionic (manifest default.xml:37); /system/lib64
proprietary/system_ext/lib/libwfduibcsinkinterface.so	libm.so	PLATFORM	bionic, LineageOS/android_bionic (manifest default.xml:37)
proprietary/system_ext/lib/libwfduibcsinkinterface.so	libmmosal.so	VENDOR	shipped in this repo as proprietary/system_ext/lib/libmmosal.so;proprietary/vendor/lib/libmmosal.so
proprietary/system_ext/lib/libwfduibcsinkinterface.so	libutils.so	PLATFORM	bionic libutils, LineageOS/android_bionic (manifest default.xml:37); /system/lib64
proprietary/system_ext/lib/libwfduibcsinkinterface.so	libwfdcommonutils.so	VENDOR	shipped in this repo as proprietary/system_ext/lib/libwfdcommonutils.so
proprietary/system_ext/lib/libwfduibcsinkinterface.so	libwfdconfigutils.so	VENDOR	shipped in this repo as proprietary/system_ext/lib/libwfdconfigutils.so
proprietary/system_ext/lib/libwfduibcsinkinterface.so	libwfduibcsink.so	VENDOR	shipped in this repo as proprietary/system_ext/lib/libwfduibcsink.so
proprietary/system_ext/lib/libwfduibcsrc.so	libc++.so	PLATFORM	bionic NDK compat lib, LineageOS/android_bionic (manifest default.xml:37); /system/lib64
proprietary/system_ext/lib/libwfduibcsrc.so	libc.so	PLATFORM	bionic, LineageOS/android_bionic (manifest default.xml:37); /system/lib64 + apex com.android.runtime/lib64/bionic
proprietary/system_ext/lib/libwfduibcsrc.so	libcutils.so	PLATFORM	bionic libcutils, LineageOS/android_bionic (manifest default.xml:37); /system/lib64
proprietary/system_ext/lib/libwfduibcsrc.so	libdl.so	PLATFORM	bionic, LineageOS/android_bionic (manifest default.xml:37)
proprietary/system_ext/lib/libwfduibcsrc.so	liblog.so	PLATFORM	bionic, LineageOS/android_bionic (manifest default.xml:37); /system/lib64
proprietary/system_ext/lib/libwfduibcsrc.so	libm.so	PLATFORM	bionic, LineageOS/android_bionic (manifest default.xml:37)
proprietary/system_ext/lib/libwfduibcsrc.so	libmmosal.so	VENDOR	shipped in this repo as proprietary/system_ext/lib/libmmosal.so;proprietary/vendor/lib/libmmosal.so
proprietary/system_ext/lib/libwfduibcsrc.so	libutils.so	PLATFORM	bionic libutils, LineageOS/android_bionic (manifest default.xml:37); /system/lib64
proprietary/system_ext/lib/libwfduibcsrc.so	libwfdcommonutils.so	VENDOR	shipped in this repo as proprietary/system_ext/lib/libwfdcommonutils.so
proprietary/system_ext/lib/libwfduibcsrc.so	libwfdconfigutils.so	VENDOR	shipped in this repo as proprietary/system_ext/lib/libwfdconfigutils.so
proprietary/system_ext/lib/libwfduibcsrc.so	libwfddisplayconfig.so	VENDOR	shipped in this repo as proprietary/system_ext/lib/libwfddisplayconfig.so
proprietary/system_ext/lib/libwfduibcsrcinterface.so	libc++.so	PLATFORM	bionic NDK compat lib, LineageOS/android_bionic (manifest default.xml:37); /system/lib64
proprietary/system_ext/lib/libwfduibcsrcinterface.so	libc.so	PLATFORM	bionic, LineageOS/android_bionic (manifest default.xml:37); /system/lib64 + apex com.android.runtime/lib64/bionic
proprietary/system_ext/lib/libwfduibcsrcinterface.so	libcutils.so	PLATFORM	bionic libcutils, LineageOS/android_bionic (manifest default.xml:37); /system/lib64
proprietary/system_ext/lib/libwfduibcsrcinterface.so	libdl.so	PLATFORM	bionic, LineageOS/android_bionic (manifest default.xml:37)
proprietary/system_ext/lib/libwfduibcsrcinterface.so	liblog.so	PLATFORM	bionic, LineageOS/android_bionic (manifest default.xml:37); /system/lib64
proprietary/system_ext/lib/libwfduibcsrcinterface.so	libm.so	PLATFORM	bionic, LineageOS/android_bionic (manifest default.xml:37)
proprietary/system_ext/lib/libwfduibcsrcinterface.so	libmmosal.so	VENDOR	shipped in this repo as proprietary/system_ext/lib/libmmosal.so;proprietary/vendor/lib/libmmosal.so
proprietary/system_ext/lib/libwfduibcsrcinterface.so	libutils.so	PLATFORM	bionic libutils, LineageOS/android_bionic (manifest default.xml:37); /system/lib64
proprietary/system_ext/lib/libwfduibcsrcinterface.so	libwfdcommonutils.so	VENDOR	shipped in this repo as proprietary/system_ext/lib/libwfdcommonutils.so
proprietary/system_ext/lib/libwfduibcsrcinterface.so	libwfdconfigutils.so	VENDOR	shipped in this repo as proprietary/system_ext/lib/libwfdconfigutils.so
proprietary/system_ext/lib/libwfduibcsrcinterface.so	libwfduibcsrc.so	VENDOR	shipped in this repo as proprietary/system_ext/lib/libwfduibcsrc.so
proprietary/system_ext/lib/vendor.qti.hardware.wifidisplaysession@1.0.so	libc++.so	PLATFORM	bionic NDK compat lib, LineageOS/android_bionic (manifest default.xml:37); /system/lib64
proprietary/system_ext/lib/vendor.qti.hardware.wifidisplaysession@1.0.so	libc.so	PLATFORM	bionic, LineageOS/android_bionic (manifest default.xml:37); /system/lib64 + apex com.android.runtime/lib64/bionic
proprietary/system_ext/lib/vendor.qti.hardware.wifidisplaysession@1.0.so	libcutils.so	PLATFORM	bionic libcutils, LineageOS/android_bionic (manifest default.xml:37); /system/lib64
proprietary/system_ext/lib/vendor.qti.hardware.wifidisplaysession@1.0.so	libdl.so	PLATFORM	bionic, LineageOS/android_bionic (manifest default.xml:37)
proprietary/system_ext/lib/vendor.qti.hardware.wifidisplaysession@1.0.so	libhidlbase.so	PLATFORM	system/libhidl module 'libhidlbase', system/libhidl lineage-22.2 @2bfb10b64fcfa (module names); manifest default.xml:912 (system/libhidl, remote=aosp)
proprietary/system_ext/lib/vendor.qti.hardware.wifidisplaysession@1.0.so	liblog.so	PLATFORM	bionic, LineageOS/android_bionic (manifest default.xml:37); /system/lib64
proprietary/system_ext/lib/vendor.qti.hardware.wifidisplaysession@1.0.so	libm.so	PLATFORM	bionic, LineageOS/android_bionic (manifest default.xml:37)
proprietary/system_ext/lib/vendor.qti.hardware.wifidisplaysession@1.0.so	libutils.so	PLATFORM	bionic libutils, LineageOS/android_bionic (manifest default.xml:37); /system/lib64
proprietary/system_ext/lib64/com.qualcomm.qti.ant@1.0.so	libc++.so	PLATFORM	bionic NDK compat lib, LineageOS/android_bionic (manifest default.xml:37); /system/lib64
proprietary/system_ext/lib64/com.qualcomm.qti.ant@1.0.so	libc.so	PLATFORM	bionic, LineageOS/android_bionic (manifest default.xml:37); /system/lib64 + apex com.android.runtime/lib64/bionic
proprietary/system_ext/lib64/com.qualcomm.qti.ant@1.0.so	libcutils.so	PLATFORM	bionic libcutils, LineageOS/android_bionic (manifest default.xml:37); /system/lib64
proprietary/system_ext/lib64/com.qualcomm.qti.ant@1.0.so	libdl.so	PLATFORM	bionic, LineageOS/android_bionic (manifest default.xml:37)
proprietary/system_ext/lib64/com.qualcomm.qti.ant@1.0.so	libhidlbase.so	PLATFORM	system/libhidl module 'libhidlbase', system/libhidl lineage-22.2 @2bfb10b64fcfa (module names); manifest default.xml:912 (system/libhidl, remote=aosp)
proprietary/system_ext/lib64/com.qualcomm.qti.ant@1.0.so	liblog.so	PLATFORM	bionic, LineageOS/android_bionic (manifest default.xml:37); /system/lib64
proprietary/system_ext/lib64/com.qualcomm.qti.ant@1.0.so	libm.so	PLATFORM	bionic, LineageOS/android_bionic (manifest default.xml:37)
proprietary/system_ext/lib64/com.qualcomm.qti.ant@1.0.so	libutils.so	PLATFORM	bionic libutils, LineageOS/android_bionic (manifest default.xml:37); /system/lib64
proprietary/system_ext/lib64/libmmosal.so	libc++.so	PLATFORM	bionic NDK compat lib, LineageOS/android_bionic (manifest default.xml:37); /system/lib64
proprietary/system_ext/lib64/libmmosal.so	libc.so	PLATFORM	bionic, LineageOS/android_bionic (manifest default.xml:37); /system/lib64 + apex com.android.runtime/lib64/bionic
proprietary/system_ext/lib64/libmmosal.so	libcutils.so	PLATFORM	bionic libcutils, LineageOS/android_bionic (manifest default.xml:37); /system/lib64
proprietary/system_ext/lib64/libmmosal.so	libdl.so	PLATFORM	bionic, LineageOS/android_bionic (manifest default.xml:37)
proprietary/system_ext/lib64/libmmosal.so	liblog.so	PLATFORM	bionic, LineageOS/android_bionic (manifest default.xml:37); /system/lib64
proprietary/system_ext/lib64/libmmosal.so	libm.so	PLATFORM	bionic, LineageOS/android_bionic (manifest default.xml:37)
proprietary/system_ext/lib64/libmmosal.so	libutils.so	PLATFORM	bionic libutils, LineageOS/android_bionic (manifest default.xml:37); /system/lib64
proprietary/system_ext/lib64/libmmparser_lite.so	libc++.so	PLATFORM	bionic NDK compat lib, LineageOS/android_bionic (manifest default.xml:37); /system/lib64
proprietary/system_ext/lib64/libmmparser_lite.so	libc.so	PLATFORM	bionic, LineageOS/android_bionic (manifest default.xml:37); /system/lib64 + apex com.android.runtime/lib64/bionic
proprietary/system_ext/lib64/libmmparser_lite.so	libcutils.so	PLATFORM	bionic libcutils, LineageOS/android_bionic (manifest default.xml:37); /system/lib64
proprietary/system_ext/lib64/libmmparser_lite.so	libdl.so	PLATFORM	bionic, LineageOS/android_bionic (manifest default.xml:37)
proprietary/system_ext/lib64/libmmparser_lite.so	liblog.so	PLATFORM	bionic, LineageOS/android_bionic (manifest default.xml:37); /system/lib64
proprietary/system_ext/lib64/libmmparser_lite.so	libm.so	PLATFORM	bionic, LineageOS/android_bionic (manifest default.xml:37)
proprietary/system_ext/lib64/libmmparser_lite.so	libmmosal.so	VENDOR	shipped in this repo as proprietary/system_ext/lib64/libmmosal.so;proprietary/vendor/lib64/libmmosal.so
proprietary/system_ext/lib64/libmmparser_lite.so	libutils.so	PLATFORM	bionic libutils, LineageOS/android_bionic (manifest default.xml:37); /system/lib64
proprietary/system_ext/lib64/libmmrtpdecoder.so	libc++.so	PLATFORM	bionic NDK compat lib, LineageOS/android_bionic (manifest default.xml:37); /system/lib64
proprietary/system_ext/lib64/libmmrtpdecoder.so	libc.so	PLATFORM	bionic, LineageOS/android_bionic (manifest default.xml:37); /system/lib64 + apex com.android.runtime/lib64/bionic
proprietary/system_ext/lib64/libmmrtpdecoder.so	libcutils.so	PLATFORM	bionic libcutils, LineageOS/android_bionic (manifest default.xml:37); /system/lib64
proprietary/system_ext/lib64/libmmrtpdecoder.so	libdl.so	PLATFORM	bionic, LineageOS/android_bionic (manifest default.xml:37)
proprietary/system_ext/lib64/libmmrtpdecoder.so	liblog.so	PLATFORM	bionic, LineageOS/android_bionic (manifest default.xml:37); /system/lib64
proprietary/system_ext/lib64/libmmrtpdecoder.so	libm.so	PLATFORM	bionic, LineageOS/android_bionic (manifest default.xml:37)
proprietary/system_ext/lib64/libmmrtpdecoder.so	libmmosal.so	VENDOR	shipped in this repo as proprietary/system_ext/lib64/libmmosal.so;proprietary/vendor/lib64/libmmosal.so
proprietary/system_ext/lib64/libmmrtpdecoder.so	libutils.so	PLATFORM	bionic libutils, LineageOS/android_bionic (manifest default.xml:37); /system/lib64
proprietary/system_ext/lib64/libmmrtpencoder.so	libc++.so	PLATFORM	bionic NDK compat lib, LineageOS/android_bionic (manifest default.xml:37); /system/lib64
proprietary/system_ext/lib64/libmmrtpencoder.so	libc.so	PLATFORM	bionic, LineageOS/android_bionic (manifest default.xml:37); /system/lib64 + apex com.android.runtime/lib64/bionic
proprietary/system_ext/lib64/libmmrtpencoder.so	libcutils.so	PLATFORM	bionic libcutils, LineageOS/android_bionic (manifest default.xml:37); /system/lib64
proprietary/system_ext/lib64/libmmrtpencoder.so	libdl.so	PLATFORM	bionic, LineageOS/android_bionic (manifest default.xml:37)
proprietary/system_ext/lib64/libmmrtpencoder.so	liblog.so	PLATFORM	bionic, LineageOS/android_bionic (manifest default.xml:37); /system/lib64
proprietary/system_ext/lib64/libmmrtpencoder.so	libm.so	PLATFORM	bionic, LineageOS/android_bionic (manifest default.xml:37)
proprietary/system_ext/lib64/libmmrtpencoder.so	libmmosal.so	VENDOR	shipped in this repo as proprietary/system_ext/lib64/libmmosal.so;proprietary/vendor/lib64/libmmosal.so
proprietary/system_ext/lib64/libmmrtpencoder.so	libutils.so	PLATFORM	bionic libutils, LineageOS/android_bionic (manifest default.xml:37); /system/lib64
proprietary/system_ext/lib64/libwfdclient.so	libbinder.so	PLATFORM	frameworks/native (manifest default.xml:613) libs/binder
proprietary/system_ext/lib64/libwfdclient.so	libc++.so	PLATFORM	bionic NDK compat lib, LineageOS/android_bionic (manifest default.xml:37); /system/lib64
proprietary/system_ext/lib64/libwfdclient.so	libc.so	PLATFORM	bionic, LineageOS/android_bionic (manifest default.xml:37); /system/lib64 + apex com.android.runtime/lib64/bionic
proprietary/system_ext/lib64/libwfdclient.so	libcutils.so	PLATFORM	bionic libcutils, LineageOS/android_bionic (manifest default.xml:37); /system/lib64
proprietary/system_ext/lib64/libwfdclient.so	libdl.so	PLATFORM	bionic, LineageOS/android_bionic (manifest default.xml:37)
proprietary/system_ext/lib64/libwfdclient.so	libgui.so	PLATFORM	frameworks/native (manifest default.xml:613) libs/gui
proprietary/system_ext/lib64/libwfdclient.so	libinput.so	PLATFORM	frameworks/native (manifest default.xml:613) libs/input (/system/lib64/libinput.so); consumer is a system_ext wfd blob. CAF may also ship a vendor copy (confidence: high)
proprietary/system_ext/lib64/libwfdclient.so	liblog.so	PLATFORM	bionic, LineageOS/android_bionic (manifest default.xml:37); /system/lib64
proprietary/system_ext/lib64/libwfdclient.so	libm.so	PLATFORM	bionic, LineageOS/android_bionic (manifest default.xml:37)
proprietary/system_ext/lib64/libwfdclient.so	libmmosal.so	VENDOR	shipped in this repo as proprietary/system_ext/lib64/libmmosal.so;proprietary/vendor/lib64/libmmosal.so
proprietary/system_ext/lib64/libwfdclient.so	libnativewindow.so	PLATFORM	frameworks/native (manifest default.xml:613) libs/nativewindow
proprietary/system_ext/lib64/libwfdclient.so	libutils.so	PLATFORM	bionic libutils, LineageOS/android_bionic (manifest default.xml:37); /system/lib64
proprietary/system_ext/lib64/libwfdclient.so	libwfdcommonutils.so	VENDOR	shipped in this repo as proprietary/system_ext/lib64/libwfdcommonutils.so
proprietary/system_ext/lib64/libwfdclient.so	libwfdconfigutils.so	VENDOR	shipped in this repo as proprietary/system_ext/lib64/libwfdconfigutils.so
proprietary/system_ext/lib64/libwfdclient.so	libwfdmminterface.so	VENDOR	shipped in this repo as proprietary/system_ext/lib64/libwfdmminterface.so
proprietary/system_ext/lib64/libwfdclient.so	libwfdsinksm.so	VENDOR	shipped in this repo as proprietary/system_ext/lib64/libwfdsinksm.so
proprietary/system_ext/lib64/libwfdcommonutils.so	libEGL.so	PLATFORM	external/angle, manifest default.xml:70 (ANGLE provides /system/lib64/libEGL.so)
proprietary/system_ext/lib64/libwfdcommonutils.so	libGLESv2.so	PLATFORM	external/angle, manifest default.xml:70
proprietary/system_ext/lib64/libwfdcommonutils.so	libbinder.so	PLATFORM	frameworks/native (manifest default.xml:613) libs/binder
proprietary/system_ext/lib64/libwfdcommonutils.so	libc++.so	PLATFORM	bionic NDK compat lib, LineageOS/android_bionic (manifest default.xml:37); /system/lib64
proprietary/system_ext/lib64/libwfdcommonutils.so	libc.so	PLATFORM	bionic, LineageOS/android_bionic (manifest default.xml:37); /system/lib64 + apex com.android.runtime/lib64/bionic
proprietary/system_ext/lib64/libwfdcommonutils.so	libcutils.so	PLATFORM	bionic libcutils, LineageOS/android_bionic (manifest default.xml:37); /system/lib64
proprietary/system_ext/lib64/libwfdcommonutils.so	libdl.so	PLATFORM	bionic, LineageOS/android_bionic (manifest default.xml:37)
proprietary/system_ext/lib64/libwfdcommonutils.so	libdng_sdk.so	PLATFORM	external/dng_sdk, manifest default.xml:136
proprietary/system_ext/lib64/libwfdcommonutils.so	libgui.so	PLATFORM	frameworks/native (manifest default.xml:613) libs/gui
proprietary/system_ext/lib64/libwfdcommonutils.so	libheif.so	PLATFORM	AOSP external/libheif (/system/lib64/libheif.so). Not found by name in the LineageOS 23.2 manifest - lead to confirm (confidence: medium)
proprietary/system_ext/lib64/libwfdcommonutils.so	libion.so	PLATFORM	AOSP system/memory/libion, manifest default.xml:924
proprietary/system_ext/lib64/libwfdcommonutils.so	libjpeg.so	PLATFORM	external/libjpeg-turbo, manifest default.xml:310
proprietary/system_ext/lib64/libwfdcommonutils.so	liblog.so	PLATFORM	bionic, LineageOS/android_bionic (manifest default.xml:37); /system/lib64
proprietary/system_ext/lib64/libwfdcommonutils.so	libm.so	PLATFORM	bionic, LineageOS/android_bionic (manifest default.xml:37)
proprietary/system_ext/lib64/libwfdcommonutils.so	libmmosal.so	VENDOR	shipped in this repo as proprietary/system_ext/lib64/libmmosal.so;proprietary/vendor/lib64/libmmosal.so
proprietary/system_ext/lib64/libwfdcommonutils.so	libnativewindow.so	PLATFORM	frameworks/native (manifest default.xml:613) libs/nativewindow
proprietary/system_ext/lib64/libwfdcommonutils.so	libnl.so	VENDOR-ELSEWHERE	netlink lib shipped by CAF, not by AOSP; CAF platform tree device fork @2e50286ebc01 (extract-files.py):22 (hardware/qcom-caf/sdm845); project not on github.com, module name NOT verified here
proprietary/system_ext/lib64/libwfdcommonutils.so	libpiex.so	PLATFORM	external/piex, manifest default.xml:429
proprietary/system_ext/lib64/libwfdcommonutils.so	libpng.so	PLATFORM	external/libpng, manifest default.xml:327
proprietary/system_ext/lib64/libwfdcommonutils.so	libprocessgroup.so	PLATFORM	bionic libprocessgroup, LineageOS/android_bionic (manifest default.xml:37); /system/lib64
proprietary/system_ext/lib64/libwfdcommonutils.so	libui.so	PLATFORM	frameworks/native (manifest default.xml:613) libs/ui
proprietary/system_ext/lib64/libwfdcommonutils.so	libutils.so	PLATFORM	bionic libutils, LineageOS/android_bionic (manifest default.xml:37); /system/lib64
proprietary/system_ext/lib64/libwfdcommonutils.so	libwfdconfigutils.so	VENDOR	shipped in this repo as proprietary/system_ext/lib64/libwfdconfigutils.so
proprietary/system_ext/lib64/libwfdcommonutils.so	libwfddisplayconfig.so	VENDOR	shipped in this repo as proprietary/system_ext/lib64/libwfddisplayconfig.so
proprietary/system_ext/lib64/libwfdcommonutils.so	libwfdmminterface.so	VENDOR	shipped in this repo as proprietary/system_ext/lib64/libwfdmminterface.so
proprietary/system_ext/lib64/libwfdconfigutils.so	libbinder.so	PLATFORM	frameworks/native (manifest default.xml:613) libs/binder
proprietary/system_ext/lib64/libwfdconfigutils.so	libc++.so	PLATFORM	bionic NDK compat lib, LineageOS/android_bionic (manifest default.xml:37); /system/lib64
proprietary/system_ext/lib64/libwfdconfigutils.so	libc.so	PLATFORM	bionic, LineageOS/android_bionic (manifest default.xml:37); /system/lib64 + apex com.android.runtime/lib64/bionic
proprietary/system_ext/lib64/libwfdconfigutils.so	libcutils.so	PLATFORM	bionic libcutils, LineageOS/android_bionic (manifest default.xml:37); /system/lib64
proprietary/system_ext/lib64/libwfdconfigutils.so	libdl.so	PLATFORM	bionic, LineageOS/android_bionic (manifest default.xml:37)
proprietary/system_ext/lib64/libwfdconfigutils.so	liblog.so	PLATFORM	bionic, LineageOS/android_bionic (manifest default.xml:37); /system/lib64
proprietary/system_ext/lib64/libwfdconfigutils.so	libm.so	PLATFORM	bionic, LineageOS/android_bionic (manifest default.xml:37)
proprietary/system_ext/lib64/libwfdconfigutils.so	libmmosal.so	VENDOR	shipped in this repo as proprietary/system_ext/lib64/libmmosal.so;proprietary/vendor/lib64/libmmosal.so
proprietary/system_ext/lib64/libwfdconfigutils.so	libnl.so	VENDOR-ELSEWHERE	netlink lib shipped by CAF, not by AOSP; CAF platform tree device fork @2e50286ebc01 (extract-files.py):22 (hardware/qcom-caf/sdm845); project not on github.com, module name NOT verified here
proprietary/system_ext/lib64/libwfdconfigutils.so	libutils.so	PLATFORM	bionic libutils, LineageOS/android_bionic (manifest default.xml:37); /system/lib64
proprietary/system_ext/lib64/libwfdconfigutils.so	libwfdmminterface.so	VENDOR	shipped in this repo as proprietary/system_ext/lib64/libwfdmminterface.so
proprietary/system_ext/lib64/libwfddisplayconfig.so	libbinder_ndk.so	PLATFORM	frameworks/native (manifest default.xml:613) libs/binder_ndk; NDK
proprietary/system_ext/lib64/libwfddisplayconfig.so	libc++.so	PLATFORM	bionic NDK compat lib, LineageOS/android_bionic (manifest default.xml:37); /system/lib64
proprietary/system_ext/lib64/libwfddisplayconfig.so	libc.so	PLATFORM	bionic, LineageOS/android_bionic (manifest default.xml:37); /system/lib64 + apex com.android.runtime/lib64/bionic
proprietary/system_ext/lib64/libwfddisplayconfig.so	libcutils.so	PLATFORM	bionic libcutils, LineageOS/android_bionic (manifest default.xml:37); /system/lib64
proprietary/system_ext/lib64/libwfddisplayconfig.so	libdisplayconfig.system.qti.so	VENDOR-ELSEWHERE	Qualcomm display config client (system variant), CAF display tree; CAF platform tree device fork @2e50286ebc01 (extract-files.py):22 (hardware/qcom-caf/sdm845); project not on github.com, module name NOT verified here
proprietary/system_ext/lib64/libwfddisplayconfig.so	libdl.so	PLATFORM	bionic, LineageOS/android_bionic (manifest default.xml:37)
proprietary/system_ext/lib64/libwfddisplayconfig.so	libhidlbase.so	PLATFORM	system/libhidl module 'libhidlbase', system/libhidl lineage-22.2 @2bfb10b64fcfa (module names); manifest default.xml:912 (system/libhidl, remote=aosp)
proprietary/system_ext/lib64/libwfddisplayconfig.so	liblog.so	PLATFORM	bionic, LineageOS/android_bionic (manifest default.xml:37); /system/lib64
proprietary/system_ext/lib64/libwfddisplayconfig.so	libm.so	PLATFORM	bionic, LineageOS/android_bionic (manifest default.xml:37)
proprietary/system_ext/lib64/libwfddisplayconfig.so	libutils.so	PLATFORM	bionic libutils, LineageOS/android_bionic (manifest default.xml:37); /system/lib64
proprietary/system_ext/lib64/libwfddisplayconfig.so	vendor.display.config@2.0.so	VENDOR-ELSEWHERE	display-config HIDL is NOT in hardware/interfaces at 22.2 or 23.2 (no display/ dir; ls-tree @13d687a84c83), so it must come from the CAF display tree, CAF platform tree device fork @2e50286ebc01 (extract-files.py):22 (hardware/qcom-caf/sdm845); project not on github.com, module name NOT verified here
proprietary/system_ext/lib64/libwfddisplayconfig.so	vendor.qti.hardware.display.config-V5-ndk.so	VENDOR-ELSEWHERE	Qualcomm HIDL display-config NDK variant; same as @1.1; project not on github.com, module name NOT verified here
proprietary/system_ext/lib64/libwfdmminterface.so	libc++.so	PLATFORM	bionic NDK compat lib, LineageOS/android_bionic (manifest default.xml:37); /system/lib64
proprietary/system_ext/lib64/libwfdmminterface.so	libc.so	PLATFORM	bionic, LineageOS/android_bionic (manifest default.xml:37); /system/lib64 + apex com.android.runtime/lib64/bionic
proprietary/system_ext/lib64/libwfdmminterface.so	libdl.so	PLATFORM	bionic, LineageOS/android_bionic (manifest default.xml:37)
proprietary/system_ext/lib64/libwfdmminterface.so	liblog.so	PLATFORM	bionic, LineageOS/android_bionic (manifest default.xml:37); /system/lib64
proprietary/system_ext/lib64/libwfdmminterface.so	libm.so	PLATFORM	bionic, LineageOS/android_bionic (manifest default.xml:37)
proprietary/system_ext/lib64/libwfdmminterface.so	libmmosal.so	VENDOR	shipped in this repo as proprietary/system_ext/lib64/libmmosal.so;proprietary/vendor/lib64/libmmosal.so
proprietary/system_ext/lib64/libwfdmminterface.so	libutils.so	PLATFORM	bionic libutils, LineageOS/android_bionic (manifest default.xml:37); /system/lib64
proprietary/system_ext/lib64/libwfdmmsink.so	android.hidl.allocator@1.0.so	PLATFORM	system/libhidl, system/libhidl lineage-22.2 @2bfb10b64fcfa (module names); manifest default.xml:912 (system/libhidl, remote=aosp)
proprietary/system_ext/lib64/libwfdmmsink.so	android.hidl.memory@1.0.so	PLATFORM	system/libhidl, system/libhidl lineage-22.2 @2bfb10b64fcfa (module names); manifest default.xml:912 (system/libhidl, remote=aosp)
proprietary/system_ext/lib64/libwfdmmsink.so	libaaudio.so	PLATFORM	AOSP frameworks/ndk aaudio -> /system/lib64 (confidence: high)
proprietary/system_ext/lib64/libwfdmmsink.so	libandroid.so	PLATFORM	AOSP frameworks/ndk, NDK libandroid -> /system/lib64
proprietary/system_ext/lib64/libwfdmmsink.so	libaudioclient.so	PLATFORM	frameworks/av (manifest default.xml:597) media/libaudioclient
proprietary/system_ext/lib64/libwfdmmsink.so	libbinder.so	PLATFORM	frameworks/native (manifest default.xml:613) libs/binder
proprietary/system_ext/lib64/libwfdmmsink.so	libc++.so	PLATFORM	bionic NDK compat lib, LineageOS/android_bionic (manifest default.xml:37); /system/lib64
proprietary/system_ext/lib64/libwfdmmsink.so	libc.so	PLATFORM	bionic, LineageOS/android_bionic (manifest default.xml:37); /system/lib64 + apex com.android.runtime/lib64/bionic
proprietary/system_ext/lib64/libwfdmmsink.so	libcutils.so	PLATFORM	bionic libcutils, LineageOS/android_bionic (manifest default.xml:37); /system/lib64
proprietary/system_ext/lib64/libwfdmmsink.so	libdl.so	PLATFORM	bionic, LineageOS/android_bionic (manifest default.xml:37)
proprietary/system_ext/lib64/libwfdmmsink.so	libgui.so	PLATFORM	frameworks/native (manifest default.xml:613) libs/gui
proprietary/system_ext/lib64/libwfdmmsink.so	libhidlbase.so	PLATFORM	system/libhidl module 'libhidlbase', system/libhidl lineage-22.2 @2bfb10b64fcfa (module names); manifest default.xml:912 (system/libhidl, remote=aosp)
proprietary/system_ext/lib64/libwfdmmsink.so	libhidlmemory.so	PLATFORM	system/libhidl module 'libhidlmemory', system/libhidl lineage-22.2 @2bfb10b64fcfa (module names); manifest default.xml:912 (system/libhidl, remote=aosp)
proprietary/system_ext/lib64/libwfdmmsink.so	libhwui.so	PLATFORM	frameworks/native (manifest default.xml:613) libs/hwui
proprietary/system_ext/lib64/libwfdmmsink.so	liblog.so	PLATFORM	bionic, LineageOS/android_bionic (manifest default.xml:37); /system/lib64
proprietary/system_ext/lib64/libwfdmmsink.so	libm.so	PLATFORM	bionic, LineageOS/android_bionic (manifest default.xml:37)
proprietary/system_ext/lib64/libwfdmmsink.so	libmedia.so	PLATFORM	frameworks/av (manifest default.xml:597) media/libmediaplayerservice
proprietary/system_ext/lib64/libwfdmmsink.so	libmediandk.so	PLATFORM	frameworks/av (manifest default.xml:597) media/libmediandk
proprietary/system_ext/lib64/libwfdmmsink.so	libmmosal.so	VENDOR	shipped in this repo as proprietary/system_ext/lib64/libmmosal.so;proprietary/vendor/lib64/libmmosal.so
proprietary/system_ext/lib64/libwfdmmsink.so	libmmparser_lite.so	VENDOR	shipped in this repo as proprietary/system_ext/lib64/libmmparser_lite.so
proprietary/system_ext/lib64/libwfdmmsink.so	libmmrtpdecoder.so	VENDOR	shipped in this repo as proprietary/system_ext/lib64/libmmrtpdecoder.so
proprietary/system_ext/lib64/libwfdmmsink.so	libui.so	PLATFORM	frameworks/native (manifest default.xml:613) libs/ui
proprietary/system_ext/lib64/libwfdmmsink.so	libutils.so	PLATFORM	bionic libutils, LineageOS/android_bionic (manifest default.xml:37); /system/lib64
proprietary/system_ext/lib64/libwfdmmsink.so	libwfdcommonutils.so	VENDOR	shipped in this repo as proprietary/system_ext/lib64/libwfdcommonutils.so
proprietary/system_ext/lib64/libwfdmmsink.so	libwfdconfigutils.so	VENDOR	shipped in this repo as proprietary/system_ext/lib64/libwfdconfigutils.so
proprietary/system_ext/lib64/libwfdmmsink.so	libwfddisplayconfig.so	VENDOR	shipped in this repo as proprietary/system_ext/lib64/libwfddisplayconfig.so
proprietary/system_ext/lib64/libwfdmmsink.so	libwfdmminterface.so	VENDOR	shipped in this repo as proprietary/system_ext/lib64/libwfdmminterface.so
proprietary/system_ext/lib64/libwfdnative.so	android.hardware.graphics.bufferqueue@1.0.so	PLATFORM	HIDL iface lib, hardware/interfaces lineage-23.2 @13d687a84c83 (.hal present)
proprietary/system_ext/lib64/libwfdnative.so	android.hardware.graphics.bufferqueue@2.0.so	PLATFORM	HIDL iface lib, hardware/interfaces lineage-23.2 @13d687a84c83 (.hal present)
proprietary/system_ext/lib64/libwfdnative.so	android.hardware.graphics.common@1.0.so	PLATFORM	HIDL iface lib, hardware/interfaces lineage-23.2 @13d687a84c83 (.hal present)
proprietary/system_ext/lib64/libwfdnative.so	android.hidl.base@1.0.so	PLATFORM	system/libhidl, system/libhidl lineage-22.2 @2bfb10b64fcfa (module names); manifest default.xml:912 (system/libhidl, remote=aosp)
proprietary/system_ext/lib64/libwfdnative.so	android.hidl.token@1.0-utils.so	PLATFORM	system/libhidl module 'android.hidl.token@1.0-utils', system/libhidl lineage-22.2 @2bfb10b64fcfa (module names); manifest default.xml:912 (system/libhidl, remote=aosp)
proprietary/system_ext/lib64/libwfdnative.so	libandroid_runtime.so	PLATFORM	AOSP frameworks/base, /system/lib64/libandroid_runtime.so
proprietary/system_ext/lib64/libwfdnative.so	libbinder.so	PLATFORM	frameworks/native (manifest default.xml:613) libs/binder
proprietary/system_ext/lib64/libwfdnative.so	libbinder_shim.so	PLATFORM	AOSP system/libbinder_shim -> /system/lib64; device fork @2e50286ebc01 (extract-files.py):66-70 adds it via blob_fixup(add_needed)
proprietary/system_ext/lib64/libwfdnative.so	libc++.so	PLATFORM	bionic NDK compat lib, LineageOS/android_bionic (manifest default.xml:37); /system/lib64
proprietary/system_ext/lib64/libwfdnative.so	libc.so	PLATFORM	bionic, LineageOS/android_bionic (manifest default.xml:37); /system/lib64 + apex com.android.runtime/lib64/bionic
proprietary/system_ext/lib64/libwfdnative.so	libdl.so	PLATFORM	bionic, LineageOS/android_bionic (manifest default.xml:37)
proprietary/system_ext/lib64/libwfdnative.so	libgui.so	PLATFORM	frameworks/native (manifest default.xml:613) libs/gui
proprietary/system_ext/lib64/libwfdnative.so	libhidlbase.so	PLATFORM	system/libhidl module 'libhidlbase', system/libhidl lineage-22.2 @2bfb10b64fcfa (module names); manifest default.xml:912 (system/libhidl, remote=aosp)
proprietary/system_ext/lib64/libwfdnative.so	libhidlmemory.so	PLATFORM	system/libhidl module 'libhidlmemory', system/libhidl lineage-22.2 @2bfb10b64fcfa (module names); manifest default.xml:912 (system/libhidl, remote=aosp)
proprietary/system_ext/lib64/libwfdnative.so	libinput.so	PLATFORM	frameworks/native (manifest default.xml:613) libs/input (/system/lib64/libinput.so); consumer is a system_ext wfd blob. CAF may also ship a vendor copy (confidence: high)
proprietary/system_ext/lib64/libwfdnative.so	libinput_shim.so	PLATFORM	AOSP system/libinput_shim -> /system/lib64; device fork @2e50286ebc01 (extract-files.py):65-67 blob_fixup
proprietary/system_ext/lib64/libwfdnative.so	liblog.so	PLATFORM	bionic, LineageOS/android_bionic (manifest default.xml:37); /system/lib64
proprietary/system_ext/lib64/libwfdnative.so	libm.so	PLATFORM	bionic, LineageOS/android_bionic (manifest default.xml:37)
proprietary/system_ext/lib64/libwfdnative.so	libnativehelper.so	PLATFORM	AOSP libnativehelper, manifest default.xml:679
proprietary/system_ext/lib64/libwfdnative.so	libui.so	PLATFORM	frameworks/native (manifest default.xml:613) libs/ui
proprietary/system_ext/lib64/libwfdnative.so	libutils.so	PLATFORM	bionic libutils, LineageOS/android_bionic (manifest default.xml:37); /system/lib64
proprietary/system_ext/lib64/libwfdnative.so	libwfdclient.so	VENDOR	shipped in this repo as proprietary/system_ext/lib64/libwfdclient.so
proprietary/system_ext/lib64/libwfdrtsp.so	libc++.so	PLATFORM	bionic NDK compat lib, LineageOS/android_bionic (manifest default.xml:37); /system/lib64
proprietary/system_ext/lib64/libwfdrtsp.so	libc.so	PLATFORM	bionic, LineageOS/android_bionic (manifest default.xml:37); /system/lib64 + apex com.android.runtime/lib64/bionic
proprietary/system_ext/lib64/libwfdrtsp.so	libcutils.so	PLATFORM	bionic libcutils, LineageOS/android_bionic (manifest default.xml:37); /system/lib64
proprietary/system_ext/lib64/libwfdrtsp.so	libdl.so	PLATFORM	bionic, LineageOS/android_bionic (manifest default.xml:37)
proprietary/system_ext/lib64/libwfdrtsp.so	liblog.so	PLATFORM	bionic, LineageOS/android_bionic (manifest default.xml:37); /system/lib64
proprietary/system_ext/lib64/libwfdrtsp.so	libm.so	PLATFORM	bionic, LineageOS/android_bionic (manifest default.xml:37)
proprietary/system_ext/lib64/libwfdrtsp.so	libmmosal.so	VENDOR	shipped in this repo as proprietary/system_ext/lib64/libmmosal.so;proprietary/vendor/lib64/libmmosal.so
proprietary/system_ext/lib64/libwfdrtsp.so	libutils.so	PLATFORM	bionic libutils, LineageOS/android_bionic (manifest default.xml:37); /system/lib64
proprietary/system_ext/lib64/libwfdrtsp.so	libwfdcommonutils.so	VENDOR	shipped in this repo as proprietary/system_ext/lib64/libwfdcommonutils.so
proprietary/system_ext/lib64/libwfdrtsp.so	libwfdconfigutils.so	VENDOR	shipped in this repo as proprietary/system_ext/lib64/libwfdconfigutils.so
proprietary/system_ext/lib64/libwfdsinksm.so	libc++.so	PLATFORM	bionic NDK compat lib, LineageOS/android_bionic (manifest default.xml:37); /system/lib64
proprietary/system_ext/lib64/libwfdsinksm.so	libc.so	PLATFORM	bionic, LineageOS/android_bionic (manifest default.xml:37); /system/lib64 + apex com.android.runtime/lib64/bionic
proprietary/system_ext/lib64/libwfdsinksm.so	libcutils.so	PLATFORM	bionic libcutils, LineageOS/android_bionic (manifest default.xml:37); /system/lib64
proprietary/system_ext/lib64/libwfdsinksm.so	libdl.so	PLATFORM	bionic, LineageOS/android_bionic (manifest default.xml:37)
proprietary/system_ext/lib64/libwfdsinksm.so	libhidlbase.so	PLATFORM	system/libhidl module 'libhidlbase', system/libhidl lineage-22.2 @2bfb10b64fcfa (module names); manifest default.xml:912 (system/libhidl, remote=aosp)
proprietary/system_ext/lib64/libwfdsinksm.so	liblog.so	PLATFORM	bionic, LineageOS/android_bionic (manifest default.xml:37); /system/lib64
proprietary/system_ext/lib64/libwfdsinksm.so	libm.so	PLATFORM	bionic, LineageOS/android_bionic (manifest default.xml:37)
proprietary/system_ext/lib64/libwfdsinksm.so	libmedia.so	PLATFORM	frameworks/av (manifest default.xml:597) media/libmediaplayerservice
proprietary/system_ext/lib64/libwfdsinksm.so	libmediandk.so	PLATFORM	frameworks/av (manifest default.xml:597) media/libmediandk
proprietary/system_ext/lib64/libwfdsinksm.so	libmmosal.so	VENDOR	shipped in this repo as proprietary/system_ext/lib64/libmmosal.so;proprietary/vendor/lib64/libmmosal.so
proprietary/system_ext/lib64/libwfdsinksm.so	libmmrtpdecoder.so	VENDOR	shipped in this repo as proprietary/system_ext/lib64/libmmrtpdecoder.so
proprietary/system_ext/lib64/libwfdsinksm.so	libmmrtpencoder.so	VENDOR	shipped in this repo as proprietary/system_ext/lib64/libmmrtpencoder.so
proprietary/system_ext/lib64/libwfdsinksm.so	libnativewindow.so	PLATFORM	frameworks/native (manifest default.xml:613) libs/nativewindow
proprietary/system_ext/lib64/libwfdsinksm.so	libutils.so	PLATFORM	bionic libutils, LineageOS/android_bionic (manifest default.xml:37); /system/lib64
proprietary/system_ext/lib64/libwfdsinksm.so	libwfdcommonutils.so	VENDOR	shipped in this repo as proprietary/system_ext/lib64/libwfdcommonutils.so
proprietary/system_ext/lib64/libwfdsinksm.so	libwfdconfigutils.so	VENDOR	shipped in this repo as proprietary/system_ext/lib64/libwfdconfigutils.so
proprietary/system_ext/lib64/libwfdsinksm.so	libwfdmminterface.so	VENDOR	shipped in this repo as proprietary/system_ext/lib64/libwfdmminterface.so
proprietary/system_ext/lib64/libwfdsinksm.so	libwfdmmsink.so	VENDOR	shipped in this repo as proprietary/system_ext/lib64/libwfdmmsink.so
proprietary/system_ext/lib64/libwfdsinksm.so	libwfdrtsp.so	VENDOR	shipped in this repo as proprietary/system_ext/lib64/libwfdrtsp.so
proprietary/system_ext/lib64/libwfdsinksm.so	libwfduibcinterface.so	VENDOR	shipped in this repo as proprietary/system_ext/lib64/libwfduibcinterface.so
proprietary/system_ext/lib64/libwfduibcinterface.so	libc++.so	PLATFORM	bionic NDK compat lib, LineageOS/android_bionic (manifest default.xml:37); /system/lib64
proprietary/system_ext/lib64/libwfduibcinterface.so	libc.so	PLATFORM	bionic, LineageOS/android_bionic (manifest default.xml:37); /system/lib64 + apex com.android.runtime/lib64/bionic
proprietary/system_ext/lib64/libwfduibcinterface.so	libcutils.so	PLATFORM	bionic libcutils, LineageOS/android_bionic (manifest default.xml:37); /system/lib64
proprietary/system_ext/lib64/libwfduibcinterface.so	libdl.so	PLATFORM	bionic, LineageOS/android_bionic (manifest default.xml:37)
proprietary/system_ext/lib64/libwfduibcinterface.so	liblog.so	PLATFORM	bionic, LineageOS/android_bionic (manifest default.xml:37); /system/lib64
proprietary/system_ext/lib64/libwfduibcinterface.so	libm.so	PLATFORM	bionic, LineageOS/android_bionic (manifest default.xml:37)
proprietary/system_ext/lib64/libwfduibcinterface.so	libmmosal.so	VENDOR	shipped in this repo as proprietary/system_ext/lib64/libmmosal.so;proprietary/vendor/lib64/libmmosal.so
proprietary/system_ext/lib64/libwfduibcinterface.so	libutils.so	PLATFORM	bionic libutils, LineageOS/android_bionic (manifest default.xml:37); /system/lib64
proprietary/system_ext/lib64/libwfduibcinterface.so	libwfduibcsinkinterface.so	VENDOR	shipped in this repo as proprietary/system_ext/lib64/libwfduibcsinkinterface.so
proprietary/system_ext/lib64/libwfduibcinterface.so	libwfduibcsrcinterface.so	VENDOR	shipped in this repo as proprietary/system_ext/lib64/libwfduibcsrcinterface.so
proprietary/system_ext/lib64/libwfduibcsink.so	libc++.so	PLATFORM	bionic NDK compat lib, LineageOS/android_bionic (manifest default.xml:37); /system/lib64
proprietary/system_ext/lib64/libwfduibcsink.so	libc.so	PLATFORM	bionic, LineageOS/android_bionic (manifest default.xml:37); /system/lib64 + apex com.android.runtime/lib64/bionic
proprietary/system_ext/lib64/libwfduibcsink.so	libdl.so	PLATFORM	bionic, LineageOS/android_bionic (manifest default.xml:37)
proprietary/system_ext/lib64/libwfduibcsink.so	liblog.so	PLATFORM	bionic, LineageOS/android_bionic (manifest default.xml:37); /system/lib64
proprietary/system_ext/lib64/libwfduibcsink.so	libm.so	PLATFORM	bionic, LineageOS/android_bionic (manifest default.xml:37)
proprietary/system_ext/lib64/libwfduibcsink.so	libmmosal.so	VENDOR	shipped in this repo as proprietary/system_ext/lib64/libmmosal.so;proprietary/vendor/lib64/libmmosal.so
proprietary/system_ext/lib64/libwfduibcsink.so	libutils.so	PLATFORM	bionic libutils, LineageOS/android_bionic (manifest default.xml:37); /system/lib64
proprietary/system_ext/lib64/libwfduibcsinkinterface.so	libc++.so	PLATFORM	bionic NDK compat lib, LineageOS/android_bionic (manifest default.xml:37); /system/lib64
proprietary/system_ext/lib64/libwfduibcsinkinterface.so	libc.so	PLATFORM	bionic, LineageOS/android_bionic (manifest default.xml:37); /system/lib64 + apex com.android.runtime/lib64/bionic
proprietary/system_ext/lib64/libwfduibcsinkinterface.so	libcutils.so	PLATFORM	bionic libcutils, LineageOS/android_bionic (manifest default.xml:37); /system/lib64
proprietary/system_ext/lib64/libwfduibcsinkinterface.so	libdl.so	PLATFORM	bionic, LineageOS/android_bionic (manifest default.xml:37)
proprietary/system_ext/lib64/libwfduibcsinkinterface.so	liblog.so	PLATFORM	bionic, LineageOS/android_bionic (manifest default.xml:37); /system/lib64
proprietary/system_ext/lib64/libwfduibcsinkinterface.so	libm.so	PLATFORM	bionic, LineageOS/android_bionic (manifest default.xml:37)
proprietary/system_ext/lib64/libwfduibcsinkinterface.so	libmmosal.so	VENDOR	shipped in this repo as proprietary/system_ext/lib64/libmmosal.so;proprietary/vendor/lib64/libmmosal.so
proprietary/system_ext/lib64/libwfduibcsinkinterface.so	libutils.so	PLATFORM	bionic libutils, LineageOS/android_bionic (manifest default.xml:37); /system/lib64
proprietary/system_ext/lib64/libwfduibcsinkinterface.so	libwfdcommonutils.so	VENDOR	shipped in this repo as proprietary/system_ext/lib64/libwfdcommonutils.so
proprietary/system_ext/lib64/libwfduibcsinkinterface.so	libwfdconfigutils.so	VENDOR	shipped in this repo as proprietary/system_ext/lib64/libwfdconfigutils.so
proprietary/system_ext/lib64/libwfduibcsinkinterface.so	libwfduibcsink.so	VENDOR	shipped in this repo as proprietary/system_ext/lib64/libwfduibcsink.so
proprietary/system_ext/lib64/libwfduibcsrc.so	libc++.so	PLATFORM	bionic NDK compat lib, LineageOS/android_bionic (manifest default.xml:37); /system/lib64
proprietary/system_ext/lib64/libwfduibcsrc.so	libc.so	PLATFORM	bionic, LineageOS/android_bionic (manifest default.xml:37); /system/lib64 + apex com.android.runtime/lib64/bionic
proprietary/system_ext/lib64/libwfduibcsrc.so	libcutils.so	PLATFORM	bionic libcutils, LineageOS/android_bionic (manifest default.xml:37); /system/lib64
proprietary/system_ext/lib64/libwfduibcsrc.so	libdl.so	PLATFORM	bionic, LineageOS/android_bionic (manifest default.xml:37)
proprietary/system_ext/lib64/libwfduibcsrc.so	liblog.so	PLATFORM	bionic, LineageOS/android_bionic (manifest default.xml:37); /system/lib64
proprietary/system_ext/lib64/libwfduibcsrc.so	libm.so	PLATFORM	bionic, LineageOS/android_bionic (manifest default.xml:37)
proprietary/system_ext/lib64/libwfduibcsrc.so	libmmosal.so	VENDOR	shipped in this repo as proprietary/system_ext/lib64/libmmosal.so;proprietary/vendor/lib64/libmmosal.so
proprietary/system_ext/lib64/libwfduibcsrc.so	libutils.so	PLATFORM	bionic libutils, LineageOS/android_bionic (manifest default.xml:37); /system/lib64
proprietary/system_ext/lib64/libwfduibcsrc.so	libwfdcommonutils.so	VENDOR	shipped in this repo as proprietary/system_ext/lib64/libwfdcommonutils.so
proprietary/system_ext/lib64/libwfduibcsrc.so	libwfdconfigutils.so	VENDOR	shipped in this repo as proprietary/system_ext/lib64/libwfdconfigutils.so
proprietary/system_ext/lib64/libwfduibcsrc.so	libwfddisplayconfig.so	VENDOR	shipped in this repo as proprietary/system_ext/lib64/libwfddisplayconfig.so
proprietary/system_ext/lib64/libwfduibcsrcinterface.so	libc++.so	PLATFORM	bionic NDK compat lib, LineageOS/android_bionic (manifest default.xml:37); /system/lib64
proprietary/system_ext/lib64/libwfduibcsrcinterface.so	libc.so	PLATFORM	bionic, LineageOS/android_bionic (manifest default.xml:37); /system/lib64 + apex com.android.runtime/lib64/bionic
proprietary/system_ext/lib64/libwfduibcsrcinterface.so	libcutils.so	PLATFORM	bionic libcutils, LineageOS/android_bionic (manifest default.xml:37); /system/lib64
proprietary/system_ext/lib64/libwfduibcsrcinterface.so	libdl.so	PLATFORM	bionic, LineageOS/android_bionic (manifest default.xml:37)
proprietary/system_ext/lib64/libwfduibcsrcinterface.so	liblog.so	PLATFORM	bionic, LineageOS/android_bionic (manifest default.xml:37); /system/lib64
proprietary/system_ext/lib64/libwfduibcsrcinterface.so	libm.so	PLATFORM	bionic, LineageOS/android_bionic (manifest default.xml:37)
proprietary/system_ext/lib64/libwfduibcsrcinterface.so	libmmosal.so	VENDOR	shipped in this repo as proprietary/system_ext/lib64/libmmosal.so;proprietary/vendor/lib64/libmmosal.so
proprietary/system_ext/lib64/libwfduibcsrcinterface.so	libutils.so	PLATFORM	bionic libutils, LineageOS/android_bionic (manifest default.xml:37); /system/lib64
proprietary/system_ext/lib64/libwfduibcsrcinterface.so	libwfdcommonutils.so	VENDOR	shipped in this repo as proprietary/system_ext/lib64/libwfdcommonutils.so
proprietary/system_ext/lib64/libwfduibcsrcinterface.so	libwfdconfigutils.so	VENDOR	shipped in this repo as proprietary/system_ext/lib64/libwfdconfigutils.so
proprietary/system_ext/lib64/libwfduibcsrcinterface.so	libwfduibcsrc.so	VENDOR	shipped in this repo as proprietary/system_ext/lib64/libwfduibcsrc.so
proprietary/vendor/lib/camera/com.samsung.sensor.s5k3m5.so	libc++.so	PLATFORM	bionic NDK compat lib, LineageOS/android_bionic (manifest default.xml:37); /system/lib64
proprietary/vendor/lib/camera/com.samsung.sensor.s5k3m5.so	libc.so	PLATFORM	bionic, LineageOS/android_bionic (manifest default.xml:37); /system/lib64 + apex com.android.runtime/lib64/bionic
proprietary/vendor/lib/camera/com.samsung.sensor.s5k3m5.so	libcutils.so	PLATFORM	bionic libcutils, LineageOS/android_bionic (manifest default.xml:37); /system/lib64
proprietary/vendor/lib/camera/com.samsung.sensor.s5k3m5.so	libdl.so	PLATFORM	bionic, LineageOS/android_bionic (manifest default.xml:37)
proprietary/vendor/lib/camera/com.samsung.sensor.s5k3m5.so	liblog.so	PLATFORM	bionic, LineageOS/android_bionic (manifest default.xml:37); /system/lib64
proprietary/vendor/lib/camera/com.samsung.sensor.s5k3m5.so	libm.so	PLATFORM	bionic, LineageOS/android_bionic (manifest default.xml:37)
proprietary/vendor/lib/camera/com.samsung.sensor.s5k4ha.so	libc++.so	PLATFORM	bionic NDK compat lib, LineageOS/android_bionic (manifest default.xml:37); /system/lib64
proprietary/vendor/lib/camera/com.samsung.sensor.s5k4ha.so	libc.so	PLATFORM	bionic, LineageOS/android_bionic (manifest default.xml:37); /system/lib64 + apex com.android.runtime/lib64/bionic
proprietary/vendor/lib/camera/com.samsung.sensor.s5k4ha.so	libcutils.so	PLATFORM	bionic libcutils, LineageOS/android_bionic (manifest default.xml:37); /system/lib64
proprietary/vendor/lib/camera/com.samsung.sensor.s5k4ha.so	libdl.so	PLATFORM	bionic, LineageOS/android_bionic (manifest default.xml:37)
proprietary/vendor/lib/camera/com.samsung.sensor.s5k4ha.so	liblog.so	PLATFORM	bionic, LineageOS/android_bionic (manifest default.xml:37); /system/lib64
proprietary/vendor/lib/camera/com.samsung.sensor.s5k4ha.so	libm.so	PLATFORM	bionic, LineageOS/android_bionic (manifest default.xml:37)
proprietary/vendor/lib/camera/components/com.qti.eisv2.so	libc++.so	PLATFORM	bionic NDK compat lib, LineageOS/android_bionic (manifest default.xml:37); /system/lib64
proprietary/vendor/lib/camera/components/com.qti.eisv2.so	libc.so	PLATFORM	bionic, LineageOS/android_bionic (manifest default.xml:37); /system/lib64 + apex com.android.runtime/lib64/bionic
proprietary/vendor/lib/camera/components/com.qti.eisv2.so	libcutils.so	PLATFORM	bionic libcutils, LineageOS/android_bionic (manifest default.xml:37); /system/lib64
proprietary/vendor/lib/camera/components/com.qti.eisv2.so	libdl.so	PLATFORM	bionic, LineageOS/android_bionic (manifest default.xml:37)
proprietary/vendor/lib/camera/components/com.qti.eisv2.so	liblog.so	PLATFORM	bionic, LineageOS/android_bionic (manifest default.xml:37); /system/lib64
proprietary/vendor/lib/camera/components/com.qti.eisv2.so	libm.so	PLATFORM	bionic, LineageOS/android_bionic (manifest default.xml:37)
proprietary/vendor/lib/camera/components/com.qti.eisv2.so	libsync.so	VENDOR-ELSEWHERE	CAF builds a vendor libsync for the camera/multi-media HALs; AOSP frameworks/av also has media/libsync -> /system/lib64. Which one is used depends on whether CAF's vendor copy is built (confidence: low)
proprietary/vendor/lib/camera/components/com.qti.eisv3.so	libc++.so	PLATFORM	bionic NDK compat lib, LineageOS/android_bionic (manifest default.xml:37); /system/lib64
proprietary/vendor/lib/camera/components/com.qti.eisv3.so	libc.so	PLATFORM	bionic, LineageOS/android_bionic (manifest default.xml:37); /system/lib64 + apex com.android.runtime/lib64/bionic
proprietary/vendor/lib/camera/components/com.qti.eisv3.so	libcutils.so	PLATFORM	bionic libcutils, LineageOS/android_bionic (manifest default.xml:37); /system/lib64
proprietary/vendor/lib/camera/components/com.qti.eisv3.so	libdl.so	PLATFORM	bionic, LineageOS/android_bionic (manifest default.xml:37)
proprietary/vendor/lib/camera/components/com.qti.eisv3.so	liblog.so	PLATFORM	bionic, LineageOS/android_bionic (manifest default.xml:37); /system/lib64
proprietary/vendor/lib/camera/components/com.qti.eisv3.so	libm.so	PLATFORM	bionic, LineageOS/android_bionic (manifest default.xml:37)
proprietary/vendor/lib/camera/components/com.qti.eisv3.so	libsync.so	VENDOR-ELSEWHERE	CAF builds a vendor libsync for the camera/multi-media HALs; AOSP frameworks/av also has media/libsync -> /system/lib64. Which one is used depends on whether CAF's vendor copy is built (confidence: low)
proprietary/vendor/lib/camera/components/com.qti.node.gpu.so	libc++.so	PLATFORM	bionic NDK compat lib, LineageOS/android_bionic (manifest default.xml:37); /system/lib64
proprietary/vendor/lib/camera/components/com.qti.node.gpu.so	libc.so	PLATFORM	bionic, LineageOS/android_bionic (manifest default.xml:37); /system/lib64 + apex com.android.runtime/lib64/bionic
proprietary/vendor/lib/camera/components/com.qti.node.gpu.so	libcamera_metadata.so	PLATFORM	frameworks/av (manifest default.xml:597) media/libcamera_metadata
proprietary/vendor/lib/camera/components/com.qti.node.gpu.so	libcom.qti.chinodeutils.so	VENDOR	shipped in this repo as proprietary/vendor/lib/libcom.qti.chinodeutils.so
proprietary/vendor/lib/camera/components/com.qti.node.gpu.so	libdl.so	PLATFORM	bionic, LineageOS/android_bionic (manifest default.xml:37)
proprietary/vendor/lib/camera/components/com.qti.node.gpu.so	liblog.so	PLATFORM	bionic, LineageOS/android_bionic (manifest default.xml:37); /system/lib64
proprietary/vendor/lib/camera/components/com.qti.node.gpu.so	libm.so	PLATFORM	bionic, LineageOS/android_bionic (manifest default.xml:37)
proprietary/vendor/lib/camera/components/com.qti.node.hvx.so	libc++.so	PLATFORM	bionic NDK compat lib, LineageOS/android_bionic (manifest default.xml:37); /system/lib64
proprietary/vendor/lib/camera/components/com.qti.node.hvx.so	libc.so	PLATFORM	bionic, LineageOS/android_bionic (manifest default.xml:37); /system/lib64 + apex com.android.runtime/lib64/bionic
proprietary/vendor/lib/camera/components/com.qti.node.hvx.so	libcamera_metadata.so	PLATFORM	frameworks/av (manifest default.xml:597) media/libcamera_metadata
proprietary/vendor/lib/camera/components/com.qti.node.hvx.so	libcdsprpc.so	VENDOR	shipped in this repo as proprietary/vendor/lib/libcdsprpc.so
proprietary/vendor/lib/camera/components/com.qti.node.hvx.so	libcom.qti.chinodeutils.so	VENDOR	shipped in this repo as proprietary/vendor/lib/libcom.qti.chinodeutils.so
proprietary/vendor/lib/camera/components/com.qti.node.hvx.so	libdl.so	PLATFORM	bionic, LineageOS/android_bionic (manifest default.xml:37)
proprietary/vendor/lib/camera/components/com.qti.node.hvx.so	liblog.so	PLATFORM	bionic, LineageOS/android_bionic (manifest default.xml:37); /system/lib64
proprietary/vendor/lib/camera/components/com.qti.node.hvx.so	libm.so	PLATFORM	bionic, LineageOS/android_bionic (manifest default.xml:37)
proprietary/vendor/lib/camera/components/com.qti.node.memcpy.so	libc++.so	PLATFORM	bionic NDK compat lib, LineageOS/android_bionic (manifest default.xml:37); /system/lib64
proprietary/vendor/lib/camera/components/com.qti.node.memcpy.so	libc.so	PLATFORM	bionic, LineageOS/android_bionic (manifest default.xml:37); /system/lib64 + apex com.android.runtime/lib64/bionic
proprietary/vendor/lib/camera/components/com.qti.node.memcpy.so	libcamera_metadata.so	PLATFORM	frameworks/av (manifest default.xml:597) media/libcamera_metadata
proprietary/vendor/lib/camera/components/com.qti.node.memcpy.so	libcom.qti.chinodeutils.so	VENDOR	shipped in this repo as proprietary/vendor/lib/libcom.qti.chinodeutils.so
proprietary/vendor/lib/camera/components/com.qti.node.memcpy.so	libdl.so	PLATFORM	bionic, LineageOS/android_bionic (manifest default.xml:37)
proprietary/vendor/lib/camera/components/com.qti.node.memcpy.so	liblog.so	PLATFORM	bionic, LineageOS/android_bionic (manifest default.xml:37); /system/lib64
proprietary/vendor/lib/camera/components/com.qti.node.memcpy.so	libm.so	PLATFORM	bionic, LineageOS/android_bionic (manifest default.xml:37)
proprietary/vendor/lib/camera/components/com.qti.node.str.so	libc++.so	PLATFORM	bionic NDK compat lib, LineageOS/android_bionic (manifest default.xml:37); /system/lib64
proprietary/vendor/lib/camera/components/com.qti.node.str.so	libc.so	PLATFORM	bionic, LineageOS/android_bionic (manifest default.xml:37); /system/lib64 + apex com.android.runtime/lib64/bionic
proprietary/vendor/lib/camera/components/com.qti.node.str.so	libcamera_metadata.so	PLATFORM	frameworks/av (manifest default.xml:597) media/libcamera_metadata
proprietary/vendor/lib/camera/components/com.qti.node.str.so	libcom.qti.chinodeutils.so	VENDOR	shipped in this repo as proprietary/vendor/lib/libcom.qti.chinodeutils.so
proprietary/vendor/lib/camera/components/com.qti.node.str.so	libcutils.so	PLATFORM	bionic libcutils, LineageOS/android_bionic (manifest default.xml:37); /system/lib64
proprietary/vendor/lib/camera/components/com.qti.node.str.so	libdl.so	PLATFORM	bionic, LineageOS/android_bionic (manifest default.xml:37)
proprietary/vendor/lib/camera/components/com.qti.node.str.so	liblog.so	PLATFORM	bionic, LineageOS/android_bionic (manifest default.xml:37); /system/lib64
proprietary/vendor/lib/camera/components/com.qti.node.str.so	libm.so	PLATFORM	bionic, LineageOS/android_bionic (manifest default.xml:37)
proprietary/vendor/lib/camera/components/com.qti.node.swregistration.so	libc++.so	PLATFORM	bionic NDK compat lib, LineageOS/android_bionic (manifest default.xml:37); /system/lib64
proprietary/vendor/lib/camera/components/com.qti.node.swregistration.so	libc.so	PLATFORM	bionic, LineageOS/android_bionic (manifest default.xml:37); /system/lib64 + apex com.android.runtime/lib64/bionic
proprietary/vendor/lib/camera/components/com.qti.node.swregistration.so	libcamera_metadata.so	PLATFORM	frameworks/av (manifest default.xml:597) media/libcamera_metadata
proprietary/vendor/lib/camera/components/com.qti.node.swregistration.so	libcom.qti.chinodeutils.so	VENDOR	shipped in this repo as proprietary/vendor/lib/libcom.qti.chinodeutils.so
proprietary/vendor/lib/camera/components/com.qti.node.swregistration.so	libdl.so	PLATFORM	bionic, LineageOS/android_bionic (manifest default.xml:37)
proprietary/vendor/lib/camera/components/com.qti.node.swregistration.so	liblog.so	PLATFORM	bionic, LineageOS/android_bionic (manifest default.xml:37); /system/lib64
proprietary/vendor/lib/camera/components/com.qti.node.swregistration.so	libm.so	PLATFORM	bionic, LineageOS/android_bionic (manifest default.xml:37)
proprietary/vendor/lib/camera/components/com.qti.stats.aec.so	libc++.so	PLATFORM	bionic NDK compat lib, LineageOS/android_bionic (manifest default.xml:37); /system/lib64
proprietary/vendor/lib/camera/components/com.qti.stats.aec.so	libc.so	PLATFORM	bionic, LineageOS/android_bionic (manifest default.xml:37); /system/lib64 + apex com.android.runtime/lib64/bionic
proprietary/vendor/lib/camera/components/com.qti.stats.aec.so	libcutils.so	PLATFORM	bionic libcutils, LineageOS/android_bionic (manifest default.xml:37); /system/lib64
proprietary/vendor/lib/camera/components/com.qti.stats.aec.so	libdl.so	PLATFORM	bionic, LineageOS/android_bionic (manifest default.xml:37)
proprietary/vendor/lib/camera/components/com.qti.stats.aec.so	liblog.so	PLATFORM	bionic, LineageOS/android_bionic (manifest default.xml:37); /system/lib64
proprietary/vendor/lib/camera/components/com.qti.stats.aec.so	libm.so	PLATFORM	bionic, LineageOS/android_bionic (manifest default.xml:37)
proprietary/vendor/lib/camera/components/com.qti.stats.aec.so	libsync.so	VENDOR-ELSEWHERE	CAF builds a vendor libsync for the camera/multi-media HALs; AOSP frameworks/av also has media/libsync -> /system/lib64. Which one is used depends on whether CAF's vendor copy is built (confidence: low)
proprietary/vendor/lib/camera/components/com.qti.stats.af.so	libc++.so	PLATFORM	bionic NDK compat lib, LineageOS/android_bionic (manifest default.xml:37); /system/lib64
proprietary/vendor/lib/camera/components/com.qti.stats.af.so	libc.so	PLATFORM	bionic, LineageOS/android_bionic (manifest default.xml:37); /system/lib64 + apex com.android.runtime/lib64/bionic
proprietary/vendor/lib/camera/components/com.qti.stats.af.so	libcutils.so	PLATFORM	bionic libcutils, LineageOS/android_bionic (manifest default.xml:37); /system/lib64
proprietary/vendor/lib/camera/components/com.qti.stats.af.so	libdl.so	PLATFORM	bionic, LineageOS/android_bionic (manifest default.xml:37)
proprietary/vendor/lib/camera/components/com.qti.stats.af.so	liblog.so	PLATFORM	bionic, LineageOS/android_bionic (manifest default.xml:37); /system/lib64
proprietary/vendor/lib/camera/components/com.qti.stats.af.so	libm.so	PLATFORM	bionic, LineageOS/android_bionic (manifest default.xml:37)
proprietary/vendor/lib/camera/components/com.qti.stats.af.so	libsync.so	VENDOR-ELSEWHERE	CAF builds a vendor libsync for the camera/multi-media HALs; AOSP frameworks/av also has media/libsync -> /system/lib64. Which one is used depends on whether CAF's vendor copy is built (confidence: low)
proprietary/vendor/lib/camera/components/com.qti.stats.afd.so	libc++.so	PLATFORM	bionic NDK compat lib, LineageOS/android_bionic (manifest default.xml:37); /system/lib64
proprietary/vendor/lib/camera/components/com.qti.stats.afd.so	libc.so	PLATFORM	bionic, LineageOS/android_bionic (manifest default.xml:37); /system/lib64 + apex com.android.runtime/lib64/bionic
proprietary/vendor/lib/camera/components/com.qti.stats.afd.so	libcutils.so	PLATFORM	bionic libcutils, LineageOS/android_bionic (manifest default.xml:37); /system/lib64
proprietary/vendor/lib/camera/components/com.qti.stats.afd.so	libdl.so	PLATFORM	bionic, LineageOS/android_bionic (manifest default.xml:37)
proprietary/vendor/lib/camera/components/com.qti.stats.afd.so	liblog.so	PLATFORM	bionic, LineageOS/android_bionic (manifest default.xml:37); /system/lib64
proprietary/vendor/lib/camera/components/com.qti.stats.afd.so	libm.so	PLATFORM	bionic, LineageOS/android_bionic (manifest default.xml:37)
proprietary/vendor/lib/camera/components/com.qti.stats.afd.so	libsync.so	VENDOR-ELSEWHERE	CAF builds a vendor libsync for the camera/multi-media HALs; AOSP frameworks/av also has media/libsync -> /system/lib64. Which one is used depends on whether CAF's vendor copy is built (confidence: low)
proprietary/vendor/lib/camera/components/com.qti.stats.asd.so	libc++.so	PLATFORM	bionic NDK compat lib, LineageOS/android_bionic (manifest default.xml:37); /system/lib64
proprietary/vendor/lib/camera/components/com.qti.stats.asd.so	libc.so	PLATFORM	bionic, LineageOS/android_bionic (manifest default.xml:37); /system/lib64 + apex com.android.runtime/lib64/bionic
proprietary/vendor/lib/camera/components/com.qti.stats.asd.so	libcutils.so	PLATFORM	bionic libcutils, LineageOS/android_bionic (manifest default.xml:37); /system/lib64
proprietary/vendor/lib/camera/components/com.qti.stats.asd.so	libdl.so	PLATFORM	bionic, LineageOS/android_bionic (manifest default.xml:37)
proprietary/vendor/lib/camera/components/com.qti.stats.asd.so	liblog.so	PLATFORM	bionic, LineageOS/android_bionic (manifest default.xml:37); /system/lib64
proprietary/vendor/lib/camera/components/com.qti.stats.asd.so	libm.so	PLATFORM	bionic, LineageOS/android_bionic (manifest default.xml:37)
proprietary/vendor/lib/camera/components/com.qti.stats.asd.so	libsync.so	VENDOR-ELSEWHERE	CAF builds a vendor libsync for the camera/multi-media HALs; AOSP frameworks/av also has media/libsync -> /system/lib64. Which one is used depends on whether CAF's vendor copy is built (confidence: low)
proprietary/vendor/lib/camera/components/com.qti.stats.awb.so	libc++.so	PLATFORM	bionic NDK compat lib, LineageOS/android_bionic (manifest default.xml:37); /system/lib64
proprietary/vendor/lib/camera/components/com.qti.stats.awb.so	libc.so	PLATFORM	bionic, LineageOS/android_bionic (manifest default.xml:37); /system/lib64 + apex com.android.runtime/lib64/bionic
proprietary/vendor/lib/camera/components/com.qti.stats.awb.so	libcutils.so	PLATFORM	bionic libcutils, LineageOS/android_bionic (manifest default.xml:37); /system/lib64
proprietary/vendor/lib/camera/components/com.qti.stats.awb.so	libdl.so	PLATFORM	bionic, LineageOS/android_bionic (manifest default.xml:37)
proprietary/vendor/lib/camera/components/com.qti.stats.awb.so	liblog.so	PLATFORM	bionic, LineageOS/android_bionic (manifest default.xml:37); /system/lib64
proprietary/vendor/lib/camera/components/com.qti.stats.awb.so	libm.so	PLATFORM	bionic, LineageOS/android_bionic (manifest default.xml:37)
proprietary/vendor/lib/camera/components/com.qti.stats.awb.so	libsync.so	VENDOR-ELSEWHERE	CAF builds a vendor libsync for the camera/multi-media HALs; AOSP frameworks/av also has media/libsync -> /system/lib64. Which one is used depends on whether CAF's vendor copy is built (confidence: low)
proprietary/vendor/lib/camera/components/com.qti.stats.pdlib.so	libc++.so	PLATFORM	bionic NDK compat lib, LineageOS/android_bionic (manifest default.xml:37); /system/lib64
proprietary/vendor/lib/camera/components/com.qti.stats.pdlib.so	libc.so	PLATFORM	bionic, LineageOS/android_bionic (manifest default.xml:37); /system/lib64 + apex com.android.runtime/lib64/bionic
proprietary/vendor/lib/camera/components/com.qti.stats.pdlib.so	libcutils.so	PLATFORM	bionic libcutils, LineageOS/android_bionic (manifest default.xml:37); /system/lib64
proprietary/vendor/lib/camera/components/com.qti.stats.pdlib.so	libdl.so	PLATFORM	bionic, LineageOS/android_bionic (manifest default.xml:37)
proprietary/vendor/lib/camera/components/com.qti.stats.pdlib.so	liblog.so	PLATFORM	bionic, LineageOS/android_bionic (manifest default.xml:37); /system/lib64
proprietary/vendor/lib/camera/components/com.qti.stats.pdlib.so	libm.so	PLATFORM	bionic, LineageOS/android_bionic (manifest default.xml:37)
proprietary/vendor/lib/camera/components/com.qti.stats.pdlib.so	libsync.so	VENDOR-ELSEWHERE	CAF builds a vendor libsync for the camera/multi-media HALs; AOSP frameworks/av also has media/libsync -> /system/lib64. Which one is used depends on whether CAF's vendor copy is built (confidence: low)
proprietary/vendor/lib/camera/components/com.qti.stats.pdlibsony.so	libc++.so	PLATFORM	bionic NDK compat lib, LineageOS/android_bionic (manifest default.xml:37); /system/lib64
proprietary/vendor/lib/camera/components/com.qti.stats.pdlibsony.so	libc.so	PLATFORM	bionic, LineageOS/android_bionic (manifest default.xml:37); /system/lib64 + apex com.android.runtime/lib64/bionic
proprietary/vendor/lib/camera/components/com.qti.stats.pdlibsony.so	libcutils.so	PLATFORM	bionic libcutils, LineageOS/android_bionic (manifest default.xml:37); /system/lib64
proprietary/vendor/lib/camera/components/com.qti.stats.pdlibsony.so	libdl.so	PLATFORM	bionic, LineageOS/android_bionic (manifest default.xml:37)
proprietary/vendor/lib/camera/components/com.qti.stats.pdlibsony.so	liblog.so	PLATFORM	bionic, LineageOS/android_bionic (manifest default.xml:37); /system/lib64
proprietary/vendor/lib/camera/components/com.qti.stats.pdlibsony.so	libm.so	PLATFORM	bionic, LineageOS/android_bionic (manifest default.xml:37)
proprietary/vendor/lib/camera/components/com.qti.stats.pdlibsony.so	libsync.so	VENDOR-ELSEWHERE	CAF builds a vendor libsync for the camera/multi-media HALs; AOSP frameworks/av also has media/libsync -> /system/lib64. Which one is used depends on whether CAF's vendor copy is built (confidence: low)
proprietary/vendor/lib/camera/components/com.qti.stats.pdlibwrapper.so	libc++.so	PLATFORM	bionic NDK compat lib, LineageOS/android_bionic (manifest default.xml:37); /system/lib64
proprietary/vendor/lib/camera/components/com.qti.stats.pdlibwrapper.so	libc.so	PLATFORM	bionic, LineageOS/android_bionic (manifest default.xml:37); /system/lib64 + apex com.android.runtime/lib64/bionic
proprietary/vendor/lib/camera/components/com.qti.stats.pdlibwrapper.so	libcutils.so	PLATFORM	bionic libcutils, LineageOS/android_bionic (manifest default.xml:37); /system/lib64
proprietary/vendor/lib/camera/components/com.qti.stats.pdlibwrapper.so	libdl.so	PLATFORM	bionic, LineageOS/android_bionic (manifest default.xml:37)
proprietary/vendor/lib/camera/components/com.qti.stats.pdlibwrapper.so	liblog.so	PLATFORM	bionic, LineageOS/android_bionic (manifest default.xml:37); /system/lib64
proprietary/vendor/lib/camera/components/com.qti.stats.pdlibwrapper.so	libm.so	PLATFORM	bionic, LineageOS/android_bionic (manifest default.xml:37)
proprietary/vendor/lib/camera/components/com.qti.stats.pdlibwrapper.so	libsync.so	VENDOR-ELSEWHERE	CAF builds a vendor libsync for the camera/multi-media HALs; AOSP frameworks/av also has media/libsync -> /system/lib64. Which one is used depends on whether CAF's vendor copy is built (confidence: low)
proprietary/vendor/lib/camera/components/com.samsung.node.bayerfuse.so	libc++.so	PLATFORM	bionic NDK compat lib, LineageOS/android_bionic (manifest default.xml:37); /system/lib64
proprietary/vendor/lib/camera/components/com.samsung.node.bayerfuse.so	libc.so	PLATFORM	bionic, LineageOS/android_bionic (manifest default.xml:37); /system/lib64 + apex com.android.runtime/lib64/bionic
proprietary/vendor/lib/camera/components/com.samsung.node.bayerfuse.so	libcamera_metadata.so	PLATFORM	frameworks/av (manifest default.xml:597) media/libcamera_metadata
proprietary/vendor/lib/camera/components/com.samsung.node.bayerfuse.so	libcom.qti.chinodeutils.so	VENDOR	shipped in this repo as proprietary/vendor/lib/libcom.qti.chinodeutils.so
proprietary/vendor/lib/camera/components/com.samsung.node.bayerfuse.so	libdl.so	PLATFORM	bionic, LineageOS/android_bionic (manifest default.xml:37)
proprietary/vendor/lib/camera/components/com.samsung.node.bayerfuse.so	liblog.so	PLATFORM	bionic, LineageOS/android_bionic (manifest default.xml:37); /system/lib64
proprietary/vendor/lib/camera/components/com.samsung.node.bayerfuse.so	libm.so	PLATFORM	bionic, LineageOS/android_bionic (manifest default.xml:37)
proprietary/vendor/lib/camera/components/com.samsung.node.uniplugin_capture.so	libc++.so	PLATFORM	bionic NDK compat lib, LineageOS/android_bionic (manifest default.xml:37); /system/lib64
proprietary/vendor/lib/camera/components/com.samsung.node.uniplugin_capture.so	libc.so	PLATFORM	bionic, LineageOS/android_bionic (manifest default.xml:37); /system/lib64 + apex com.android.runtime/lib64/bionic
proprietary/vendor/lib/camera/components/com.samsung.node.uniplugin_capture.so	libcamera_metadata.so	PLATFORM	frameworks/av (manifest default.xml:597) media/libcamera_metadata
proprietary/vendor/lib/camera/components/com.samsung.node.uniplugin_capture.so	libcom.qti.chinodeutils.so	VENDOR	shipped in this repo as proprietary/vendor/lib/libcom.qti.chinodeutils.so
proprietary/vendor/lib/camera/components/com.samsung.node.uniplugin_capture.so	libcutils.so	PLATFORM	bionic libcutils, LineageOS/android_bionic (manifest default.xml:37); /system/lib64
proprietary/vendor/lib/camera/components/com.samsung.node.uniplugin_capture.so	libdl.so	PLATFORM	bionic, LineageOS/android_bionic (manifest default.xml:37)
proprietary/vendor/lib/camera/components/com.samsung.node.uniplugin_capture.so	liblog.so	PLATFORM	bionic, LineageOS/android_bionic (manifest default.xml:37); /system/lib64
proprietary/vendor/lib/camera/components/com.samsung.node.uniplugin_capture.so	libm.so	PLATFORM	bionic, LineageOS/android_bionic (manifest default.xml:37)
proprietary/vendor/lib/camera/components/com.samsung.node.uniplugin_capture.so	libuniplugin.so	VENDOR	shipped in this repo as proprietary/vendor/lib/libuniplugin.so
proprietary/vendor/lib/camera/components/com.samsung.node.uniplugin_preview.so	libc++.so	PLATFORM	bionic NDK compat lib, LineageOS/android_bionic (manifest default.xml:37); /system/lib64
proprietary/vendor/lib/camera/components/com.samsung.node.uniplugin_preview.so	libc.so	PLATFORM	bionic, LineageOS/android_bionic (manifest default.xml:37); /system/lib64 + apex com.android.runtime/lib64/bionic
proprietary/vendor/lib/camera/components/com.samsung.node.uniplugin_preview.so	libcamera_metadata.so	PLATFORM	frameworks/av (manifest default.xml:597) media/libcamera_metadata
proprietary/vendor/lib/camera/components/com.samsung.node.uniplugin_preview.so	libcom.qti.chinodeutils.so	VENDOR	shipped in this repo as proprietary/vendor/lib/libcom.qti.chinodeutils.so
proprietary/vendor/lib/camera/components/com.samsung.node.uniplugin_preview.so	libcutils.so	PLATFORM	bionic libcutils, LineageOS/android_bionic (manifest default.xml:37); /system/lib64
proprietary/vendor/lib/camera/components/com.samsung.node.uniplugin_preview.so	libdl.so	PLATFORM	bionic, LineageOS/android_bionic (manifest default.xml:37)
proprietary/vendor/lib/camera/components/com.samsung.node.uniplugin_preview.so	liblog.so	PLATFORM	bionic, LineageOS/android_bionic (manifest default.xml:37); /system/lib64
proprietary/vendor/lib/camera/components/com.samsung.node.uniplugin_preview.so	libm.so	PLATFORM	bionic, LineageOS/android_bionic (manifest default.xml:37)
proprietary/vendor/lib/camera/components/com.samsung.node.uniplugin_preview.so	libuniapi.so	VENDOR	shipped in this repo as proprietary/vendor/lib/libuniapi.so
proprietary/vendor/lib/camera/components/com.samsung.node.uniplugin_preview.so	libuniplugin.so	VENDOR	shipped in this repo as proprietary/vendor/lib/libuniplugin.so
proprietary/vendor/lib/camera/components/com.samsung.node.uniplugin_recording.so	libc++.so	PLATFORM	bionic NDK compat lib, LineageOS/android_bionic (manifest default.xml:37); /system/lib64
proprietary/vendor/lib/camera/components/com.samsung.node.uniplugin_recording.so	libc.so	PLATFORM	bionic, LineageOS/android_bionic (manifest default.xml:37); /system/lib64 + apex com.android.runtime/lib64/bionic
proprietary/vendor/lib/camera/components/com.samsung.node.uniplugin_recording.so	libcamera_metadata.so	PLATFORM	frameworks/av (manifest default.xml:597) media/libcamera_metadata
proprietary/vendor/lib/camera/components/com.samsung.node.uniplugin_recording.so	libcom.qti.chinodeutils.so	VENDOR	shipped in this repo as proprietary/vendor/lib/libcom.qti.chinodeutils.so
proprietary/vendor/lib/camera/components/com.samsung.node.uniplugin_recording.so	libcutils.so	PLATFORM	bionic libcutils, LineageOS/android_bionic (manifest default.xml:37); /system/lib64
proprietary/vendor/lib/camera/components/com.samsung.node.uniplugin_recording.so	libdl.so	PLATFORM	bionic, LineageOS/android_bionic (manifest default.xml:37)
proprietary/vendor/lib/camera/components/com.samsung.node.uniplugin_recording.so	liblog.so	PLATFORM	bionic, LineageOS/android_bionic (manifest default.xml:37); /system/lib64
proprietary/vendor/lib/camera/components/com.samsung.node.uniplugin_recording.so	libm.so	PLATFORM	bionic, LineageOS/android_bionic (manifest default.xml:37)
proprietary/vendor/lib/camera/components/com.samsung.node.uniplugin_recording.so	libuniapi.so	VENDOR	shipped in this repo as proprietary/vendor/lib/libuniapi.so
proprietary/vendor/lib/camera/components/com.samsung.node.uniplugin_recording.so	libuniplugin.so	VENDOR	shipped in this repo as proprietary/vendor/lib/libuniplugin.so
proprietary/vendor/lib/camera/components/com.samsung.node.uniplugin_vdis.so	libc++.so	PLATFORM	bionic NDK compat lib, LineageOS/android_bionic (manifest default.xml:37); /system/lib64
proprietary/vendor/lib/camera/components/com.samsung.node.uniplugin_vdis.so	libc.so	PLATFORM	bionic, LineageOS/android_bionic (manifest default.xml:37); /system/lib64 + apex com.android.runtime/lib64/bionic
proprietary/vendor/lib/camera/components/com.samsung.node.uniplugin_vdis.so	libcamera_metadata.so	PLATFORM	frameworks/av (manifest default.xml:597) media/libcamera_metadata
proprietary/vendor/lib/camera/components/com.samsung.node.uniplugin_vdis.so	libcom.qti.chinodeutils.so	VENDOR	shipped in this repo as proprietary/vendor/lib/libcom.qti.chinodeutils.so
proprietary/vendor/lib/camera/components/com.samsung.node.uniplugin_vdis.so	libcutils.so	PLATFORM	bionic libcutils, LineageOS/android_bionic (manifest default.xml:37); /system/lib64
proprietary/vendor/lib/camera/components/com.samsung.node.uniplugin_vdis.so	libdl.so	PLATFORM	bionic, LineageOS/android_bionic (manifest default.xml:37)
proprietary/vendor/lib/camera/components/com.samsung.node.uniplugin_vdis.so	liblog.so	PLATFORM	bionic, LineageOS/android_bionic (manifest default.xml:37); /system/lib64
proprietary/vendor/lib/camera/components/com.samsung.node.uniplugin_vdis.so	libm.so	PLATFORM	bionic, LineageOS/android_bionic (manifest default.xml:37)
proprietary/vendor/lib/camera/components/com.samsung.node.uniplugin_vdis.so	libuniplugin.so	VENDOR	shipped in this repo as proprietary/vendor/lib/libuniplugin.so
proprietary/vendor/lib/camera/components/com.wrapper.stats.aec.so	libc++.so	PLATFORM	bionic NDK compat lib, LineageOS/android_bionic (manifest default.xml:37); /system/lib64
proprietary/vendor/lib/camera/components/com.wrapper.stats.aec.so	libc.so	PLATFORM	bionic, LineageOS/android_bionic (manifest default.xml:37); /system/lib64 + apex com.android.runtime/lib64/bionic
proprietary/vendor/lib/camera/components/com.wrapper.stats.aec.so	libchiss3alogdebug.so	VENDOR	shipped in this repo as proprietary/vendor/lib/libchiss3alogdebug.so
proprietary/vendor/lib/camera/components/com.wrapper.stats.aec.so	libcutils.so	PLATFORM	bionic libcutils, LineageOS/android_bionic (manifest default.xml:37); /system/lib64
proprietary/vendor/lib/camera/components/com.wrapper.stats.aec.so	libdl.so	PLATFORM	bionic, LineageOS/android_bionic (manifest default.xml:37)
proprietary/vendor/lib/camera/components/com.wrapper.stats.aec.so	libexpat.so	PLATFORM	external/expat, manifest default.xml:158
proprietary/vendor/lib/camera/components/com.wrapper.stats.aec.so	liblog.so	PLATFORM	bionic, LineageOS/android_bionic (manifest default.xml:37); /system/lib64
proprietary/vendor/lib/camera/components/com.wrapper.stats.aec.so	libm.so	PLATFORM	bionic, LineageOS/android_bionic (manifest default.xml:37)
proprietary/vendor/lib/camera/components/com.wrapper.stats.aec.so	libsecnativefeature.so	VENDOR	shipped in this repo as proprietary/vendor/lib/libsecnativefeature.so
proprietary/vendor/lib/camera/components/com.wrapper.stats.aec.so	libsensorlistener.so	VENDOR	shipped in this repo as proprietary/vendor/lib/libsensorlistener.so
proprietary/vendor/lib/camera/components/com.wrapper.stats.aec.so	libsync.so	VENDOR-ELSEWHERE	CAF builds a vendor libsync for the camera/multi-media HALs; AOSP frameworks/av also has media/libsync -> /system/lib64. Which one is used depends on whether CAF's vendor copy is built (confidence: low)
proprietary/vendor/lib/camera/components/com.wrapper.stats.af.so	libc++.so	PLATFORM	bionic NDK compat lib, LineageOS/android_bionic (manifest default.xml:37); /system/lib64
proprietary/vendor/lib/camera/components/com.wrapper.stats.af.so	libc.so	PLATFORM	bionic, LineageOS/android_bionic (manifest default.xml:37); /system/lib64 + apex com.android.runtime/lib64/bionic
proprietary/vendor/lib/camera/components/com.wrapper.stats.af.so	libchiss3alogdebug.so	VENDOR	shipped in this repo as proprietary/vendor/lib/libchiss3alogdebug.so
proprietary/vendor/lib/camera/components/com.wrapper.stats.af.so	libcutils.so	PLATFORM	bionic libcutils, LineageOS/android_bionic (manifest default.xml:37); /system/lib64
proprietary/vendor/lib/camera/components/com.wrapper.stats.af.so	libdl.so	PLATFORM	bionic, LineageOS/android_bionic (manifest default.xml:37)
proprietary/vendor/lib/camera/components/com.wrapper.stats.af.so	liblog.so	PLATFORM	bionic, LineageOS/android_bionic (manifest default.xml:37); /system/lib64
proprietary/vendor/lib/camera/components/com.wrapper.stats.af.so	libm.so	PLATFORM	bionic, LineageOS/android_bionic (manifest default.xml:37)
proprietary/vendor/lib/camera/components/com.wrapper.stats.af.so	libsensorlistener.so	VENDOR	shipped in this repo as proprietary/vendor/lib/libsensorlistener.so
proprietary/vendor/lib/camera/components/com.wrapper.stats.af.so	libsync.so	VENDOR-ELSEWHERE	CAF builds a vendor libsync for the camera/multi-media HALs; AOSP frameworks/av also has media/libsync -> /system/lib64. Which one is used depends on whether CAF's vendor copy is built (confidence: low)
proprietary/vendor/lib/camera/components/com.wrapper.stats.awb.so	libc++.so	PLATFORM	bionic NDK compat lib, LineageOS/android_bionic (manifest default.xml:37); /system/lib64
proprietary/vendor/lib/camera/components/com.wrapper.stats.awb.so	libc.so	PLATFORM	bionic, LineageOS/android_bionic (manifest default.xml:37); /system/lib64 + apex com.android.runtime/lib64/bionic
proprietary/vendor/lib/camera/components/com.wrapper.stats.awb.so	libchiss3alogdebug.so	VENDOR	shipped in this repo as proprietary/vendor/lib/libchiss3alogdebug.so
proprietary/vendor/lib/camera/components/com.wrapper.stats.awb.so	libcutils.so	PLATFORM	bionic libcutils, LineageOS/android_bionic (manifest default.xml:37); /system/lib64
proprietary/vendor/lib/camera/components/com.wrapper.stats.awb.so	libdl.so	PLATFORM	bionic, LineageOS/android_bionic (manifest default.xml:37)
proprietary/vendor/lib/camera/components/com.wrapper.stats.awb.so	liblog.so	PLATFORM	bionic, LineageOS/android_bionic (manifest default.xml:37); /system/lib64
proprietary/vendor/lib/camera/components/com.wrapper.stats.awb.so	libm.so	PLATFORM	bionic, LineageOS/android_bionic (manifest default.xml:37)
proprietary/vendor/lib/camera/components/com.wrapper.stats.awb.so	libsync.so	VENDOR-ELSEWHERE	CAF builds a vendor libsync for the camera/multi-media HALs; AOSP frameworks/av also has media/libsync -> /system/lib64. Which one is used depends on whether CAF's vendor copy is built (confidence: low)
proprietary/vendor/lib/camera/components/com.wrapper.stats.pdlib.so	libc++.so	PLATFORM	bionic NDK compat lib, LineageOS/android_bionic (manifest default.xml:37); /system/lib64
proprietary/vendor/lib/camera/components/com.wrapper.stats.pdlib.so	libc.so	PLATFORM	bionic, LineageOS/android_bionic (manifest default.xml:37); /system/lib64 + apex com.android.runtime/lib64/bionic
proprietary/vendor/lib/camera/components/com.wrapper.stats.pdlib.so	libchiss3alogdebug.so	VENDOR	shipped in this repo as proprietary/vendor/lib/libchiss3alogdebug.so
proprietary/vendor/lib/camera/components/com.wrapper.stats.pdlib.so	libcutils.so	PLATFORM	bionic libcutils, LineageOS/android_bionic (manifest default.xml:37); /system/lib64
proprietary/vendor/lib/camera/components/com.wrapper.stats.pdlib.so	libdl.so	PLATFORM	bionic, LineageOS/android_bionic (manifest default.xml:37)
proprietary/vendor/lib/camera/components/com.wrapper.stats.pdlib.so	liblog.so	PLATFORM	bionic, LineageOS/android_bionic (manifest default.xml:37); /system/lib64
proprietary/vendor/lib/camera/components/com.wrapper.stats.pdlib.so	libm.so	PLATFORM	bionic, LineageOS/android_bionic (manifest default.xml:37)
proprietary/vendor/lib/camera/components/com.wrapper.stats.pdlib.so	libsync.so	VENDOR-ELSEWHERE	CAF builds a vendor libsync for the camera/multi-media HALs; AOSP frameworks/av also has media/libsync -> /system/lib64. Which one is used depends on whether CAF's vendor copy is built (confidence: low)
proprietary/vendor/lib/com.qti.node.eisv2.so	libc++.so	PLATFORM	bionic NDK compat lib, LineageOS/android_bionic (manifest default.xml:37); /system/lib64
proprietary/vendor/lib/com.qti.node.eisv2.so	libc.so	PLATFORM	bionic, LineageOS/android_bionic (manifest default.xml:37); /system/lib64 + apex com.android.runtime/lib64/bionic
proprietary/vendor/lib/com.qti.node.eisv2.so	libcamera_metadata.so	PLATFORM	frameworks/av (manifest default.xml:597) media/libcamera_metadata
proprietary/vendor/lib/com.qti.node.eisv2.so	libcom.qti.chinodeutils.so	VENDOR	shipped in this repo as proprietary/vendor/lib/libcom.qti.chinodeutils.so
proprietary/vendor/lib/com.qti.node.eisv2.so	libdl.so	PLATFORM	bionic, LineageOS/android_bionic (manifest default.xml:37)
proprietary/vendor/lib/com.qti.node.eisv2.so	liblog.so	PLATFORM	bionic, LineageOS/android_bionic (manifest default.xml:37); /system/lib64
proprietary/vendor/lib/com.qti.node.eisv2.so	libm.so	PLATFORM	bionic, LineageOS/android_bionic (manifest default.xml:37)
proprietary/vendor/lib/com.qti.node.eisv2.so	libsync.so	VENDOR-ELSEWHERE	CAF builds a vendor libsync for the camera/multi-media HALs; AOSP frameworks/av also has media/libsync -> /system/lib64. Which one is used depends on whether CAF's vendor copy is built (confidence: low)
proprietary/vendor/lib/com.qti.node.eisv3.so	libc++.so	PLATFORM	bionic NDK compat lib, LineageOS/android_bionic (manifest default.xml:37); /system/lib64
proprietary/vendor/lib/com.qti.node.eisv3.so	libc.so	PLATFORM	bionic, LineageOS/android_bionic (manifest default.xml:37); /system/lib64 + apex com.android.runtime/lib64/bionic
proprietary/vendor/lib/com.qti.node.eisv3.so	libcamera_metadata.so	PLATFORM	frameworks/av (manifest default.xml:597) media/libcamera_metadata
proprietary/vendor/lib/com.qti.node.eisv3.so	libcom.qti.chinodeutils.so	VENDOR	shipped in this repo as proprietary/vendor/lib/libcom.qti.chinodeutils.so
proprietary/vendor/lib/com.qti.node.eisv3.so	libdl.so	PLATFORM	bionic, LineageOS/android_bionic (manifest default.xml:37)
proprietary/vendor/lib/com.qti.node.eisv3.so	liblog.so	PLATFORM	bionic, LineageOS/android_bionic (manifest default.xml:37); /system/lib64
proprietary/vendor/lib/com.qti.node.eisv3.so	libm.so	PLATFORM	bionic, LineageOS/android_bionic (manifest default.xml:37)
proprietary/vendor/lib/com.qti.node.eisv3.so	libsync.so	VENDOR-ELSEWHERE	CAF builds a vendor libsync for the camera/multi-media HALs; AOSP frameworks/av also has media/libsync -> /system/lib64. Which one is used depends on whether CAF's vendor copy is built (confidence: low)
proprietary/vendor/lib/egl/eglSubDriverAndroid.so	libEGL_adreno.so	VENDOR	shipped in this repo as proprietary/vendor/lib/egl/libEGL_adreno.so
proprietary/vendor/lib/egl/eglSubDriverAndroid.so	libc++.so	PLATFORM	bionic NDK compat lib, LineageOS/android_bionic (manifest default.xml:37); /system/lib64
proprietary/vendor/lib/egl/eglSubDriverAndroid.so	libc.so	PLATFORM	bionic, LineageOS/android_bionic (manifest default.xml:37); /system/lib64 + apex com.android.runtime/lib64/bionic
proprietary/vendor/lib/egl/eglSubDriverAndroid.so	libcutils.so	PLATFORM	bionic libcutils, LineageOS/android_bionic (manifest default.xml:37); /system/lib64
proprietary/vendor/lib/egl/eglSubDriverAndroid.so	libdl.so	PLATFORM	bionic, LineageOS/android_bionic (manifest default.xml:37)
proprietary/vendor/lib/egl/eglSubDriverAndroid.so	libgsl.so	VENDOR	shipped in this repo as proprietary/vendor/lib/libgsl.so
proprietary/vendor/lib/egl/eglSubDriverAndroid.so	libhardware.so	PLATFORM	AOSP hardware/interfaces, hardware/interfaces lineage-23.2 @13d687a84c83 (.hal present)
proprietary/vendor/lib/egl/eglSubDriverAndroid.so	liblog.so	PLATFORM	bionic, LineageOS/android_bionic (manifest default.xml:37); /system/lib64
proprietary/vendor/lib/egl/eglSubDriverAndroid.so	libm.so	PLATFORM	bionic, LineageOS/android_bionic (manifest default.xml:37)
proprietary/vendor/lib/egl/eglSubDriverAndroid.so	libz.so	PLATFORM	external/zlib, manifest default.xml:592
proprietary/vendor/lib/egl/libEGL_adreno.so	libadreno_utils.so	VENDOR	shipped in this repo as proprietary/vendor/lib/libadreno_utils.so
proprietary/vendor/lib/egl/libEGL_adreno.so	libc++.so	PLATFORM	bionic NDK compat lib, LineageOS/android_bionic (manifest default.xml:37); /system/lib64
proprietary/vendor/lib/egl/libEGL_adreno.so	libc.so	PLATFORM	bionic, LineageOS/android_bionic (manifest default.xml:37); /system/lib64 + apex com.android.runtime/lib64/bionic
proprietary/vendor/lib/egl/libEGL_adreno.so	libcutils.so	PLATFORM	bionic libcutils, LineageOS/android_bionic (manifest default.xml:37); /system/lib64
proprietary/vendor/lib/egl/libEGL_adreno.so	libdl.so	PLATFORM	bionic, LineageOS/android_bionic (manifest default.xml:37)
proprietary/vendor/lib/egl/libEGL_adreno.so	libgsl.so	VENDOR	shipped in this repo as proprietary/vendor/lib/libgsl.so
proprietary/vendor/lib/egl/libEGL_adreno.so	liblog.so	PLATFORM	bionic, LineageOS/android_bionic (manifest default.xml:37); /system/lib64
proprietary/vendor/lib/egl/libEGL_adreno.so	libm.so	PLATFORM	bionic, LineageOS/android_bionic (manifest default.xml:37)
proprietary/vendor/lib/egl/libEGL_adreno.so	libz.so	PLATFORM	external/zlib, manifest default.xml:592
proprietary/vendor/lib/egl/libGLESv1_CM_adreno.so	libc++.so	PLATFORM	bionic NDK compat lib, LineageOS/android_bionic (manifest default.xml:37); /system/lib64
proprietary/vendor/lib/egl/libGLESv1_CM_adreno.so	libc.so	PLATFORM	bionic, LineageOS/android_bionic (manifest default.xml:37); /system/lib64 + apex com.android.runtime/lib64/bionic
proprietary/vendor/lib/egl/libGLESv1_CM_adreno.so	libcutils.so	PLATFORM	bionic libcutils, LineageOS/android_bionic (manifest default.xml:37); /system/lib64
proprietary/vendor/lib/egl/libGLESv1_CM_adreno.so	libdl.so	PLATFORM	bionic, LineageOS/android_bionic (manifest default.xml:37)
proprietary/vendor/lib/egl/libGLESv1_CM_adreno.so	libgsl.so	VENDOR	shipped in this repo as proprietary/vendor/lib/libgsl.so
proprietary/vendor/lib/egl/libGLESv1_CM_adreno.so	liblog.so	PLATFORM	bionic, LineageOS/android_bionic (manifest default.xml:37); /system/lib64
proprietary/vendor/lib/egl/libGLESv1_CM_adreno.so	libm.so	PLATFORM	bionic, LineageOS/android_bionic (manifest default.xml:37)
proprietary/vendor/lib/egl/libGLESv1_CM_adreno.so	libz.so	PLATFORM	external/zlib, manifest default.xml:592
proprietary/vendor/lib/egl/libGLESv2_adreno.so	libadreno_utils.so	VENDOR	shipped in this repo as proprietary/vendor/lib/libadreno_utils.so
proprietary/vendor/lib/egl/libGLESv2_adreno.so	libc++.so	PLATFORM	bionic NDK compat lib, LineageOS/android_bionic (manifest default.xml:37); /system/lib64
proprietary/vendor/lib/egl/libGLESv2_adreno.so	libc.so	PLATFORM	bionic, LineageOS/android_bionic (manifest default.xml:37); /system/lib64 + apex com.android.runtime/lib64/bionic
proprietary/vendor/lib/egl/libGLESv2_adreno.so	libcutils.so	PLATFORM	bionic libcutils, LineageOS/android_bionic (manifest default.xml:37); /system/lib64
proprietary/vendor/lib/egl/libGLESv2_adreno.so	libdl.so	PLATFORM	bionic, LineageOS/android_bionic (manifest default.xml:37)
proprietary/vendor/lib/egl/libGLESv2_adreno.so	libgsl.so	VENDOR	shipped in this repo as proprietary/vendor/lib/libgsl.so
proprietary/vendor/lib/egl/libGLESv2_adreno.so	libllvm-glnext.so	VENDOR	shipped in this repo as proprietary/vendor/lib/libllvm-glnext.so
proprietary/vendor/lib/egl/libGLESv2_adreno.so	liblog.so	PLATFORM	bionic, LineageOS/android_bionic (manifest default.xml:37); /system/lib64
proprietary/vendor/lib/egl/libGLESv2_adreno.so	libm.so	PLATFORM	bionic, LineageOS/android_bionic (manifest default.xml:37)
proprietary/vendor/lib/egl/libGLESv2_adreno.so	libz.so	PLATFORM	external/zlib, manifest default.xml:592
proprietary/vendor/lib/egl/libq3dtools_adreno.so	libc++.so	PLATFORM	bionic NDK compat lib, LineageOS/android_bionic (manifest default.xml:37); /system/lib64
proprietary/vendor/lib/egl/libq3dtools_adreno.so	libc.so	PLATFORM	bionic, LineageOS/android_bionic (manifest default.xml:37); /system/lib64 + apex com.android.runtime/lib64/bionic
proprietary/vendor/lib/egl/libq3dtools_adreno.so	libcutils.so	PLATFORM	bionic libcutils, LineageOS/android_bionic (manifest default.xml:37); /system/lib64
proprietary/vendor/lib/egl/libq3dtools_adreno.so	libdl.so	PLATFORM	bionic, LineageOS/android_bionic (manifest default.xml:37)
proprietary/vendor/lib/egl/libq3dtools_adreno.so	libgsl.so	VENDOR	shipped in this repo as proprietary/vendor/lib/libgsl.so
proprietary/vendor/lib/egl/libq3dtools_adreno.so	liblog.so	PLATFORM	bionic, LineageOS/android_bionic (manifest default.xml:37); /system/lib64
proprietary/vendor/lib/egl/libq3dtools_adreno.so	libm.so	PLATFORM	bionic, LineageOS/android_bionic (manifest default.xml:37)
proprietary/vendor/lib/egl/libq3dtools_esx.so	libc++.so	PLATFORM	bionic NDK compat lib, LineageOS/android_bionic (manifest default.xml:37); /system/lib64
proprietary/vendor/lib/egl/libq3dtools_esx.so	libc.so	PLATFORM	bionic, LineageOS/android_bionic (manifest default.xml:37); /system/lib64 + apex com.android.runtime/lib64/bionic
proprietary/vendor/lib/egl/libq3dtools_esx.so	libcutils.so	PLATFORM	bionic libcutils, LineageOS/android_bionic (manifest default.xml:37); /system/lib64
proprietary/vendor/lib/egl/libq3dtools_esx.so	libdl.so	PLATFORM	bionic, LineageOS/android_bionic (manifest default.xml:37)
proprietary/vendor/lib/egl/libq3dtools_esx.so	liblog.so	PLATFORM	bionic, LineageOS/android_bionic (manifest default.xml:37); /system/lib64
proprietary/vendor/lib/egl/libq3dtools_esx.so	libm.so	PLATFORM	bionic, LineageOS/android_bionic (manifest default.xml:37)
proprietary/vendor/lib/egl/libq3dtools_esx.so	libz.so	PLATFORM	external/zlib, manifest default.xml:592
proprietary/vendor/lib/hw/android.hardware.gnss@2.1-impl-qti.so	android.hardware.gnss.measurement_corrections@1.0.so	PLATFORM	HIDL iface lib, hardware/interfaces lineage-23.2 @13d687a84c83 (.hal present)
proprietary/vendor/lib/hw/android.hardware.gnss@2.1-impl-qti.so	android.hardware.gnss.measurement_corrections@1.1.so	PLATFORM	HIDL iface lib, hardware/interfaces lineage-23.2 @13d687a84c83 (.hal present)
proprietary/vendor/lib/hw/android.hardware.gnss@2.1-impl-qti.so	android.hardware.gnss.visibility_control@1.0.so	PLATFORM	HIDL iface lib, hardware/interfaces lineage-23.2 @13d687a84c83 (.hal present)
proprietary/vendor/lib/hw/android.hardware.gnss@2.1-impl-qti.so	android.hardware.gnss@1.0.so	PLATFORM	HIDL iface lib, hardware/interfaces lineage-23.2 @13d687a84c83 (.hal present)
proprietary/vendor/lib/hw/android.hardware.gnss@2.1-impl-qti.so	android.hardware.gnss@1.1.so	PLATFORM	HIDL iface lib, hardware/interfaces lineage-23.2 @13d687a84c83 (.hal present)
proprietary/vendor/lib/hw/android.hardware.gnss@2.1-impl-qti.so	android.hardware.gnss@2.0.so	PLATFORM	HIDL iface lib, hardware/interfaces lineage-23.2 @13d687a84c83 (.hal present)
proprietary/vendor/lib/hw/android.hardware.gnss@2.1-impl-qti.so	android.hardware.gnss@2.1.so	PLATFORM	HIDL iface lib, hardware/interfaces lineage-23.2 @13d687a84c83 (.hal present)
proprietary/vendor/lib/hw/android.hardware.gnss@2.1-impl-qti.so	android.hardware.health@1.0.so	PLATFORM	HIDL iface lib, hardware/interfaces lineage-23.2 @13d687a84c83 (.hal present)
proprietary/vendor/lib/hw/android.hardware.gnss@2.1-impl-qti.so	android.hardware.health@2.0.so	PLATFORM	HIDL iface lib, hardware/interfaces lineage-23.2 @13d687a84c83 (.hal present)
proprietary/vendor/lib/hw/android.hardware.gnss@2.1-impl-qti.so	android.hardware.health@2.1.so	PLATFORM	HIDL iface lib, hardware/interfaces lineage-23.2 @13d687a84c83 (.hal present)
proprietary/vendor/lib/hw/android.hardware.gnss@2.1-impl-qti.so	android.hardware.power@1.2.so	PLATFORM	HIDL iface lib, hardware/interfaces lineage-23.2 @13d687a84c83 (.hal present)
proprietary/vendor/lib/hw/android.hardware.gnss@2.1-impl-qti.so	libbase.so	PLATFORM	bionic libbase, LineageOS/android_bionic (manifest default.xml:37); /system/lib64
proprietary/vendor/lib/hw/android.hardware.gnss@2.1-impl-qti.so	libc++.so	PLATFORM	bionic NDK compat lib, LineageOS/android_bionic (manifest default.xml:37); /system/lib64
proprietary/vendor/lib/hw/android.hardware.gnss@2.1-impl-qti.so	libc.so	PLATFORM	bionic, LineageOS/android_bionic (manifest default.xml:37); /system/lib64 + apex com.android.runtime/lib64/bionic
proprietary/vendor/lib/hw/android.hardware.gnss@2.1-impl-qti.so	libcutils.so	PLATFORM	bionic libcutils, LineageOS/android_bionic (manifest default.xml:37); /system/lib64
proprietary/vendor/lib/hw/android.hardware.gnss@2.1-impl-qti.so	libdl.so	PLATFORM	bionic, LineageOS/android_bionic (manifest default.xml:37)
proprietary/vendor/lib/hw/android.hardware.gnss@2.1-impl-qti.so	libgps.utils.so	VENDOR	shipped in this repo as proprietary/vendor/lib/libgps.utils.so
proprietary/vendor/lib/hw/android.hardware.gnss@2.1-impl-qti.so	libhidlbase.so	PLATFORM	system/libhidl module 'libhidlbase', system/libhidl lineage-22.2 @2bfb10b64fcfa (module names); manifest default.xml:912 (system/libhidl, remote=aosp)
proprietary/vendor/lib/hw/android.hardware.gnss@2.1-impl-qti.so	libloc_core.so	VENDOR	shipped in this repo as proprietary/vendor/lib/libloc_core.so
proprietary/vendor/lib/hw/android.hardware.gnss@2.1-impl-qti.so	liblocation_api.so	VENDOR	shipped in this repo as proprietary/vendor/lib/liblocation_api.so
proprietary/vendor/lib/hw/android.hardware.gnss@2.1-impl-qti.so	liblog.so	PLATFORM	bionic, LineageOS/android_bionic (manifest default.xml:37); /system/lib64
proprietary/vendor/lib/hw/android.hardware.gnss@2.1-impl-qti.so	libm.so	PLATFORM	bionic, LineageOS/android_bionic (manifest default.xml:37)
proprietary/vendor/lib/hw/android.hardware.gnss@2.1-impl-qti.so	libutils.so	PLATFORM	bionic libutils, LineageOS/android_bionic (manifest default.xml:37); /system/lib64
proprietary/vendor/lib/hw/audio.primary.qcom.so	android.hardware.power@1.2.so	PLATFORM	HIDL iface lib, hardware/interfaces lineage-23.2 @13d687a84c83 (.hal present)
proprietary/vendor/lib/hw/audio.primary.qcom.so	libaudio_log_utils.so	VENDOR	shipped in this repo as proprietary/vendor/lib/libaudio_log_utils.so
proprietary/vendor/lib/hw/audio.primary.qcom.so	libaudio_soundtrigger.so	VENDOR	shipped in this repo as proprietary/vendor/lib/libaudio_soundtrigger.so
proprietary/vendor/lib/hw/audio.primary.qcom.so	libaudioroute.so	PLATFORM	frameworks/av (manifest default.xml:597) media/libaudioroute
proprietary/vendor/lib/hw/audio.primary.qcom.so	libaudioutils.so	PLATFORM	frameworks/av (manifest default.xml:597) media/libaudioutils
proprietary/vendor/lib/hw/audio.primary.qcom.so	libbase.so	PLATFORM	bionic libbase, LineageOS/android_bionic (manifest default.xml:37); /system/lib64
proprietary/vendor/lib/hw/audio.primary.qcom.so	libc++.so	PLATFORM	bionic NDK compat lib, LineageOS/android_bionic (manifest default.xml:37); /system/lib64
proprietary/vendor/lib/hw/audio.primary.qcom.so	libc.so	PLATFORM	bionic, LineageOS/android_bionic (manifest default.xml:37); /system/lib64 + apex com.android.runtime/lib64/bionic
proprietary/vendor/lib/hw/audio.primary.qcom.so	libcutils.so	PLATFORM	bionic libcutils, LineageOS/android_bionic (manifest default.xml:37); /system/lib64
proprietary/vendor/lib/hw/audio.primary.qcom.so	libdl.so	PLATFORM	bionic, LineageOS/android_bionic (manifest default.xml:37)
proprietary/vendor/lib/hw/audio.primary.qcom.so	libexpat.so	PLATFORM	external/expat, manifest default.xml:158
proprietary/vendor/lib/hw/audio.primary.qcom.so	libhidlbase.so	PLATFORM	system/libhidl module 'libhidlbase', system/libhidl lineage-22.2 @2bfb10b64fcfa (module names); manifest default.xml:912 (system/libhidl, remote=aosp)
proprietary/vendor/lib/hw/audio.primary.qcom.so	liblog.so	PLATFORM	bionic, LineageOS/android_bionic (manifest default.xml:37); /system/lib64
proprietary/vendor/lib/hw/audio.primary.qcom.so	libm.so	PLATFORM	bionic, LineageOS/android_bionic (manifest default.xml:37)
proprietary/vendor/lib/hw/audio.primary.qcom.so	libprocessgroup.so	PLATFORM	bionic libprocessgroup, LineageOS/android_bionic (manifest default.xml:37); /system/lib64
proprietary/vendor/lib/hw/audio.primary.qcom.so	librecordalive.so	VENDOR	shipped in this repo as proprietary/vendor/lib/librecordalive.so
proprietary/vendor/lib/hw/audio.primary.qcom.so	libsamsungVoipResampler.so	VENDOR	shipped in this repo as proprietary/vendor/lib/libsamsungVoipResampler.so
proprietary/vendor/lib/hw/audio.primary.qcom.so	libsecaudioinfo.so	VENDOR	shipped in this repo as proprietary/vendor/lib/libsecaudioinfo.so
proprietary/vendor/lib/hw/audio.primary.qcom.so	libtinyalsa.so	PLATFORM	AOSP external/tinyalsa manifest default.xml:547 (+tinyalsa_new manifest default.xml:548) (confidence: medium; CAF may also ship a vendor copy)
proprietary/vendor/lib/hw/audio.primary.qcom.so	libtinycompress.so	VENDOR-ELSEWHERE	Qualcomm tinycompress prebuilt; AOSP external/tinycompress builds static libs only, manifest default.xml:?; project not on github.com, module name NOT verified here
proprietary/vendor/lib/hw/audio.primary.qcom.so	libutils.so	PLATFORM	bionic libutils, LineageOS/android_bionic (manifest default.xml:37); /system/lib64
proprietary/vendor/lib/hw/audio.primary.qcom.so	vendor.qti.hardware.audiohalext@1.0.so	VENDOR	shipped in this repo as proprietary/vendor/lib/vendor.qti.hardware.audiohalext@1.0.so
proprietary/vendor/lib/hw/camera.qcom.so	libc++.so	PLATFORM	bionic NDK compat lib, LineageOS/android_bionic (manifest default.xml:37); /system/lib64
proprietary/vendor/lib/hw/camera.qcom.so	libc.so	PLATFORM	bionic, LineageOS/android_bionic (manifest default.xml:37); /system/lib64 + apex com.android.runtime/lib64/bionic
proprietary/vendor/lib/hw/camera.qcom.so	libcamera_metadata.so	PLATFORM	frameworks/av (manifest default.xml:597) media/libcamera_metadata
proprietary/vendor/lib/hw/camera.qcom.so	libcamxfdengine.so	VENDOR	shipped in this repo as proprietary/vendor/lib/libcamxfdengine.so
proprietary/vendor/lib/hw/camera.qcom.so	libcamxstatscore.so	VENDOR	shipped in this repo as proprietary/vendor/lib/libcamxstatscore.so
proprietary/vendor/lib/hw/camera.qcom.so	libcdsprpc.so	VENDOR	shipped in this repo as proprietary/vendor/lib/libcdsprpc.so
proprietary/vendor/lib/hw/camera.qcom.so	libcutils.so	PLATFORM	bionic libcutils, LineageOS/android_bionic (manifest default.xml:37); /system/lib64
proprietary/vendor/lib/hw/camera.qcom.so	libdl.so	PLATFORM	bionic, LineageOS/android_bionic (manifest default.xml:37)
proprietary/vendor/lib/hw/camera.qcom.so	libexpat.so	PLATFORM	external/expat, manifest default.xml:158
proprietary/vendor/lib/hw/camera.qcom.so	liblog.so	PLATFORM	bionic, LineageOS/android_bionic (manifest default.xml:37); /system/lib64
proprietary/vendor/lib/hw/camera.qcom.so	libm.so	PLATFORM	bionic, LineageOS/android_bionic (manifest default.xml:37)
proprietary/vendor/lib/hw/camera.qcom.so	libqdMetaData.so	VENDOR-ELSEWHERE	module 'libqdMetaData' confirmed in LineageOS/android_hardware_qcom_display lineage-22.2 @98b6355a127e and in LineageOS/android_vendor_qcom_opensource_display-commonsys lineage-23.2 @4740d3dd5585 -> /vendor/lib64
proprietary/vendor/lib/hw/camera.qcom.so	libsecnativefeature.so	VENDOR	shipped in this repo as proprietary/vendor/lib/libsecnativefeature.so
proprietary/vendor/lib/hw/camera.qcom.so	libsync.so	VENDOR-ELSEWHERE	CAF builds a vendor libsync for the camera/multi-media HALs; AOSP frameworks/av also has media/libsync -> /system/lib64. Which one is used depends on whether CAF's vendor copy is built (confidence: low)
proprietary/vendor/lib/hw/camera.qcom.so	libz.so	PLATFORM	external/zlib, manifest default.xml:592
proprietary/vendor/lib/hw/com.samsung.chi.override.so	libc++.so	PLATFORM	bionic NDK compat lib, LineageOS/android_bionic (manifest default.xml:37); /system/lib64
proprietary/vendor/lib/hw/com.samsung.chi.override.so	libc.so	PLATFORM	bionic, LineageOS/android_bionic (manifest default.xml:37); /system/lib64 + apex com.android.runtime/lib64/bionic
proprietary/vendor/lib/hw/com.samsung.chi.override.so	libcamera_metadata.so	PLATFORM	frameworks/av (manifest default.xml:597) media/libcamera_metadata
proprietary/vendor/lib/hw/com.samsung.chi.override.so	libcutils.so	PLATFORM	bionic libcutils, LineageOS/android_bionic (manifest default.xml:37); /system/lib64
proprietary/vendor/lib/hw/com.samsung.chi.override.so	libdl.so	PLATFORM	bionic, LineageOS/android_bionic (manifest default.xml:37)
proprietary/vendor/lib/hw/com.samsung.chi.override.so	libhardware.so	PLATFORM	AOSP hardware/interfaces, hardware/interfaces lineage-23.2 @13d687a84c83 (.hal present)
proprietary/vendor/lib/hw/com.samsung.chi.override.so	liblog.so	PLATFORM	bionic, LineageOS/android_bionic (manifest default.xml:37); /system/lib64
proprietary/vendor/lib/hw/com.samsung.chi.override.so	libm.so	PLATFORM	bionic, LineageOS/android_bionic (manifest default.xml:37)
proprietary/vendor/lib/hw/com.samsung.chi.override.so	libsync.so	VENDOR-ELSEWHERE	CAF builds a vendor libsync for the camera/multi-media HALs; AOSP frameworks/av also has media/libsync -> /system/lib64. Which one is used depends on whether CAF's vendor copy is built (confidence: low)
proprietary/vendor/lib/hw/com.samsung.chi.override.so	libutils.so	PLATFORM	bionic libutils, LineageOS/android_bionic (manifest default.xml:37); /system/lib64
proprietary/vendor/lib/hw/sound_trigger.primary.sdm710.so	libc++.so	PLATFORM	bionic NDK compat lib, LineageOS/android_bionic (manifest default.xml:37); /system/lib64
proprietary/vendor/lib/hw/sound_trigger.primary.sdm710.so	libc.so	PLATFORM	bionic, LineageOS/android_bionic (manifest default.xml:37); /system/lib64 + apex com.android.runtime/lib64/bionic
proprietary/vendor/lib/hw/sound_trigger.primary.sdm710.so	libcutils.so	PLATFORM	bionic libcutils, LineageOS/android_bionic (manifest default.xml:37); /system/lib64
proprietary/vendor/lib/hw/sound_trigger.primary.sdm710.so	libdl.so	PLATFORM	bionic, LineageOS/android_bionic (manifest default.xml:37)
proprietary/vendor/lib/hw/sound_trigger.primary.sdm710.so	libhardware_legacy.so	PLATFORM	AOSP hardware/interfaces, hardware/interfaces lineage-23.2 @13d687a84c83 (.hal present)
proprietary/vendor/lib/hw/sound_trigger.primary.sdm710.so	liblog.so	PLATFORM	bionic, LineageOS/android_bionic (manifest default.xml:37); /system/lib64
proprietary/vendor/lib/hw/sound_trigger.primary.sdm710.so	libm.so	PLATFORM	bionic, LineageOS/android_bionic (manifest default.xml:37)
proprietary/vendor/lib/hw/sound_trigger.primary.sdm710.so	libtinyalsa.so	PLATFORM	AOSP external/tinyalsa manifest default.xml:547 (+tinyalsa_new manifest default.xml:548) (confidence: medium; CAF may also ship a vendor copy)
proprietary/vendor/lib/hw/vendor.qti.hardware.capabilityconfigstore@1.0-impl.so	libbase.so	PLATFORM	bionic libbase, LineageOS/android_bionic (manifest default.xml:37); /system/lib64
proprietary/vendor/lib/hw/vendor.qti.hardware.capabilityconfigstore@1.0-impl.so	libc++.so	PLATFORM	bionic NDK compat lib, LineageOS/android_bionic (manifest default.xml:37); /system/lib64
proprietary/vendor/lib/hw/vendor.qti.hardware.capabilityconfigstore@1.0-impl.so	libc.so	PLATFORM	bionic, LineageOS/android_bionic (manifest default.xml:37); /system/lib64 + apex com.android.runtime/lib64/bionic
proprietary/vendor/lib/hw/vendor.qti.hardware.capabilityconfigstore@1.0-impl.so	libcutils.so	PLATFORM	bionic libcutils, LineageOS/android_bionic (manifest default.xml:37); /system/lib64
proprietary/vendor/lib/hw/vendor.qti.hardware.capabilityconfigstore@1.0-impl.so	libdl.so	PLATFORM	bionic, LineageOS/android_bionic (manifest default.xml:37)
proprietary/vendor/lib/hw/vendor.qti.hardware.capabilityconfigstore@1.0-impl.so	libhardware.so	PLATFORM	AOSP hardware/interfaces, hardware/interfaces lineage-23.2 @13d687a84c83 (.hal present)
proprietary/vendor/lib/hw/vendor.qti.hardware.capabilityconfigstore@1.0-impl.so	libhidlbase.so	PLATFORM	system/libhidl module 'libhidlbase', system/libhidl lineage-22.2 @2bfb10b64fcfa (module names); manifest default.xml:912 (system/libhidl, remote=aosp)
proprietary/vendor/lib/hw/vendor.qti.hardware.capabilityconfigstore@1.0-impl.so	liblog.so	PLATFORM	bionic, LineageOS/android_bionic (manifest default.xml:37); /system/lib64
proprietary/vendor/lib/hw/vendor.qti.hardware.capabilityconfigstore@1.0-impl.so	libm.so	PLATFORM	bionic, LineageOS/android_bionic (manifest default.xml:37)
proprietary/vendor/lib/hw/vendor.qti.hardware.capabilityconfigstore@1.0-impl.so	libutils.so	PLATFORM	bionic libutils, LineageOS/android_bionic (manifest default.xml:37); /system/lib64
proprietary/vendor/lib/hw/vendor.qti.hardware.capabilityconfigstore@1.0-impl.so	libxml2.so	PLATFORM	external/libxml2, manifest default.xml:346
proprietary/vendor/lib/hw/vendor.qti.hardware.capabilityconfigstore@1.0-impl.so	vendor.qti.hardware.capabilityconfigstore@1.0.so	VENDOR-ELSEWHERE	Qualcomm capability-config HIDL iface. Note this repo ships only the service binary vendor/lib/hw/vendor.qti.hardware.capabilityconfigstore@1.0-service, not the iface lib; project not on github.com, module name NOT verified here
proprietary/vendor/lib/hw/vendor.qti.hardware.qseecom@1.0-impl.so	android.hidl.allocator@1.0.so	PLATFORM	system/libhidl, system/libhidl lineage-22.2 @2bfb10b64fcfa (module names); manifest default.xml:912 (system/libhidl, remote=aosp)
proprietary/vendor/lib/hw/vendor.qti.hardware.qseecom@1.0-impl.so	android.hidl.memory@1.0.so	PLATFORM	system/libhidl, system/libhidl lineage-22.2 @2bfb10b64fcfa (module names); manifest default.xml:912 (system/libhidl, remote=aosp)
proprietary/vendor/lib/hw/vendor.qti.hardware.qseecom@1.0-impl.so	libQSEEComAPI.so	VENDOR	shipped in this repo as proprietary/vendor/lib/libQSEEComAPI.so
proprietary/vendor/lib/hw/vendor.qti.hardware.qseecom@1.0-impl.so	libbase.so	PLATFORM	bionic libbase, LineageOS/android_bionic (manifest default.xml:37); /system/lib64
proprietary/vendor/lib/hw/vendor.qti.hardware.qseecom@1.0-impl.so	libc++.so	PLATFORM	bionic NDK compat lib, LineageOS/android_bionic (manifest default.xml:37); /system/lib64
proprietary/vendor/lib/hw/vendor.qti.hardware.qseecom@1.0-impl.so	libc.so	PLATFORM	bionic, LineageOS/android_bionic (manifest default.xml:37); /system/lib64 + apex com.android.runtime/lib64/bionic
proprietary/vendor/lib/hw/vendor.qti.hardware.qseecom@1.0-impl.so	libcutils.so	PLATFORM	bionic libcutils, LineageOS/android_bionic (manifest default.xml:37); /system/lib64
proprietary/vendor/lib/hw/vendor.qti.hardware.qseecom@1.0-impl.so	libdl.so	PLATFORM	bionic, LineageOS/android_bionic (manifest default.xml:37)
proprietary/vendor/lib/hw/vendor.qti.hardware.qseecom@1.0-impl.so	libhidlbase.so	PLATFORM	system/libhidl module 'libhidlbase', system/libhidl lineage-22.2 @2bfb10b64fcfa (module names); manifest default.xml:912 (system/libhidl, remote=aosp)
proprietary/vendor/lib/hw/vendor.qti.hardware.qseecom@1.0-impl.so	libhidlmemory.so	PLATFORM	system/libhidl module 'libhidlmemory', system/libhidl lineage-22.2 @2bfb10b64fcfa (module names); manifest default.xml:912 (system/libhidl, remote=aosp)
proprietary/vendor/lib/hw/vendor.qti.hardware.qseecom@1.0-impl.so	liblog.so	PLATFORM	bionic, LineageOS/android_bionic (manifest default.xml:37); /system/lib64
proprietary/vendor/lib/hw/vendor.qti.hardware.qseecom@1.0-impl.so	libm.so	PLATFORM	bionic, LineageOS/android_bionic (manifest default.xml:37)
proprietary/vendor/lib/hw/vendor.qti.hardware.qseecom@1.0-impl.so	libutils.so	PLATFORM	bionic libutils, LineageOS/android_bionic (manifest default.xml:37); /system/lib64
proprietary/vendor/lib/hw/vendor.qti.hardware.qseecom@1.0-impl.so	vendor.qti.hardware.qseecom@1.0.so	VENDOR	shipped in this repo as proprietary/vendor/lib/vendor.qti.hardware.qseecom@1.0.so
proprietary/vendor/lib/hw/vendor.samsung.hardware.gnss@2.0-impl-sec.so	libbase.so	PLATFORM	bionic libbase, LineageOS/android_bionic (manifest default.xml:37); /system/lib64
proprietary/vendor/lib/hw/vendor.samsung.hardware.gnss@2.0-impl-sec.so	libc++.so	PLATFORM	bionic NDK compat lib, LineageOS/android_bionic (manifest default.xml:37); /system/lib64
proprietary/vendor/lib/hw/vendor.samsung.hardware.gnss@2.0-impl-sec.so	libc.so	PLATFORM	bionic, LineageOS/android_bionic (manifest default.xml:37); /system/lib64 + apex com.android.runtime/lib64/bionic
proprietary/vendor/lib/hw/vendor.samsung.hardware.gnss@2.0-impl-sec.so	libcutils.so	PLATFORM	bionic libcutils, LineageOS/android_bionic (manifest default.xml:37); /system/lib64
proprietary/vendor/lib/hw/vendor.samsung.hardware.gnss@2.0-impl-sec.so	libdl.so	PLATFORM	bionic, LineageOS/android_bionic (manifest default.xml:37)
proprietary/vendor/lib/hw/vendor.samsung.hardware.gnss@2.0-impl-sec.so	libgps.utils.so	VENDOR	shipped in this repo as proprietary/vendor/lib/libgps.utils.so
proprietary/vendor/lib/hw/vendor.samsung.hardware.gnss@2.0-impl-sec.so	libhidlbase.so	PLATFORM	system/libhidl module 'libhidlbase', system/libhidl lineage-22.2 @2bfb10b64fcfa (module names); manifest default.xml:912 (system/libhidl, remote=aosp)
proprietary/vendor/lib/hw/vendor.samsung.hardware.gnss@2.0-impl-sec.so	libloc_core.so	VENDOR	shipped in this repo as proprietary/vendor/lib/libloc_core.so
proprietary/vendor/lib/hw/vendor.samsung.hardware.gnss@2.0-impl-sec.so	liblocation_api.so	VENDOR	shipped in this repo as proprietary/vendor/lib/liblocation_api.so
proprietary/vendor/lib/hw/vendor.samsung.hardware.gnss@2.0-impl-sec.so	liblog.so	PLATFORM	bionic, LineageOS/android_bionic (manifest default.xml:37); /system/lib64
proprietary/vendor/lib/hw/vendor.samsung.hardware.gnss@2.0-impl-sec.so	libm.so	PLATFORM	bionic, LineageOS/android_bionic (manifest default.xml:37)
proprietary/vendor/lib/hw/vendor.samsung.hardware.gnss@2.0-impl-sec.so	libutils.so	PLATFORM	bionic libutils, LineageOS/android_bionic (manifest default.xml:37); /system/lib64
proprietary/vendor/lib/hw/vendor.samsung.hardware.gnss@2.0-impl-sec.so	vendor.samsung.hardware.gnss@2.0.so	VENDOR	shipped in this repo as proprietary/vendor/lib/vendor.samsung.hardware.gnss@2.0.so
proprietary/vendor/lib/hw/vulkan.adreno.so	libadreno_utils.so	VENDOR	shipped in this repo as proprietary/vendor/lib/libadreno_utils.so
proprietary/vendor/lib/hw/vulkan.adreno.so	libc++.so	PLATFORM	bionic NDK compat lib, LineageOS/android_bionic (manifest default.xml:37); /system/lib64
proprietary/vendor/lib/hw/vulkan.adreno.so	libc.so	PLATFORM	bionic, LineageOS/android_bionic (manifest default.xml:37); /system/lib64 + apex com.android.runtime/lib64/bionic
proprietary/vendor/lib/hw/vulkan.adreno.so	libcutils.so	PLATFORM	bionic libcutils, LineageOS/android_bionic (manifest default.xml:37); /system/lib64
proprietary/vendor/lib/hw/vulkan.adreno.so	libdl.so	PLATFORM	bionic, LineageOS/android_bionic (manifest default.xml:37)
proprietary/vendor/lib/hw/vulkan.adreno.so	libgsl.so	VENDOR	shipped in this repo as proprietary/vendor/lib/libgsl.so
proprietary/vendor/lib/hw/vulkan.adreno.so	libhardware.so	PLATFORM	AOSP hardware/interfaces, hardware/interfaces lineage-23.2 @13d687a84c83 (.hal present)
proprietary/vendor/lib/hw/vulkan.adreno.so	libllvm-glnext.so	VENDOR	shipped in this repo as proprietary/vendor/lib/libllvm-glnext.so
proprietary/vendor/lib/hw/vulkan.adreno.so	liblog.so	PLATFORM	bionic, LineageOS/android_bionic (manifest default.xml:37); /system/lib64
proprietary/vendor/lib/hw/vulkan.adreno.so	libm.so	PLATFORM	bionic, LineageOS/android_bionic (manifest default.xml:37)
proprietary/vendor/lib/hw/vulkan.adreno.so	libnativewindow.so	PLATFORM	frameworks/native (manifest default.xml:613) libs/nativewindow
proprietary/vendor/lib/hw/vulkan.adreno.so	libz.so	PLATFORM	external/zlib, manifest default.xml:592
proprietary/vendor/lib/libC2D2.so	libc++.so	PLATFORM	bionic NDK compat lib, LineageOS/android_bionic (manifest default.xml:37); /system/lib64
proprietary/vendor/lib/libC2D2.so	libc.so	PLATFORM	bionic, LineageOS/android_bionic (manifest default.xml:37); /system/lib64 + apex com.android.runtime/lib64/bionic
proprietary/vendor/lib/libC2D2.so	libcutils.so	PLATFORM	bionic libcutils, LineageOS/android_bionic (manifest default.xml:37); /system/lib64
proprietary/vendor/lib/libC2D2.so	libdl.so	PLATFORM	bionic, LineageOS/android_bionic (manifest default.xml:37)
proprietary/vendor/lib/libC2D2.so	libgsl.so	VENDOR	shipped in this repo as proprietary/vendor/lib/libgsl.so
proprietary/vendor/lib/libC2D2.so	libm.so	PLATFORM	bionic, LineageOS/android_bionic (manifest default.xml:37)
proprietary/vendor/lib/libC2D2.so	libutils.so	PLATFORM	bionic libutils, LineageOS/android_bionic (manifest default.xml:37); /system/lib64
proprietary/vendor/lib/libCB.so	libc++.so	PLATFORM	bionic NDK compat lib, LineageOS/android_bionic (manifest default.xml:37); /system/lib64
proprietary/vendor/lib/libCB.so	libc.so	PLATFORM	bionic, LineageOS/android_bionic (manifest default.xml:37); /system/lib64 + apex com.android.runtime/lib64/bionic
proprietary/vendor/lib/libCB.so	libcutils.so	PLATFORM	bionic libcutils, LineageOS/android_bionic (manifest default.xml:37); /system/lib64
proprietary/vendor/lib/libCB.so	libdl.so	PLATFORM	bionic, LineageOS/android_bionic (manifest default.xml:37)
proprietary/vendor/lib/libCB.so	libgsl.so	VENDOR	shipped in this repo as proprietary/vendor/lib/libgsl.so
proprietary/vendor/lib/libCB.so	liblog.so	PLATFORM	bionic, LineageOS/android_bionic (manifest default.xml:37); /system/lib64
proprietary/vendor/lib/libCB.so	libm.so	PLATFORM	bionic, LineageOS/android_bionic (manifest default.xml:37)
proprietary/vendor/lib/libCB.so	libutils.so	PLATFORM	bionic libutils, LineageOS/android_bionic (manifest default.xml:37); /system/lib64
proprietary/vendor/lib/libCB.so	libvndksupport.so	PLATFORM	AOSP system/libvndksupport -> /system/lib64 (not found by name in the 23.2 manifest; confidence: medium)
proprietary/vendor/lib/libFileMux_proprietary.so	libc++.so	PLATFORM	bionic NDK compat lib, LineageOS/android_bionic (manifest default.xml:37); /system/lib64
proprietary/vendor/lib/libFileMux_proprietary.so	libc.so	PLATFORM	bionic, LineageOS/android_bionic (manifest default.xml:37); /system/lib64 + apex com.android.runtime/lib64/bionic
proprietary/vendor/lib/libFileMux_proprietary.so	libcutils.so	PLATFORM	bionic libcutils, LineageOS/android_bionic (manifest default.xml:37); /system/lib64
proprietary/vendor/lib/libFileMux_proprietary.so	libdl.so	PLATFORM	bionic, LineageOS/android_bionic (manifest default.xml:37)
proprietary/vendor/lib/libFileMux_proprietary.so	liblog.so	PLATFORM	bionic, LineageOS/android_bionic (manifest default.xml:37); /system/lib64
proprietary/vendor/lib/libFileMux_proprietary.so	libm.so	PLATFORM	bionic, LineageOS/android_bionic (manifest default.xml:37)
proprietary/vendor/lib/libFileMux_proprietary.so	libmmosal.so	VENDOR	shipped in this repo as proprietary/system_ext/lib/libmmosal.so;proprietary/vendor/lib/libmmosal.so
proprietary/vendor/lib/libFileMux_proprietary.so	libutils.so	PLATFORM	bionic libutils, LineageOS/android_bionic (manifest default.xml:37); /system/lib64
proprietary/vendor/lib/libGPTEE_vendor.so	libc++.so	PLATFORM	bionic NDK compat lib, LineageOS/android_bionic (manifest default.xml:37); /system/lib64
proprietary/vendor/lib/libGPTEE_vendor.so	libc.so	PLATFORM	bionic, LineageOS/android_bionic (manifest default.xml:37); /system/lib64 + apex com.android.runtime/lib64/bionic
proprietary/vendor/lib/libGPTEE_vendor.so	libcutils.so	PLATFORM	bionic libcutils, LineageOS/android_bionic (manifest default.xml:37); /system/lib64
proprietary/vendor/lib/libGPTEE_vendor.so	libdl.so	PLATFORM	bionic, LineageOS/android_bionic (manifest default.xml:37)
proprietary/vendor/lib/libGPTEE_vendor.so	liblog.so	PLATFORM	bionic, LineageOS/android_bionic (manifest default.xml:37); /system/lib64
proprietary/vendor/lib/libGPTEE_vendor.so	libm.so	PLATFORM	bionic, LineageOS/android_bionic (manifest default.xml:37)
proprietary/vendor/lib/libGPTEE_vendor.so	libutils.so	PLATFORM	bionic libutils, LineageOS/android_bionic (manifest default.xml:37); /system/lib64
proprietary/vendor/lib/libGPreqcancel.so	libGPreqcancel_svc.so	VENDOR	shipped in this repo as proprietary/vendor/lib/libGPreqcancel_svc.so
proprietary/vendor/lib/libGPreqcancel.so	libQSEEComAPI.so	VENDOR	shipped in this repo as proprietary/vendor/lib/libQSEEComAPI.so
proprietary/vendor/lib/libGPreqcancel.so	libc++.so	PLATFORM	bionic NDK compat lib, LineageOS/android_bionic (manifest default.xml:37); /system/lib64
proprietary/vendor/lib/libGPreqcancel.so	libc.so	PLATFORM	bionic, LineageOS/android_bionic (manifest default.xml:37); /system/lib64 + apex com.android.runtime/lib64/bionic
proprietary/vendor/lib/libGPreqcancel.so	libcutils.so	PLATFORM	bionic libcutils, LineageOS/android_bionic (manifest default.xml:37); /system/lib64
proprietary/vendor/lib/libGPreqcancel.so	libdiag.so	VENDOR	shipped in this repo as proprietary/vendor/lib/libdiag.so
proprietary/vendor/lib/libGPreqcancel.so	libdl.so	PLATFORM	bionic, LineageOS/android_bionic (manifest default.xml:37)
proprietary/vendor/lib/libGPreqcancel.so	liblog.so	PLATFORM	bionic, LineageOS/android_bionic (manifest default.xml:37); /system/lib64
proprietary/vendor/lib/libGPreqcancel.so	libm.so	PLATFORM	bionic, LineageOS/android_bionic (manifest default.xml:37)
proprietary/vendor/lib/libGPreqcancel.so	libutils.so	PLATFORM	bionic libutils, LineageOS/android_bionic (manifest default.xml:37); /system/lib64
proprietary/vendor/lib/libGPreqcancel_svc.so	libc++.so	PLATFORM	bionic NDK compat lib, LineageOS/android_bionic (manifest default.xml:37); /system/lib64
proprietary/vendor/lib/libGPreqcancel_svc.so	libc.so	PLATFORM	bionic, LineageOS/android_bionic (manifest default.xml:37); /system/lib64 + apex com.android.runtime/lib64/bionic
proprietary/vendor/lib/libGPreqcancel_svc.so	libcutils.so	PLATFORM	bionic libcutils, LineageOS/android_bionic (manifest default.xml:37); /system/lib64
proprietary/vendor/lib/libGPreqcancel_svc.so	libdl.so	PLATFORM	bionic, LineageOS/android_bionic (manifest default.xml:37)
proprietary/vendor/lib/libGPreqcancel_svc.so	liblog.so	PLATFORM	bionic, LineageOS/android_bionic (manifest default.xml:37); /system/lib64
proprietary/vendor/lib/libGPreqcancel_svc.so	libm.so	PLATFORM	bionic, LineageOS/android_bionic (manifest default.xml:37)
proprietary/vendor/lib/libGPreqcancel_svc.so	libutils.so	PLATFORM	bionic libutils, LineageOS/android_bionic (manifest default.xml:37); /system/lib64
proprietary/vendor/lib/libOmxVpp.so	libOmxCore.so	VENDOR-ELSEWHERE	Qualcomm OMX core, built by the CAF media tree, CAF platform tree device fork @2e50286ebc01 (extract-files.py):22 (hardware/qcom-caf/sdm845); project not on github.com, module name NOT verified here
proprietary/vendor/lib/libOmxVpp.so	libbinder.so	PLATFORM	frameworks/native (manifest default.xml:613) libs/binder
proprietary/vendor/lib/libOmxVpp.so	libc++.so	PLATFORM	bionic NDK compat lib, LineageOS/android_bionic (manifest default.xml:37); /system/lib64
proprietary/vendor/lib/libOmxVpp.so	libc.so	PLATFORM	bionic, LineageOS/android_bionic (manifest default.xml:37); /system/lib64 + apex com.android.runtime/lib64/bionic
proprietary/vendor/lib/libOmxVpp.so	libcutils.so	PLATFORM	bionic libcutils, LineageOS/android_bionic (manifest default.xml:37); /system/lib64
proprietary/vendor/lib/libOmxVpp.so	libdl.so	PLATFORM	bionic, LineageOS/android_bionic (manifest default.xml:37)
proprietary/vendor/lib/libOmxVpp.so	libhidlbase.so	PLATFORM	system/libhidl module 'libhidlbase', system/libhidl lineage-22.2 @2bfb10b64fcfa (module names); manifest default.xml:912 (system/libhidl, remote=aosp)
proprietary/vendor/lib/libOmxVpp.so	libhidltransport.so	PLATFORM	system/libhidl module 'libhidltransport', system/libhidl lineage-22.2 @2bfb10b64fcfa (module names); manifest default.xml:912 (system/libhidl, remote=aosp)
proprietary/vendor/lib/libOmxVpp.so	libhwbinder.so	PLATFORM	frameworks/native (manifest default.xml:613) libs/hwbinder
proprietary/vendor/lib/libOmxVpp.so	liblog.so	PLATFORM	bionic, LineageOS/android_bionic (manifest default.xml:37); /system/lib64
proprietary/vendor/lib/libOmxVpp.so	libm.so	PLATFORM	bionic, LineageOS/android_bionic (manifest default.xml:37)
proprietary/vendor/lib/libOmxVpp.so	libutils.so	PLATFORM	bionic libutils, LineageOS/android_bionic (manifest default.xml:37); /system/lib64
proprietary/vendor/lib/libOmxVpp.so	libvppclient.so	VENDOR	shipped in this repo as proprietary/vendor/lib/libvppclient.so
proprietary/vendor/lib/libOmxVpp.so	vendor.qti.hardware.capabilityconfigstore@1.0.so	VENDOR-ELSEWHERE	Qualcomm capability-config HIDL iface. Note this repo ships only the service binary vendor/lib/hw/vendor.qti.hardware.capabilityconfigstore@1.0-service, not the iface lib; project not on github.com, module name NOT verified here
proprietary/vendor/lib/libOmxVpp.so	vendor.qti.hardware.vpp@1.1.so	VENDOR	shipped in this repo as proprietary/vendor/lib/vendor.qti.hardware.vpp@1.1.so
proprietary/vendor/lib/libOpenCL.so	libc++.so	PLATFORM	bionic NDK compat lib, LineageOS/android_bionic (manifest default.xml:37); /system/lib64
proprietary/vendor/lib/libOpenCL.so	libc.so	PLATFORM	bionic, LineageOS/android_bionic (manifest default.xml:37); /system/lib64 + apex com.android.runtime/lib64/bionic
proprietary/vendor/lib/libOpenCL.so	libcutils.so	PLATFORM	bionic libcutils, LineageOS/android_bionic (manifest default.xml:37); /system/lib64
proprietary/vendor/lib/libOpenCL.so	libdl.so	PLATFORM	bionic, LineageOS/android_bionic (manifest default.xml:37)
proprietary/vendor/lib/libOpenCL.so	libm.so	PLATFORM	bionic, LineageOS/android_bionic (manifest default.xml:37)
proprietary/vendor/lib/libOpenCL.so	libvndksupport.so	PLATFORM	AOSP system/libvndksupport -> /system/lib64 (not found by name in the 23.2 manifest; confidence: medium)
proprietary/vendor/lib/libOpenCv.camera.samsung.so	libc++.so	PLATFORM	bionic NDK compat lib, LineageOS/android_bionic (manifest default.xml:37); /system/lib64
proprietary/vendor/lib/libOpenCv.camera.samsung.so	libc.so	PLATFORM	bionic, LineageOS/android_bionic (manifest default.xml:37); /system/lib64 + apex com.android.runtime/lib64/bionic
proprietary/vendor/lib/libOpenCv.camera.samsung.so	libdl.so	PLATFORM	bionic, LineageOS/android_bionic (manifest default.xml:37)
proprietary/vendor/lib/libOpenCv.camera.samsung.so	liblog.so	PLATFORM	bionic, LineageOS/android_bionic (manifest default.xml:37); /system/lib64
proprietary/vendor/lib/libOpenCv.camera.samsung.so	libm.so	PLATFORM	bionic, LineageOS/android_bionic (manifest default.xml:37)
proprietary/vendor/lib/libOpenCv.camera.samsung.so	libz.so	PLATFORM	external/zlib, manifest default.xml:592
proprietary/vendor/lib/libQSEEComAPI.so	libc++.so	PLATFORM	bionic NDK compat lib, LineageOS/android_bionic (manifest default.xml:37); /system/lib64
proprietary/vendor/lib/libQSEEComAPI.so	libc.so	PLATFORM	bionic, LineageOS/android_bionic (manifest default.xml:37); /system/lib64 + apex com.android.runtime/lib64/bionic
proprietary/vendor/lib/libQSEEComAPI.so	libcutils.so	PLATFORM	bionic libcutils, LineageOS/android_bionic (manifest default.xml:37); /system/lib64
proprietary/vendor/lib/libQSEEComAPI.so	libdl.so	PLATFORM	bionic, LineageOS/android_bionic (manifest default.xml:37)
proprietary/vendor/lib/libQSEEComAPI.so	liblog.so	PLATFORM	bionic, LineageOS/android_bionic (manifest default.xml:37); /system/lib64
proprietary/vendor/lib/libQSEEComAPI.so	libm.so	PLATFORM	bionic, LineageOS/android_bionic (manifest default.xml:37)
proprietary/vendor/lib/libQSEEComAPI.so	libutils.so	PLATFORM	bionic libutils, LineageOS/android_bionic (manifest default.xml:37); /system/lib64
proprietary/vendor/lib/libSecureUILib.so	libQSEEComAPI.so	VENDOR	shipped in this repo as proprietary/vendor/lib/libQSEEComAPI.so
proprietary/vendor/lib/libSecureUILib.so	libStDrvInt.so	VENDOR	shipped in this repo as proprietary/vendor/lib/libStDrvInt.so
proprietary/vendor/lib/libSecureUILib.so	libbinder.so	PLATFORM	frameworks/native (manifest default.xml:613) libs/binder
proprietary/vendor/lib/libSecureUILib.so	libc++.so	PLATFORM	bionic NDK compat lib, LineageOS/android_bionic (manifest default.xml:37); /system/lib64
proprietary/vendor/lib/libSecureUILib.so	libc.so	PLATFORM	bionic, LineageOS/android_bionic (manifest default.xml:37); /system/lib64 + apex com.android.runtime/lib64/bionic
proprietary/vendor/lib/libSecureUILib.so	libdl.so	PLATFORM	bionic, LineageOS/android_bionic (manifest default.xml:37)
proprietary/vendor/lib/libSecureUILib.so	libhidlbase.so	PLATFORM	system/libhidl module 'libhidlbase', system/libhidl lineage-22.2 @2bfb10b64fcfa (module names); manifest default.xml:912 (system/libhidl, remote=aosp)
proprietary/vendor/lib/libSecureUILib.so	liblog.so	PLATFORM	bionic, LineageOS/android_bionic (manifest default.xml:37); /system/lib64
proprietary/vendor/lib/libSecureUILib.so	libm.so	PLATFORM	bionic, LineageOS/android_bionic (manifest default.xml:37)
proprietary/vendor/lib/libSecureUILib.so	libsecureui_svcsock.so	VENDOR	shipped in this repo as proprietary/vendor/lib/libsecureui_svcsock.so
proprietary/vendor/lib/libStDrvInt.so	libc++.so	PLATFORM	bionic NDK compat lib, LineageOS/android_bionic (manifest default.xml:37); /system/lib64
proprietary/vendor/lib/libStDrvInt.so	libc.so	PLATFORM	bionic, LineageOS/android_bionic (manifest default.xml:37); /system/lib64 + apex com.android.runtime/lib64/bionic
proprietary/vendor/lib/libStDrvInt.so	libdl.so	PLATFORM	bionic, LineageOS/android_bionic (manifest default.xml:37)
proprietary/vendor/lib/libStDrvInt.so	liblog.so	PLATFORM	bionic, LineageOS/android_bionic (manifest default.xml:37); /system/lib64
proprietary/vendor/lib/libStDrvInt.so	libm.so	PLATFORM	bionic, LineageOS/android_bionic (manifest default.xml:37)
proprietary/vendor/lib/libVkLayer_q3dtools.so	libc.so	PLATFORM	bionic, LineageOS/android_bionic (manifest default.xml:37); /system/lib64 + apex com.android.runtime/lib64/bionic
proprietary/vendor/lib/libVkLayer_q3dtools.so	libdl.so	PLATFORM	bionic, LineageOS/android_bionic (manifest default.xml:37)
proprietary/vendor/lib/libVkLayer_q3dtools.so	liblog.so	PLATFORM	bionic, LineageOS/android_bionic (manifest default.xml:37); /system/lib64
proprietary/vendor/lib/libVkLayer_q3dtools.so	libm.so	PLATFORM	bionic, LineageOS/android_bionic (manifest default.xml:37)
proprietary/vendor/lib/libVkLayer_q3dtools.so	libz.so	PLATFORM	external/zlib, manifest default.xml:592
proprietary/vendor/lib/lib_SamsungRec_07010.so	libc.so	PLATFORM	bionic, LineageOS/android_bionic (manifest default.xml:37); /system/lib64 + apex com.android.runtime/lib64/bionic
proprietary/vendor/lib/lib_SamsungRec_07010.so	libdl.so	PLATFORM	bionic, LineageOS/android_bionic (manifest default.xml:37)
proprietary/vendor/lib/lib_SamsungRec_07010.so	liblog.so	PLATFORM	bionic, LineageOS/android_bionic (manifest default.xml:37); /system/lib64
proprietary/vendor/lib/lib_SamsungRec_07010.so	libm.so	PLATFORM	bionic, LineageOS/android_bionic (manifest default.xml:37)
proprietary/vendor/lib/lib_SoundAlive_SRC384_ver320.so	libc.so	PLATFORM	bionic, LineageOS/android_bionic (manifest default.xml:37); /system/lib64 + apex com.android.runtime/lib64/bionic
proprietary/vendor/lib/lib_SoundAlive_SRC384_ver320.so	libdl.so	PLATFORM	bionic, LineageOS/android_bionic (manifest default.xml:37)
proprietary/vendor/lib/lib_SoundAlive_SRC384_ver320.so	liblog.so	PLATFORM	bionic, LineageOS/android_bionic (manifest default.xml:37); /system/lib64
proprietary/vendor/lib/lib_SoundAlive_SRC384_ver320.so	libm.so	PLATFORM	bionic, LineageOS/android_bionic (manifest default.xml:37)
proprietary/vendor/lib/lib_soundaliveresampler.so	lib_SoundAlive_SRC384_ver320.so	VENDOR	shipped in this repo as proprietary/vendor/lib/lib_SoundAlive_SRC384_ver320.so
proprietary/vendor/lib/lib_soundaliveresampler.so	libaudioutils.so	PLATFORM	frameworks/av (manifest default.xml:597) media/libaudioutils
proprietary/vendor/lib/lib_soundaliveresampler.so	libc++.so	PLATFORM	bionic NDK compat lib, LineageOS/android_bionic (manifest default.xml:37); /system/lib64
proprietary/vendor/lib/lib_soundaliveresampler.so	libc.so	PLATFORM	bionic, LineageOS/android_bionic (manifest default.xml:37); /system/lib64 + apex com.android.runtime/lib64/bionic
proprietary/vendor/lib/lib_soundaliveresampler.so	libcutils.so	PLATFORM	bionic libcutils, LineageOS/android_bionic (manifest default.xml:37); /system/lib64
proprietary/vendor/lib/lib_soundaliveresampler.so	libdl.so	PLATFORM	bionic, LineageOS/android_bionic (manifest default.xml:37)
proprietary/vendor/lib/lib_soundaliveresampler.so	liblog.so	PLATFORM	bionic, LineageOS/android_bionic (manifest default.xml:37); /system/lib64
proprietary/vendor/lib/lib_soundaliveresampler.so	libm.so	PLATFORM	bionic, LineageOS/android_bionic (manifest default.xml:37)
proprietary/vendor/lib/lib_soundaliveresampler.so	libutils.so	PLATFORM	bionic libutils, LineageOS/android_bionic (manifest default.xml:37); /system/lib64
proprietary/vendor/lib/libacdb-fts.so	libaudcal.so	VENDOR	shipped in this repo as proprietary/vendor/lib/libaudcal.so
proprietary/vendor/lib/libacdb-fts.so	libc++.so	PLATFORM	bionic NDK compat lib, LineageOS/android_bionic (manifest default.xml:37); /system/lib64
proprietary/vendor/lib/libacdb-fts.so	libc.so	PLATFORM	bionic, LineageOS/android_bionic (manifest default.xml:37); /system/lib64 + apex com.android.runtime/lib64/bionic
proprietary/vendor/lib/libacdb-fts.so	libcutils.so	PLATFORM	bionic libcutils, LineageOS/android_bionic (manifest default.xml:37); /system/lib64
proprietary/vendor/lib/libacdb-fts.so	libdl.so	PLATFORM	bionic, LineageOS/android_bionic (manifest default.xml:37)
proprietary/vendor/lib/libacdb-fts.so	liblog.so	PLATFORM	bionic, LineageOS/android_bionic (manifest default.xml:37); /system/lib64
proprietary/vendor/lib/libacdb-fts.so	libm.so	PLATFORM	bionic, LineageOS/android_bionic (manifest default.xml:37)
proprietary/vendor/lib/libacdb-fts.so	libutils.so	PLATFORM	bionic libutils, LineageOS/android_bionic (manifest default.xml:37); /system/lib64
proprietary/vendor/lib/libacdbloader.so	libacdb-fts.so	VENDOR	shipped in this repo as proprietary/vendor/lib/libacdb-fts.so
proprietary/vendor/lib/libacdbloader.so	libacdbrtac.so	VENDOR	shipped in this repo as proprietary/vendor/lib/libacdbrtac.so
proprietary/vendor/lib/libacdbloader.so	libadiertac.so	VENDOR	shipped in this repo as proprietary/vendor/lib/libadiertac.so
proprietary/vendor/lib/libacdbloader.so	libaudcal.so	VENDOR	shipped in this repo as proprietary/vendor/lib/libaudcal.so
proprietary/vendor/lib/libacdbloader.so	libc++.so	PLATFORM	bionic NDK compat lib, LineageOS/android_bionic (manifest default.xml:37); /system/lib64
proprietary/vendor/lib/libacdbloader.so	libc.so	PLATFORM	bionic, LineageOS/android_bionic (manifest default.xml:37); /system/lib64 + apex com.android.runtime/lib64/bionic
proprietary/vendor/lib/libacdbloader.so	libcutils.so	PLATFORM	bionic libcutils, LineageOS/android_bionic (manifest default.xml:37); /system/lib64
proprietary/vendor/lib/libacdbloader.so	libdl.so	PLATFORM	bionic, LineageOS/android_bionic (manifest default.xml:37)
proprietary/vendor/lib/libacdbloader.so	liblog.so	PLATFORM	bionic, LineageOS/android_bionic (manifest default.xml:37); /system/lib64
proprietary/vendor/lib/libacdbloader.so	libm.so	PLATFORM	bionic, LineageOS/android_bionic (manifest default.xml:37)
proprietary/vendor/lib/libacdbloader.so	libtinyalsa.so	PLATFORM	AOSP external/tinyalsa manifest default.xml:547 (+tinyalsa_new manifest default.xml:548) (confidence: medium; CAF may also ship a vendor copy)
proprietary/vendor/lib/libacdbloader.so	libutils.so	PLATFORM	bionic libutils, LineageOS/android_bionic (manifest default.xml:37); /system/lib64
proprietary/vendor/lib/libacdbrtac.so	libaudcal.so	VENDOR	shipped in this repo as proprietary/vendor/lib/libaudcal.so
proprietary/vendor/lib/libacdbrtac.so	libc++.so	PLATFORM	bionic NDK compat lib, LineageOS/android_bionic (manifest default.xml:37); /system/lib64
proprietary/vendor/lib/libacdbrtac.so	libc.so	PLATFORM	bionic, LineageOS/android_bionic (manifest default.xml:37); /system/lib64 + apex com.android.runtime/lib64/bionic
proprietary/vendor/lib/libacdbrtac.so	libcutils.so	PLATFORM	bionic libcutils, LineageOS/android_bionic (manifest default.xml:37); /system/lib64
proprietary/vendor/lib/libacdbrtac.so	libdl.so	PLATFORM	bionic, LineageOS/android_bionic (manifest default.xml:37)
proprietary/vendor/lib/libacdbrtac.so	liblog.so	PLATFORM	bionic, LineageOS/android_bionic (manifest default.xml:37); /system/lib64
proprietary/vendor/lib/libacdbrtac.so	libm.so	PLATFORM	bionic, LineageOS/android_bionic (manifest default.xml:37)
proprietary/vendor/lib/libacdbrtac.so	libutils.so	PLATFORM	bionic libutils, LineageOS/android_bionic (manifest default.xml:37); /system/lib64
proprietary/vendor/lib/libadiertac.so	libaudcal.so	VENDOR	shipped in this repo as proprietary/vendor/lib/libaudcal.so
proprietary/vendor/lib/libadiertac.so	libc++.so	PLATFORM	bionic NDK compat lib, LineageOS/android_bionic (manifest default.xml:37); /system/lib64
proprietary/vendor/lib/libadiertac.so	libc.so	PLATFORM	bionic, LineageOS/android_bionic (manifest default.xml:37); /system/lib64 + apex com.android.runtime/lib64/bionic
proprietary/vendor/lib/libadiertac.so	libcutils.so	PLATFORM	bionic libcutils, LineageOS/android_bionic (manifest default.xml:37); /system/lib64
proprietary/vendor/lib/libadiertac.so	libdl.so	PLATFORM	bionic, LineageOS/android_bionic (manifest default.xml:37)
proprietary/vendor/lib/libadiertac.so	liblog.so	PLATFORM	bionic, LineageOS/android_bionic (manifest default.xml:37); /system/lib64
proprietary/vendor/lib/libadiertac.so	libm.so	PLATFORM	bionic, LineageOS/android_bionic (manifest default.xml:37)
proprietary/vendor/lib/libadiertac.so	libutils.so	PLATFORM	bionic libutils, LineageOS/android_bionic (manifest default.xml:37); /system/lib64
proprietary/vendor/lib/libadm.so	libc++.so	PLATFORM	bionic NDK compat lib, LineageOS/android_bionic (manifest default.xml:37); /system/lib64
proprietary/vendor/lib/libadm.so	libc.so	PLATFORM	bionic, LineageOS/android_bionic (manifest default.xml:37); /system/lib64 + apex com.android.runtime/lib64/bionic
proprietary/vendor/lib/libadm.so	libcutils.so	PLATFORM	bionic libcutils, LineageOS/android_bionic (manifest default.xml:37); /system/lib64
proprietary/vendor/lib/libadm.so	libdl.so	PLATFORM	bionic, LineageOS/android_bionic (manifest default.xml:37)
proprietary/vendor/lib/libadm.so	liblog.so	PLATFORM	bionic, LineageOS/android_bionic (manifest default.xml:37); /system/lib64
proprietary/vendor/lib/libadm.so	libm.so	PLATFORM	bionic, LineageOS/android_bionic (manifest default.xml:37)
proprietary/vendor/lib/libadm.so	libtinyalsa.so	PLATFORM	AOSP external/tinyalsa manifest default.xml:547 (+tinyalsa_new manifest default.xml:548) (confidence: medium; CAF may also ship a vendor copy)
proprietary/vendor/lib/libadreno_utils.so	libc++.so	PLATFORM	bionic NDK compat lib, LineageOS/android_bionic (manifest default.xml:37); /system/lib64
proprietary/vendor/lib/libadreno_utils.so	libc.so	PLATFORM	bionic, LineageOS/android_bionic (manifest default.xml:37); /system/lib64 + apex com.android.runtime/lib64/bionic
proprietary/vendor/lib/libadreno_utils.so	libdl.so	PLATFORM	bionic, LineageOS/android_bionic (manifest default.xml:37)
proprietary/vendor/lib/libadreno_utils.so	libgsl.so	VENDOR	shipped in this repo as proprietary/vendor/lib/libgsl.so
proprietary/vendor/lib/libadreno_utils.so	libm.so	PLATFORM	bionic, LineageOS/android_bionic (manifest default.xml:37)
proprietary/vendor/lib/libadsp_default_listener.so	libadsprpc.so	VENDOR	shipped in this repo as proprietary/vendor/lib/libadsprpc.so
proprietary/vendor/lib/libadsp_default_listener.so	libc++.so	PLATFORM	bionic NDK compat lib, LineageOS/android_bionic (manifest default.xml:37); /system/lib64
proprietary/vendor/lib/libadsp_default_listener.so	libc.so	PLATFORM	bionic, LineageOS/android_bionic (manifest default.xml:37); /system/lib64 + apex com.android.runtime/lib64/bionic
proprietary/vendor/lib/libadsp_default_listener.so	libdl.so	PLATFORM	bionic, LineageOS/android_bionic (manifest default.xml:37)
proprietary/vendor/lib/libadsp_default_listener.so	liblog.so	PLATFORM	bionic, LineageOS/android_bionic (manifest default.xml:37); /system/lib64
proprietary/vendor/lib/libadsp_default_listener.so	libm.so	PLATFORM	bionic, LineageOS/android_bionic (manifest default.xml:37)
proprietary/vendor/lib/libadsprpc.so	libc++.so	PLATFORM	bionic NDK compat lib, LineageOS/android_bionic (manifest default.xml:37); /system/lib64
proprietary/vendor/lib/libadsprpc.so	libc.so	PLATFORM	bionic, LineageOS/android_bionic (manifest default.xml:37); /system/lib64 + apex com.android.runtime/lib64/bionic
proprietary/vendor/lib/libadsprpc.so	libcutils.so	PLATFORM	bionic libcutils, LineageOS/android_bionic (manifest default.xml:37); /system/lib64
proprietary/vendor/lib/libadsprpc.so	libdl.so	PLATFORM	bionic, LineageOS/android_bionic (manifest default.xml:37)
proprietary/vendor/lib/libadsprpc.so	libhardware.so	PLATFORM	AOSP hardware/interfaces, hardware/interfaces lineage-23.2 @13d687a84c83 (.hal present)
proprietary/vendor/lib/libadsprpc.so	libhidlbase.so	PLATFORM	system/libhidl module 'libhidlbase', system/libhidl lineage-22.2 @2bfb10b64fcfa (module names); manifest default.xml:912 (system/libhidl, remote=aosp)
proprietary/vendor/lib/libadsprpc.so	libion.so	PLATFORM	AOSP system/memory/libion, manifest default.xml:924
proprietary/vendor/lib/libadsprpc.so	liblog.so	PLATFORM	bionic, LineageOS/android_bionic (manifest default.xml:37); /system/lib64
proprietary/vendor/lib/libadsprpc.so	libm.so	PLATFORM	bionic, LineageOS/android_bionic (manifest default.xml:37)
proprietary/vendor/lib/libadsprpc.so	libutils.so	PLATFORM	bionic libutils, LineageOS/android_bionic (manifest default.xml:37); /system/lib64
proprietary/vendor/lib/libadsprpc.so	vendor.qti.hardware.dsp@1.0.so	VENDOR	shipped in this repo as proprietary/vendor/lib/vendor.qti.hardware.dsp@1.0.so
proprietary/vendor/lib/libaudcal.so	libc++.so	PLATFORM	bionic NDK compat lib, LineageOS/android_bionic (manifest default.xml:37); /system/lib64
proprietary/vendor/lib/libaudcal.so	libc.so	PLATFORM	bionic, LineageOS/android_bionic (manifest default.xml:37); /system/lib64 + apex com.android.runtime/lib64/bionic
proprietary/vendor/lib/libaudcal.so	libdiag.so	VENDOR	shipped in this repo as proprietary/vendor/lib/libdiag.so
proprietary/vendor/lib/libaudcal.so	libdl.so	PLATFORM	bionic, LineageOS/android_bionic (manifest default.xml:37)
proprietary/vendor/lib/libaudcal.so	liblog.so	PLATFORM	bionic, LineageOS/android_bionic (manifest default.xml:37); /system/lib64
proprietary/vendor/lib/libaudcal.so	libm.so	PLATFORM	bionic, LineageOS/android_bionic (manifest default.xml:37)
proprietary/vendor/lib/libaudcal.so	libutils.so	PLATFORM	bionic libutils, LineageOS/android_bionic (manifest default.xml:37); /system/lib64
proprietary/vendor/lib/libaudio_log_utils.so	libc++.so	PLATFORM	bionic NDK compat lib, LineageOS/android_bionic (manifest default.xml:37); /system/lib64
proprietary/vendor/lib/libaudio_log_utils.so	libc.so	PLATFORM	bionic, LineageOS/android_bionic (manifest default.xml:37); /system/lib64 + apex com.android.runtime/lib64/bionic
proprietary/vendor/lib/libaudio_log_utils.so	libcutils.so	PLATFORM	bionic libcutils, LineageOS/android_bionic (manifest default.xml:37); /system/lib64
proprietary/vendor/lib/libaudio_log_utils.so	libdl.so	PLATFORM	bionic, LineageOS/android_bionic (manifest default.xml:37)
proprietary/vendor/lib/libaudio_log_utils.so	libexpat.so	PLATFORM	external/expat, manifest default.xml:158
proprietary/vendor/lib/libaudio_log_utils.so	liblog.so	PLATFORM	bionic, LineageOS/android_bionic (manifest default.xml:37); /system/lib64
proprietary/vendor/lib/libaudio_log_utils.so	libm.so	PLATFORM	bionic, LineageOS/android_bionic (manifest default.xml:37)
proprietary/vendor/lib/libaudio_log_utils.so	libutils.so	PLATFORM	bionic libutils, LineageOS/android_bionic (manifest default.xml:37); /system/lib64
proprietary/vendor/lib/libaudio_soundtrigger.so	libc++.so	PLATFORM	bionic NDK compat lib, LineageOS/android_bionic (manifest default.xml:37); /system/lib64
proprietary/vendor/lib/libaudio_soundtrigger.so	libc.so	PLATFORM	bionic, LineageOS/android_bionic (manifest default.xml:37); /system/lib64 + apex com.android.runtime/lib64/bionic
proprietary/vendor/lib/libaudio_soundtrigger.so	libcutils.so	PLATFORM	bionic libcutils, LineageOS/android_bionic (manifest default.xml:37); /system/lib64
proprietary/vendor/lib/libaudio_soundtrigger.so	libdl.so	PLATFORM	bionic, LineageOS/android_bionic (manifest default.xml:37)
proprietary/vendor/lib/libaudio_soundtrigger.so	liblog.so	PLATFORM	bionic, LineageOS/android_bionic (manifest default.xml:37); /system/lib64
proprietary/vendor/lib/libaudio_soundtrigger.so	libm.so	PLATFORM	bionic, LineageOS/android_bionic (manifest default.xml:37)
proprietary/vendor/lib/libaudio_soundtrigger.so	libtinyalsa.so	PLATFORM	AOSP external/tinyalsa manifest default.xml:547 (+tinyalsa_new manifest default.xml:548) (confidence: medium; CAF may also ship a vendor copy)
proprietary/vendor/lib/libaudio_soundtrigger.so	libutils.so	PLATFORM	bionic libutils, LineageOS/android_bionic (manifest default.xml:37); /system/lib64
proprietary/vendor/lib/libaudio_soundtrigger.so	sound_trigger.primary.sdm710.so	VENDOR	shipped in this repo as proprietary/vendor/lib/hw/sound_trigger.primary.sdm710.so
proprietary/vendor/lib/libaudioalsa.so	libc++.so	PLATFORM	bionic NDK compat lib, LineageOS/android_bionic (manifest default.xml:37); /system/lib64
proprietary/vendor/lib/libaudioalsa.so	libc.so	PLATFORM	bionic, LineageOS/android_bionic (manifest default.xml:37); /system/lib64 + apex com.android.runtime/lib64/bionic
proprietary/vendor/lib/libaudioalsa.so	libdl.so	PLATFORM	bionic, LineageOS/android_bionic (manifest default.xml:37)
proprietary/vendor/lib/libaudioalsa.so	libm.so	PLATFORM	bionic, LineageOS/android_bionic (manifest default.xml:37)
proprietary/vendor/lib/libbatching.so	libc++.so	PLATFORM	bionic NDK compat lib, LineageOS/android_bionic (manifest default.xml:37); /system/lib64
proprietary/vendor/lib/libbatching.so	libc.so	PLATFORM	bionic, LineageOS/android_bionic (manifest default.xml:37); /system/lib64 + apex com.android.runtime/lib64/bionic
proprietary/vendor/lib/libbatching.so	libcutils.so	PLATFORM	bionic libcutils, LineageOS/android_bionic (manifest default.xml:37); /system/lib64
proprietary/vendor/lib/libbatching.so	libdl.so	PLATFORM	bionic, LineageOS/android_bionic (manifest default.xml:37)
proprietary/vendor/lib/libbatching.so	libgps.utils.so	VENDOR	shipped in this repo as proprietary/vendor/lib/libgps.utils.so
proprietary/vendor/lib/libbatching.so	libloc_core.so	VENDOR	shipped in this repo as proprietary/vendor/lib/libloc_core.so
proprietary/vendor/lib/libbatching.so	liblog.so	PLATFORM	bionic, LineageOS/android_bionic (manifest default.xml:37); /system/lib64
proprietary/vendor/lib/libbatching.so	libm.so	PLATFORM	bionic, LineageOS/android_bionic (manifest default.xml:37)
proprietary/vendor/lib/libbatching.so	libutils.so	PLATFORM	bionic libutils, LineageOS/android_bionic (manifest default.xml:37); /system/lib64
proprietary/vendor/lib/libbauthserver.so	libbauthtzcommon.so	VENDOR	shipped in this repo as proprietary/vendor/lib/libbauthtzcommon.so
proprietary/vendor/lib/libbauthserver.so	libbinder.so	PLATFORM	frameworks/native (manifest default.xml:613) libs/binder
proprietary/vendor/lib/libbauthserver.so	libc++.so	PLATFORM	bionic NDK compat lib, LineageOS/android_bionic (manifest default.xml:37); /system/lib64
proprietary/vendor/lib/libbauthserver.so	libc.so	PLATFORM	bionic, LineageOS/android_bionic (manifest default.xml:37); /system/lib64 + apex com.android.runtime/lib64/bionic
proprietary/vendor/lib/libbauthserver.so	libcrypto.so	PLATFORM	external/boringssl manifest default.xml:98 + conscrypt manifest default.xml:122 (APEX)
proprietary/vendor/lib/libbauthserver.so	libcutils.so	PLATFORM	bionic libcutils, LineageOS/android_bionic (manifest default.xml:37); /system/lib64
proprietary/vendor/lib/libbauthserver.so	libdl.so	PLATFORM	bionic, LineageOS/android_bionic (manifest default.xml:37)
proprietary/vendor/lib/libbauthserver.so	libegis_fp_normal_sensor_test.so	VENDOR	shipped in this repo as proprietary/vendor/lib/libegis_fp_normal_sensor_test.so
proprietary/vendor/lib/libbauthserver.so	libgf_in_system_lib.so	VENDOR	shipped in this repo as proprietary/vendor/lib/libgf_in_system_lib.so
proprietary/vendor/lib/libbauthserver.so	liblog.so	PLATFORM	bionic, LineageOS/android_bionic (manifest default.xml:37); /system/lib64
proprietary/vendor/lib/libbauthserver.so	libm.so	PLATFORM	bionic, LineageOS/android_bionic (manifest default.xml:37)
proprietary/vendor/lib/libbauthserver.so	libqfp_sensortest.so	VENDOR	shipped in this repo as proprietary/vendor/lib/libqfp_sensortest.so
proprietary/vendor/lib/libbauthserver.so	libsynaFpSensorTestNwd.so	VENDOR	shipped in this repo as proprietary/vendor/lib/libsynaFpSensorTestNwd.so
proprietary/vendor/lib/libbauthserver.so	libutils.so	PLATFORM	bionic libutils, LineageOS/android_bionic (manifest default.xml:37); /system/lib64
proprietary/vendor/lib/libbauthtzcommon.so	libQSEEComAPI.so	VENDOR	shipped in this repo as proprietary/vendor/lib/libQSEEComAPI.so
proprietary/vendor/lib/libbauthtzcommon.so	libc++.so	PLATFORM	bionic NDK compat lib, LineageOS/android_bionic (manifest default.xml:37); /system/lib64
proprietary/vendor/lib/libbauthtzcommon.so	libc.so	PLATFORM	bionic, LineageOS/android_bionic (manifest default.xml:37); /system/lib64 + apex com.android.runtime/lib64/bionic
proprietary/vendor/lib/libbauthtzcommon.so	libcutils.so	PLATFORM	bionic libcutils, LineageOS/android_bionic (manifest default.xml:37); /system/lib64
proprietary/vendor/lib/libbauthtzcommon.so	libdl.so	PLATFORM	bionic, LineageOS/android_bionic (manifest default.xml:37)
proprietary/vendor/lib/libbauthtzcommon.so	liblog.so	PLATFORM	bionic, LineageOS/android_bionic (manifest default.xml:37); /system/lib64
proprietary/vendor/lib/libbauthtzcommon.so	libm.so	PLATFORM	bionic, LineageOS/android_bionic (manifest default.xml:37)
proprietary/vendor/lib/libbauthtzcommon.so	libutils.so	PLATFORM	bionic libutils, LineageOS/android_bionic (manifest default.xml:37); /system/lib64
proprietary/vendor/lib/libc2d30_bltlib.so	libc++.so	PLATFORM	bionic NDK compat lib, LineageOS/android_bionic (manifest default.xml:37); /system/lib64
proprietary/vendor/lib/libc2d30_bltlib.so	libc.so	PLATFORM	bionic, LineageOS/android_bionic (manifest default.xml:37); /system/lib64 + apex com.android.runtime/lib64/bionic
proprietary/vendor/lib/libc2d30_bltlib.so	libcutils.so	PLATFORM	bionic libcutils, LineageOS/android_bionic (manifest default.xml:37); /system/lib64
proprietary/vendor/lib/libc2d30_bltlib.so	libdl.so	PLATFORM	bionic, LineageOS/android_bionic (manifest default.xml:37)
proprietary/vendor/lib/libc2d30_bltlib.so	libgsl.so	VENDOR	shipped in this repo as proprietary/vendor/lib/libgsl.so
proprietary/vendor/lib/libc2d30_bltlib.so	libm.so	PLATFORM	bionic, LineageOS/android_bionic (manifest default.xml:37)
proprietary/vendor/lib/libc2d30_bltlib.so	libutils.so	PLATFORM	bionic libutils, LineageOS/android_bionic (manifest default.xml:37); /system/lib64
proprietary/vendor/lib/libcamxfdalgov7.so	libc++.so	PLATFORM	bionic NDK compat lib, LineageOS/android_bionic (manifest default.xml:37); /system/lib64
proprietary/vendor/lib/libcamxfdalgov7.so	libc.so	PLATFORM	bionic, LineageOS/android_bionic (manifest default.xml:37); /system/lib64 + apex com.android.runtime/lib64/bionic
proprietary/vendor/lib/libcamxfdalgov7.so	libdl.so	PLATFORM	bionic, LineageOS/android_bionic (manifest default.xml:37)
proprietary/vendor/lib/libcamxfdalgov7.so	libm.so	PLATFORM	bionic, LineageOS/android_bionic (manifest default.xml:37)
proprietary/vendor/lib/libcamxfdengine.so	libc++.so	PLATFORM	bionic NDK compat lib, LineageOS/android_bionic (manifest default.xml:37); /system/lib64
proprietary/vendor/lib/libcamxfdengine.so	libc.so	PLATFORM	bionic, LineageOS/android_bionic (manifest default.xml:37); /system/lib64 + apex com.android.runtime/lib64/bionic
proprietary/vendor/lib/libcamxfdengine.so	libcamxfdalgov7.so	VENDOR	shipped in this repo as proprietary/vendor/lib/libcamxfdalgov7.so
proprietary/vendor/lib/libcamxfdengine.so	libcutils.so	PLATFORM	bionic libcutils, LineageOS/android_bionic (manifest default.xml:37); /system/lib64
proprietary/vendor/lib/libcamxfdengine.so	libdl.so	PLATFORM	bionic, LineageOS/android_bionic (manifest default.xml:37)
proprietary/vendor/lib/libcamxfdengine.so	liblog.so	PLATFORM	bionic, LineageOS/android_bionic (manifest default.xml:37); /system/lib64
proprietary/vendor/lib/libcamxfdengine.so	libm.so	PLATFORM	bionic, LineageOS/android_bionic (manifest default.xml:37)
proprietary/vendor/lib/libcamxfdengine.so	libsync.so	VENDOR-ELSEWHERE	CAF builds a vendor libsync for the camera/multi-media HALs; AOSP frameworks/av also has media/libsync -> /system/lib64. Which one is used depends on whether CAF's vendor copy is built (confidence: low)
proprietary/vendor/lib/libcamxstatscore.so	libc++.so	PLATFORM	bionic NDK compat lib, LineageOS/android_bionic (manifest default.xml:37); /system/lib64
proprietary/vendor/lib/libcamxstatscore.so	libc.so	PLATFORM	bionic, LineageOS/android_bionic (manifest default.xml:37); /system/lib64 + apex com.android.runtime/lib64/bionic
proprietary/vendor/lib/libcamxstatscore.so	libcutils.so	PLATFORM	bionic libcutils, LineageOS/android_bionic (manifest default.xml:37); /system/lib64
proprietary/vendor/lib/libcamxstatscore.so	libdl.so	PLATFORM	bionic, LineageOS/android_bionic (manifest default.xml:37)
proprietary/vendor/lib/libcamxstatscore.so	liblog.so	PLATFORM	bionic, LineageOS/android_bionic (manifest default.xml:37); /system/lib64
proprietary/vendor/lib/libcamxstatscore.so	libm.so	PLATFORM	bionic, LineageOS/android_bionic (manifest default.xml:37)
proprietary/vendor/lib/libcamxstatscore.so	libsync.so	VENDOR-ELSEWHERE	CAF builds a vendor libsync for the camera/multi-media HALs; AOSP frameworks/av also has media/libsync -> /system/lib64. Which one is used depends on whether CAF's vendor copy is built (confidence: low)
proprietary/vendor/lib/libcamxswprocessalgo.so	libc++.so	PLATFORM	bionic NDK compat lib, LineageOS/android_bionic (manifest default.xml:37); /system/lib64
proprietary/vendor/lib/libcamxswprocessalgo.so	libc.so	PLATFORM	bionic, LineageOS/android_bionic (manifest default.xml:37); /system/lib64 + apex com.android.runtime/lib64/bionic
proprietary/vendor/lib/libcamxswprocessalgo.so	libcutils.so	PLATFORM	bionic libcutils, LineageOS/android_bionic (manifest default.xml:37); /system/lib64
proprietary/vendor/lib/libcamxswprocessalgo.so	libdl.so	PLATFORM	bionic, LineageOS/android_bionic (manifest default.xml:37)
proprietary/vendor/lib/libcamxswprocessalgo.so	liblog.so	PLATFORM	bionic, LineageOS/android_bionic (manifest default.xml:37); /system/lib64
proprietary/vendor/lib/libcamxswprocessalgo.so	libm.so	PLATFORM	bionic, LineageOS/android_bionic (manifest default.xml:37)
proprietary/vendor/lib/libcamxswprocessalgo.so	libsync.so	VENDOR-ELSEWHERE	CAF builds a vendor libsync for the camera/multi-media HALs; AOSP frameworks/av also has media/libsync -> /system/lib64. Which one is used depends on whether CAF's vendor copy is built (confidence: low)
proprietary/vendor/lib/libcamxtintlessalgo.so	libc++.so	PLATFORM	bionic NDK compat lib, LineageOS/android_bionic (manifest default.xml:37); /system/lib64
proprietary/vendor/lib/libcamxtintlessalgo.so	libc.so	PLATFORM	bionic, LineageOS/android_bionic (manifest default.xml:37); /system/lib64 + apex com.android.runtime/lib64/bionic
proprietary/vendor/lib/libcamxtintlessalgo.so	libcutils.so	PLATFORM	bionic libcutils, LineageOS/android_bionic (manifest default.xml:37); /system/lib64
proprietary/vendor/lib/libcamxtintlessalgo.so	libdl.so	PLATFORM	bionic, LineageOS/android_bionic (manifest default.xml:37)
proprietary/vendor/lib/libcamxtintlessalgo.so	liblog.so	PLATFORM	bionic, LineageOS/android_bionic (manifest default.xml:37); /system/lib64
proprietary/vendor/lib/libcamxtintlessalgo.so	libm.so	PLATFORM	bionic, LineageOS/android_bionic (manifest default.xml:37)
proprietary/vendor/lib/libcamxtintlessalgo.so	libsync.so	VENDOR-ELSEWHERE	CAF builds a vendor libsync for the camera/multi-media HALs; AOSP frameworks/av also has media/libsync -> /system/lib64. Which one is used depends on whether CAF's vendor copy is built (confidence: low)
proprietary/vendor/lib/libcapiv2svacnn.so	libc++.so	PLATFORM	bionic NDK compat lib, LineageOS/android_bionic (manifest default.xml:37); /system/lib64
proprietary/vendor/lib/libcapiv2svacnn.so	libc.so	PLATFORM	bionic, LineageOS/android_bionic (manifest default.xml:37); /system/lib64 + apex com.android.runtime/lib64/bionic
proprietary/vendor/lib/libcapiv2svacnn.so	libcutils.so	PLATFORM	bionic libcutils, LineageOS/android_bionic (manifest default.xml:37); /system/lib64
proprietary/vendor/lib/libcapiv2svacnn.so	libdl.so	PLATFORM	bionic, LineageOS/android_bionic (manifest default.xml:37)
proprietary/vendor/lib/libcapiv2svacnn.so	liblog.so	PLATFORM	bionic, LineageOS/android_bionic (manifest default.xml:37); /system/lib64
proprietary/vendor/lib/libcapiv2svacnn.so	libm.so	PLATFORM	bionic, LineageOS/android_bionic (manifest default.xml:37)
proprietary/vendor/lib/libcapiv2vop.so	libc++.so	PLATFORM	bionic NDK compat lib, LineageOS/android_bionic (manifest default.xml:37); /system/lib64
proprietary/vendor/lib/libcapiv2vop.so	libc.so	PLATFORM	bionic, LineageOS/android_bionic (manifest default.xml:37); /system/lib64 + apex com.android.runtime/lib64/bionic
proprietary/vendor/lib/libcapiv2vop.so	libcutils.so	PLATFORM	bionic libcutils, LineageOS/android_bionic (manifest default.xml:37); /system/lib64
proprietary/vendor/lib/libcapiv2vop.so	libdl.so	PLATFORM	bionic, LineageOS/android_bionic (manifest default.xml:37)
proprietary/vendor/lib/libcapiv2vop.so	liblog.so	PLATFORM	bionic, LineageOS/android_bionic (manifest default.xml:37); /system/lib64
proprietary/vendor/lib/libcapiv2vop.so	libm.so	PLATFORM	bionic, LineageOS/android_bionic (manifest default.xml:37)
proprietary/vendor/lib/libcdfw.so	libc++.so	PLATFORM	bionic NDK compat lib, LineageOS/android_bionic (manifest default.xml:37); /system/lib64
proprietary/vendor/lib/libcdfw.so	libc.so	PLATFORM	bionic, LineageOS/android_bionic (manifest default.xml:37); /system/lib64 + apex com.android.runtime/lib64/bionic
proprietary/vendor/lib/libcdfw.so	libdl.so	PLATFORM	bionic, LineageOS/android_bionic (manifest default.xml:37)
proprietary/vendor/lib/libcdfw.so	libgps.utils.so	VENDOR	shipped in this repo as proprietary/vendor/lib/libgps.utils.so
proprietary/vendor/lib/libcdfw.so	liblog.so	PLATFORM	bionic, LineageOS/android_bionic (manifest default.xml:37); /system/lib64
proprietary/vendor/lib/libcdfw.so	libm.so	PLATFORM	bionic, LineageOS/android_bionic (manifest default.xml:37)
proprietary/vendor/lib/libcdfw_remote_api.so	libc++.so	PLATFORM	bionic NDK compat lib, LineageOS/android_bionic (manifest default.xml:37); /system/lib64
proprietary/vendor/lib/libcdfw_remote_api.so	libc.so	PLATFORM	bionic, LineageOS/android_bionic (manifest default.xml:37); /system/lib64 + apex com.android.runtime/lib64/bionic
proprietary/vendor/lib/libcdfw_remote_api.so	libdl.so	PLATFORM	bionic, LineageOS/android_bionic (manifest default.xml:37)
proprietary/vendor/lib/libcdfw_remote_api.so	libgps.utils.so	VENDOR	shipped in this repo as proprietary/vendor/lib/libgps.utils.so
proprietary/vendor/lib/libcdfw_remote_api.so	liblog.so	PLATFORM	bionic, LineageOS/android_bionic (manifest default.xml:37); /system/lib64
proprietary/vendor/lib/libcdfw_remote_api.so	libm.so	PLATFORM	bionic, LineageOS/android_bionic (manifest default.xml:37)
proprietary/vendor/lib/libcdsp_default_listener.so	libc++.so	PLATFORM	bionic NDK compat lib, LineageOS/android_bionic (manifest default.xml:37); /system/lib64
proprietary/vendor/lib/libcdsp_default_listener.so	libc.so	PLATFORM	bionic, LineageOS/android_bionic (manifest default.xml:37); /system/lib64 + apex com.android.runtime/lib64/bionic
proprietary/vendor/lib/libcdsp_default_listener.so	libcdsprpc.so	VENDOR	shipped in this repo as proprietary/vendor/lib/libcdsprpc.so
proprietary/vendor/lib/libcdsp_default_listener.so	libdl.so	PLATFORM	bionic, LineageOS/android_bionic (manifest default.xml:37)
proprietary/vendor/lib/libcdsp_default_listener.so	liblog.so	PLATFORM	bionic, LineageOS/android_bionic (manifest default.xml:37); /system/lib64
proprietary/vendor/lib/libcdsp_default_listener.so	libm.so	PLATFORM	bionic, LineageOS/android_bionic (manifest default.xml:37)
proprietary/vendor/lib/libcdsprpc.so	libc++.so	PLATFORM	bionic NDK compat lib, LineageOS/android_bionic (manifest default.xml:37); /system/lib64
proprietary/vendor/lib/libcdsprpc.so	libc.so	PLATFORM	bionic, LineageOS/android_bionic (manifest default.xml:37); /system/lib64 + apex com.android.runtime/lib64/bionic
proprietary/vendor/lib/libcdsprpc.so	libcutils.so	PLATFORM	bionic libcutils, LineageOS/android_bionic (manifest default.xml:37); /system/lib64
proprietary/vendor/lib/libcdsprpc.so	libdl.so	PLATFORM	bionic, LineageOS/android_bionic (manifest default.xml:37)
proprietary/vendor/lib/libcdsprpc.so	libhardware.so	PLATFORM	AOSP hardware/interfaces, hardware/interfaces lineage-23.2 @13d687a84c83 (.hal present)
proprietary/vendor/lib/libcdsprpc.so	libhidlbase.so	PLATFORM	system/libhidl module 'libhidlbase', system/libhidl lineage-22.2 @2bfb10b64fcfa (module names); manifest default.xml:912 (system/libhidl, remote=aosp)
proprietary/vendor/lib/libcdsprpc.so	libion.so	PLATFORM	AOSP system/memory/libion, manifest default.xml:924
proprietary/vendor/lib/libcdsprpc.so	liblog.so	PLATFORM	bionic, LineageOS/android_bionic (manifest default.xml:37); /system/lib64
proprietary/vendor/lib/libcdsprpc.so	libm.so	PLATFORM	bionic, LineageOS/android_bionic (manifest default.xml:37)
proprietary/vendor/lib/libcdsprpc.so	libutils.so	PLATFORM	bionic libutils, LineageOS/android_bionic (manifest default.xml:37); /system/lib64
proprietary/vendor/lib/libcdsprpc.so	vendor.qti.hardware.dsp@1.0.so	VENDOR	shipped in this repo as proprietary/vendor/lib/vendor.qti.hardware.dsp@1.0.so
proprietary/vendor/lib/libchiss3alogdebug.so	libc++.so	PLATFORM	bionic NDK compat lib, LineageOS/android_bionic (manifest default.xml:37); /system/lib64
proprietary/vendor/lib/libchiss3alogdebug.so	libc.so	PLATFORM	bionic, LineageOS/android_bionic (manifest default.xml:37); /system/lib64 + apex com.android.runtime/lib64/bionic
proprietary/vendor/lib/libchiss3alogdebug.so	libcutils.so	PLATFORM	bionic libcutils, LineageOS/android_bionic (manifest default.xml:37); /system/lib64
proprietary/vendor/lib/libchiss3alogdebug.so	libdl.so	PLATFORM	bionic, LineageOS/android_bionic (manifest default.xml:37)
proprietary/vendor/lib/libchiss3alogdebug.so	liblog.so	PLATFORM	bionic, LineageOS/android_bionic (manifest default.xml:37); /system/lib64
proprietary/vendor/lib/libchiss3alogdebug.so	libm.so	PLATFORM	bionic, LineageOS/android_bionic (manifest default.xml:37)
proprietary/vendor/lib/libchiss3alogdebug.so	libsync.so	VENDOR-ELSEWHERE	CAF builds a vendor libsync for the camera/multi-media HALs; AOSP frameworks/av also has media/libsync -> /system/lib64. Which one is used depends on whether CAF's vendor copy is built (confidence: low)
proprietary/vendor/lib/libcom.qti.chinodeutils.so	libc++.so	PLATFORM	bionic NDK compat lib, LineageOS/android_bionic (manifest default.xml:37); /system/lib64
proprietary/vendor/lib/libcom.qti.chinodeutils.so	libc.so	PLATFORM	bionic, LineageOS/android_bionic (manifest default.xml:37); /system/lib64 + apex com.android.runtime/lib64/bionic
proprietary/vendor/lib/libcom.qti.chinodeutils.so	libcamera_metadata.so	PLATFORM	frameworks/av (manifest default.xml:597) media/libcamera_metadata
proprietary/vendor/lib/libcom.qti.chinodeutils.so	libdl.so	PLATFORM	bionic, LineageOS/android_bionic (manifest default.xml:37)
proprietary/vendor/lib/libcom.qti.chinodeutils.so	liblog.so	PLATFORM	bionic, LineageOS/android_bionic (manifest default.xml:37); /system/lib64
proprietary/vendor/lib/libcom.qti.chinodeutils.so	libm.so	PLATFORM	bionic, LineageOS/android_bionic (manifest default.xml:37)
proprietary/vendor/lib/libcpion.so	libc++.so	PLATFORM	bionic NDK compat lib, LineageOS/android_bionic (manifest default.xml:37); /system/lib64
proprietary/vendor/lib/libcpion.so	libc.so	PLATFORM	bionic, LineageOS/android_bionic (manifest default.xml:37); /system/lib64 + apex com.android.runtime/lib64/bionic
proprietary/vendor/lib/libcpion.so	libdl.so	PLATFORM	bionic, LineageOS/android_bionic (manifest default.xml:37)
proprietary/vendor/lib/libcpion.so	libion.so	PLATFORM	AOSP system/memory/libion, manifest default.xml:924
proprietary/vendor/lib/libcpion.so	liblog.so	PLATFORM	bionic, LineageOS/android_bionic (manifest default.xml:37); /system/lib64
proprietary/vendor/lib/libcpion.so	libm.so	PLATFORM	bionic, LineageOS/android_bionic (manifest default.xml:37)
proprietary/vendor/lib/libdataitems.so	libc++.so	PLATFORM	bionic NDK compat lib, LineageOS/android_bionic (manifest default.xml:37); /system/lib64
proprietary/vendor/lib/libdataitems.so	libc.so	PLATFORM	bionic, LineageOS/android_bionic (manifest default.xml:37); /system/lib64 + apex com.android.runtime/lib64/bionic
proprietary/vendor/lib/libdataitems.so	libcutils.so	PLATFORM	bionic libcutils, LineageOS/android_bionic (manifest default.xml:37); /system/lib64
proprietary/vendor/lib/libdataitems.so	libdl.so	PLATFORM	bionic, LineageOS/android_bionic (manifest default.xml:37)
proprietary/vendor/lib/libdataitems.so	libgps.utils.so	VENDOR	shipped in this repo as proprietary/vendor/lib/libgps.utils.so
proprietary/vendor/lib/libdataitems.so	liblog.so	PLATFORM	bionic, LineageOS/android_bionic (manifest default.xml:37); /system/lib64
proprietary/vendor/lib/libdataitems.so	libm.so	PLATFORM	bionic, LineageOS/android_bionic (manifest default.xml:37)
proprietary/vendor/lib/libdataitems.so	libutils.so	PLATFORM	bionic libutils, LineageOS/android_bionic (manifest default.xml:37); /system/lib64
proprietary/vendor/lib/libdiag.so	libc++.so	PLATFORM	bionic NDK compat lib, LineageOS/android_bionic (manifest default.xml:37); /system/lib64
proprietary/vendor/lib/libdiag.so	libc.so	PLATFORM	bionic, LineageOS/android_bionic (manifest default.xml:37); /system/lib64 + apex com.android.runtime/lib64/bionic
proprietary/vendor/lib/libdiag.so	libcutils.so	PLATFORM	bionic libcutils, LineageOS/android_bionic (manifest default.xml:37); /system/lib64
proprietary/vendor/lib/libdiag.so	libdl.so	PLATFORM	bionic, LineageOS/android_bionic (manifest default.xml:37)
proprietary/vendor/lib/libdiag.so	liblog.so	PLATFORM	bionic, LineageOS/android_bionic (manifest default.xml:37); /system/lib64
proprietary/vendor/lib/libdiag.so	libm.so	PLATFORM	bionic, LineageOS/android_bionic (manifest default.xml:37)
proprietary/vendor/lib/libdiagjni.so	libc++.so	PLATFORM	bionic NDK compat lib, LineageOS/android_bionic (manifest default.xml:37); /system/lib64
proprietary/vendor/lib/libdiagjni.so	libc.so	PLATFORM	bionic, LineageOS/android_bionic (manifest default.xml:37); /system/lib64 + apex com.android.runtime/lib64/bionic
proprietary/vendor/lib/libdiagjni.so	libcutils.so	PLATFORM	bionic libcutils, LineageOS/android_bionic (manifest default.xml:37); /system/lib64
proprietary/vendor/lib/libdiagjni.so	libdiag.so	VENDOR	shipped in this repo as proprietary/vendor/lib/libdiag.so
proprietary/vendor/lib/libdiagjni.so	libdl.so	PLATFORM	bionic, LineageOS/android_bionic (manifest default.xml:37)
proprietary/vendor/lib/libdiagjni.so	liblog.so	PLATFORM	bionic, LineageOS/android_bionic (manifest default.xml:37); /system/lib64
proprietary/vendor/lib/libdiagjni.so	libm.so	PLATFORM	bionic, LineageOS/android_bionic (manifest default.xml:37)
proprietary/vendor/lib/libdiagjni.so	libtime_genoff.so	VENDOR	shipped in this repo as proprietary/vendor/lib/libtime_genoff.so
proprietary/vendor/lib/libdisp-aba.so	libc++.so	PLATFORM	bionic NDK compat lib, LineageOS/android_bionic (manifest default.xml:37); /system/lib64
proprietary/vendor/lib/libdisp-aba.so	libc.so	PLATFORM	bionic, LineageOS/android_bionic (manifest default.xml:37); /system/lib64 + apex com.android.runtime/lib64/bionic
proprietary/vendor/lib/libdisp-aba.so	libcutils.so	PLATFORM	bionic libcutils, LineageOS/android_bionic (manifest default.xml:37); /system/lib64
proprietary/vendor/lib/libdisp-aba.so	libdl.so	PLATFORM	bionic, LineageOS/android_bionic (manifest default.xml:37)
proprietary/vendor/lib/libdisp-aba.so	liblog.so	PLATFORM	bionic, LineageOS/android_bionic (manifest default.xml:37); /system/lib64
proprietary/vendor/lib/libdisp-aba.so	libm.so	PLATFORM	bionic, LineageOS/android_bionic (manifest default.xml:37)
proprietary/vendor/lib/libdisplayqos.so	libc++.so	PLATFORM	bionic NDK compat lib, LineageOS/android_bionic (manifest default.xml:37); /system/lib64
proprietary/vendor/lib/libdisplayqos.so	libc.so	PLATFORM	bionic, LineageOS/android_bionic (manifest default.xml:37); /system/lib64 + apex com.android.runtime/lib64/bionic
proprietary/vendor/lib/libdisplayqos.so	libdl.so	PLATFORM	bionic, LineageOS/android_bionic (manifest default.xml:37)
proprietary/vendor/lib/libdisplayqos.so	libm.so	PLATFORM	bionic, LineageOS/android_bionic (manifest default.xml:37)
proprietary/vendor/lib/libdrmfs.so	libQSEEComAPI.so	VENDOR	shipped in this repo as proprietary/vendor/lib/libQSEEComAPI.so
proprietary/vendor/lib/libdrmfs.so	libc++.so	PLATFORM	bionic NDK compat lib, LineageOS/android_bionic (manifest default.xml:37); /system/lib64
proprietary/vendor/lib/libdrmfs.so	libc.so	PLATFORM	bionic, LineageOS/android_bionic (manifest default.xml:37); /system/lib64 + apex com.android.runtime/lib64/bionic
proprietary/vendor/lib/libdrmfs.so	libcutils.so	PLATFORM	bionic libcutils, LineageOS/android_bionic (manifest default.xml:37); /system/lib64
proprietary/vendor/lib/libdrmfs.so	libdiag.so	VENDOR	shipped in this repo as proprietary/vendor/lib/libdiag.so
proprietary/vendor/lib/libdrmfs.so	libdl.so	PLATFORM	bionic, LineageOS/android_bionic (manifest default.xml:37)
proprietary/vendor/lib/libdrmfs.so	liblog.so	PLATFORM	bionic, LineageOS/android_bionic (manifest default.xml:37); /system/lib64
proprietary/vendor/lib/libdrmfs.so	libm.so	PLATFORM	bionic, LineageOS/android_bionic (manifest default.xml:37)
proprietary/vendor/lib/libdrmfs.so	libutils.so	PLATFORM	bionic libutils, LineageOS/android_bionic (manifest default.xml:37); /system/lib64
proprietary/vendor/lib/libdrmfs.so	libxml2.so	PLATFORM	external/libxml2, manifest default.xml:346
proprietary/vendor/lib/libdrmtime.so	libQSEEComAPI.so	VENDOR	shipped in this repo as proprietary/vendor/lib/libQSEEComAPI.so
proprietary/vendor/lib/libdrmtime.so	libc++.so	PLATFORM	bionic NDK compat lib, LineageOS/android_bionic (manifest default.xml:37); /system/lib64
proprietary/vendor/lib/libdrmtime.so	libc.so	PLATFORM	bionic, LineageOS/android_bionic (manifest default.xml:37); /system/lib64 + apex com.android.runtime/lib64/bionic
proprietary/vendor/lib/libdrmtime.so	libcutils.so	PLATFORM	bionic libcutils, LineageOS/android_bionic (manifest default.xml:37); /system/lib64
proprietary/vendor/lib/libdrmtime.so	libdiag.so	VENDOR	shipped in this repo as proprietary/vendor/lib/libdiag.so
proprietary/vendor/lib/libdrmtime.so	libdl.so	PLATFORM	bionic, LineageOS/android_bionic (manifest default.xml:37)
proprietary/vendor/lib/libdrmtime.so	liblog.so	PLATFORM	bionic, LineageOS/android_bionic (manifest default.xml:37); /system/lib64
proprietary/vendor/lib/libdrmtime.so	libm.so	PLATFORM	bionic, LineageOS/android_bionic (manifest default.xml:37)
proprietary/vendor/lib/libdrmtime.so	libtime_genoff.so	VENDOR	shipped in this repo as proprietary/vendor/lib/libtime_genoff.so
proprietary/vendor/lib/libdrmtime.so	libutils.so	PLATFORM	bionic libutils, LineageOS/android_bionic (manifest default.xml:37); /system/lib64
proprietary/vendor/lib/libdsutils.so	libc++.so	PLATFORM	bionic NDK compat lib, LineageOS/android_bionic (manifest default.xml:37); /system/lib64
proprietary/vendor/lib/libdsutils.so	libc.so	PLATFORM	bionic, LineageOS/android_bionic (manifest default.xml:37); /system/lib64 + apex com.android.runtime/lib64/bionic
proprietary/vendor/lib/libdsutils.so	libcutils.so	PLATFORM	bionic libcutils, LineageOS/android_bionic (manifest default.xml:37); /system/lib64
proprietary/vendor/lib/libdsutils.so	libdiag.so	VENDOR	shipped in this repo as proprietary/vendor/lib/libdiag.so
proprietary/vendor/lib/libdsutils.so	libdl.so	PLATFORM	bionic, LineageOS/android_bionic (manifest default.xml:37)
proprietary/vendor/lib/libdsutils.so	liblog.so	PLATFORM	bionic, LineageOS/android_bionic (manifest default.xml:37); /system/lib64
proprietary/vendor/lib/libdsutils.so	libm.so	PLATFORM	bionic, LineageOS/android_bionic (manifest default.xml:37)
proprietary/vendor/lib/libdsutils.so	libmdmdetect.so	VENDOR	shipped in this repo as proprietary/vendor/lib/libmdmdetect.so
proprietary/vendor/lib/libdsutils.so	libnetutils.so	PLATFORM	frameworks/native (manifest default.xml:613) libs/netutils
proprietary/vendor/lib/libdualcam_optical_zoom_control.so	libc.so	PLATFORM	bionic, LineageOS/android_bionic (manifest default.xml:37); /system/lib64 + apex com.android.runtime/lib64/bionic
proprietary/vendor/lib/libdualcam_optical_zoom_control.so	libdl.so	PLATFORM	bionic, LineageOS/android_bionic (manifest default.xml:37)
proprietary/vendor/lib/libdualcam_optical_zoom_control.so	liblog.so	PLATFORM	bionic, LineageOS/android_bionic (manifest default.xml:37); /system/lib64
proprietary/vendor/lib/libdualcam_optical_zoom_control.so	libm.so	PLATFORM	bionic, LineageOS/android_bionic (manifest default.xml:37)
proprietary/vendor/lib/libdualcam_optical_zoom_control.so	libmpbase.so	VENDOR	shipped in this repo as proprietary/vendor/lib/libmpbase.so
proprietary/vendor/lib/libegis_fp_normal_sensor_test.so	libc.so	PLATFORM	bionic, LineageOS/android_bionic (manifest default.xml:37); /system/lib64 + apex com.android.runtime/lib64/bionic
proprietary/vendor/lib/libegis_fp_normal_sensor_test.so	liblog.so	PLATFORM	bionic, LineageOS/android_bionic (manifest default.xml:37); /system/lib64
proprietary/vendor/lib/libegis_fp_normal_sensor_test.so	libm.so	PLATFORM	bionic, LineageOS/android_bionic (manifest default.xml:37)
proprietary/vendor/lib/libfastcrc.so	libc++.so	PLATFORM	bionic NDK compat lib, LineageOS/android_bionic (manifest default.xml:37); /system/lib64
proprietary/vendor/lib/libfastcrc.so	libc.so	PLATFORM	bionic, LineageOS/android_bionic (manifest default.xml:37); /system/lib64 + apex com.android.runtime/lib64/bionic
proprietary/vendor/lib/libfastcrc.so	libcutils.so	PLATFORM	bionic libcutils, LineageOS/android_bionic (manifest default.xml:37); /system/lib64
proprietary/vendor/lib/libfastcrc.so	libdl.so	PLATFORM	bionic, LineageOS/android_bionic (manifest default.xml:37)
proprietary/vendor/lib/libfastcrc.so	liblog.so	PLATFORM	bionic, LineageOS/android_bionic (manifest default.xml:37); /system/lib64
proprietary/vendor/lib/libfastcrc.so	libm.so	PLATFORM	bionic, LineageOS/android_bionic (manifest default.xml:37)
proprietary/vendor/lib/libfastcvdsp_stub.so	libc++.so	PLATFORM	bionic NDK compat lib, LineageOS/android_bionic (manifest default.xml:37); /system/lib64
proprietary/vendor/lib/libfastcvdsp_stub.so	libc.so	PLATFORM	bionic, LineageOS/android_bionic (manifest default.xml:37); /system/lib64 + apex com.android.runtime/lib64/bionic
proprietary/vendor/lib/libfastcvdsp_stub.so	libcdsprpc.so	VENDOR	shipped in this repo as proprietary/vendor/lib/libcdsprpc.so
proprietary/vendor/lib/libfastcvdsp_stub.so	libdl.so	PLATFORM	bionic, LineageOS/android_bionic (manifest default.xml:37)
proprietary/vendor/lib/libfastcvdsp_stub.so	liblog.so	PLATFORM	bionic, LineageOS/android_bionic (manifest default.xml:37); /system/lib64
proprietary/vendor/lib/libfastcvdsp_stub.so	libm.so	PLATFORM	bionic, LineageOS/android_bionic (manifest default.xml:37)
proprietary/vendor/lib/libfastcvopt.so	libOpenCL.so	VENDOR	shipped in this repo as proprietary/vendor/lib/libOpenCL.so
proprietary/vendor/lib/libfastcvopt.so	libc++.so	PLATFORM	bionic NDK compat lib, LineageOS/android_bionic (manifest default.xml:37); /system/lib64
proprietary/vendor/lib/libfastcvopt.so	libc.so	PLATFORM	bionic, LineageOS/android_bionic (manifest default.xml:37); /system/lib64 + apex com.android.runtime/lib64/bionic
proprietary/vendor/lib/libfastcvopt.so	libcdsprpc.so	VENDOR	shipped in this repo as proprietary/vendor/lib/libcdsprpc.so
proprietary/vendor/lib/libfastcvopt.so	libdl.so	PLATFORM	bionic, LineageOS/android_bionic (manifest default.xml:37)
proprietary/vendor/lib/libfastcvopt.so	libfastcvdsp_stub.so	VENDOR	shipped in this repo as proprietary/vendor/lib/libfastcvdsp_stub.so
proprietary/vendor/lib/libfastcvopt.so	libion.so	PLATFORM	AOSP system/memory/libion, manifest default.xml:924
proprietary/vendor/lib/libfastcvopt.so	liblog.so	PLATFORM	bionic, LineageOS/android_bionic (manifest default.xml:37); /system/lib64
proprietary/vendor/lib/libfastcvopt.so	libm.so	PLATFORM	bionic, LineageOS/android_bionic (manifest default.xml:37)
proprietary/vendor/lib/libfloatingfeature.so	libc++.so	PLATFORM	bionic NDK compat lib, LineageOS/android_bionic (manifest default.xml:37); /system/lib64
proprietary/vendor/lib/libfloatingfeature.so	libc.so	PLATFORM	bionic, LineageOS/android_bionic (manifest default.xml:37); /system/lib64 + apex com.android.runtime/lib64/bionic
proprietary/vendor/lib/libfloatingfeature.so	libdl.so	PLATFORM	bionic, LineageOS/android_bionic (manifest default.xml:37)
proprietary/vendor/lib/libfloatingfeature.so	libexpat.so	PLATFORM	external/expat, manifest default.xml:158
proprietary/vendor/lib/libfloatingfeature.so	libm.so	PLATFORM	bionic, LineageOS/android_bionic (manifest default.xml:37)
proprietary/vendor/lib/libgcs-calwrapper.so	libc++.so	PLATFORM	bionic NDK compat lib, LineageOS/android_bionic (manifest default.xml:37); /system/lib64
proprietary/vendor/lib/libgcs-calwrapper.so	libc.so	PLATFORM	bionic, LineageOS/android_bionic (manifest default.xml:37); /system/lib64 + apex com.android.runtime/lib64/bionic
proprietary/vendor/lib/libgcs-calwrapper.so	libdl.so	PLATFORM	bionic, LineageOS/android_bionic (manifest default.xml:37)
proprietary/vendor/lib/libgcs-calwrapper.so	libgcs-osal.so	VENDOR	shipped in this repo as proprietary/vendor/lib/libgcs-osal.so
proprietary/vendor/lib/libgcs-calwrapper.so	liblog.so	PLATFORM	bionic, LineageOS/android_bionic (manifest default.xml:37); /system/lib64
proprietary/vendor/lib/libgcs-calwrapper.so	libm.so	PLATFORM	bionic, LineageOS/android_bionic (manifest default.xml:37)
proprietary/vendor/lib/libgcs-ipc.so	libc++.so	PLATFORM	bionic NDK compat lib, LineageOS/android_bionic (manifest default.xml:37); /system/lib64
proprietary/vendor/lib/libgcs-ipc.so	libc.so	PLATFORM	bionic, LineageOS/android_bionic (manifest default.xml:37); /system/lib64 + apex com.android.runtime/lib64/bionic
proprietary/vendor/lib/libgcs-ipc.so	libdl.so	PLATFORM	bionic, LineageOS/android_bionic (manifest default.xml:37)
proprietary/vendor/lib/libgcs-ipc.so	libexpat.so	PLATFORM	external/expat, manifest default.xml:158
proprietary/vendor/lib/libgcs-ipc.so	libgcs-osal.so	VENDOR	shipped in this repo as proprietary/vendor/lib/libgcs-osal.so
proprietary/vendor/lib/libgcs-ipc.so	liblog.so	PLATFORM	bionic, LineageOS/android_bionic (manifest default.xml:37); /system/lib64
proprietary/vendor/lib/libgcs-ipc.so	libm.so	PLATFORM	bionic, LineageOS/android_bionic (manifest default.xml:37)
proprietary/vendor/lib/libgcs-osal.so	libc++.so	PLATFORM	bionic NDK compat lib, LineageOS/android_bionic (manifest default.xml:37); /system/lib64
proprietary/vendor/lib/libgcs-osal.so	libc.so	PLATFORM	bionic, LineageOS/android_bionic (manifest default.xml:37); /system/lib64 + apex com.android.runtime/lib64/bionic
proprietary/vendor/lib/libgcs-osal.so	libdl.so	PLATFORM	bionic, LineageOS/android_bionic (manifest default.xml:37)
proprietary/vendor/lib/libgcs-osal.so	liblog.so	PLATFORM	bionic, LineageOS/android_bionic (manifest default.xml:37); /system/lib64
proprietary/vendor/lib/libgcs-osal.so	libm.so	PLATFORM	bionic, LineageOS/android_bionic (manifest default.xml:37)
proprietary/vendor/lib/libgcs.so	libc++.so	PLATFORM	bionic NDK compat lib, LineageOS/android_bionic (manifest default.xml:37); /system/lib64
proprietary/vendor/lib/libgcs.so	libc.so	PLATFORM	bionic, LineageOS/android_bionic (manifest default.xml:37); /system/lib64 + apex com.android.runtime/lib64/bionic
proprietary/vendor/lib/libgcs.so	libdl.so	PLATFORM	bionic, LineageOS/android_bionic (manifest default.xml:37)
proprietary/vendor/lib/libgcs.so	libgcs-calwrapper.so	VENDOR	shipped in this repo as proprietary/vendor/lib/libgcs-calwrapper.so
proprietary/vendor/lib/libgcs.so	libgcs-ipc.so	VENDOR	shipped in this repo as proprietary/vendor/lib/libgcs-ipc.so
proprietary/vendor/lib/libgcs.so	libgcs-osal.so	VENDOR	shipped in this repo as proprietary/vendor/lib/libgcs-osal.so
proprietary/vendor/lib/libgcs.so	liblog.so	PLATFORM	bionic, LineageOS/android_bionic (manifest default.xml:37); /system/lib64
proprietary/vendor/lib/libgcs.so	libm.so	PLATFORM	bionic, LineageOS/android_bionic (manifest default.xml:37)
proprietary/vendor/lib/libgeofencing.so	libc++.so	PLATFORM	bionic NDK compat lib, LineageOS/android_bionic (manifest default.xml:37); /system/lib64
proprietary/vendor/lib/libgeofencing.so	libc.so	PLATFORM	bionic, LineageOS/android_bionic (manifest default.xml:37); /system/lib64 + apex com.android.runtime/lib64/bionic
proprietary/vendor/lib/libgeofencing.so	libcutils.so	PLATFORM	bionic libcutils, LineageOS/android_bionic (manifest default.xml:37); /system/lib64
proprietary/vendor/lib/libgeofencing.so	libdl.so	PLATFORM	bionic, LineageOS/android_bionic (manifest default.xml:37)
proprietary/vendor/lib/libgeofencing.so	libgps.utils.so	VENDOR	shipped in this repo as proprietary/vendor/lib/libgps.utils.so
proprietary/vendor/lib/libgeofencing.so	libloc_core.so	VENDOR	shipped in this repo as proprietary/vendor/lib/libloc_core.so
proprietary/vendor/lib/libgeofencing.so	liblog.so	PLATFORM	bionic, LineageOS/android_bionic (manifest default.xml:37); /system/lib64
proprietary/vendor/lib/libgeofencing.so	libm.so	PLATFORM	bionic, LineageOS/android_bionic (manifest default.xml:37)
proprietary/vendor/lib/libgeofencing.so	libutils.so	PLATFORM	bionic libutils, LineageOS/android_bionic (manifest default.xml:37); /system/lib64
proprietary/vendor/lib/libgf_in_system_lib.so	libc++.so	PLATFORM	bionic NDK compat lib, LineageOS/android_bionic (manifest default.xml:37); /system/lib64
proprietary/vendor/lib/libgf_in_system_lib.so	libc.so	PLATFORM	bionic, LineageOS/android_bionic (manifest default.xml:37); /system/lib64 + apex com.android.runtime/lib64/bionic
proprietary/vendor/lib/libgf_in_system_lib.so	libcutils.so	PLATFORM	bionic libcutils, LineageOS/android_bionic (manifest default.xml:37); /system/lib64
proprietary/vendor/lib/libgf_in_system_lib.so	libdl.so	PLATFORM	bionic, LineageOS/android_bionic (manifest default.xml:37)
proprietary/vendor/lib/libgf_in_system_lib.so	liblog.so	PLATFORM	bionic, LineageOS/android_bionic (manifest default.xml:37); /system/lib64
proprietary/vendor/lib/libgf_in_system_lib.so	libm.so	PLATFORM	bionic, LineageOS/android_bionic (manifest default.xml:37)
proprietary/vendor/lib/libgnss.so	libc++.so	PLATFORM	bionic NDK compat lib, LineageOS/android_bionic (manifest default.xml:37); /system/lib64
proprietary/vendor/lib/libgnss.so	libc.so	PLATFORM	bionic, LineageOS/android_bionic (manifest default.xml:37); /system/lib64 + apex com.android.runtime/lib64/bionic
proprietary/vendor/lib/libgnss.so	libcutils.so	PLATFORM	bionic libcutils, LineageOS/android_bionic (manifest default.xml:37); /system/lib64
proprietary/vendor/lib/libgnss.so	libdl.so	PLATFORM	bionic, LineageOS/android_bionic (manifest default.xml:37)
proprietary/vendor/lib/libgnss.so	libgps.utils.so	VENDOR	shipped in this repo as proprietary/vendor/lib/libgps.utils.so
proprietary/vendor/lib/libgnss.so	libloc_core.so	VENDOR	shipped in this repo as proprietary/vendor/lib/libloc_core.so
proprietary/vendor/lib/libgnss.so	liblog.so	PLATFORM	bionic, LineageOS/android_bionic (manifest default.xml:37); /system/lib64
proprietary/vendor/lib/libgnss.so	libm.so	PLATFORM	bionic, LineageOS/android_bionic (manifest default.xml:37)
proprietary/vendor/lib/libgnss.so	libsecnativefeature.so	VENDOR	shipped in this repo as proprietary/vendor/lib/libsecnativefeature.so
proprietary/vendor/lib/libgnss.so	libsemnativecarrierfeature.so	VENDOR	shipped in this repo as proprietary/vendor/lib/libsemnativecarrierfeature.so
proprietary/vendor/lib/libgnss.so	libutils.so	PLATFORM	bionic libutils, LineageOS/android_bionic (manifest default.xml:37); /system/lib64
proprietary/vendor/lib/libgnsspps.so	libc++.so	PLATFORM	bionic NDK compat lib, LineageOS/android_bionic (manifest default.xml:37); /system/lib64
proprietary/vendor/lib/libgnsspps.so	libc.so	PLATFORM	bionic, LineageOS/android_bionic (manifest default.xml:37); /system/lib64 + apex com.android.runtime/lib64/bionic
proprietary/vendor/lib/libgnsspps.so	libcutils.so	PLATFORM	bionic libcutils, LineageOS/android_bionic (manifest default.xml:37); /system/lib64
proprietary/vendor/lib/libgnsspps.so	libdl.so	PLATFORM	bionic, LineageOS/android_bionic (manifest default.xml:37)
proprietary/vendor/lib/libgnsspps.so	libgps.utils.so	VENDOR	shipped in this repo as proprietary/vendor/lib/libgps.utils.so
proprietary/vendor/lib/libgnsspps.so	liblog.so	PLATFORM	bionic, LineageOS/android_bionic (manifest default.xml:37); /system/lib64
proprietary/vendor/lib/libgnsspps.so	libm.so	PLATFORM	bionic, LineageOS/android_bionic (manifest default.xml:37)
proprietary/vendor/lib/libgnsspps.so	libutils.so	PLATFORM	bionic libutils, LineageOS/android_bionic (manifest default.xml:37); /system/lib64
proprietary/vendor/lib/libgps.utils.so	libc++.so	PLATFORM	bionic NDK compat lib, LineageOS/android_bionic (manifest default.xml:37); /system/lib64
proprietary/vendor/lib/libgps.utils.so	libc.so	PLATFORM	bionic, LineageOS/android_bionic (manifest default.xml:37); /system/lib64 + apex com.android.runtime/lib64/bionic
proprietary/vendor/lib/libgps.utils.so	libcutils.so	PLATFORM	bionic libcutils, LineageOS/android_bionic (manifest default.xml:37); /system/lib64
proprietary/vendor/lib/libgps.utils.so	libdl.so	PLATFORM	bionic, LineageOS/android_bionic (manifest default.xml:37)
proprietary/vendor/lib/libgps.utils.so	liblog.so	PLATFORM	bionic, LineageOS/android_bionic (manifest default.xml:37); /system/lib64
proprietary/vendor/lib/libgps.utils.so	libm.so	PLATFORM	bionic, LineageOS/android_bionic (manifest default.xml:37)
proprietary/vendor/lib/libgps.utils.so	libprocessgroup.so	PLATFORM	bionic libprocessgroup, LineageOS/android_bionic (manifest default.xml:37); /system/lib64
proprietary/vendor/lib/libgps.utils.so	libsecnativefeature.so	VENDOR	shipped in this repo as proprietary/vendor/lib/libsecnativefeature.so
proprietary/vendor/lib/libgps.utils.so	libsemnativecarrierfeature.so	VENDOR	shipped in this repo as proprietary/vendor/lib/libsemnativecarrierfeature.so
proprietary/vendor/lib/libgps.utils.so	libutils.so	PLATFORM	bionic libutils, LineageOS/android_bionic (manifest default.xml:37); /system/lib64
proprietary/vendor/lib/libgpudataproducer.so	libc++.so	PLATFORM	bionic NDK compat lib, LineageOS/android_bionic (manifest default.xml:37); /system/lib64
proprietary/vendor/lib/libgpudataproducer.so	libc.so	PLATFORM	bionic, LineageOS/android_bionic (manifest default.xml:37); /system/lib64 + apex com.android.runtime/lib64/bionic
proprietary/vendor/lib/libgpudataproducer.so	libdl.so	PLATFORM	bionic, LineageOS/android_bionic (manifest default.xml:37)
proprietary/vendor/lib/libgpudataproducer.so	liblog.so	PLATFORM	bionic, LineageOS/android_bionic (manifest default.xml:37); /system/lib64
proprietary/vendor/lib/libgpudataproducer.so	libm.so	PLATFORM	bionic, LineageOS/android_bionic (manifest default.xml:37)
proprietary/vendor/lib/libgpudataproducer.so	libz.so	PLATFORM	external/zlib, manifest default.xml:592
proprietary/vendor/lib/libgsl.so	libc++.so	PLATFORM	bionic NDK compat lib, LineageOS/android_bionic (manifest default.xml:37); /system/lib64
proprietary/vendor/lib/libgsl.so	libc.so	PLATFORM	bionic, LineageOS/android_bionic (manifest default.xml:37); /system/lib64 + apex com.android.runtime/lib64/bionic
proprietary/vendor/lib/libgsl.so	libcutils.so	PLATFORM	bionic libcutils, LineageOS/android_bionic (manifest default.xml:37); /system/lib64
proprietary/vendor/lib/libgsl.so	libdl.so	PLATFORM	bionic, LineageOS/android_bionic (manifest default.xml:37)
proprietary/vendor/lib/libgsl.so	liblog.so	PLATFORM	bionic, LineageOS/android_bionic (manifest default.xml:37); /system/lib64
proprietary/vendor/lib/libgsl.so	libm.so	PLATFORM	bionic, LineageOS/android_bionic (manifest default.xml:37)
proprietary/vendor/lib/libgsl.so	libsync.so	VENDOR-ELSEWHERE	CAF builds a vendor libsync for the camera/multi-media HALs; AOSP frameworks/av also has media/libsync -> /system/lib64. Which one is used depends on whether CAF's vendor copy is built (confidence: low)
proprietary/vendor/lib/libgsl.so	libz.so	PLATFORM	external/zlib, manifest default.xml:592
proprietary/vendor/lib/libhdcpsrm.so	libQSEEComAPI.so	VENDOR	shipped in this repo as proprietary/vendor/lib/libQSEEComAPI.so
proprietary/vendor/lib/libhdcpsrm.so	libc++.so	PLATFORM	bionic NDK compat lib, LineageOS/android_bionic (manifest default.xml:37); /system/lib64
proprietary/vendor/lib/libhdcpsrm.so	libc.so	PLATFORM	bionic, LineageOS/android_bionic (manifest default.xml:37); /system/lib64 + apex com.android.runtime/lib64/bionic
proprietary/vendor/lib/libhdcpsrm.so	libdl.so	PLATFORM	bionic, LineageOS/android_bionic (manifest default.xml:37)
proprietary/vendor/lib/libhdcpsrm.so	liblog.so	PLATFORM	bionic, LineageOS/android_bionic (manifest default.xml:37); /system/lib64
proprietary/vendor/lib/libhdcpsrm.so	libm.so	PLATFORM	bionic, LineageOS/android_bionic (manifest default.xml:37)
proprietary/vendor/lib/libhdr_tm.so	libc++.so	PLATFORM	bionic NDK compat lib, LineageOS/android_bionic (manifest default.xml:37); /system/lib64
proprietary/vendor/lib/libhdr_tm.so	libc.so	PLATFORM	bionic, LineageOS/android_bionic (manifest default.xml:37); /system/lib64 + apex com.android.runtime/lib64/bionic
proprietary/vendor/lib/libhdr_tm.so	libcutils.so	PLATFORM	bionic libcutils, LineageOS/android_bionic (manifest default.xml:37); /system/lib64
proprietary/vendor/lib/libhdr_tm.so	libdl.so	PLATFORM	bionic, LineageOS/android_bionic (manifest default.xml:37)
proprietary/vendor/lib/libhdr_tm.so	liblog.so	PLATFORM	bionic, LineageOS/android_bionic (manifest default.xml:37); /system/lib64
proprietary/vendor/lib/libhdr_tm.so	libm.so	PLATFORM	bionic, LineageOS/android_bionic (manifest default.xml:37)
proprietary/vendor/lib/libhdr_tm.so	libsdm-color.so	VENDOR	shipped in this repo as proprietary/vendor/lib/libsdm-color.so
proprietary/vendor/lib/libhdr_tm.so	libtinyxml2_1.so	VENDOR	shipped in this repo as proprietary/vendor/lib/libtinyxml2_1.so
proprietary/vendor/lib/libhdr_tm.so	libutils.so	PLATFORM	bionic libutils, LineageOS/android_bionic (manifest default.xml:37); /system/lib64
proprietary/vendor/lib/libhigh_dynamic_range.so	libc.so	PLATFORM	bionic, LineageOS/android_bionic (manifest default.xml:37); /system/lib64 + apex com.android.runtime/lib64/bionic
proprietary/vendor/lib/libhigh_dynamic_range.so	libdl.so	PLATFORM	bionic, LineageOS/android_bionic (manifest default.xml:37)
proprietary/vendor/lib/libhigh_dynamic_range.so	liblog.so	PLATFORM	bionic, LineageOS/android_bionic (manifest default.xml:37); /system/lib64
proprietary/vendor/lib/libhigh_dynamic_range.so	libm.so	PLATFORM	bionic, LineageOS/android_bionic (manifest default.xml:37)
proprietary/vendor/lib/libhigh_dynamic_range.so	libmpbase.so	VENDOR	shipped in this repo as proprietary/vendor/lib/libmpbase.so
proprietary/vendor/lib/libhypermotion_core.so	libc++.so	PLATFORM	bionic NDK compat lib, LineageOS/android_bionic (manifest default.xml:37); /system/lib64
proprietary/vendor/lib/libhypermotion_core.so	libc.so	PLATFORM	bionic, LineageOS/android_bionic (manifest default.xml:37); /system/lib64 + apex com.android.runtime/lib64/bionic
proprietary/vendor/lib/libhypermotion_core.so	libcutils.so	PLATFORM	bionic libcutils, LineageOS/android_bionic (manifest default.xml:37); /system/lib64
proprietary/vendor/lib/libhypermotion_core.so	libdl.so	PLATFORM	bionic, LineageOS/android_bionic (manifest default.xml:37)
proprietary/vendor/lib/libhypermotion_core.so	liblog.so	PLATFORM	bionic, LineageOS/android_bionic (manifest default.xml:37); /system/lib64
proprietary/vendor/lib/libhypermotion_core.so	libm.so	PLATFORM	bionic, LineageOS/android_bionic (manifest default.xml:37)
proprietary/vendor/lib/libhypermotion_core.so	libsensorndkbridge.so	VENDOR-ELSEWHERE	Qualcomm sensors NDK bridge, CAF tree; CAF platform tree device fork @2e50286ebc01 (extract-files.py):22 (hardware/qcom-caf/sdm845); project not on github.com, module name NOT verified here
proprietary/vendor/lib/libhypermotion_core.so	libui.so	PLATFORM	frameworks/native (manifest default.xml:613) libs/ui
proprietary/vendor/lib/libhypermotion_core.so	libutils.so	PLATFORM	bionic libutils, LineageOS/android_bionic (manifest default.xml:37); /system/lib64
proprietary/vendor/lib/libhypermotion_interface.so	libc++.so	PLATFORM	bionic NDK compat lib, LineageOS/android_bionic (manifest default.xml:37); /system/lib64
proprietary/vendor/lib/libhypermotion_interface.so	libc.so	PLATFORM	bionic, LineageOS/android_bionic (manifest default.xml:37); /system/lib64 + apex com.android.runtime/lib64/bionic
proprietary/vendor/lib/libhypermotion_interface.so	libcutils.so	PLATFORM	bionic libcutils, LineageOS/android_bionic (manifest default.xml:37); /system/lib64
proprietary/vendor/lib/libhypermotion_interface.so	libdl.so	PLATFORM	bionic, LineageOS/android_bionic (manifest default.xml:37)
proprietary/vendor/lib/libhypermotion_interface.so	libhypermotion_core.so	VENDOR	shipped in this repo as proprietary/vendor/lib/libhypermotion_core.so
proprietary/vendor/lib/libhypermotion_interface.so	liblog.so	PLATFORM	bionic, LineageOS/android_bionic (manifest default.xml:37); /system/lib64
proprietary/vendor/lib/libhypermotion_interface.so	libm.so	PLATFORM	bionic, LineageOS/android_bionic (manifest default.xml:37)
proprietary/vendor/lib/libhypermotion_interface.so	libui.so	PLATFORM	frameworks/native (manifest default.xml:613) libs/ui
proprietary/vendor/lib/libhypermotion_interface.so	libuniplugin.so	VENDOR	shipped in this repo as proprietary/vendor/lib/libuniplugin.so
proprietary/vendor/lib/libhypermotion_interface.so	libutils.so	PLATFORM	bionic libutils, LineageOS/android_bionic (manifest default.xml:37); /system/lib64
proprietary/vendor/lib/libidl.so	libc++.so	PLATFORM	bionic NDK compat lib, LineageOS/android_bionic (manifest default.xml:37); /system/lib64
proprietary/vendor/lib/libidl.so	libc.so	PLATFORM	bionic, LineageOS/android_bionic (manifest default.xml:37); /system/lib64 + apex com.android.runtime/lib64/bionic
proprietary/vendor/lib/libidl.so	libdl.so	PLATFORM	bionic, LineageOS/android_bionic (manifest default.xml:37)
proprietary/vendor/lib/libidl.so	libm.so	PLATFORM	bionic, LineageOS/android_bionic (manifest default.xml:37)
proprietary/vendor/lib/libizat_client_api.so	libc++.so	PLATFORM	bionic NDK compat lib, LineageOS/android_bionic (manifest default.xml:37); /system/lib64
proprietary/vendor/lib/libizat_client_api.so	libc.so	PLATFORM	bionic, LineageOS/android_bionic (manifest default.xml:37); /system/lib64 + apex com.android.runtime/lib64/bionic
proprietary/vendor/lib/libizat_client_api.so	libdl.so	PLATFORM	bionic, LineageOS/android_bionic (manifest default.xml:37)
proprietary/vendor/lib/libizat_client_api.so	libgps.utils.so	VENDOR	shipped in this repo as proprietary/vendor/lib/libgps.utils.so
proprietary/vendor/lib/libizat_client_api.so	liblog.so	PLATFORM	bionic, LineageOS/android_bionic (manifest default.xml:37); /system/lib64
proprietary/vendor/lib/libizat_client_api.so	libm.so	PLATFORM	bionic, LineageOS/android_bionic (manifest default.xml:37)
proprietary/vendor/lib/libizat_core.so	libc++.so	PLATFORM	bionic NDK compat lib, LineageOS/android_bionic (manifest default.xml:37); /system/lib64
proprietary/vendor/lib/libizat_core.so	libc.so	PLATFORM	bionic, LineageOS/android_bionic (manifest default.xml:37); /system/lib64 + apex com.android.runtime/lib64/bionic
proprietary/vendor/lib/libizat_core.so	libcutils.so	PLATFORM	bionic libcutils, LineageOS/android_bionic (manifest default.xml:37); /system/lib64
proprietary/vendor/lib/libizat_core.so	libdl.so	PLATFORM	bionic, LineageOS/android_bionic (manifest default.xml:37)
proprietary/vendor/lib/libizat_core.so	libgps.utils.so	VENDOR	shipped in this repo as proprietary/vendor/lib/libgps.utils.so
proprietary/vendor/lib/libizat_core.so	libloc_api_v02.so	VENDOR	shipped in this repo as proprietary/vendor/lib/libloc_api_v02.so
proprietary/vendor/lib/libizat_core.so	libloc_core.so	VENDOR	shipped in this repo as proprietary/vendor/lib/libloc_core.so
proprietary/vendor/lib/libizat_core.so	liblog.so	PLATFORM	bionic, LineageOS/android_bionic (manifest default.xml:37); /system/lib64
proprietary/vendor/lib/libizat_core.so	libm.so	PLATFORM	bionic, LineageOS/android_bionic (manifest default.xml:37)
proprietary/vendor/lib/libizat_core.so	libsqlite.so	PLATFORM	external/sqlite, manifest default.xml:528
proprietary/vendor/lib/libizat_core.so	libutils.so	PLATFORM	bionic libutils, LineageOS/android_bionic (manifest default.xml:37); /system/lib64
proprietary/vendor/lib/liblbs_core.so	libc++.so	PLATFORM	bionic NDK compat lib, LineageOS/android_bionic (manifest default.xml:37); /system/lib64
proprietary/vendor/lib/liblbs_core.so	libc.so	PLATFORM	bionic, LineageOS/android_bionic (manifest default.xml:37); /system/lib64 + apex com.android.runtime/lib64/bionic
proprietary/vendor/lib/liblbs_core.so	libcrypto.so	PLATFORM	external/boringssl manifest default.xml:98 + conscrypt manifest default.xml:122 (APEX)
proprietary/vendor/lib/liblbs_core.so	libcutils.so	PLATFORM	bionic libcutils, LineageOS/android_bionic (manifest default.xml:37); /system/lib64
proprietary/vendor/lib/liblbs_core.so	libdl.so	PLATFORM	bionic, LineageOS/android_bionic (manifest default.xml:37)
proprietary/vendor/lib/liblbs_core.so	libgps.utils.so	VENDOR	shipped in this repo as proprietary/vendor/lib/libgps.utils.so
proprietary/vendor/lib/liblbs_core.so	libizat_core.so	VENDOR	shipped in this repo as proprietary/vendor/lib/libizat_core.so
proprietary/vendor/lib/liblbs_core.so	libloc_api_v02.so	VENDOR	shipped in this repo as proprietary/vendor/lib/libloc_api_v02.so
proprietary/vendor/lib/liblbs_core.so	libloc_core.so	VENDOR	shipped in this repo as proprietary/vendor/lib/libloc_core.so
proprietary/vendor/lib/liblbs_core.so	liblog.so	PLATFORM	bionic, LineageOS/android_bionic (manifest default.xml:37); /system/lib64
proprietary/vendor/lib/liblbs_core.so	libm.so	PLATFORM	bionic, LineageOS/android_bionic (manifest default.xml:37)
proprietary/vendor/lib/liblbs_core.so	libmdmdetect.so	VENDOR	shipped in this repo as proprietary/vendor/lib/libmdmdetect.so
proprietary/vendor/lib/liblbs_core.so	libpdmapper.so	VENDOR	shipped in this repo as proprietary/vendor/lib/libpdmapper.so
proprietary/vendor/lib/liblbs_core.so	libperipheral_client.so	VENDOR	shipped in this repo as proprietary/vendor/lib/libperipheral_client.so
proprietary/vendor/lib/liblbs_core.so	libsqlite.so	PLATFORM	external/sqlite, manifest default.xml:528
proprietary/vendor/lib/liblbs_core.so	libutils.so	PLATFORM	bionic libutils, LineageOS/android_bionic (manifest default.xml:37); /system/lib64
proprietary/vendor/lib/libllhdr_interface.so	libc++.so	PLATFORM	bionic NDK compat lib, LineageOS/android_bionic (manifest default.xml:37); /system/lib64
proprietary/vendor/lib/libllhdr_interface.so	libc.so	PLATFORM	bionic, LineageOS/android_bionic (manifest default.xml:37); /system/lib64 + apex com.android.runtime/lib64/bionic
proprietary/vendor/lib/libllhdr_interface.so	libcutils.so	PLATFORM	bionic libcutils, LineageOS/android_bionic (manifest default.xml:37); /system/lib64
proprietary/vendor/lib/libllhdr_interface.so	libdl.so	PLATFORM	bionic, LineageOS/android_bionic (manifest default.xml:37)
proprietary/vendor/lib/libllhdr_interface.so	liblog.so	PLATFORM	bionic, LineageOS/android_bionic (manifest default.xml:37); /system/lib64
proprietary/vendor/lib/libllhdr_interface.so	liblow_light_hdr.so	VENDOR	shipped in this repo as proprietary/vendor/lib/liblow_light_hdr.so
proprietary/vendor/lib/libllhdr_interface.so	libm.so	PLATFORM	bionic, LineageOS/android_bionic (manifest default.xml:37)
proprietary/vendor/lib/libllhdr_interface.so	libuniplugin.so	VENDOR	shipped in this repo as proprietary/vendor/lib/libuniplugin.so
proprietary/vendor/lib/libllvm-glnext.so	libc++.so	PLATFORM	bionic NDK compat lib, LineageOS/android_bionic (manifest default.xml:37); /system/lib64
proprietary/vendor/lib/libllvm-glnext.so	libc.so	PLATFORM	bionic, LineageOS/android_bionic (manifest default.xml:37); /system/lib64 + apex com.android.runtime/lib64/bionic
proprietary/vendor/lib/libllvm-glnext.so	libdl.so	PLATFORM	bionic, LineageOS/android_bionic (manifest default.xml:37)
proprietary/vendor/lib/libllvm-glnext.so	libgsl.so	VENDOR	shipped in this repo as proprietary/vendor/lib/libgsl.so
proprietary/vendor/lib/libllvm-glnext.so	libm.so	PLATFORM	bionic, LineageOS/android_bionic (manifest default.xml:37)
proprietary/vendor/lib/libllvm-qcom.so	libc++.so	PLATFORM	bionic NDK compat lib, LineageOS/android_bionic (manifest default.xml:37); /system/lib64
proprietary/vendor/lib/libllvm-qcom.so	libc.so	PLATFORM	bionic, LineageOS/android_bionic (manifest default.xml:37); /system/lib64 + apex com.android.runtime/lib64/bionic
proprietary/vendor/lib/libllvm-qcom.so	libdl.so	PLATFORM	bionic, LineageOS/android_bionic (manifest default.xml:37)
proprietary/vendor/lib/libllvm-qcom.so	libm.so	PLATFORM	bionic, LineageOS/android_bionic (manifest default.xml:37)
proprietary/vendor/lib/libloc_api_v02.so	libc++.so	PLATFORM	bionic NDK compat lib, LineageOS/android_bionic (manifest default.xml:37); /system/lib64
proprietary/vendor/lib/libloc_api_v02.so	libc.so	PLATFORM	bionic, LineageOS/android_bionic (manifest default.xml:37); /system/lib64 + apex com.android.runtime/lib64/bionic
proprietary/vendor/lib/libloc_api_v02.so	libcutils.so	PLATFORM	bionic libcutils, LineageOS/android_bionic (manifest default.xml:37); /system/lib64
proprietary/vendor/lib/libloc_api_v02.so	libdl.so	PLATFORM	bionic, LineageOS/android_bionic (manifest default.xml:37)
proprietary/vendor/lib/libloc_api_v02.so	libgps.utils.so	VENDOR	shipped in this repo as proprietary/vendor/lib/libgps.utils.so
proprietary/vendor/lib/libloc_api_v02.so	libloc_core.so	VENDOR	shipped in this repo as proprietary/vendor/lib/libloc_core.so
proprietary/vendor/lib/libloc_api_v02.so	liblog.so	PLATFORM	bionic, LineageOS/android_bionic (manifest default.xml:37); /system/lib64
proprietary/vendor/lib/libloc_api_v02.so	libm.so	PLATFORM	bionic, LineageOS/android_bionic (manifest default.xml:37)
proprietary/vendor/lib/libloc_api_v02.so	libqmi_cci.so	VENDOR	shipped in this repo as proprietary/vendor/lib/libqmi_cci.so
proprietary/vendor/lib/libloc_api_v02.so	libqmi_common_so.so	VENDOR	shipped in this repo as proprietary/vendor/lib/libqmi_common_so.so
proprietary/vendor/lib/libloc_api_v02.so	libsecnativefeature.so	VENDOR	shipped in this repo as proprietary/vendor/lib/libsecnativefeature.so
proprietary/vendor/lib/libloc_api_v02.so	libsemnativecarrierfeature.so	VENDOR	shipped in this repo as proprietary/vendor/lib/libsemnativecarrierfeature.so
proprietary/vendor/lib/libloc_api_v02.so	libutils.so	PLATFORM	bionic libutils, LineageOS/android_bionic (manifest default.xml:37); /system/lib64
proprietary/vendor/lib/libloc_core.so	libc++.so	PLATFORM	bionic NDK compat lib, LineageOS/android_bionic (manifest default.xml:37); /system/lib64
proprietary/vendor/lib/libloc_core.so	libc.so	PLATFORM	bionic, LineageOS/android_bionic (manifest default.xml:37); /system/lib64 + apex com.android.runtime/lib64/bionic
proprietary/vendor/lib/libloc_core.so	libcutils.so	PLATFORM	bionic libcutils, LineageOS/android_bionic (manifest default.xml:37); /system/lib64
proprietary/vendor/lib/libloc_core.so	libdl.so	PLATFORM	bionic, LineageOS/android_bionic (manifest default.xml:37)
proprietary/vendor/lib/libloc_core.so	libgps.utils.so	VENDOR	shipped in this repo as proprietary/vendor/lib/libgps.utils.so
proprietary/vendor/lib/libloc_core.so	liblog.so	PLATFORM	bionic, LineageOS/android_bionic (manifest default.xml:37); /system/lib64
proprietary/vendor/lib/libloc_core.so	libm.so	PLATFORM	bionic, LineageOS/android_bionic (manifest default.xml:37)
proprietary/vendor/lib/libloc_core.so	libutils.so	PLATFORM	bionic libutils, LineageOS/android_bionic (manifest default.xml:37); /system/lib64
proprietary/vendor/lib/libloc_socket.so	libc++.so	PLATFORM	bionic NDK compat lib, LineageOS/android_bionic (manifest default.xml:37); /system/lib64
proprietary/vendor/lib/libloc_socket.so	libc.so	PLATFORM	bionic, LineageOS/android_bionic (manifest default.xml:37); /system/lib64 + apex com.android.runtime/lib64/bionic
proprietary/vendor/lib/libloc_socket.so	libcutils.so	PLATFORM	bionic libcutils, LineageOS/android_bionic (manifest default.xml:37); /system/lib64
proprietary/vendor/lib/libloc_socket.so	libdl.so	PLATFORM	bionic, LineageOS/android_bionic (manifest default.xml:37)
proprietary/vendor/lib/libloc_socket.so	libgps.utils.so	VENDOR	shipped in this repo as proprietary/vendor/lib/libgps.utils.so
proprietary/vendor/lib/libloc_socket.so	liblog.so	PLATFORM	bionic, LineageOS/android_bionic (manifest default.xml:37); /system/lib64
proprietary/vendor/lib/libloc_socket.so	libm.so	PLATFORM	bionic, LineageOS/android_bionic (manifest default.xml:37)
proprietary/vendor/lib/libloc_socket.so	libqsocket.so	VENDOR	shipped in this repo as proprietary/vendor/lib/libqsocket.so
proprietary/vendor/lib/libloc_socket.so	libutils.so	PLATFORM	bionic libutils, LineageOS/android_bionic (manifest default.xml:37); /system/lib64
proprietary/vendor/lib/liblocation_api.so	libc++.so	PLATFORM	bionic NDK compat lib, LineageOS/android_bionic (manifest default.xml:37); /system/lib64
proprietary/vendor/lib/liblocation_api.so	libc.so	PLATFORM	bionic, LineageOS/android_bionic (manifest default.xml:37); /system/lib64 + apex com.android.runtime/lib64/bionic
proprietary/vendor/lib/liblocation_api.so	libcutils.so	PLATFORM	bionic libcutils, LineageOS/android_bionic (manifest default.xml:37); /system/lib64
proprietary/vendor/lib/liblocation_api.so	libdl.so	PLATFORM	bionic, LineageOS/android_bionic (manifest default.xml:37)
proprietary/vendor/lib/liblocation_api.so	libgps.utils.so	VENDOR	shipped in this repo as proprietary/vendor/lib/libgps.utils.so
proprietary/vendor/lib/liblocation_api.so	liblog.so	PLATFORM	bionic, LineageOS/android_bionic (manifest default.xml:37); /system/lib64
proprietary/vendor/lib/liblocation_api.so	libm.so	PLATFORM	bionic, LineageOS/android_bionic (manifest default.xml:37)
proprietary/vendor/lib/liblocation_api.so	libutils.so	PLATFORM	bionic libutils, LineageOS/android_bionic (manifest default.xml:37); /system/lib64
proprietary/vendor/lib/liblocationservice.so	libc++.so	PLATFORM	bionic NDK compat lib, LineageOS/android_bionic (manifest default.xml:37); /system/lib64
proprietary/vendor/lib/liblocationservice.so	libc.so	PLATFORM	bionic, LineageOS/android_bionic (manifest default.xml:37); /system/lib64 + apex com.android.runtime/lib64/bionic
proprietary/vendor/lib/liblocationservice.so	libcutils.so	PLATFORM	bionic libcutils, LineageOS/android_bionic (manifest default.xml:37); /system/lib64
proprietary/vendor/lib/liblocationservice.so	libdataitems.so	VENDOR	shipped in this repo as proprietary/vendor/lib/libdataitems.so
proprietary/vendor/lib/liblocationservice.so	libdl.so	PLATFORM	bionic, LineageOS/android_bionic (manifest default.xml:37)
proprietary/vendor/lib/liblocationservice.so	libgps.utils.so	VENDOR	shipped in this repo as proprietary/vendor/lib/libgps.utils.so
proprietary/vendor/lib/liblocationservice.so	libizat_core.so	VENDOR	shipped in this repo as proprietary/vendor/lib/libizat_core.so
proprietary/vendor/lib/liblocationservice.so	liblbs_core.so	VENDOR	shipped in this repo as proprietary/vendor/lib/liblbs_core.so
proprietary/vendor/lib/liblocationservice.so	libloc_core.so	VENDOR	shipped in this repo as proprietary/vendor/lib/libloc_core.so
proprietary/vendor/lib/liblocationservice.so	liblocation_api.so	VENDOR	shipped in this repo as proprietary/vendor/lib/liblocation_api.so
proprietary/vendor/lib/liblocationservice.so	liblog.so	PLATFORM	bionic, LineageOS/android_bionic (manifest default.xml:37); /system/lib64
proprietary/vendor/lib/liblocationservice.so	liblowi_client.so	VENDOR	shipped in this repo as proprietary/vendor/lib/liblowi_client.so
proprietary/vendor/lib/liblocationservice.so	libm.so	PLATFORM	bionic, LineageOS/android_bionic (manifest default.xml:37)
proprietary/vendor/lib/liblocationservice_glue.so	libc++.so	PLATFORM	bionic NDK compat lib, LineageOS/android_bionic (manifest default.xml:37); /system/lib64
proprietary/vendor/lib/liblocationservice_glue.so	libc.so	PLATFORM	bionic, LineageOS/android_bionic (manifest default.xml:37); /system/lib64 + apex com.android.runtime/lib64/bionic
proprietary/vendor/lib/liblocationservice_glue.so	libcutils.so	PLATFORM	bionic libcutils, LineageOS/android_bionic (manifest default.xml:37); /system/lib64
proprietary/vendor/lib/liblocationservice_glue.so	libdataitems.so	VENDOR	shipped in this repo as proprietary/vendor/lib/libdataitems.so
proprietary/vendor/lib/liblocationservice_glue.so	libdl.so	PLATFORM	bionic, LineageOS/android_bionic (manifest default.xml:37)
proprietary/vendor/lib/liblocationservice_glue.so	libgps.utils.so	VENDOR	shipped in this repo as proprietary/vendor/lib/libgps.utils.so
proprietary/vendor/lib/liblocationservice_glue.so	libhardware_legacy.so	PLATFORM	AOSP hardware/interfaces, hardware/interfaces lineage-23.2 @13d687a84c83 (.hal present)
proprietary/vendor/lib/liblocationservice_glue.so	liblbs_core.so	VENDOR	shipped in this repo as proprietary/vendor/lib/liblbs_core.so
proprietary/vendor/lib/liblocationservice_glue.so	libloc_core.so	VENDOR	shipped in this repo as proprietary/vendor/lib/libloc_core.so
proprietary/vendor/lib/liblocationservice_glue.so	liblocation_api.so	VENDOR	shipped in this repo as proprietary/vendor/lib/liblocation_api.so
proprietary/vendor/lib/liblocationservice_glue.so	liblocationservice.so	VENDOR	shipped in this repo as proprietary/vendor/lib/liblocationservice.so
proprietary/vendor/lib/liblocationservice_glue.so	liblog.so	PLATFORM	bionic, LineageOS/android_bionic (manifest default.xml:37); /system/lib64
proprietary/vendor/lib/liblocationservice_glue.so	libm.so	PLATFORM	bionic, LineageOS/android_bionic (manifest default.xml:37)
proprietary/vendor/lib/liblocationservice_glue.so	libutils.so	PLATFORM	bionic libutils, LineageOS/android_bionic (manifest default.xml:37); /system/lib64
proprietary/vendor/lib/liblow_light_hdr.so	libc.so	PLATFORM	bionic, LineageOS/android_bionic (manifest default.xml:37); /system/lib64 + apex com.android.runtime/lib64/bionic
proprietary/vendor/lib/liblow_light_hdr.so	libdl.so	PLATFORM	bionic, LineageOS/android_bionic (manifest default.xml:37)
proprietary/vendor/lib/liblow_light_hdr.so	liblog.so	PLATFORM	bionic, LineageOS/android_bionic (manifest default.xml:37); /system/lib64
proprietary/vendor/lib/liblow_light_hdr.so	libm.so	PLATFORM	bionic, LineageOS/android_bionic (manifest default.xml:37)
proprietary/vendor/lib/liblow_light_hdr.so	libmpbase.so	VENDOR	shipped in this repo as proprietary/vendor/lib/libmpbase.so
proprietary/vendor/lib/liblowi_client.so	libc++.so	PLATFORM	bionic NDK compat lib, LineageOS/android_bionic (manifest default.xml:37); /system/lib64
proprietary/vendor/lib/liblowi_client.so	libc.so	PLATFORM	bionic, LineageOS/android_bionic (manifest default.xml:37); /system/lib64 + apex com.android.runtime/lib64/bionic
proprietary/vendor/lib/liblowi_client.so	libcutils.so	PLATFORM	bionic libcutils, LineageOS/android_bionic (manifest default.xml:37); /system/lib64
proprietary/vendor/lib/liblowi_client.so	libdl.so	PLATFORM	bionic, LineageOS/android_bionic (manifest default.xml:37)
proprietary/vendor/lib/liblowi_client.so	liblog.so	PLATFORM	bionic, LineageOS/android_bionic (manifest default.xml:37); /system/lib64
proprietary/vendor/lib/liblowi_client.so	libm.so	PLATFORM	bionic, LineageOS/android_bionic (manifest default.xml:37)
proprietary/vendor/lib/liblowi_client.so	libutils.so	PLATFORM	bionic libutils, LineageOS/android_bionic (manifest default.xml:37); /system/lib64
proprietary/vendor/lib/libmdmdetect.so	libc++.so	PLATFORM	bionic NDK compat lib, LineageOS/android_bionic (manifest default.xml:37); /system/lib64
proprietary/vendor/lib/libmdmdetect.so	libc.so	PLATFORM	bionic, LineageOS/android_bionic (manifest default.xml:37); /system/lib64 + apex com.android.runtime/lib64/bionic
proprietary/vendor/lib/libmdmdetect.so	libcutils.so	PLATFORM	bionic libcutils, LineageOS/android_bionic (manifest default.xml:37); /system/lib64
proprietary/vendor/lib/libmdmdetect.so	libdl.so	PLATFORM	bionic, LineageOS/android_bionic (manifest default.xml:37)
proprietary/vendor/lib/libmdmdetect.so	liblog.so	PLATFORM	bionic, LineageOS/android_bionic (manifest default.xml:37); /system/lib64
proprietary/vendor/lib/libmdmdetect.so	libm.so	PLATFORM	bionic, LineageOS/android_bionic (manifest default.xml:37)
proprietary/vendor/lib/libmdmdetect.so	libutils.so	PLATFORM	bionic libutils, LineageOS/android_bionic (manifest default.xml:37); /system/lib64
proprietary/vendor/lib/libmdsprpc.so	libc++.so	PLATFORM	bionic NDK compat lib, LineageOS/android_bionic (manifest default.xml:37); /system/lib64
proprietary/vendor/lib/libmdsprpc.so	libc.so	PLATFORM	bionic, LineageOS/android_bionic (manifest default.xml:37); /system/lib64 + apex com.android.runtime/lib64/bionic
proprietary/vendor/lib/libmdsprpc.so	libcutils.so	PLATFORM	bionic libcutils, LineageOS/android_bionic (manifest default.xml:37); /system/lib64
proprietary/vendor/lib/libmdsprpc.so	libdl.so	PLATFORM	bionic, LineageOS/android_bionic (manifest default.xml:37)
proprietary/vendor/lib/libmdsprpc.so	libhardware.so	PLATFORM	AOSP hardware/interfaces, hardware/interfaces lineage-23.2 @13d687a84c83 (.hal present)
proprietary/vendor/lib/libmdsprpc.so	libhidlbase.so	PLATFORM	system/libhidl module 'libhidlbase', system/libhidl lineage-22.2 @2bfb10b64fcfa (module names); manifest default.xml:912 (system/libhidl, remote=aosp)
proprietary/vendor/lib/libmdsprpc.so	libion.so	PLATFORM	AOSP system/memory/libion, manifest default.xml:924
proprietary/vendor/lib/libmdsprpc.so	liblog.so	PLATFORM	bionic, LineageOS/android_bionic (manifest default.xml:37); /system/lib64
proprietary/vendor/lib/libmdsprpc.so	libm.so	PLATFORM	bionic, LineageOS/android_bionic (manifest default.xml:37)
proprietary/vendor/lib/libmdsprpc.so	libutils.so	PLATFORM	bionic libutils, LineageOS/android_bionic (manifest default.xml:37); /system/lib64
proprietary/vendor/lib/libmdsprpc.so	vendor.qti.hardware.dsp@1.0.so	VENDOR	shipped in this repo as proprietary/vendor/lib/vendor.qti.hardware.dsp@1.0.so
proprietary/vendor/lib/libmfhdr_interface.so	libc++.so	PLATFORM	bionic NDK compat lib, LineageOS/android_bionic (manifest default.xml:37); /system/lib64
proprietary/vendor/lib/libmfhdr_interface.so	libc.so	PLATFORM	bionic, LineageOS/android_bionic (manifest default.xml:37); /system/lib64 + apex com.android.runtime/lib64/bionic
proprietary/vendor/lib/libmfhdr_interface.so	libcutils.so	PLATFORM	bionic libcutils, LineageOS/android_bionic (manifest default.xml:37); /system/lib64
proprietary/vendor/lib/libmfhdr_interface.so	libdl.so	PLATFORM	bionic, LineageOS/android_bionic (manifest default.xml:37)
proprietary/vendor/lib/libmfhdr_interface.so	libhigh_dynamic_range.so	VENDOR	shipped in this repo as proprietary/vendor/lib/libhigh_dynamic_range.so
proprietary/vendor/lib/libmfhdr_interface.so	liblog.so	PLATFORM	bionic, LineageOS/android_bionic (manifest default.xml:37); /system/lib64
proprietary/vendor/lib/libmfhdr_interface.so	libm.so	PLATFORM	bionic, LineageOS/android_bionic (manifest default.xml:37)
proprietary/vendor/lib/libmfhdr_interface.so	libuniplugin.so	VENDOR	shipped in this repo as proprietary/vendor/lib/libuniplugin.so
proprietary/vendor/lib/libminkdescriptor.so	libc++.so	PLATFORM	bionic NDK compat lib, LineageOS/android_bionic (manifest default.xml:37); /system/lib64
proprietary/vendor/lib/libminkdescriptor.so	libc.so	PLATFORM	bionic, LineageOS/android_bionic (manifest default.xml:37); /system/lib64 + apex com.android.runtime/lib64/bionic
proprietary/vendor/lib/libminkdescriptor.so	libdl.so	PLATFORM	bionic, LineageOS/android_bionic (manifest default.xml:37)
proprietary/vendor/lib/libminkdescriptor.so	liblog.so	PLATFORM	bionic, LineageOS/android_bionic (manifest default.xml:37); /system/lib64
proprietary/vendor/lib/libminkdescriptor.so	libm.so	PLATFORM	bionic, LineageOS/android_bionic (manifest default.xml:37)
proprietary/vendor/lib/libminkdescriptor.so	libqcbor.so	VENDOR	shipped in this repo as proprietary/vendor/lib/libqcbor.so
proprietary/vendor/lib/libminkdescriptor.so	libutils.so	PLATFORM	bionic libutils, LineageOS/android_bionic (manifest default.xml:37); /system/lib64
proprietary/vendor/lib/libmmcamera_faceproc.so	libc++.so	PLATFORM	bionic NDK compat lib, LineageOS/android_bionic (manifest default.xml:37); /system/lib64
proprietary/vendor/lib/libmmcamera_faceproc.so	libc.so	PLATFORM	bionic, LineageOS/android_bionic (manifest default.xml:37); /system/lib64 + apex com.android.runtime/lib64/bionic
proprietary/vendor/lib/libmmcamera_faceproc.so	libdl.so	PLATFORM	bionic, LineageOS/android_bionic (manifest default.xml:37)
proprietary/vendor/lib/libmmcamera_faceproc.so	libm.so	PLATFORM	bionic, LineageOS/android_bionic (manifest default.xml:37)
proprietary/vendor/lib/libmmcamera_faceproc2.so	libc++.so	PLATFORM	bionic NDK compat lib, LineageOS/android_bionic (manifest default.xml:37); /system/lib64
proprietary/vendor/lib/libmmcamera_faceproc2.so	libc.so	PLATFORM	bionic, LineageOS/android_bionic (manifest default.xml:37); /system/lib64 + apex com.android.runtime/lib64/bionic
proprietary/vendor/lib/libmmcamera_faceproc2.so	libdl.so	PLATFORM	bionic, LineageOS/android_bionic (manifest default.xml:37)
proprietary/vendor/lib/libmmcamera_faceproc2.so	libm.so	PLATFORM	bionic, LineageOS/android_bionic (manifest default.xml:37)
proprietary/vendor/lib/libmmosal.so	libc++.so	PLATFORM	bionic NDK compat lib, LineageOS/android_bionic (manifest default.xml:37); /system/lib64
proprietary/vendor/lib/libmmosal.so	libc.so	PLATFORM	bionic, LineageOS/android_bionic (manifest default.xml:37); /system/lib64 + apex com.android.runtime/lib64/bionic
proprietary/vendor/lib/libmmosal.so	libcutils.so	PLATFORM	bionic libcutils, LineageOS/android_bionic (manifest default.xml:37); /system/lib64
proprietary/vendor/lib/libmmosal.so	libdl.so	PLATFORM	bionic, LineageOS/android_bionic (manifest default.xml:37)
proprietary/vendor/lib/libmmosal.so	liblog.so	PLATFORM	bionic, LineageOS/android_bionic (manifest default.xml:37); /system/lib64
proprietary/vendor/lib/libmmosal.so	libm.so	PLATFORM	bionic, LineageOS/android_bionic (manifest default.xml:37)
proprietary/vendor/lib/libmmosal.so	libutils.so	PLATFORM	bionic libutils, LineageOS/android_bionic (manifest default.xml:37); /system/lib64
proprietary/vendor/lib/libmmrtpdecoder_proprietary.so	libc++.so	PLATFORM	bionic NDK compat lib, LineageOS/android_bionic (manifest default.xml:37); /system/lib64
proprietary/vendor/lib/libmmrtpdecoder_proprietary.so	libc.so	PLATFORM	bionic, LineageOS/android_bionic (manifest default.xml:37); /system/lib64 + apex com.android.runtime/lib64/bionic
proprietary/vendor/lib/libmmrtpdecoder_proprietary.so	libcutils.so	PLATFORM	bionic libcutils, LineageOS/android_bionic (manifest default.xml:37); /system/lib64
proprietary/vendor/lib/libmmrtpdecoder_proprietary.so	libdl.so	PLATFORM	bionic, LineageOS/android_bionic (manifest default.xml:37)
proprietary/vendor/lib/libmmrtpdecoder_proprietary.so	liblog.so	PLATFORM	bionic, LineageOS/android_bionic (manifest default.xml:37); /system/lib64
proprietary/vendor/lib/libmmrtpdecoder_proprietary.so	libm.so	PLATFORM	bionic, LineageOS/android_bionic (manifest default.xml:37)
proprietary/vendor/lib/libmmrtpdecoder_proprietary.so	libmmosal.so	VENDOR	shipped in this repo as proprietary/system_ext/lib/libmmosal.so;proprietary/vendor/lib/libmmosal.so
proprietary/vendor/lib/libmmrtpdecoder_proprietary.so	libutils.so	PLATFORM	bionic libutils, LineageOS/android_bionic (manifest default.xml:37); /system/lib64
proprietary/vendor/lib/libmmrtpencoder_proprietary.so	libc++.so	PLATFORM	bionic NDK compat lib, LineageOS/android_bionic (manifest default.xml:37); /system/lib64
proprietary/vendor/lib/libmmrtpencoder_proprietary.so	libc.so	PLATFORM	bionic, LineageOS/android_bionic (manifest default.xml:37); /system/lib64 + apex com.android.runtime/lib64/bionic
proprietary/vendor/lib/libmmrtpencoder_proprietary.so	libcutils.so	PLATFORM	bionic libcutils, LineageOS/android_bionic (manifest default.xml:37); /system/lib64
proprietary/vendor/lib/libmmrtpencoder_proprietary.so	libdl.so	PLATFORM	bionic, LineageOS/android_bionic (manifest default.xml:37)
proprietary/vendor/lib/libmmrtpencoder_proprietary.so	liblog.so	PLATFORM	bionic, LineageOS/android_bionic (manifest default.xml:37); /system/lib64
proprietary/vendor/lib/libmmrtpencoder_proprietary.so	libm.so	PLATFORM	bionic, LineageOS/android_bionic (manifest default.xml:37)
proprietary/vendor/lib/libmmrtpencoder_proprietary.so	libmmosal.so	VENDOR	shipped in this repo as proprietary/system_ext/lib/libmmosal.so;proprietary/vendor/lib/libmmosal.so
proprietary/vendor/lib/libmmrtpencoder_proprietary.so	libutils.so	PLATFORM	bionic libutils, LineageOS/android_bionic (manifest default.xml:37); /system/lib64
proprietary/vendor/lib/libmpbase.so	libc.so	PLATFORM	bionic, LineageOS/android_bionic (manifest default.xml:37); /system/lib64 + apex com.android.runtime/lib64/bionic
proprietary/vendor/lib/liboemcrypto.so	libQSEEComAPI.so	VENDOR	shipped in this repo as proprietary/vendor/lib/libQSEEComAPI.so
proprietary/vendor/lib/liboemcrypto.so	libc++.so	PLATFORM	bionic NDK compat lib, LineageOS/android_bionic (manifest default.xml:37); /system/lib64
proprietary/vendor/lib/liboemcrypto.so	libc.so	PLATFORM	bionic, LineageOS/android_bionic (manifest default.xml:37); /system/lib64 + apex com.android.runtime/lib64/bionic
proprietary/vendor/lib/liboemcrypto.so	libcpion.so	VENDOR	shipped in this repo as proprietary/vendor/lib/libcpion.so
proprietary/vendor/lib/liboemcrypto.so	libcutils.so	PLATFORM	bionic libcutils, LineageOS/android_bionic (manifest default.xml:37); /system/lib64
proprietary/vendor/lib/liboemcrypto.so	libdl.so	PLATFORM	bionic, LineageOS/android_bionic (manifest default.xml:37)
proprietary/vendor/lib/liboemcrypto.so	libhdcpsrm.so	VENDOR	shipped in this repo as proprietary/vendor/lib/libhdcpsrm.so
proprietary/vendor/lib/liboemcrypto.so	libhidlbase.so	PLATFORM	system/libhidl module 'libhidlbase', system/libhidl lineage-22.2 @2bfb10b64fcfa (module names); manifest default.xml:912 (system/libhidl, remote=aosp)
proprietary/vendor/lib/liboemcrypto.so	liblog.so	PLATFORM	bionic, LineageOS/android_bionic (manifest default.xml:37); /system/lib64
proprietary/vendor/lib/liboemcrypto.so	libm.so	PLATFORM	bionic, LineageOS/android_bionic (manifest default.xml:37)
proprietary/vendor/lib/liboemcrypto.so	libutils.so	PLATFORM	bionic libutils, LineageOS/android_bionic (manifest default.xml:37); /system/lib64
proprietary/vendor/lib/liboemcrypto.so	vendor.display.config@1.0.so	VENDOR-ELSEWHERE	display-config HIDL is NOT in hardware/interfaces at 22.2 or 23.2 (no display/ dir; ls-tree @13d687a84c83), so it must come from the CAF display tree, CAF platform tree device fork @2e50286ebc01 (extract-files.py):22 (hardware/qcom-caf/sdm845); project not on github.com, module name NOT verified here
proprietary/vendor/lib/libops.so	libQSEEComAPI.so	VENDOR	shipped in this repo as proprietary/vendor/lib/libQSEEComAPI.so
proprietary/vendor/lib/libops.so	libc++.so	PLATFORM	bionic NDK compat lib, LineageOS/android_bionic (manifest default.xml:37); /system/lib64
proprietary/vendor/lib/libops.so	libc.so	PLATFORM	bionic, LineageOS/android_bionic (manifest default.xml:37); /system/lib64 + apex com.android.runtime/lib64/bionic
proprietary/vendor/lib/libops.so	libcutils.so	PLATFORM	bionic libcutils, LineageOS/android_bionic (manifest default.xml:37); /system/lib64
proprietary/vendor/lib/libops.so	libdisplayconfig.qti.so	VENDOR-ELSEWHERE	Qualcomm display config client, CAF display tree; CAF platform tree device fork @2e50286ebc01 (extract-files.py):22 (hardware/qcom-caf/sdm845); project not on github.com, module name NOT verified here
proprietary/vendor/lib/libops.so	libdl.so	PLATFORM	bionic, LineageOS/android_bionic (manifest default.xml:37)
proprietary/vendor/lib/libops.so	libdrm.so	VENDOR-ELSEWHERE	Mesa DRM from the CAF display/graphics tree; not in AOSP bionic/frameworks, ; project not on github.com, module name NOT verified here (confidence: low)
proprietary/vendor/lib/libops.so	libhidlbase.so	PLATFORM	system/libhidl module 'libhidlbase', system/libhidl lineage-22.2 @2bfb10b64fcfa (module names); manifest default.xml:912 (system/libhidl, remote=aosp)
proprietary/vendor/lib/libops.so	liblog.so	PLATFORM	bionic, LineageOS/android_bionic (manifest default.xml:37); /system/lib64
proprietary/vendor/lib/libops.so	libm.so	PLATFORM	bionic, LineageOS/android_bionic (manifest default.xml:37)
proprietary/vendor/lib/libops.so	libutils.so	PLATFORM	bionic libutils, LineageOS/android_bionic (manifest default.xml:37); /system/lib64
proprietary/vendor/lib/libpdmapper.so	libc++.so	PLATFORM	bionic NDK compat lib, LineageOS/android_bionic (manifest default.xml:37); /system/lib64
proprietary/vendor/lib/libpdmapper.so	libc.so	PLATFORM	bionic, LineageOS/android_bionic (manifest default.xml:37); /system/lib64 + apex com.android.runtime/lib64/bionic
proprietary/vendor/lib/libpdmapper.so	libcutils.so	PLATFORM	bionic libcutils, LineageOS/android_bionic (manifest default.xml:37); /system/lib64
proprietary/vendor/lib/libpdmapper.so	libdl.so	PLATFORM	bionic, LineageOS/android_bionic (manifest default.xml:37)
proprietary/vendor/lib/libpdmapper.so	libjson.so	VENDOR-ELSEWHERE	not bionic/frameworks and not found in the LineageOS 23.2 manifest; consumer is Qualcomm's perf HAL vendor/lib{,64}/libpdmapper.so, so the CAF tree most likely provides it; project not on github.com, module name NOT verified here (confidence: low)
proprietary/vendor/lib/libpdmapper.so	liblog.so	PLATFORM	bionic, LineageOS/android_bionic (manifest default.xml:37); /system/lib64
proprietary/vendor/lib/libpdmapper.so	libm.so	PLATFORM	bionic, LineageOS/android_bionic (manifest default.xml:37)
proprietary/vendor/lib/libpdmapper.so	libqmi_cci.so	VENDOR	shipped in this repo as proprietary/vendor/lib/libqmi_cci.so
proprietary/vendor/lib/libpdmapper.so	libqmi_common_so.so	VENDOR	shipped in this repo as proprietary/vendor/lib/libqmi_common_so.so
proprietary/vendor/lib/libpdmapper.so	libqmi_encdec.so	VENDOR	shipped in this repo as proprietary/vendor/lib/libqmi_encdec.so
proprietary/vendor/lib/libpdmapper.so	libutils.so	PLATFORM	bionic libutils, LineageOS/android_bionic (manifest default.xml:37); /system/lib64
proprietary/vendor/lib/libperfconfig.so	libc++.so	PLATFORM	bionic NDK compat lib, LineageOS/android_bionic (manifest default.xml:37); /system/lib64
proprietary/vendor/lib/libperfconfig.so	libc.so	PLATFORM	bionic, LineageOS/android_bionic (manifest default.xml:37); /system/lib64 + apex com.android.runtime/lib64/bionic
proprietary/vendor/lib/libperfconfig.so	libcutils.so	PLATFORM	bionic libcutils, LineageOS/android_bionic (manifest default.xml:37); /system/lib64
proprietary/vendor/lib/libperfconfig.so	libdl.so	PLATFORM	bionic, LineageOS/android_bionic (manifest default.xml:37)
proprietary/vendor/lib/libperfconfig.so	liblog.so	PLATFORM	bionic, LineageOS/android_bionic (manifest default.xml:37); /system/lib64
proprietary/vendor/lib/libperfconfig.so	libm.so	PLATFORM	bionic, LineageOS/android_bionic (manifest default.xml:37)
proprietary/vendor/lib/libperfconfig.so	libqti-util.so	VENDOR	shipped in this repo as proprietary/vendor/lib/libqti-util.so
proprietary/vendor/lib/libperfconfig.so	libutils.so	PLATFORM	bionic libutils, LineageOS/android_bionic (manifest default.xml:37); /system/lib64
proprietary/vendor/lib/libperfconfig.so	libxml2.so	PLATFORM	external/libxml2, manifest default.xml:346
proprietary/vendor/lib/libperfgluelayer.so	libc++.so	PLATFORM	bionic NDK compat lib, LineageOS/android_bionic (manifest default.xml:37); /system/lib64
proprietary/vendor/lib/libperfgluelayer.so	libc.so	PLATFORM	bionic, LineageOS/android_bionic (manifest default.xml:37); /system/lib64 + apex com.android.runtime/lib64/bionic
proprietary/vendor/lib/libperfgluelayer.so	libcutils.so	PLATFORM	bionic libcutils, LineageOS/android_bionic (manifest default.xml:37); /system/lib64
proprietary/vendor/lib/libperfgluelayer.so	libdl.so	PLATFORM	bionic, LineageOS/android_bionic (manifest default.xml:37)
proprietary/vendor/lib/libperfgluelayer.so	liblog.so	PLATFORM	bionic, LineageOS/android_bionic (manifest default.xml:37); /system/lib64
proprietary/vendor/lib/libperfgluelayer.so	libm.so	PLATFORM	bionic, LineageOS/android_bionic (manifest default.xml:37)
proprietary/vendor/lib/libperfgluelayer.so	libutils.so	PLATFORM	bionic libutils, LineageOS/android_bionic (manifest default.xml:37); /system/lib64
proprietary/vendor/lib/libperfioctl.so	libc++.so	PLATFORM	bionic NDK compat lib, LineageOS/android_bionic (manifest default.xml:37); /system/lib64
proprietary/vendor/lib/libperfioctl.so	libc.so	PLATFORM	bionic, LineageOS/android_bionic (manifest default.xml:37); /system/lib64 + apex com.android.runtime/lib64/bionic
proprietary/vendor/lib/libperfioctl.so	libcutils.so	PLATFORM	bionic libcutils, LineageOS/android_bionic (manifest default.xml:37); /system/lib64
proprietary/vendor/lib/libperfioctl.so	libdl.so	PLATFORM	bionic, LineageOS/android_bionic (manifest default.xml:37)
proprietary/vendor/lib/libperfioctl.so	liblog.so	PLATFORM	bionic, LineageOS/android_bionic (manifest default.xml:37); /system/lib64
proprietary/vendor/lib/libperfioctl.so	libm.so	PLATFORM	bionic, LineageOS/android_bionic (manifest default.xml:37)
proprietary/vendor/lib/libperfioctl.so	libutils.so	PLATFORM	bionic libutils, LineageOS/android_bionic (manifest default.xml:37); /system/lib64
proprietary/vendor/lib/libperipheral_client.so	libbinder.so	PLATFORM	frameworks/native (manifest default.xml:613) libs/binder
proprietary/vendor/lib/libperipheral_client.so	libc++.so	PLATFORM	bionic NDK compat lib, LineageOS/android_bionic (manifest default.xml:37); /system/lib64
proprietary/vendor/lib/libperipheral_client.so	libc.so	PLATFORM	bionic, LineageOS/android_bionic (manifest default.xml:37); /system/lib64 + apex com.android.runtime/lib64/bionic
proprietary/vendor/lib/libperipheral_client.so	libcutils.so	PLATFORM	bionic libcutils, LineageOS/android_bionic (manifest default.xml:37); /system/lib64
proprietary/vendor/lib/libperipheral_client.so	libdl.so	PLATFORM	bionic, LineageOS/android_bionic (manifest default.xml:37)
proprietary/vendor/lib/libperipheral_client.so	liblog.so	PLATFORM	bionic, LineageOS/android_bionic (manifest default.xml:37); /system/lib64
proprietary/vendor/lib/libperipheral_client.so	libm.so	PLATFORM	bionic, LineageOS/android_bionic (manifest default.xml:37)
proprietary/vendor/lib/libperipheral_client.so	libmdmdetect.so	VENDOR	shipped in this repo as proprietary/vendor/lib/libmdmdetect.so
proprietary/vendor/lib/libperipheral_client.so	libutils.so	PLATFORM	bionic libutils, LineageOS/android_bionic (manifest default.xml:37); /system/lib64
proprietary/vendor/lib/libprofileparamstorage.so	libc++.so	PLATFORM	bionic NDK compat lib, LineageOS/android_bionic (manifest default.xml:37); /system/lib64
proprietary/vendor/lib/libprofileparamstorage.so	libc.so	PLATFORM	bionic, LineageOS/android_bionic (manifest default.xml:37); /system/lib64 + apex com.android.runtime/lib64/bionic
proprietary/vendor/lib/libprofileparamstorage.so	libcutils.so	PLATFORM	bionic libcutils, LineageOS/android_bionic (manifest default.xml:37); /system/lib64
proprietary/vendor/lib/libprofileparamstorage.so	libdl.so	PLATFORM	bionic, LineageOS/android_bionic (manifest default.xml:37)
proprietary/vendor/lib/libprofileparamstorage.so	liblog.so	PLATFORM	bionic, LineageOS/android_bionic (manifest default.xml:37); /system/lib64
proprietary/vendor/lib/libprofileparamstorage.so	libm.so	PLATFORM	bionic, LineageOS/android_bionic (manifest default.xml:37)
proprietary/vendor/lib/libprofileparamstorage.so	libutils.so	PLATFORM	bionic libutils, LineageOS/android_bionic (manifest default.xml:37); /system/lib64
proprietary/vendor/lib/libprofileparamstorage.so	libxml2.so	PLATFORM	external/libxml2, manifest default.xml:346
proprietary/vendor/lib/libpvr.so	libQSEEComAPI.so	VENDOR	shipped in this repo as proprietary/vendor/lib/libQSEEComAPI.so
proprietary/vendor/lib/libpvr.so	libc++.so	PLATFORM	bionic NDK compat lib, LineageOS/android_bionic (manifest default.xml:37); /system/lib64
proprietary/vendor/lib/libpvr.so	libc.so	PLATFORM	bionic, LineageOS/android_bionic (manifest default.xml:37); /system/lib64 + apex com.android.runtime/lib64/bionic
proprietary/vendor/lib/libpvr.so	libcutils.so	PLATFORM	bionic libcutils, LineageOS/android_bionic (manifest default.xml:37); /system/lib64
proprietary/vendor/lib/libpvr.so	libdl.so	PLATFORM	bionic, LineageOS/android_bionic (manifest default.xml:37)
proprietary/vendor/lib/libpvr.so	liblog.so	PLATFORM	bionic, LineageOS/android_bionic (manifest default.xml:37); /system/lib64
proprietary/vendor/lib/libpvr.so	libm.so	PLATFORM	bionic, LineageOS/android_bionic (manifest default.xml:37)
proprietary/vendor/lib/libpvr.so	libutils.so	PLATFORM	bionic libutils, LineageOS/android_bionic (manifest default.xml:37); /system/lib64
proprietary/vendor/lib/libqcbor.so	libc++.so	PLATFORM	bionic NDK compat lib, LineageOS/android_bionic (manifest default.xml:37); /system/lib64
proprietary/vendor/lib/libqcbor.so	libc.so	PLATFORM	bionic, LineageOS/android_bionic (manifest default.xml:37); /system/lib64 + apex com.android.runtime/lib64/bionic
proprietary/vendor/lib/libqcbor.so	libcutils.so	PLATFORM	bionic libcutils, LineageOS/android_bionic (manifest default.xml:37); /system/lib64
proprietary/vendor/lib/libqcbor.so	libdl.so	PLATFORM	bionic, LineageOS/android_bionic (manifest default.xml:37)
proprietary/vendor/lib/libqcbor.so	liblog.so	PLATFORM	bionic, LineageOS/android_bionic (manifest default.xml:37); /system/lib64
proprietary/vendor/lib/libqcbor.so	libm.so	PLATFORM	bionic, LineageOS/android_bionic (manifest default.xml:37)
proprietary/vendor/lib/libqcbor.so	libutils.so	PLATFORM	bionic libutils, LineageOS/android_bionic (manifest default.xml:37); /system/lib64
proprietary/vendor/lib/libqcc_file_agent.so	libbase.so	PLATFORM	bionic libbase, LineageOS/android_bionic (manifest default.xml:37); /system/lib64
proprietary/vendor/lib/libqcc_file_agent.so	libc++.so	PLATFORM	bionic NDK compat lib, LineageOS/android_bionic (manifest default.xml:37); /system/lib64
proprietary/vendor/lib/libqcc_file_agent.so	libc.so	PLATFORM	bionic, LineageOS/android_bionic (manifest default.xml:37); /system/lib64 + apex com.android.runtime/lib64/bionic
proprietary/vendor/lib/libqcc_file_agent.so	libcutils.so	PLATFORM	bionic libcutils, LineageOS/android_bionic (manifest default.xml:37); /system/lib64
proprietary/vendor/lib/libqcc_file_agent.so	libdl.so	PLATFORM	bionic, LineageOS/android_bionic (manifest default.xml:37)
proprietary/vendor/lib/libqcc_file_agent.so	libfmq.so	VENDOR-ELSEWHERE	Qualcomm FM metadata (RIL), CAF tree; CAF platform tree device fork @2e50286ebc01 (extract-files.py):22 (hardware/qcom-caf/sdm845); project not on github.com, module name NOT verified here
proprietary/vendor/lib/libqcc_file_agent.so	libhidlbase.so	PLATFORM	system/libhidl module 'libhidlbase', system/libhidl lineage-22.2 @2bfb10b64fcfa (module names); manifest default.xml:912 (system/libhidl, remote=aosp)
proprietary/vendor/lib/libqcc_file_agent.so	liblog.so	PLATFORM	bionic, LineageOS/android_bionic (manifest default.xml:37); /system/lib64
proprietary/vendor/lib/libqcc_file_agent.so	libm.so	PLATFORM	bionic, LineageOS/android_bionic (manifest default.xml:37)
proprietary/vendor/lib/libqcc_file_agent.so	libmmosal.so	VENDOR	shipped in this repo as proprietary/system_ext/lib/libmmosal.so;proprietary/vendor/lib/libmmosal.so
proprietary/vendor/lib/libqcc_file_agent.so	libutils.so	PLATFORM	bionic libutils, LineageOS/android_bionic (manifest default.xml:37); /system/lib64
proprietary/vendor/lib/libqcc_file_agent.so	vendor.qti.hardware.qccsyshal@1.0.so	VENDOR	shipped in this repo as proprietary/vendor/lib/vendor.qti.hardware.qccsyshal@1.0.so
proprietary/vendor/lib/libqcmaputils.so	libc++.so	PLATFORM	bionic NDK compat lib, LineageOS/android_bionic (manifest default.xml:37); /system/lib64
proprietary/vendor/lib/libqcmaputils.so	libc.so	PLATFORM	bionic, LineageOS/android_bionic (manifest default.xml:37); /system/lib64 + apex com.android.runtime/lib64/bionic
proprietary/vendor/lib/libqcmaputils.so	libdiag.so	VENDOR	shipped in this repo as proprietary/vendor/lib/libdiag.so
proprietary/vendor/lib/libqcmaputils.so	libdl.so	PLATFORM	bionic, LineageOS/android_bionic (manifest default.xml:37)
proprietary/vendor/lib/libqcmaputils.so	libdsutils.so	VENDOR	shipped in this repo as proprietary/vendor/lib/libdsutils.so
proprietary/vendor/lib/libqcmaputils.so	libm.so	PLATFORM	bionic, LineageOS/android_bionic (manifest default.xml:37)
proprietary/vendor/lib/libqdi.so	libc++.so	PLATFORM	bionic NDK compat lib, LineageOS/android_bionic (manifest default.xml:37); /system/lib64
proprietary/vendor/lib/libqdi.so	libc.so	PLATFORM	bionic, LineageOS/android_bionic (manifest default.xml:37); /system/lib64 + apex com.android.runtime/lib64/bionic
proprietary/vendor/lib/libqdi.so	libdiag.so	VENDOR	shipped in this repo as proprietary/vendor/lib/libdiag.so
proprietary/vendor/lib/libqdi.so	libdl.so	PLATFORM	bionic, LineageOS/android_bionic (manifest default.xml:37)
proprietary/vendor/lib/libqdi.so	libdsutils.so	VENDOR	shipped in this repo as proprietary/vendor/lib/libdsutils.so
proprietary/vendor/lib/libqdi.so	liblog.so	PLATFORM	bionic, LineageOS/android_bionic (manifest default.xml:37); /system/lib64
proprietary/vendor/lib/libqdi.so	libm.so	PLATFORM	bionic, LineageOS/android_bionic (manifest default.xml:37)
proprietary/vendor/lib/libqdi.so	libqmi.so	VENDOR	shipped in this repo as proprietary/vendor/lib/libqmi.so
proprietary/vendor/lib/libqdi.so	libqmi_cci.so	VENDOR	shipped in this repo as proprietary/vendor/lib/libqmi_cci.so
proprietary/vendor/lib/libqdi.so	libqmi_client_helper.so	VENDOR	shipped in this repo as proprietary/vendor/lib/libqmi_client_helper.so
proprietary/vendor/lib/libqdi.so	libqmi_client_qmux.so	VENDOR	shipped in this repo as proprietary/vendor/lib/libqmi_client_qmux.so
proprietary/vendor/lib/libqdi.so	libqmi_common_so.so	VENDOR	shipped in this repo as proprietary/vendor/lib/libqmi_common_so.so
proprietary/vendor/lib/libqdi.so	libqmiservices.so	VENDOR	shipped in this repo as proprietary/vendor/lib/libqmiservices.so
proprietary/vendor/lib/libqfp_sensortest.so	libc++.so	PLATFORM	bionic NDK compat lib, LineageOS/android_bionic (manifest default.xml:37); /system/lib64
proprietary/vendor/lib/libqfp_sensortest.so	libc.so	PLATFORM	bionic, LineageOS/android_bionic (manifest default.xml:37); /system/lib64 + apex com.android.runtime/lib64/bionic
proprietary/vendor/lib/libqfp_sensortest.so	libcutils.so	PLATFORM	bionic libcutils, LineageOS/android_bionic (manifest default.xml:37); /system/lib64
proprietary/vendor/lib/libqfp_sensortest.so	libdl.so	PLATFORM	bionic, LineageOS/android_bionic (manifest default.xml:37)
proprietary/vendor/lib/libqfp_sensortest.so	liblog.so	PLATFORM	bionic, LineageOS/android_bionic (manifest default.xml:37); /system/lib64
proprietary/vendor/lib/libqfp_sensortest.so	libm.so	PLATFORM	bionic, LineageOS/android_bionic (manifest default.xml:37)
proprietary/vendor/lib/libqfp_sensortest.so	libutils.so	PLATFORM	bionic libutils, LineageOS/android_bionic (manifest default.xml:37); /system/lib64
proprietary/vendor/lib/libqisl.so	libQSEEComAPI.so	VENDOR	shipped in this repo as proprietary/vendor/lib/libQSEEComAPI.so
proprietary/vendor/lib/libqisl.so	libc++.so	PLATFORM	bionic NDK compat lib, LineageOS/android_bionic (manifest default.xml:37); /system/lib64
proprietary/vendor/lib/libqisl.so	libc.so	PLATFORM	bionic, LineageOS/android_bionic (manifest default.xml:37); /system/lib64 + apex com.android.runtime/lib64/bionic
proprietary/vendor/lib/libqisl.so	libcutils.so	PLATFORM	bionic libcutils, LineageOS/android_bionic (manifest default.xml:37); /system/lib64
proprietary/vendor/lib/libqisl.so	libdl.so	PLATFORM	bionic, LineageOS/android_bionic (manifest default.xml:37)
proprietary/vendor/lib/libqisl.so	liblog.so	PLATFORM	bionic, LineageOS/android_bionic (manifest default.xml:37); /system/lib64
proprietary/vendor/lib/libqisl.so	libm.so	PLATFORM	bionic, LineageOS/android_bionic (manifest default.xml:37)
proprietary/vendor/lib/libqmi.so	libc++.so	PLATFORM	bionic NDK compat lib, LineageOS/android_bionic (manifest default.xml:37); /system/lib64
proprietary/vendor/lib/libqmi.so	libc.so	PLATFORM	bionic, LineageOS/android_bionic (manifest default.xml:37); /system/lib64 + apex com.android.runtime/lib64/bionic
proprietary/vendor/lib/libqmi.so	libcutils.so	PLATFORM	bionic libcutils, LineageOS/android_bionic (manifest default.xml:37); /system/lib64
proprietary/vendor/lib/libqmi.so	libdiag.so	VENDOR	shipped in this repo as proprietary/vendor/lib/libdiag.so
proprietary/vendor/lib/libqmi.so	libdl.so	PLATFORM	bionic, LineageOS/android_bionic (manifest default.xml:37)
proprietary/vendor/lib/libqmi.so	libdsutils.so	VENDOR	shipped in this repo as proprietary/vendor/lib/libdsutils.so
proprietary/vendor/lib/libqmi.so	libidl.so	VENDOR	shipped in this repo as proprietary/vendor/lib/libidl.so
proprietary/vendor/lib/libqmi.so	liblog.so	PLATFORM	bionic, LineageOS/android_bionic (manifest default.xml:37); /system/lib64
proprietary/vendor/lib/libqmi.so	libm.so	PLATFORM	bionic, LineageOS/android_bionic (manifest default.xml:37)
proprietary/vendor/lib/libqmi.so	libqmi_client_qmux.so	VENDOR	shipped in this repo as proprietary/vendor/lib/libqmi_client_qmux.so
proprietary/vendor/lib/libqmi.so	libqmiservices.so	VENDOR	shipped in this repo as proprietary/vendor/lib/libqmiservices.so
proprietary/vendor/lib/libqmi_cci.so	libc++.so	PLATFORM	bionic NDK compat lib, LineageOS/android_bionic (manifest default.xml:37); /system/lib64
proprietary/vendor/lib/libqmi_cci.so	libc.so	PLATFORM	bionic, LineageOS/android_bionic (manifest default.xml:37); /system/lib64 + apex com.android.runtime/lib64/bionic
proprietary/vendor/lib/libqmi_cci.so	libcutils.so	PLATFORM	bionic libcutils, LineageOS/android_bionic (manifest default.xml:37); /system/lib64
proprietary/vendor/lib/libqmi_cci.so	libdl.so	PLATFORM	bionic, LineageOS/android_bionic (manifest default.xml:37)
proprietary/vendor/lib/libqmi_cci.so	liblog.so	PLATFORM	bionic, LineageOS/android_bionic (manifest default.xml:37); /system/lib64
proprietary/vendor/lib/libqmi_cci.so	libm.so	PLATFORM	bionic, LineageOS/android_bionic (manifest default.xml:37)
proprietary/vendor/lib/libqmi_cci.so	libqmi_encdec.so	VENDOR	shipped in this repo as proprietary/vendor/lib/libqmi_encdec.so
proprietary/vendor/lib/libqmi_cci.so	libutils.so	PLATFORM	bionic libutils, LineageOS/android_bionic (manifest default.xml:37); /system/lib64
proprietary/vendor/lib/libqmi_client_helper.so	libc++.so	PLATFORM	bionic NDK compat lib, LineageOS/android_bionic (manifest default.xml:37); /system/lib64
proprietary/vendor/lib/libqmi_client_helper.so	libc.so	PLATFORM	bionic, LineageOS/android_bionic (manifest default.xml:37); /system/lib64 + apex com.android.runtime/lib64/bionic
proprietary/vendor/lib/libqmi_client_helper.so	libcutils.so	PLATFORM	bionic libcutils, LineageOS/android_bionic (manifest default.xml:37); /system/lib64
proprietary/vendor/lib/libqmi_client_helper.so	libdiag.so	VENDOR	shipped in this repo as proprietary/vendor/lib/libdiag.so
proprietary/vendor/lib/libqmi_client_helper.so	libdl.so	PLATFORM	bionic, LineageOS/android_bionic (manifest default.xml:37)
proprietary/vendor/lib/libqmi_client_helper.so	libdsutils.so	VENDOR	shipped in this repo as proprietary/vendor/lib/libdsutils.so
proprietary/vendor/lib/libqmi_client_helper.so	libidl.so	VENDOR	shipped in this repo as proprietary/vendor/lib/libidl.so
proprietary/vendor/lib/libqmi_client_helper.so	liblog.so	PLATFORM	bionic, LineageOS/android_bionic (manifest default.xml:37); /system/lib64
proprietary/vendor/lib/libqmi_client_helper.so	libm.so	PLATFORM	bionic, LineageOS/android_bionic (manifest default.xml:37)
proprietary/vendor/lib/libqmi_client_helper.so	libqmi_cci.so	VENDOR	shipped in this repo as proprietary/vendor/lib/libqmi_cci.so
proprietary/vendor/lib/libqmi_client_helper.so	libqmi_client_qmux.so	VENDOR	shipped in this repo as proprietary/vendor/lib/libqmi_client_qmux.so
proprietary/vendor/lib/libqmi_client_helper.so	libqmiservices.so	VENDOR	shipped in this repo as proprietary/vendor/lib/libqmiservices.so
proprietary/vendor/lib/libqmi_client_qmux.so	libc++.so	PLATFORM	bionic NDK compat lib, LineageOS/android_bionic (manifest default.xml:37); /system/lib64
proprietary/vendor/lib/libqmi_client_qmux.so	libc.so	PLATFORM	bionic, LineageOS/android_bionic (manifest default.xml:37); /system/lib64 + apex com.android.runtime/lib64/bionic
proprietary/vendor/lib/libqmi_client_qmux.so	libcutils.so	PLATFORM	bionic libcutils, LineageOS/android_bionic (manifest default.xml:37); /system/lib64
proprietary/vendor/lib/libqmi_client_qmux.so	libdiag.so	VENDOR	shipped in this repo as proprietary/vendor/lib/libdiag.so
proprietary/vendor/lib/libqmi_client_qmux.so	libdl.so	PLATFORM	bionic, LineageOS/android_bionic (manifest default.xml:37)
proprietary/vendor/lib/libqmi_client_qmux.so	libdsutils.so	VENDOR	shipped in this repo as proprietary/vendor/lib/libdsutils.so
proprietary/vendor/lib/libqmi_client_qmux.so	libidl.so	VENDOR	shipped in this repo as proprietary/vendor/lib/libidl.so
proprietary/vendor/lib/libqmi_client_qmux.so	liblog.so	PLATFORM	bionic, LineageOS/android_bionic (manifest default.xml:37); /system/lib64
proprietary/vendor/lib/libqmi_client_qmux.so	libm.so	PLATFORM	bionic, LineageOS/android_bionic (manifest default.xml:37)
proprietary/vendor/lib/libqmi_client_qmux.so	libqmiservices.so	VENDOR	shipped in this repo as proprietary/vendor/lib/libqmiservices.so
proprietary/vendor/lib/libqmi_common_so.so	libc++.so	PLATFORM	bionic NDK compat lib, LineageOS/android_bionic (manifest default.xml:37); /system/lib64
proprietary/vendor/lib/libqmi_common_so.so	libc.so	PLATFORM	bionic, LineageOS/android_bionic (manifest default.xml:37); /system/lib64 + apex com.android.runtime/lib64/bionic
proprietary/vendor/lib/libqmi_common_so.so	libcutils.so	PLATFORM	bionic libcutils, LineageOS/android_bionic (manifest default.xml:37); /system/lib64
proprietary/vendor/lib/libqmi_common_so.so	libdl.so	PLATFORM	bionic, LineageOS/android_bionic (manifest default.xml:37)
proprietary/vendor/lib/libqmi_common_so.so	libm.so	PLATFORM	bionic, LineageOS/android_bionic (manifest default.xml:37)
proprietary/vendor/lib/libqmi_common_so.so	libutils.so	PLATFORM	bionic libutils, LineageOS/android_bionic (manifest default.xml:37); /system/lib64
proprietary/vendor/lib/libqmi_csi.so	libc++.so	PLATFORM	bionic NDK compat lib, LineageOS/android_bionic (manifest default.xml:37); /system/lib64
proprietary/vendor/lib/libqmi_csi.so	libc.so	PLATFORM	bionic, LineageOS/android_bionic (manifest default.xml:37); /system/lib64 + apex com.android.runtime/lib64/bionic
proprietary/vendor/lib/libqmi_csi.so	libcutils.so	PLATFORM	bionic libcutils, LineageOS/android_bionic (manifest default.xml:37); /system/lib64
proprietary/vendor/lib/libqmi_csi.so	libdl.so	PLATFORM	bionic, LineageOS/android_bionic (manifest default.xml:37)
proprietary/vendor/lib/libqmi_csi.so	liblog.so	PLATFORM	bionic, LineageOS/android_bionic (manifest default.xml:37); /system/lib64
proprietary/vendor/lib/libqmi_csi.so	libm.so	PLATFORM	bionic, LineageOS/android_bionic (manifest default.xml:37)
proprietary/vendor/lib/libqmi_csi.so	libqmi_encdec.so	VENDOR	shipped in this repo as proprietary/vendor/lib/libqmi_encdec.so
proprietary/vendor/lib/libqmi_csi.so	libutils.so	PLATFORM	bionic libutils, LineageOS/android_bionic (manifest default.xml:37); /system/lib64
proprietary/vendor/lib/libqmi_encdec.so	libc++.so	PLATFORM	bionic NDK compat lib, LineageOS/android_bionic (manifest default.xml:37); /system/lib64
proprietary/vendor/lib/libqmi_encdec.so	libc.so	PLATFORM	bionic, LineageOS/android_bionic (manifest default.xml:37); /system/lib64 + apex com.android.runtime/lib64/bionic
proprietary/vendor/lib/libqmi_encdec.so	libcutils.so	PLATFORM	bionic libcutils, LineageOS/android_bionic (manifest default.xml:37); /system/lib64
proprietary/vendor/lib/libqmi_encdec.so	libdl.so	PLATFORM	bionic, LineageOS/android_bionic (manifest default.xml:37)
proprietary/vendor/lib/libqmi_encdec.so	libm.so	PLATFORM	bionic, LineageOS/android_bionic (manifest default.xml:37)
proprietary/vendor/lib/libqmi_encdec.so	libutils.so	PLATFORM	bionic libutils, LineageOS/android_bionic (manifest default.xml:37); /system/lib64
proprietary/vendor/lib/libqmiservices.so	libc++.so	PLATFORM	bionic NDK compat lib, LineageOS/android_bionic (manifest default.xml:37); /system/lib64
proprietary/vendor/lib/libqmiservices.so	libc.so	PLATFORM	bionic, LineageOS/android_bionic (manifest default.xml:37); /system/lib64 + apex com.android.runtime/lib64/bionic
proprietary/vendor/lib/libqmiservices.so	libdl.so	PLATFORM	bionic, LineageOS/android_bionic (manifest default.xml:37)
proprietary/vendor/lib/libqmiservices.so	libidl.so	VENDOR	shipped in this repo as proprietary/vendor/lib/libidl.so
proprietary/vendor/lib/libqmiservices.so	libm.so	PLATFORM	bionic, LineageOS/android_bionic (manifest default.xml:37)
proprietary/vendor/lib/libqrtr.so	libc++.so	PLATFORM	bionic NDK compat lib, LineageOS/android_bionic (manifest default.xml:37); /system/lib64
proprietary/vendor/lib/libqrtr.so	libc.so	PLATFORM	bionic, LineageOS/android_bionic (manifest default.xml:37); /system/lib64 + apex com.android.runtime/lib64/bionic
proprietary/vendor/lib/libqrtr.so	libdl.so	PLATFORM	bionic, LineageOS/android_bionic (manifest default.xml:37)
proprietary/vendor/lib/libqrtr.so	libm.so	PLATFORM	bionic, LineageOS/android_bionic (manifest default.xml:37)
proprietary/vendor/lib/libqseed3.so	libc++.so	PLATFORM	bionic NDK compat lib, LineageOS/android_bionic (manifest default.xml:37); /system/lib64
proprietary/vendor/lib/libqseed3.so	libc.so	PLATFORM	bionic, LineageOS/android_bionic (manifest default.xml:37); /system/lib64 + apex com.android.runtime/lib64/bionic
proprietary/vendor/lib/libqseed3.so	libdl.so	PLATFORM	bionic, LineageOS/android_bionic (manifest default.xml:37)
proprietary/vendor/lib/libqseed3.so	libm.so	PLATFORM	bionic, LineageOS/android_bionic (manifest default.xml:37)
proprietary/vendor/lib/libqsocket.so	libc++.so	PLATFORM	bionic NDK compat lib, LineageOS/android_bionic (manifest default.xml:37); /system/lib64
proprietary/vendor/lib/libqsocket.so	libc.so	PLATFORM	bionic, LineageOS/android_bionic (manifest default.xml:37); /system/lib64 + apex com.android.runtime/lib64/bionic
proprietary/vendor/lib/libqsocket.so	libdl.so	PLATFORM	bionic, LineageOS/android_bionic (manifest default.xml:37)
proprietary/vendor/lib/libqsocket.so	libm.so	PLATFORM	bionic, LineageOS/android_bionic (manifest default.xml:37)
proprietary/vendor/lib/libqti-perfd-client.so	libc++.so	PLATFORM	bionic NDK compat lib, LineageOS/android_bionic (manifest default.xml:37); /system/lib64
proprietary/vendor/lib/libqti-perfd-client.so	libc.so	PLATFORM	bionic, LineageOS/android_bionic (manifest default.xml:37); /system/lib64 + apex com.android.runtime/lib64/bionic
proprietary/vendor/lib/libqti-perfd-client.so	libcutils.so	PLATFORM	bionic libcutils, LineageOS/android_bionic (manifest default.xml:37); /system/lib64
proprietary/vendor/lib/libqti-perfd-client.so	libdl.so	PLATFORM	bionic, LineageOS/android_bionic (manifest default.xml:37)
proprietary/vendor/lib/libqti-perfd-client.so	libhidlbase.so	PLATFORM	system/libhidl module 'libhidlbase', system/libhidl lineage-22.2 @2bfb10b64fcfa (module names); manifest default.xml:912 (system/libhidl, remote=aosp)
proprietary/vendor/lib/libqti-perfd-client.so	liblog.so	PLATFORM	bionic, LineageOS/android_bionic (manifest default.xml:37); /system/lib64
proprietary/vendor/lib/libqti-perfd-client.so	libm.so	PLATFORM	bionic, LineageOS/android_bionic (manifest default.xml:37)
proprietary/vendor/lib/libqti-perfd-client.so	libutils.so	PLATFORM	bionic libutils, LineageOS/android_bionic (manifest default.xml:37); /system/lib64
proprietary/vendor/lib/libqti-perfd-client.so	vendor.qti.hardware.perf@2.2.so	VENDOR-ELSEWHERE	Qualcomm perf HIDL iface, CAF perf HAL tree; CAF platform tree device fork @2e50286ebc01 (extract-files.py):22 (hardware/qcom-caf/sdm845); project not on github.com, module name NOT verified here
proprietary/vendor/lib/libqti-perfd.so	libbase.so	PLATFORM	bionic libbase, LineageOS/android_bionic (manifest default.xml:37); /system/lib64
proprietary/vendor/lib/libqti-perfd.so	libc++.so	PLATFORM	bionic NDK compat lib, LineageOS/android_bionic (manifest default.xml:37); /system/lib64
proprietary/vendor/lib/libqti-perfd.so	libc.so	PLATFORM	bionic, LineageOS/android_bionic (manifest default.xml:37); /system/lib64 + apex com.android.runtime/lib64/bionic
proprietary/vendor/lib/libqti-perfd.so	libcutils.so	PLATFORM	bionic libcutils, LineageOS/android_bionic (manifest default.xml:37); /system/lib64
proprietary/vendor/lib/libqti-perfd.so	libdisplayconfig.qti.so	VENDOR-ELSEWHERE	Qualcomm display config client, CAF display tree; CAF platform tree device fork @2e50286ebc01 (extract-files.py):22 (hardware/qcom-caf/sdm845); project not on github.com, module name NOT verified here
proprietary/vendor/lib/libqti-perfd.so	libdl.so	PLATFORM	bionic, LineageOS/android_bionic (manifest default.xml:37)
proprietary/vendor/lib/libqti-perfd.so	libhidlbase.so	PLATFORM	system/libhidl module 'libhidlbase', system/libhidl lineage-22.2 @2bfb10b64fcfa (module names); manifest default.xml:912 (system/libhidl, remote=aosp)
proprietary/vendor/lib/libqti-perfd.so	liblog.so	PLATFORM	bionic, LineageOS/android_bionic (manifest default.xml:37); /system/lib64
proprietary/vendor/lib/libqti-perfd.so	libm.so	PLATFORM	bionic, LineageOS/android_bionic (manifest default.xml:37)
proprietary/vendor/lib/libqti-perfd.so	libperfconfig.so	VENDOR	shipped in this repo as proprietary/vendor/lib/libperfconfig.so
proprietary/vendor/lib/libqti-perfd.so	libperfgluelayer.so	VENDOR	shipped in this repo as proprietary/vendor/lib/libperfgluelayer.so
proprietary/vendor/lib/libqti-perfd.so	libperfioctl.so	VENDOR	shipped in this repo as proprietary/vendor/lib/libperfioctl.so
proprietary/vendor/lib/libqti-perfd.so	libqti-perfd-client.so	VENDOR	shipped in this repo as proprietary/vendor/lib/libqti-perfd-client.so
proprietary/vendor/lib/libqti-perfd.so	libqti-util.so	VENDOR	shipped in this repo as proprietary/vendor/lib/libqti-util.so
proprietary/vendor/lib/libqti-perfd.so	libthermalclient.so	VENDOR	shipped in this repo as proprietary/vendor/lib/libthermalclient.so
proprietary/vendor/lib/libqti-perfd.so	libutils.so	PLATFORM	bionic libutils, LineageOS/android_bionic (manifest default.xml:37); /system/lib64
proprietary/vendor/lib/libqti-perfd.so	libxml2.so	PLATFORM	external/libxml2, manifest default.xml:346
proprietary/vendor/lib/libqti-perfd.so	vendor.qti.hardware.perf@2.0.so	VENDOR-ELSEWHERE	Qualcomm perf HIDL iface, CAF perf HAL tree; CAF platform tree device fork @2e50286ebc01 (extract-files.py):22 (hardware/qcom-caf/sdm845); project not on github.com, module name NOT verified here
proprietary/vendor/lib/libqti-perfd.so	vendor.qti.memory.pasrmanager@1.1.so	VENDOR	shipped in this repo as proprietary/vendor/lib/vendor.qti.memory.pasrmanager@1.1.so
proprietary/vendor/lib/libqti-util.so	libc++.so	PLATFORM	bionic NDK compat lib, LineageOS/android_bionic (manifest default.xml:37); /system/lib64
proprietary/vendor/lib/libqti-util.so	libc.so	PLATFORM	bionic, LineageOS/android_bionic (manifest default.xml:37); /system/lib64 + apex com.android.runtime/lib64/bionic
proprietary/vendor/lib/libqti-util.so	libcutils.so	PLATFORM	bionic libcutils, LineageOS/android_bionic (manifest default.xml:37); /system/lib64
proprietary/vendor/lib/libqti-util.so	libdl.so	PLATFORM	bionic, LineageOS/android_bionic (manifest default.xml:37)
proprietary/vendor/lib/libqti-util.so	liblog.so	PLATFORM	bionic, LineageOS/android_bionic (manifest default.xml:37); /system/lib64
proprietary/vendor/lib/libqti-util.so	libm.so	PLATFORM	bionic, LineageOS/android_bionic (manifest default.xml:37)
proprietary/vendor/lib/libqti-util.so	libutils.so	PLATFORM	bionic libutils, LineageOS/android_bionic (manifest default.xml:37); /system/lib64
proprietary/vendor/lib/libqti-util.so	libxml2.so	PLATFORM	external/libxml2, manifest default.xml:346
proprietary/vendor/lib/libqti-utils.so	libc++.so	PLATFORM	bionic NDK compat lib, LineageOS/android_bionic (manifest default.xml:37); /system/lib64
proprietary/vendor/lib/libqti-utils.so	libc.so	PLATFORM	bionic, LineageOS/android_bionic (manifest default.xml:37); /system/lib64 + apex com.android.runtime/lib64/bionic
proprietary/vendor/lib/libqti-utils.so	libdl.so	PLATFORM	bionic, LineageOS/android_bionic (manifest default.xml:37)
proprietary/vendor/lib/libqti-utils.so	libm.so	PLATFORM	bionic, LineageOS/android_bionic (manifest default.xml:37)
proprietary/vendor/lib/libqtigef.so	libc++.so	PLATFORM	bionic NDK compat lib, LineageOS/android_bionic (manifest default.xml:37); /system/lib64
proprietary/vendor/lib/libqtigef.so	libc.so	PLATFORM	bionic, LineageOS/android_bionic (manifest default.xml:37); /system/lib64 + apex com.android.runtime/lib64/bionic
proprietary/vendor/lib/libqtigef.so	libcutils.so	PLATFORM	bionic libcutils, LineageOS/android_bionic (manifest default.xml:37); /system/lib64
proprietary/vendor/lib/libqtigef.so	libdl.so	PLATFORM	bionic, LineageOS/android_bionic (manifest default.xml:37)
proprietary/vendor/lib/libqtigef.so	liblog.so	PLATFORM	bionic, LineageOS/android_bionic (manifest default.xml:37); /system/lib64
proprietary/vendor/lib/libqtigef.so	libm.so	PLATFORM	bionic, LineageOS/android_bionic (manifest default.xml:37)
proprietary/vendor/lib/librecordalive.so	lib_SamsungRec_07010.so	VENDOR	shipped in this repo as proprietary/vendor/lib/lib_SamsungRec_07010.so
proprietary/vendor/lib/librecordalive.so	libc++.so	PLATFORM	bionic NDK compat lib, LineageOS/android_bionic (manifest default.xml:37); /system/lib64
proprietary/vendor/lib/librecordalive.so	libc.so	PLATFORM	bionic, LineageOS/android_bionic (manifest default.xml:37); /system/lib64 + apex com.android.runtime/lib64/bionic
proprietary/vendor/lib/librecordalive.so	libcutils.so	PLATFORM	bionic libcutils, LineageOS/android_bionic (manifest default.xml:37); /system/lib64
proprietary/vendor/lib/librecordalive.so	libdl.so	PLATFORM	bionic, LineageOS/android_bionic (manifest default.xml:37)
proprietary/vendor/lib/librecordalive.so	liblog.so	PLATFORM	bionic, LineageOS/android_bionic (manifest default.xml:37); /system/lib64
proprietary/vendor/lib/librecordalive.so	libm.so	PLATFORM	bionic, LineageOS/android_bionic (manifest default.xml:37)
proprietary/vendor/lib/librecordalive.so	libsecaudioinfo.so	VENDOR	shipped in this repo as proprietary/vendor/lib/libsecaudioinfo.so
proprietary/vendor/lib/librecordalive.so	libutils.so	PLATFORM	bionic libutils, LineageOS/android_bionic (manifest default.xml:37); /system/lib64
proprietary/vendor/lib/librpmb.so	libQSEEComAPI.so	VENDOR	shipped in this repo as proprietary/vendor/lib/libQSEEComAPI.so
proprietary/vendor/lib/librpmb.so	libc++.so	PLATFORM	bionic NDK compat lib, LineageOS/android_bionic (manifest default.xml:37); /system/lib64
proprietary/vendor/lib/librpmb.so	libc.so	PLATFORM	bionic, LineageOS/android_bionic (manifest default.xml:37); /system/lib64 + apex com.android.runtime/lib64/bionic
proprietary/vendor/lib/librpmb.so	libdl.so	PLATFORM	bionic, LineageOS/android_bionic (manifest default.xml:37)
proprietary/vendor/lib/librpmb.so	liblog.so	PLATFORM	bionic, LineageOS/android_bionic (manifest default.xml:37); /system/lib64
proprietary/vendor/lib/librpmb.so	libm.so	PLATFORM	bionic, LineageOS/android_bionic (manifest default.xml:37)
proprietary/vendor/lib/librpmb.so	libutils.so	PLATFORM	bionic libutils, LineageOS/android_bionic (manifest default.xml:37); /system/lib64
proprietary/vendor/lib/libsamsungVoipResampler.so	lib_soundaliveresampler.so	VENDOR	shipped in this repo as proprietary/vendor/lib/lib_soundaliveresampler.so
proprietary/vendor/lib/libsamsungVoipResampler.so	libc++.so	PLATFORM	bionic NDK compat lib, LineageOS/android_bionic (manifest default.xml:37); /system/lib64
proprietary/vendor/lib/libsamsungVoipResampler.so	libc.so	PLATFORM	bionic, LineageOS/android_bionic (manifest default.xml:37); /system/lib64 + apex com.android.runtime/lib64/bionic
proprietary/vendor/lib/libsamsungVoipResampler.so	libcutils.so	PLATFORM	bionic libcutils, LineageOS/android_bionic (manifest default.xml:37); /system/lib64
proprietary/vendor/lib/libsamsungVoipResampler.so	libdl.so	PLATFORM	bionic, LineageOS/android_bionic (manifest default.xml:37)
proprietary/vendor/lib/libsamsungVoipResampler.so	liblog.so	PLATFORM	bionic, LineageOS/android_bionic (manifest default.xml:37); /system/lib64
proprietary/vendor/lib/libsamsungVoipResampler.so	libm.so	PLATFORM	bionic, LineageOS/android_bionic (manifest default.xml:37)
proprietary/vendor/lib/libsamsungVoipResampler.so	libtinyalsa.so	PLATFORM	AOSP external/tinyalsa manifest default.xml:547 (+tinyalsa_new manifest default.xml:548) (confidence: medium; CAF may also ship a vendor copy)
proprietary/vendor/lib/libsamsungVoipResampler.so	libutils.so	PLATFORM	bionic libutils, LineageOS/android_bionic (manifest default.xml:37); /system/lib64
proprietary/vendor/lib/libscveCommon.so	libc++.so	PLATFORM	bionic NDK compat lib, LineageOS/android_bionic (manifest default.xml:37); /system/lib64
proprietary/vendor/lib/libscveCommon.so	libc.so	PLATFORM	bionic, LineageOS/android_bionic (manifest default.xml:37); /system/lib64 + apex com.android.runtime/lib64/bionic
proprietary/vendor/lib/libscveCommon.so	libcdsprpc.so	VENDOR	shipped in this repo as proprietary/vendor/lib/libcdsprpc.so
proprietary/vendor/lib/libscveCommon.so	libdl.so	PLATFORM	bionic, LineageOS/android_bionic (manifest default.xml:37)
proprietary/vendor/lib/libscveCommon.so	libion.so	PLATFORM	AOSP system/memory/libion, manifest default.xml:924
proprietary/vendor/lib/libscveCommon.so	liblog.so	PLATFORM	bionic, LineageOS/android_bionic (manifest default.xml:37); /system/lib64
proprietary/vendor/lib/libscveCommon.so	libm.so	PLATFORM	bionic, LineageOS/android_bionic (manifest default.xml:37)
proprietary/vendor/lib/libscveCommon.so	libscveCommon_stub.so	VENDOR	shipped in this repo as proprietary/vendor/lib/libscveCommon_stub.so
proprietary/vendor/lib/libscveCommon_stub.so	libc++.so	PLATFORM	bionic NDK compat lib, LineageOS/android_bionic (manifest default.xml:37); /system/lib64
proprietary/vendor/lib/libscveCommon_stub.so	libc.so	PLATFORM	bionic, LineageOS/android_bionic (manifest default.xml:37); /system/lib64 + apex com.android.runtime/lib64/bionic
proprietary/vendor/lib/libscveCommon_stub.so	libcdsprpc.so	VENDOR	shipped in this repo as proprietary/vendor/lib/libcdsprpc.so
proprietary/vendor/lib/libscveCommon_stub.so	libdl.so	PLATFORM	bionic, LineageOS/android_bionic (manifest default.xml:37)
proprietary/vendor/lib/libscveCommon_stub.so	libm.so	PLATFORM	bionic, LineageOS/android_bionic (manifest default.xml:37)
proprietary/vendor/lib/libscveObjectSegmentation.so	libc++.so	PLATFORM	bionic NDK compat lib, LineageOS/android_bionic (manifest default.xml:37); /system/lib64
proprietary/vendor/lib/libscveObjectSegmentation.so	libc.so	PLATFORM	bionic, LineageOS/android_bionic (manifest default.xml:37); /system/lib64 + apex com.android.runtime/lib64/bionic
proprietary/vendor/lib/libscveObjectSegmentation.so	libdl.so	PLATFORM	bionic, LineageOS/android_bionic (manifest default.xml:37)
proprietary/vendor/lib/libscveObjectSegmentation.so	libfastcvopt.so	VENDOR	shipped in this repo as proprietary/vendor/lib/libfastcvopt.so
proprietary/vendor/lib/libscveObjectSegmentation.so	liblog.so	PLATFORM	bionic, LineageOS/android_bionic (manifest default.xml:37); /system/lib64
proprietary/vendor/lib/libscveObjectSegmentation.so	libm.so	PLATFORM	bionic, LineageOS/android_bionic (manifest default.xml:37)
proprietary/vendor/lib/libscveObjectSegmentation.so	libscveCommon.so	VENDOR	shipped in this repo as proprietary/vendor/lib/libscveCommon.so
proprietary/vendor/lib/libscveObjectSegmentation_stub.so	libc++.so	PLATFORM	bionic NDK compat lib, LineageOS/android_bionic (manifest default.xml:37); /system/lib64
proprietary/vendor/lib/libscveObjectSegmentation_stub.so	libc.so	PLATFORM	bionic, LineageOS/android_bionic (manifest default.xml:37); /system/lib64 + apex com.android.runtime/lib64/bionic
proprietary/vendor/lib/libscveObjectSegmentation_stub.so	libcdsprpc.so	VENDOR	shipped in this repo as proprietary/vendor/lib/libcdsprpc.so
proprietary/vendor/lib/libscveObjectSegmentation_stub.so	libdl.so	PLATFORM	bionic, LineageOS/android_bionic (manifest default.xml:37)
proprietary/vendor/lib/libscveObjectSegmentation_stub.so	libm.so	PLATFORM	bionic, LineageOS/android_bionic (manifest default.xml:37)
proprietary/vendor/lib/libscveObjectSegmentation_stub.so	libscveCommon.so	VENDOR	shipped in this repo as proprietary/vendor/lib/libscveCommon.so
proprietary/vendor/lib/libscveObjectTracker.so	libc++.so	PLATFORM	bionic NDK compat lib, LineageOS/android_bionic (manifest default.xml:37); /system/lib64
proprietary/vendor/lib/libscveObjectTracker.so	libc.so	PLATFORM	bionic, LineageOS/android_bionic (manifest default.xml:37); /system/lib64 + apex com.android.runtime/lib64/bionic
proprietary/vendor/lib/libscveObjectTracker.so	libdl.so	PLATFORM	bionic, LineageOS/android_bionic (manifest default.xml:37)
proprietary/vendor/lib/libscveObjectTracker.so	libfastcvopt.so	VENDOR	shipped in this repo as proprietary/vendor/lib/libfastcvopt.so
proprietary/vendor/lib/libscveObjectTracker.so	liblog.so	PLATFORM	bionic, LineageOS/android_bionic (manifest default.xml:37); /system/lib64
proprietary/vendor/lib/libscveObjectTracker.so	libm.so	PLATFORM	bionic, LineageOS/android_bionic (manifest default.xml:37)
proprietary/vendor/lib/libscveObjectTracker.so	libscveCommon.so	VENDOR	shipped in this repo as proprietary/vendor/lib/libscveCommon.so
proprietary/vendor/lib/libscveObjectTracker.so	libscveObjectSegmentation.so	VENDOR	shipped in this repo as proprietary/vendor/lib/libscveObjectSegmentation.so
proprietary/vendor/lib/libscveObjectTracker_stub.so	libc++.so	PLATFORM	bionic NDK compat lib, LineageOS/android_bionic (manifest default.xml:37); /system/lib64
proprietary/vendor/lib/libscveObjectTracker_stub.so	libc.so	PLATFORM	bionic, LineageOS/android_bionic (manifest default.xml:37); /system/lib64 + apex com.android.runtime/lib64/bionic
proprietary/vendor/lib/libscveObjectTracker_stub.so	libcdsprpc.so	VENDOR	shipped in this repo as proprietary/vendor/lib/libcdsprpc.so
proprietary/vendor/lib/libscveObjectTracker_stub.so	libdl.so	PLATFORM	bionic, LineageOS/android_bionic (manifest default.xml:37)
proprietary/vendor/lib/libscveObjectTracker_stub.so	libfastcvopt.so	VENDOR	shipped in this repo as proprietary/vendor/lib/libfastcvopt.so
proprietary/vendor/lib/libscveObjectTracker_stub.so	liblog.so	PLATFORM	bionic, LineageOS/android_bionic (manifest default.xml:37); /system/lib64
proprietary/vendor/lib/libscveObjectTracker_stub.so	libm.so	PLATFORM	bionic, LineageOS/android_bionic (manifest default.xml:37)
proprietary/vendor/lib/libscveObjectTracker_stub.so	libscveCommon.so	VENDOR	shipped in this repo as proprietary/vendor/lib/libscveCommon.so
proprietary/vendor/lib/libsdedrm.so	libc++.so	PLATFORM	bionic NDK compat lib, LineageOS/android_bionic (manifest default.xml:37); /system/lib64
proprietary/vendor/lib/libsdedrm.so	libc.so	PLATFORM	bionic, LineageOS/android_bionic (manifest default.xml:37); /system/lib64 + apex com.android.runtime/lib64/bionic
proprietary/vendor/lib/libsdedrm.so	libdisplaydebug.so	VENDOR-ELSEWHERE	Qualcomm display debug lib, CAF display tree; CAF platform tree device fork @2e50286ebc01 (extract-files.py):22 (hardware/qcom-caf/sdm845); project not on github.com, module name NOT verified here
proprietary/vendor/lib/libsdedrm.so	libdl.so	PLATFORM	bionic, LineageOS/android_bionic (manifest default.xml:37)
proprietary/vendor/lib/libsdedrm.so	libdrm.so	VENDOR-ELSEWHERE	Mesa DRM from the CAF display/graphics tree; not in AOSP bionic/frameworks, ; project not on github.com, module name NOT verified here (confidence: low)
proprietary/vendor/lib/libsdedrm.so	libdrmutils.so	VENDOR-ELSEWHERE	module 'libdrmutils' in LineageOS/android_hardware_qcom_display lineage-22.2 @98b6355a127e -> /vendor/lib64
proprietary/vendor/lib/libsdedrm.so	libm.so	PLATFORM	bionic, LineageOS/android_bionic (manifest default.xml:37)
proprietary/vendor/lib/libsdm-color.so	libbinder.so	PLATFORM	frameworks/native (manifest default.xml:613) libs/binder
proprietary/vendor/lib/libsdm-color.so	libc++.so	PLATFORM	bionic NDK compat lib, LineageOS/android_bionic (manifest default.xml:37); /system/lib64
proprietary/vendor/lib/libsdm-color.so	libc.so	PLATFORM	bionic, LineageOS/android_bionic (manifest default.xml:37); /system/lib64 + apex com.android.runtime/lib64/bionic
proprietary/vendor/lib/libsdm-color.so	libcutils.so	PLATFORM	bionic libcutils, LineageOS/android_bionic (manifest default.xml:37); /system/lib64
proprietary/vendor/lib/libsdm-color.so	libdisplaydebug.so	VENDOR-ELSEWHERE	Qualcomm display debug lib, CAF display tree; CAF platform tree device fork @2e50286ebc01 (extract-files.py):22 (hardware/qcom-caf/sdm845); project not on github.com, module name NOT verified here
proprietary/vendor/lib/libsdm-color.so	libdl.so	PLATFORM	bionic, LineageOS/android_bionic (manifest default.xml:37)
proprietary/vendor/lib/libsdm-color.so	liblog.so	PLATFORM	bionic, LineageOS/android_bionic (manifest default.xml:37); /system/lib64
proprietary/vendor/lib/libsdm-color.so	libm.so	PLATFORM	bionic, LineageOS/android_bionic (manifest default.xml:37)
proprietary/vendor/lib/libsdm-color.so	libtinyxml2_1.so	VENDOR	shipped in this repo as proprietary/vendor/lib/libtinyxml2_1.so
proprietary/vendor/lib/libsdm-color.so	libutils.so	PLATFORM	bionic libutils, LineageOS/android_bionic (manifest default.xml:37); /system/lib64
proprietary/vendor/lib/libsdm-diag.so	libbinder.so	PLATFORM	frameworks/native (manifest default.xml:613) libs/binder
proprietary/vendor/lib/libsdm-diag.so	libc++.so	PLATFORM	bionic NDK compat lib, LineageOS/android_bionic (manifest default.xml:37); /system/lib64
proprietary/vendor/lib/libsdm-diag.so	libc.so	PLATFORM	bionic, LineageOS/android_bionic (manifest default.xml:37); /system/lib64 + apex com.android.runtime/lib64/bionic
proprietary/vendor/lib/libsdm-diag.so	libdiag.so	VENDOR	shipped in this repo as proprietary/vendor/lib/libdiag.so
proprietary/vendor/lib/libsdm-diag.so	libdisplaydebug.so	VENDOR-ELSEWHERE	Qualcomm display debug lib, CAF display tree; CAF platform tree device fork @2e50286ebc01 (extract-files.py):22 (hardware/qcom-caf/sdm845); project not on github.com, module name NOT verified here
proprietary/vendor/lib/libsdm-diag.so	libdl.so	PLATFORM	bionic, LineageOS/android_bionic (manifest default.xml:37)
proprietary/vendor/lib/libsdm-diag.so	libm.so	PLATFORM	bionic, LineageOS/android_bionic (manifest default.xml:37)
proprietary/vendor/lib/libsdm-diag.so	libsdmutils.so	VENDOR-ELSEWHERE	module 'libsdmutils' in LineageOS/android_hardware_qcom_display lineage-22.2 @98b6355a127e (LOCAL_MODULE) -> /vendor/lib64
proprietary/vendor/lib/libsdm-disp-vndapis.so	libbinder.so	PLATFORM	frameworks/native (manifest default.xml:613) libs/binder
proprietary/vendor/lib/libsdm-disp-vndapis.so	libc++.so	PLATFORM	bionic NDK compat lib, LineageOS/android_bionic (manifest default.xml:37); /system/lib64
proprietary/vendor/lib/libsdm-disp-vndapis.so	libc.so	PLATFORM	bionic, LineageOS/android_bionic (manifest default.xml:37); /system/lib64 + apex com.android.runtime/lib64/bionic
proprietary/vendor/lib/libsdm-disp-vndapis.so	libcutils.so	PLATFORM	bionic libcutils, LineageOS/android_bionic (manifest default.xml:37); /system/lib64
proprietary/vendor/lib/libsdm-disp-vndapis.so	libdisplaydebug.so	VENDOR-ELSEWHERE	Qualcomm display debug lib, CAF display tree; CAF platform tree device fork @2e50286ebc01 (extract-files.py):22 (hardware/qcom-caf/sdm845); project not on github.com, module name NOT verified here
proprietary/vendor/lib/libsdm-disp-vndapis.so	libdl.so	PLATFORM	bionic, LineageOS/android_bionic (manifest default.xml:37)
proprietary/vendor/lib/libsdm-disp-vndapis.so	liblog.so	PLATFORM	bionic, LineageOS/android_bionic (manifest default.xml:37); /system/lib64
proprietary/vendor/lib/libsdm-disp-vndapis.so	libm.so	PLATFORM	bionic, LineageOS/android_bionic (manifest default.xml:37)
proprietary/vendor/lib/libsdm-disp-vndapis.so	libqservice.so	VENDOR-ELSEWHERE	module 'libqservice' confirmed in LineageOS/android_hardware_qcom_display lineage-22.2 @98b6355a127e (msm8996/libqservice/Android.bp:13) -> /vendor/lib64
proprietary/vendor/lib/libsdm-disp-vndapis.so	libutils.so	PLATFORM	bionic libutils, LineageOS/android_bionic (manifest default.xml:37); /system/lib64
proprietary/vendor/lib/libsdmextension.so	libc++.so	PLATFORM	bionic NDK compat lib, LineageOS/android_bionic (manifest default.xml:37); /system/lib64
proprietary/vendor/lib/libsdmextension.so	libc.so	PLATFORM	bionic, LineageOS/android_bionic (manifest default.xml:37); /system/lib64 + apex com.android.runtime/lib64/bionic
proprietary/vendor/lib/libsdmextension.so	libdisplaydebug.so	VENDOR-ELSEWHERE	Qualcomm display debug lib, CAF display tree; CAF platform tree device fork @2e50286ebc01 (extract-files.py):22 (hardware/qcom-caf/sdm845); project not on github.com, module name NOT verified here
proprietary/vendor/lib/libsdmextension.so	libdisplayqos.so	VENDOR	shipped in this repo as proprietary/vendor/lib/libdisplayqos.so
proprietary/vendor/lib/libsdmextension.so	libdl.so	PLATFORM	bionic, LineageOS/android_bionic (manifest default.xml:37)
proprietary/vendor/lib/libsdmextension.so	libm.so	PLATFORM	bionic, LineageOS/android_bionic (manifest default.xml:37)
proprietary/vendor/lib/libsdmextension.so	libsdm-color.so	VENDOR	shipped in this repo as proprietary/vendor/lib/libsdm-color.so
proprietary/vendor/lib/libsdmextension.so	libsdmutils.so	VENDOR-ELSEWHERE	module 'libsdmutils' in LineageOS/android_hardware_qcom_display lineage-22.2 @98b6355a127e (LOCAL_MODULE) -> /vendor/lib64
proprietary/vendor/lib/libsdsprpc.so	libc++.so	PLATFORM	bionic NDK compat lib, LineageOS/android_bionic (manifest default.xml:37); /system/lib64
proprietary/vendor/lib/libsdsprpc.so	libc.so	PLATFORM	bionic, LineageOS/android_bionic (manifest default.xml:37); /system/lib64 + apex com.android.runtime/lib64/bionic
proprietary/vendor/lib/libsdsprpc.so	libcutils.so	PLATFORM	bionic libcutils, LineageOS/android_bionic (manifest default.xml:37); /system/lib64
proprietary/vendor/lib/libsdsprpc.so	libdl.so	PLATFORM	bionic, LineageOS/android_bionic (manifest default.xml:37)
proprietary/vendor/lib/libsdsprpc.so	libhardware.so	PLATFORM	AOSP hardware/interfaces, hardware/interfaces lineage-23.2 @13d687a84c83 (.hal present)
proprietary/vendor/lib/libsdsprpc.so	libhidlbase.so	PLATFORM	system/libhidl module 'libhidlbase', system/libhidl lineage-22.2 @2bfb10b64fcfa (module names); manifest default.xml:912 (system/libhidl, remote=aosp)
proprietary/vendor/lib/libsdsprpc.so	libion.so	PLATFORM	AOSP system/memory/libion, manifest default.xml:924
proprietary/vendor/lib/libsdsprpc.so	liblog.so	PLATFORM	bionic, LineageOS/android_bionic (manifest default.xml:37); /system/lib64
proprietary/vendor/lib/libsdsprpc.so	libm.so	PLATFORM	bionic, LineageOS/android_bionic (manifest default.xml:37)
proprietary/vendor/lib/libsdsprpc.so	libutils.so	PLATFORM	bionic libutils, LineageOS/android_bionic (manifest default.xml:37); /system/lib64
proprietary/vendor/lib/libsdsprpc.so	vendor.qti.hardware.dsp@1.0.so	VENDOR	shipped in this repo as proprietary/vendor/lib/vendor.qti.hardware.dsp@1.0.so
proprietary/vendor/lib/libsecaudiocoreutils.so	libc++.so	PLATFORM	bionic NDK compat lib, LineageOS/android_bionic (manifest default.xml:37); /system/lib64
proprietary/vendor/lib/libsecaudiocoreutils.so	libc.so	PLATFORM	bionic, LineageOS/android_bionic (manifest default.xml:37); /system/lib64 + apex com.android.runtime/lib64/bionic
proprietary/vendor/lib/libsecaudiocoreutils.so	libdl.so	PLATFORM	bionic, LineageOS/android_bionic (manifest default.xml:37)
proprietary/vendor/lib/libsecaudiocoreutils.so	libm.so	PLATFORM	bionic, LineageOS/android_bionic (manifest default.xml:37)
proprietary/vendor/lib/libsecaudioinfo.so	libbinder.so	PLATFORM	frameworks/native (manifest default.xml:613) libs/binder
proprietary/vendor/lib/libsecaudioinfo.so	libc++.so	PLATFORM	bionic NDK compat lib, LineageOS/android_bionic (manifest default.xml:37); /system/lib64
proprietary/vendor/lib/libsecaudioinfo.so	libc.so	PLATFORM	bionic, LineageOS/android_bionic (manifest default.xml:37); /system/lib64 + apex com.android.runtime/lib64/bionic
proprietary/vendor/lib/libsecaudioinfo.so	libcutils.so	PLATFORM	bionic libcutils, LineageOS/android_bionic (manifest default.xml:37); /system/lib64
proprietary/vendor/lib/libsecaudioinfo.so	libdl.so	PLATFORM	bionic, LineageOS/android_bionic (manifest default.xml:37)
proprietary/vendor/lib/libsecaudioinfo.so	libfloatingfeature.so	VENDOR	shipped in this repo as proprietary/vendor/lib/libfloatingfeature.so
proprietary/vendor/lib/libsecaudioinfo.so	liblog.so	PLATFORM	bionic, LineageOS/android_bionic (manifest default.xml:37); /system/lib64
proprietary/vendor/lib/libsecaudioinfo.so	libm.so	PLATFORM	bionic, LineageOS/android_bionic (manifest default.xml:37)
proprietary/vendor/lib/libsecaudioinfo.so	libsecnativefeature.so	VENDOR	shipped in this repo as proprietary/vendor/lib/libsecnativefeature.so
proprietary/vendor/lib/libsecaudioinfo.so	libutils.so	PLATFORM	bionic libutils, LineageOS/android_bionic (manifest default.xml:37); /system/lib64
proprietary/vendor/lib/libsecnativefeature.so	libc++.so	PLATFORM	bionic NDK compat lib, LineageOS/android_bionic (manifest default.xml:37); /system/lib64
proprietary/vendor/lib/libsecnativefeature.so	libc.so	PLATFORM	bionic, LineageOS/android_bionic (manifest default.xml:37); /system/lib64 + apex com.android.runtime/lib64/bionic
proprietary/vendor/lib/libsecnativefeature.so	libcutils.so	PLATFORM	bionic libcutils, LineageOS/android_bionic (manifest default.xml:37); /system/lib64
proprietary/vendor/lib/libsecnativefeature.so	libdl.so	PLATFORM	bionic, LineageOS/android_bionic (manifest default.xml:37)
proprietary/vendor/lib/libsecnativefeature.so	libexpat.so	PLATFORM	external/expat, manifest default.xml:158
proprietary/vendor/lib/libsecnativefeature.so	libm.so	PLATFORM	bionic, LineageOS/android_bionic (manifest default.xml:37)
proprietary/vendor/lib/libsecnativefeature.so	libz.so	PLATFORM	external/zlib, manifest default.xml:592
proprietary/vendor/lib/libsecureui.so	libQSEEComAPI.so	VENDOR	shipped in this repo as proprietary/vendor/lib/libQSEEComAPI.so
proprietary/vendor/lib/libsecureui.so	libStDrvInt.so	VENDOR	shipped in this repo as proprietary/vendor/lib/libStDrvInt.so
proprietary/vendor/lib/libsecureui.so	libbinder.so	PLATFORM	frameworks/native (manifest default.xml:613) libs/binder
proprietary/vendor/lib/libsecureui.so	libc++.so	PLATFORM	bionic NDK compat lib, LineageOS/android_bionic (manifest default.xml:37); /system/lib64
proprietary/vendor/lib/libsecureui.so	libc.so	PLATFORM	bionic, LineageOS/android_bionic (manifest default.xml:37); /system/lib64 + apex com.android.runtime/lib64/bionic
proprietary/vendor/lib/libsecureui.so	libdisplayconfig.qti.so	VENDOR-ELSEWHERE	Qualcomm display config client, CAF display tree; CAF platform tree device fork @2e50286ebc01 (extract-files.py):22 (hardware/qcom-caf/sdm845); project not on github.com, module name NOT verified here
proprietary/vendor/lib/libsecureui.so	libdl.so	PLATFORM	bionic, LineageOS/android_bionic (manifest default.xml:37)
proprietary/vendor/lib/libsecureui.so	libhidlbase.so	PLATFORM	system/libhidl module 'libhidlbase', system/libhidl lineage-22.2 @2bfb10b64fcfa (module names); manifest default.xml:912 (system/libhidl, remote=aosp)
proprietary/vendor/lib/libsecureui.so	liblog.so	PLATFORM	bionic, LineageOS/android_bionic (manifest default.xml:37); /system/lib64
proprietary/vendor/lib/libsecureui.so	libm.so	PLATFORM	bionic, LineageOS/android_bionic (manifest default.xml:37)
proprietary/vendor/lib/libsecureui.so	libsecureui_svcsock.so	VENDOR	shipped in this repo as proprietary/vendor/lib/libsecureui_svcsock.so
proprietary/vendor/lib/libsecureui.so	libutils.so	PLATFORM	bionic libutils, LineageOS/android_bionic (manifest default.xml:37); /system/lib64
proprietary/vendor/lib/libsecureui.so	vendor.display.config@1.0.so	VENDOR-ELSEWHERE	display-config HIDL is NOT in hardware/interfaces at 22.2 or 23.2 (no display/ dir; ls-tree @13d687a84c83), so it must come from the CAF display tree, CAF platform tree device fork @2e50286ebc01 (extract-files.py):22 (hardware/qcom-caf/sdm845); project not on github.com, module name NOT verified here
proprietary/vendor/lib/libsecureui_svcsock.so	libc++.so	PLATFORM	bionic NDK compat lib, LineageOS/android_bionic (manifest default.xml:37); /system/lib64
proprietary/vendor/lib/libsecureui_svcsock.so	libc.so	PLATFORM	bionic, LineageOS/android_bionic (manifest default.xml:37); /system/lib64 + apex com.android.runtime/lib64/bionic
proprietary/vendor/lib/libsecureui_svcsock.so	libcutils.so	PLATFORM	bionic libcutils, LineageOS/android_bionic (manifest default.xml:37); /system/lib64
proprietary/vendor/lib/libsecureui_svcsock.so	libdl.so	PLATFORM	bionic, LineageOS/android_bionic (manifest default.xml:37)
proprietary/vendor/lib/libsecureui_svcsock.so	libhidlbase.so	PLATFORM	system/libhidl module 'libhidlbase', system/libhidl lineage-22.2 @2bfb10b64fcfa (module names); manifest default.xml:912 (system/libhidl, remote=aosp)
proprietary/vendor/lib/libsecureui_svcsock.so	liblog.so	PLATFORM	bionic, LineageOS/android_bionic (manifest default.xml:37); /system/lib64
proprietary/vendor/lib/libsecureui_svcsock.so	libm.so	PLATFORM	bionic, LineageOS/android_bionic (manifest default.xml:37)
proprietary/vendor/lib/libsecureui_svcsock.so	libutils.so	PLATFORM	bionic libutils, LineageOS/android_bionic (manifest default.xml:37); /system/lib64
proprietary/vendor/lib/libsecureui_svcsock.so	vendor.qti.hardware.tui_comm@1.0.so	VENDOR	shipped in this repo as proprietary/vendor/lib/vendor.qti.hardware.tui_comm@1.0.so
proprietary/vendor/lib/libsemnativecarrierfeature.so	libc++.so	PLATFORM	bionic NDK compat lib, LineageOS/android_bionic (manifest default.xml:37); /system/lib64
proprietary/vendor/lib/libsemnativecarrierfeature.so	libc.so	PLATFORM	bionic, LineageOS/android_bionic (manifest default.xml:37); /system/lib64 + apex com.android.runtime/lib64/bionic
proprietary/vendor/lib/libsemnativecarrierfeature.so	libcutils.so	PLATFORM	bionic libcutils, LineageOS/android_bionic (manifest default.xml:37); /system/lib64
proprietary/vendor/lib/libsemnativecarrierfeature.so	libdl.so	PLATFORM	bionic, LineageOS/android_bionic (manifest default.xml:37)
proprietary/vendor/lib/libsemnativecarrierfeature.so	libexpat.so	PLATFORM	external/expat, manifest default.xml:158
proprietary/vendor/lib/libsemnativecarrierfeature.so	libm.so	PLATFORM	bionic, LineageOS/android_bionic (manifest default.xml:37)
proprietary/vendor/lib/libsemnativecarrierfeature.so	libz.so	PLATFORM	external/zlib, manifest default.xml:592
proprietary/vendor/lib/libsensorlistener.so	libc++.so	PLATFORM	bionic NDK compat lib, LineageOS/android_bionic (manifest default.xml:37); /system/lib64
proprietary/vendor/lib/libsensorlistener.so	libc.so	PLATFORM	bionic, LineageOS/android_bionic (manifest default.xml:37); /system/lib64 + apex com.android.runtime/lib64/bionic
proprietary/vendor/lib/libsensorlistener.so	libcutils.so	PLATFORM	bionic libcutils, LineageOS/android_bionic (manifest default.xml:37); /system/lib64
proprietary/vendor/lib/libsensorlistener.so	libdl.so	PLATFORM	bionic, LineageOS/android_bionic (manifest default.xml:37)
proprietary/vendor/lib/libsensorlistener.so	libhardware.so	PLATFORM	AOSP hardware/interfaces, hardware/interfaces lineage-23.2 @13d687a84c83 (.hal present)
proprietary/vendor/lib/libsensorlistener.so	liblog.so	PLATFORM	bionic, LineageOS/android_bionic (manifest default.xml:37); /system/lib64
proprietary/vendor/lib/libsensorlistener.so	libm.so	PLATFORM	bionic, LineageOS/android_bionic (manifest default.xml:37)
proprietary/vendor/lib/libsensorlistener.so	libsensorndkbridge.so	VENDOR-ELSEWHERE	Qualcomm sensors NDK bridge, CAF tree; CAF platform tree device fork @2e50286ebc01 (extract-files.py):22 (hardware/qcom-caf/sdm845); project not on github.com, module name NOT verified here
proprietary/vendor/lib/libsensorlistener.so	libshim_sensorndkbridge.so	VENDOR-ELSEWHERE	CAF shim for the sensors NDK bridge; device fork @2e50286ebc01 (extract-files.py):72-73 adds it to vendor/lib/libsensorlistener.so via blob_fixup(add_needed), so it is not an extracted blob - it must be a CAF build product; project not on github.com, module name NOT verified here
proprietary/vendor/lib/libsensorlistener.so	libutils.so	PLATFORM	bionic libutils, LineageOS/android_bionic (manifest default.xml:37); /system/lib64
proprietary/vendor/lib/libsensorslog.so	libc++.so	PLATFORM	bionic NDK compat lib, LineageOS/android_bionic (manifest default.xml:37); /system/lib64
proprietary/vendor/lib/libsensorslog.so	libc.so	PLATFORM	bionic, LineageOS/android_bionic (manifest default.xml:37); /system/lib64 + apex com.android.runtime/lib64/bionic
proprietary/vendor/lib/libsensorslog.so	libdl.so	PLATFORM	bionic, LineageOS/android_bionic (manifest default.xml:37)
proprietary/vendor/lib/libsensorslog.so	liblog.so	PLATFORM	bionic, LineageOS/android_bionic (manifest default.xml:37); /system/lib64
proprietary/vendor/lib/libsensorslog.so	libm.so	PLATFORM	bionic, LineageOS/android_bionic (manifest default.xml:37)
proprietary/vendor/lib/libsns_device_mode_stub.so	libc++.so	PLATFORM	bionic NDK compat lib, LineageOS/android_bionic (manifest default.xml:37); /system/lib64
proprietary/vendor/lib/libsns_device_mode_stub.so	libc.so	PLATFORM	bionic, LineageOS/android_bionic (manifest default.xml:37); /system/lib64 + apex com.android.runtime/lib64/bionic
proprietary/vendor/lib/libsns_device_mode_stub.so	libcutils.so	PLATFORM	bionic libcutils, LineageOS/android_bionic (manifest default.xml:37); /system/lib64
proprietary/vendor/lib/libsns_device_mode_stub.so	libdl.so	PLATFORM	bionic, LineageOS/android_bionic (manifest default.xml:37)
proprietary/vendor/lib/libsns_device_mode_stub.so	liblog.so	PLATFORM	bionic, LineageOS/android_bionic (manifest default.xml:37); /system/lib64
proprietary/vendor/lib/libsns_device_mode_stub.so	libm.so	PLATFORM	bionic, LineageOS/android_bionic (manifest default.xml:37)
proprietary/vendor/lib/libsns_device_mode_stub.so	libsns_fastRPC_util.so	VENDOR	shipped in this repo as proprietary/vendor/lib/libsns_fastRPC_util.so
proprietary/vendor/lib/libsns_device_mode_stub.so	libutils.so	PLATFORM	bionic libutils, LineageOS/android_bionic (manifest default.xml:37); /system/lib64
proprietary/vendor/lib/libsns_fastRPC_util.so	libc++.so	PLATFORM	bionic NDK compat lib, LineageOS/android_bionic (manifest default.xml:37); /system/lib64
proprietary/vendor/lib/libsns_fastRPC_util.so	libc.so	PLATFORM	bionic, LineageOS/android_bionic (manifest default.xml:37); /system/lib64 + apex com.android.runtime/lib64/bionic
proprietary/vendor/lib/libsns_fastRPC_util.so	libcutils.so	PLATFORM	bionic libcutils, LineageOS/android_bionic (manifest default.xml:37); /system/lib64
proprietary/vendor/lib/libsns_fastRPC_util.so	libdl.so	PLATFORM	bionic, LineageOS/android_bionic (manifest default.xml:37)
proprietary/vendor/lib/libsns_fastRPC_util.so	liblog.so	PLATFORM	bionic, LineageOS/android_bionic (manifest default.xml:37); /system/lib64
proprietary/vendor/lib/libsns_fastRPC_util.so	libm.so	PLATFORM	bionic, LineageOS/android_bionic (manifest default.xml:37)
proprietary/vendor/lib/libsns_fastRPC_util.so	libutils.so	PLATFORM	bionic libutils, LineageOS/android_bionic (manifest default.xml:37); /system/lib64
proprietary/vendor/lib/libsns_low_lat_stream_stub.so	libc++.so	PLATFORM	bionic NDK compat lib, LineageOS/android_bionic (manifest default.xml:37); /system/lib64
proprietary/vendor/lib/libsns_low_lat_stream_stub.so	libc.so	PLATFORM	bionic, LineageOS/android_bionic (manifest default.xml:37); /system/lib64 + apex com.android.runtime/lib64/bionic
proprietary/vendor/lib/libsns_low_lat_stream_stub.so	libcutils.so	PLATFORM	bionic libcutils, LineageOS/android_bionic (manifest default.xml:37); /system/lib64
proprietary/vendor/lib/libsns_low_lat_stream_stub.so	libdl.so	PLATFORM	bionic, LineageOS/android_bionic (manifest default.xml:37)
proprietary/vendor/lib/libsns_low_lat_stream_stub.so	liblog.so	PLATFORM	bionic, LineageOS/android_bionic (manifest default.xml:37); /system/lib64
proprietary/vendor/lib/libsns_low_lat_stream_stub.so	libm.so	PLATFORM	bionic, LineageOS/android_bionic (manifest default.xml:37)
proprietary/vendor/lib/libsns_low_lat_stream_stub.so	libsns_fastRPC_util.so	VENDOR	shipped in this repo as proprietary/vendor/lib/libsns_fastRPC_util.so
proprietary/vendor/lib/libsns_low_lat_stream_stub.so	libutils.so	PLATFORM	bionic libutils, LineageOS/android_bionic (manifest default.xml:37); /system/lib64
proprietary/vendor/lib/libsns_registry_skel.so	libc++.so	PLATFORM	bionic NDK compat lib, LineageOS/android_bionic (manifest default.xml:37); /system/lib64
proprietary/vendor/lib/libsns_registry_skel.so	libc.so	PLATFORM	bionic, LineageOS/android_bionic (manifest default.xml:37); /system/lib64 + apex com.android.runtime/lib64/bionic
proprietary/vendor/lib/libsns_registry_skel.so	libcutils.so	PLATFORM	bionic libcutils, LineageOS/android_bionic (manifest default.xml:37); /system/lib64
proprietary/vendor/lib/libsns_registry_skel.so	libdl.so	PLATFORM	bionic, LineageOS/android_bionic (manifest default.xml:37)
proprietary/vendor/lib/libsns_registry_skel.so	liblog.so	PLATFORM	bionic, LineageOS/android_bionic (manifest default.xml:37); /system/lib64
proprietary/vendor/lib/libsns_registry_skel.so	libm.so	PLATFORM	bionic, LineageOS/android_bionic (manifest default.xml:37)
proprietary/vendor/lib/libsns_registry_skel.so	libutils.so	PLATFORM	bionic libutils, LineageOS/android_bionic (manifest default.xml:37); /system/lib64
proprietary/vendor/lib/libsnsapi.so	libc++.so	PLATFORM	bionic NDK compat lib, LineageOS/android_bionic (manifest default.xml:37); /system/lib64
proprietary/vendor/lib/libsnsapi.so	libc.so	PLATFORM	bionic, LineageOS/android_bionic (manifest default.xml:37); /system/lib64 + apex com.android.runtime/lib64/bionic
proprietary/vendor/lib/libsnsapi.so	libcutils.so	PLATFORM	bionic libcutils, LineageOS/android_bionic (manifest default.xml:37); /system/lib64
proprietary/vendor/lib/libsnsapi.so	libdl.so	PLATFORM	bionic, LineageOS/android_bionic (manifest default.xml:37)
proprietary/vendor/lib/libsnsapi.so	libm.so	PLATFORM	bionic, LineageOS/android_bionic (manifest default.xml:37)
proprietary/vendor/lib/libsnsapi.so	libprotobuf-cpp-lite-3.9.1.so	VENDOR-ELSEWHERE	versioned protobuf-lite prebuilt from CAF, CAF platform tree device fork @2e50286ebc01 (extract-files.py):22 (hardware/qcom-caf/sdm845); project not on github.com, module name NOT verified here
proprietary/vendor/lib/libsnsapi.so	libqmi_cci.so	VENDOR	shipped in this repo as proprietary/vendor/lib/libqmi_cci.so
proprietary/vendor/lib/libsnsapi.so	libqmi_common_so.so	VENDOR	shipped in this repo as proprietary/vendor/lib/libqmi_common_so.so
proprietary/vendor/lib/libsnsapi.so	libqmi_encdec.so	VENDOR	shipped in this repo as proprietary/vendor/lib/libqmi_encdec.so
proprietary/vendor/lib/libsnsapi.so	libutils.so	PLATFORM	bionic libutils, LineageOS/android_bionic (manifest default.xml:37); /system/lib64
proprietary/vendor/lib/libsnsdiaglog.so	libc++.so	PLATFORM	bionic NDK compat lib, LineageOS/android_bionic (manifest default.xml:37); /system/lib64
proprietary/vendor/lib/libsnsdiaglog.so	libc.so	PLATFORM	bionic, LineageOS/android_bionic (manifest default.xml:37); /system/lib64 + apex com.android.runtime/lib64/bionic
proprietary/vendor/lib/libsnsdiaglog.so	libcutils.so	PLATFORM	bionic libcutils, LineageOS/android_bionic (manifest default.xml:37); /system/lib64
proprietary/vendor/lib/libsnsdiaglog.so	libdiag.so	VENDOR	shipped in this repo as proprietary/vendor/lib/libdiag.so
proprietary/vendor/lib/libsnsdiaglog.so	libdl.so	PLATFORM	bionic, LineageOS/android_bionic (manifest default.xml:37)
proprietary/vendor/lib/libsnsdiaglog.so	liblog.so	PLATFORM	bionic, LineageOS/android_bionic (manifest default.xml:37); /system/lib64
proprietary/vendor/lib/libsnsdiaglog.so	libm.so	PLATFORM	bionic, LineageOS/android_bionic (manifest default.xml:37)
proprietary/vendor/lib/libsnsdiaglog.so	libprotobuf-cpp-lite-3.9.1.so	VENDOR-ELSEWHERE	versioned protobuf-lite prebuilt from CAF, CAF platform tree device fork @2e50286ebc01 (extract-files.py):22 (hardware/qcom-caf/sdm845); project not on github.com, module name NOT verified here
proprietary/vendor/lib/libsnsdiaglog.so	libsensorslog.so	VENDOR	shipped in this repo as proprietary/vendor/lib/libsensorslog.so
proprietary/vendor/lib/libsnsdiaglog.so	libsnsapi.so	VENDOR	shipped in this repo as proprietary/vendor/lib/libsnsapi.so
proprietary/vendor/lib/libsnsdiaglog.so	libssc.so	VENDOR	shipped in this repo as proprietary/vendor/lib/libssc.so
proprietary/vendor/lib/libsnsdiaglog.so	libutils.so	PLATFORM	bionic libutils, LineageOS/android_bionic (manifest default.xml:37); /system/lib64
proprietary/vendor/lib/libspcom.so	libc++.so	PLATFORM	bionic NDK compat lib, LineageOS/android_bionic (manifest default.xml:37); /system/lib64
proprietary/vendor/lib/libspcom.so	libc.so	PLATFORM	bionic, LineageOS/android_bionic (manifest default.xml:37); /system/lib64 + apex com.android.runtime/lib64/bionic
proprietary/vendor/lib/libspcom.so	libcrypto.so	PLATFORM	external/boringssl manifest default.xml:98 + conscrypt manifest default.xml:122 (APEX)
proprietary/vendor/lib/libspcom.so	libcutils.so	PLATFORM	bionic libcutils, LineageOS/android_bionic (manifest default.xml:37); /system/lib64
proprietary/vendor/lib/libspcom.so	libdl.so	PLATFORM	bionic, LineageOS/android_bionic (manifest default.xml:37)
proprietary/vendor/lib/libspcom.so	liblog.so	PLATFORM	bionic, LineageOS/android_bionic (manifest default.xml:37); /system/lib64
proprietary/vendor/lib/libspcom.so	libm.so	PLATFORM	bionic, LineageOS/android_bionic (manifest default.xml:37)
proprietary/vendor/lib/libspcom.so	libutils.so	PLATFORM	bionic libutils, LineageOS/android_bionic (manifest default.xml:37); /system/lib64
proprietary/vendor/lib/libssc.so	libc++.so	PLATFORM	bionic NDK compat lib, LineageOS/android_bionic (manifest default.xml:37); /system/lib64
proprietary/vendor/lib/libssc.so	libc.so	PLATFORM	bionic, LineageOS/android_bionic (manifest default.xml:37); /system/lib64 + apex com.android.runtime/lib64/bionic
proprietary/vendor/lib/libssc.so	libcutils.so	PLATFORM	bionic libcutils, LineageOS/android_bionic (manifest default.xml:37); /system/lib64
proprietary/vendor/lib/libssc.so	libdl.so	PLATFORM	bionic, LineageOS/android_bionic (manifest default.xml:37)
proprietary/vendor/lib/libssc.so	liblog.so	PLATFORM	bionic, LineageOS/android_bionic (manifest default.xml:37); /system/lib64
proprietary/vendor/lib/libssc.so	libm.so	PLATFORM	bionic, LineageOS/android_bionic (manifest default.xml:37)
proprietary/vendor/lib/libssc.so	libprotobuf-cpp-lite-3.9.1.so	VENDOR-ELSEWHERE	versioned protobuf-lite prebuilt from CAF, CAF platform tree device fork @2e50286ebc01 (extract-files.py):22 (hardware/qcom-caf/sdm845); project not on github.com, module name NOT verified here
proprietary/vendor/lib/libssc.so	libqmi_cci.so	VENDOR	shipped in this repo as proprietary/vendor/lib/libqmi_cci.so
proprietary/vendor/lib/libssc.so	libqmi_common_so.so	VENDOR	shipped in this repo as proprietary/vendor/lib/libqmi_common_so.so
proprietary/vendor/lib/libssc.so	libqmi_encdec.so	VENDOR	shipped in this repo as proprietary/vendor/lib/libqmi_encdec.so
proprietary/vendor/lib/libssc.so	libsensorslog.so	VENDOR	shipped in this repo as proprietary/vendor/lib/libsensorslog.so
proprietary/vendor/lib/libssc.so	libsnsapi.so	VENDOR	shipped in this repo as proprietary/vendor/lib/libsnsapi.so
proprietary/vendor/lib/libssc.so	libutils.so	PLATFORM	bionic libutils, LineageOS/android_bionic (manifest default.xml:37); /system/lib64
proprietary/vendor/lib/libssc_default_listener.so	libc++.so	PLATFORM	bionic NDK compat lib, LineageOS/android_bionic (manifest default.xml:37); /system/lib64
proprietary/vendor/lib/libssc_default_listener.so	libc.so	PLATFORM	bionic, LineageOS/android_bionic (manifest default.xml:37); /system/lib64 + apex com.android.runtime/lib64/bionic
proprietary/vendor/lib/libssc_default_listener.so	libdl.so	PLATFORM	bionic, LineageOS/android_bionic (manifest default.xml:37)
proprietary/vendor/lib/libssc_default_listener.so	liblog.so	PLATFORM	bionic, LineageOS/android_bionic (manifest default.xml:37); /system/lib64
proprietary/vendor/lib/libssc_default_listener.so	libm.so	PLATFORM	bionic, LineageOS/android_bionic (manifest default.xml:37)
proprietary/vendor/lib/libssc_default_listener.so	libsdsprpc.so	VENDOR	shipped in this repo as proprietary/vendor/lib/libsdsprpc.so
proprietary/vendor/lib/libssd.so	libQSEEComAPI.so	VENDOR	shipped in this repo as proprietary/vendor/lib/libQSEEComAPI.so
proprietary/vendor/lib/libssd.so	libc++.so	PLATFORM	bionic NDK compat lib, LineageOS/android_bionic (manifest default.xml:37); /system/lib64
proprietary/vendor/lib/libssd.so	libc.so	PLATFORM	bionic, LineageOS/android_bionic (manifest default.xml:37); /system/lib64 + apex com.android.runtime/lib64/bionic
proprietary/vendor/lib/libssd.so	libcutils.so	PLATFORM	bionic libcutils, LineageOS/android_bionic (manifest default.xml:37); /system/lib64
proprietary/vendor/lib/libssd.so	libdiag.so	VENDOR	shipped in this repo as proprietary/vendor/lib/libdiag.so
proprietary/vendor/lib/libssd.so	libdl.so	PLATFORM	bionic, LineageOS/android_bionic (manifest default.xml:37)
proprietary/vendor/lib/libssd.so	liblog.so	PLATFORM	bionic, LineageOS/android_bionic (manifest default.xml:37); /system/lib64
proprietary/vendor/lib/libssd.so	libm.so	PLATFORM	bionic, LineageOS/android_bionic (manifest default.xml:37)
proprietary/vendor/lib/libssd.so	libutils.so	PLATFORM	bionic libutils, LineageOS/android_bionic (manifest default.xml:37); /system/lib64
proprietary/vendor/lib/libsurround_3mic_proc.so	libc++.so	PLATFORM	bionic NDK compat lib, LineageOS/android_bionic (manifest default.xml:37); /system/lib64
proprietary/vendor/lib/libsurround_3mic_proc.so	libc.so	PLATFORM	bionic, LineageOS/android_bionic (manifest default.xml:37); /system/lib64 + apex com.android.runtime/lib64/bionic
proprietary/vendor/lib/libsurround_3mic_proc.so	libdl.so	PLATFORM	bionic, LineageOS/android_bionic (manifest default.xml:37)
proprietary/vendor/lib/libsurround_3mic_proc.so	libm.so	PLATFORM	bionic, LineageOS/android_bionic (manifest default.xml:37)
proprietary/vendor/lib/libswregistrationalgo.so	libc++.so	PLATFORM	bionic NDK compat lib, LineageOS/android_bionic (manifest default.xml:37); /system/lib64
proprietary/vendor/lib/libswregistrationalgo.so	libc.so	PLATFORM	bionic, LineageOS/android_bionic (manifest default.xml:37); /system/lib64 + apex com.android.runtime/lib64/bionic
proprietary/vendor/lib/libswregistrationalgo.so	libdl.so	PLATFORM	bionic, LineageOS/android_bionic (manifest default.xml:37)
proprietary/vendor/lib/libswregistrationalgo.so	liblog.so	PLATFORM	bionic, LineageOS/android_bionic (manifest default.xml:37); /system/lib64
proprietary/vendor/lib/libswregistrationalgo.so	libm.so	PLATFORM	bionic, LineageOS/android_bionic (manifest default.xml:37)
proprietary/vendor/lib/libswregistrationalgo.so	libz.so	PLATFORM	external/zlib, manifest default.xml:592
proprietary/vendor/lib/libsynaFpSensorTestNwd.so	libc.so	PLATFORM	bionic, LineageOS/android_bionic (manifest default.xml:37); /system/lib64 + apex com.android.runtime/lib64/bionic
proprietary/vendor/lib/libsynaFpSensorTestNwd.so	libdl.so	PLATFORM	bionic, LineageOS/android_bionic (manifest default.xml:37)
proprietary/vendor/lib/libsynaFpSensorTestNwd.so	liblog.so	PLATFORM	bionic, LineageOS/android_bionic (manifest default.xml:37); /system/lib64
proprietary/vendor/lib/libsynergy_loc_api.so	libc++.so	PLATFORM	bionic NDK compat lib, LineageOS/android_bionic (manifest default.xml:37); /system/lib64
proprietary/vendor/lib/libsynergy_loc_api.so	libc.so	PLATFORM	bionic, LineageOS/android_bionic (manifest default.xml:37); /system/lib64 + apex com.android.runtime/lib64/bionic
proprietary/vendor/lib/libsynergy_loc_api.so	libcutils.so	PLATFORM	bionic libcutils, LineageOS/android_bionic (manifest default.xml:37); /system/lib64
proprietary/vendor/lib/libsynergy_loc_api.so	libdl.so	PLATFORM	bionic, LineageOS/android_bionic (manifest default.xml:37)
proprietary/vendor/lib/libsynergy_loc_api.so	libgps.utils.so	VENDOR	shipped in this repo as proprietary/vendor/lib/libgps.utils.so
proprietary/vendor/lib/libsynergy_loc_api.so	libloc_core.so	VENDOR	shipped in this repo as proprietary/vendor/lib/libloc_core.so
proprietary/vendor/lib/libsynergy_loc_api.so	liblog.so	PLATFORM	bionic, LineageOS/android_bionic (manifest default.xml:37); /system/lib64
proprietary/vendor/lib/libsynergy_loc_api.so	libm.so	PLATFORM	bionic, LineageOS/android_bionic (manifest default.xml:37)
proprietary/vendor/lib/libsynergy_loc_api.so	libqmi_cci.so	VENDOR	shipped in this repo as proprietary/vendor/lib/libqmi_cci.so
proprietary/vendor/lib/libsynergy_loc_api.so	libqmi_common_so.so	VENDOR	shipped in this repo as proprietary/vendor/lib/libqmi_common_so.so
proprietary/vendor/lib/libsynergy_loc_api.so	libutils.so	PLATFORM	bionic libutils, LineageOS/android_bionic (manifest default.xml:37); /system/lib64
proprietary/vendor/lib/libsysmon_cdsp_skel.so	libc++.so	PLATFORM	bionic NDK compat lib, LineageOS/android_bionic (manifest default.xml:37); /system/lib64
proprietary/vendor/lib/libsysmon_cdsp_skel.so	libc.so	PLATFORM	bionic, LineageOS/android_bionic (manifest default.xml:37); /system/lib64 + apex com.android.runtime/lib64/bionic
proprietary/vendor/lib/libsysmon_cdsp_skel.so	libdl.so	PLATFORM	bionic, LineageOS/android_bionic (manifest default.xml:37)
proprietary/vendor/lib/libsysmon_cdsp_skel.so	liblog.so	PLATFORM	bionic, LineageOS/android_bionic (manifest default.xml:37); /system/lib64
proprietary/vendor/lib/libsysmon_cdsp_skel.so	libm.so	PLATFORM	bionic, LineageOS/android_bionic (manifest default.xml:37)
proprietary/vendor/lib/libthermalclient.so	libc++.so	PLATFORM	bionic NDK compat lib, LineageOS/android_bionic (manifest default.xml:37); /system/lib64
proprietary/vendor/lib/libthermalclient.so	libc.so	PLATFORM	bionic, LineageOS/android_bionic (manifest default.xml:37); /system/lib64 + apex com.android.runtime/lib64/bionic
proprietary/vendor/lib/libthermalclient.so	libcutils.so	PLATFORM	bionic libcutils, LineageOS/android_bionic (manifest default.xml:37); /system/lib64
proprietary/vendor/lib/libthermalclient.so	libdl.so	PLATFORM	bionic, LineageOS/android_bionic (manifest default.xml:37)
proprietary/vendor/lib/libthermalclient.so	liblog.so	PLATFORM	bionic, LineageOS/android_bionic (manifest default.xml:37); /system/lib64
proprietary/vendor/lib/libthermalclient.so	libm.so	PLATFORM	bionic, LineageOS/android_bionic (manifest default.xml:37)
proprietary/vendor/lib/libtime_genoff.so	libc++.so	PLATFORM	bionic NDK compat lib, LineageOS/android_bionic (manifest default.xml:37); /system/lib64
proprietary/vendor/lib/libtime_genoff.so	libc.so	PLATFORM	bionic, LineageOS/android_bionic (manifest default.xml:37); /system/lib64 + apex com.android.runtime/lib64/bionic
proprietary/vendor/lib/libtime_genoff.so	libcutils.so	PLATFORM	bionic libcutils, LineageOS/android_bionic (manifest default.xml:37); /system/lib64
proprietary/vendor/lib/libtime_genoff.so	libdl.so	PLATFORM	bionic, LineageOS/android_bionic (manifest default.xml:37)
proprietary/vendor/lib/libtime_genoff.so	liblog.so	PLATFORM	bionic, LineageOS/android_bionic (manifest default.xml:37); /system/lib64
proprietary/vendor/lib/libtime_genoff.so	libm.so	PLATFORM	bionic, LineageOS/android_bionic (manifest default.xml:37)
proprietary/vendor/lib/libtinyxml2_1.so	libc++.so	PLATFORM	bionic NDK compat lib, LineageOS/android_bionic (manifest default.xml:37); /system/lib64
proprietary/vendor/lib/libtinyxml2_1.so	libc.so	PLATFORM	bionic, LineageOS/android_bionic (manifest default.xml:37); /system/lib64 + apex com.android.runtime/lib64/bionic
proprietary/vendor/lib/libtinyxml2_1.so	libdl.so	PLATFORM	bionic, LineageOS/android_bionic (manifest default.xml:37)
proprietary/vendor/lib/libtinyxml2_1.so	libm.so	PLATFORM	bionic, LineageOS/android_bionic (manifest default.xml:37)
proprietary/vendor/lib/libuniapi.so	libc++.so	PLATFORM	bionic NDK compat lib, LineageOS/android_bionic (manifest default.xml:37); /system/lib64
proprietary/vendor/lib/libuniapi.so	libc.so	PLATFORM	bionic, LineageOS/android_bionic (manifest default.xml:37); /system/lib64 + apex com.android.runtime/lib64/bionic
proprietary/vendor/lib/libuniapi.so	libcutils.so	PLATFORM	bionic libcutils, LineageOS/android_bionic (manifest default.xml:37); /system/lib64
proprietary/vendor/lib/libuniapi.so	libdl.so	PLATFORM	bionic, LineageOS/android_bionic (manifest default.xml:37)
proprietary/vendor/lib/libuniapi.so	liblog.so	PLATFORM	bionic, LineageOS/android_bionic (manifest default.xml:37); /system/lib64
proprietary/vendor/lib/libuniapi.so	libm.so	PLATFORM	bionic, LineageOS/android_bionic (manifest default.xml:37)
proprietary/vendor/lib/libuniplugin.so	libc++.so	PLATFORM	bionic NDK compat lib, LineageOS/android_bionic (manifest default.xml:37); /system/lib64
proprietary/vendor/lib/libuniplugin.so	libc.so	PLATFORM	bionic, LineageOS/android_bionic (manifest default.xml:37); /system/lib64 + apex com.android.runtime/lib64/bionic
proprietary/vendor/lib/libuniplugin.so	libcutils.so	PLATFORM	bionic libcutils, LineageOS/android_bionic (manifest default.xml:37); /system/lib64
proprietary/vendor/lib/libuniplugin.so	libdl.so	PLATFORM	bionic, LineageOS/android_bionic (manifest default.xml:37)
proprietary/vendor/lib/libuniplugin.so	libion.so	PLATFORM	AOSP system/memory/libion, manifest default.xml:924
proprietary/vendor/lib/libuniplugin.so	liblog.so	PLATFORM	bionic, LineageOS/android_bionic (manifest default.xml:37); /system/lib64
proprietary/vendor/lib/libuniplugin.so	libm.so	PLATFORM	bionic, LineageOS/android_bionic (manifest default.xml:37)
proprietary/vendor/lib/libvdis_core.so	libOpenCL.so	VENDOR	shipped in this repo as proprietary/vendor/lib/libOpenCL.so
proprietary/vendor/lib/libvdis_core.so	libc++.so	PLATFORM	bionic NDK compat lib, LineageOS/android_bionic (manifest default.xml:37); /system/lib64
proprietary/vendor/lib/libvdis_core.so	libc.so	PLATFORM	bionic, LineageOS/android_bionic (manifest default.xml:37); /system/lib64 + apex com.android.runtime/lib64/bionic
proprietary/vendor/lib/libvdis_core.so	libcutils.so	PLATFORM	bionic libcutils, LineageOS/android_bionic (manifest default.xml:37); /system/lib64
proprietary/vendor/lib/libvdis_core.so	libdl.so	PLATFORM	bionic, LineageOS/android_bionic (manifest default.xml:37)
proprietary/vendor/lib/libvdis_core.so	libion.so	PLATFORM	AOSP system/memory/libion, manifest default.xml:924
proprietary/vendor/lib/libvdis_core.so	liblog.so	PLATFORM	bionic, LineageOS/android_bionic (manifest default.xml:37); /system/lib64
proprietary/vendor/lib/libvdis_core.so	libm.so	PLATFORM	bionic, LineageOS/android_bionic (manifest default.xml:37)
proprietary/vendor/lib/libvdis_core.so	libsensorndkbridge.so	VENDOR-ELSEWHERE	Qualcomm sensors NDK bridge, CAF tree; CAF platform tree device fork @2e50286ebc01 (extract-files.py):22 (hardware/qcom-caf/sdm845); project not on github.com, module name NOT verified here
proprietary/vendor/lib/libvdis_core.so	libui.so	PLATFORM	frameworks/native (manifest default.xml:613) libs/ui
proprietary/vendor/lib/libvdis_core.so	libutils.so	PLATFORM	bionic libutils, LineageOS/android_bionic (manifest default.xml:37); /system/lib64
proprietary/vendor/lib/libvdis_interface.so	libc++.so	PLATFORM	bionic NDK compat lib, LineageOS/android_bionic (manifest default.xml:37); /system/lib64
proprietary/vendor/lib/libvdis_interface.so	libc.so	PLATFORM	bionic, LineageOS/android_bionic (manifest default.xml:37); /system/lib64 + apex com.android.runtime/lib64/bionic
proprietary/vendor/lib/libvdis_interface.so	libcutils.so	PLATFORM	bionic libcutils, LineageOS/android_bionic (manifest default.xml:37); /system/lib64
proprietary/vendor/lib/libvdis_interface.so	libdl.so	PLATFORM	bionic, LineageOS/android_bionic (manifest default.xml:37)
proprietary/vendor/lib/libvdis_interface.so	liblog.so	PLATFORM	bionic, LineageOS/android_bionic (manifest default.xml:37); /system/lib64
proprietary/vendor/lib/libvdis_interface.so	libm.so	PLATFORM	bionic, LineageOS/android_bionic (manifest default.xml:37)
proprietary/vendor/lib/libvdis_interface.so	libui.so	PLATFORM	frameworks/native (manifest default.xml:613) libs/ui
proprietary/vendor/lib/libvdis_interface.so	libuniplugin.so	VENDOR	shipped in this repo as proprietary/vendor/lib/libuniplugin.so
proprietary/vendor/lib/libvdis_interface.so	libutils.so	PLATFORM	bionic libutils, LineageOS/android_bionic (manifest default.xml:37); /system/lib64
proprietary/vendor/lib/libvdis_interface.so	libvdis_core.so	VENDOR	shipped in this repo as proprietary/vendor/lib/libvdis_core.so
proprietary/vendor/lib/libvppclient.so	libc++.so	PLATFORM	bionic NDK compat lib, LineageOS/android_bionic (manifest default.xml:37); /system/lib64
proprietary/vendor/lib/libvppclient.so	libc.so	PLATFORM	bionic, LineageOS/android_bionic (manifest default.xml:37); /system/lib64 + apex com.android.runtime/lib64/bionic
proprietary/vendor/lib/libvppclient.so	libcutils.so	PLATFORM	bionic libcutils, LineageOS/android_bionic (manifest default.xml:37); /system/lib64
proprietary/vendor/lib/libvppclient.so	libdl.so	PLATFORM	bionic, LineageOS/android_bionic (manifest default.xml:37)
proprietary/vendor/lib/libvppclient.so	libhardware.so	PLATFORM	AOSP hardware/interfaces, hardware/interfaces lineage-23.2 @13d687a84c83 (.hal present)
proprietary/vendor/lib/libvppclient.so	libhidlbase.so	PLATFORM	system/libhidl module 'libhidlbase', system/libhidl lineage-22.2 @2bfb10b64fcfa (module names); manifest default.xml:912 (system/libhidl, remote=aosp)
proprietary/vendor/lib/libvppclient.so	libhidltransport.so	PLATFORM	system/libhidl module 'libhidltransport', system/libhidl lineage-22.2 @2bfb10b64fcfa (module names); manifest default.xml:912 (system/libhidl, remote=aosp)
proprietary/vendor/lib/libvppclient.so	libhwbinder.so	PLATFORM	frameworks/native (manifest default.xml:613) libs/hwbinder
proprietary/vendor/lib/libvppclient.so	liblog.so	PLATFORM	bionic, LineageOS/android_bionic (manifest default.xml:37); /system/lib64
proprietary/vendor/lib/libvppclient.so	libm.so	PLATFORM	bionic, LineageOS/android_bionic (manifest default.xml:37)
proprietary/vendor/lib/libvppclient.so	libqdMetaData.so	VENDOR-ELSEWHERE	module 'libqdMetaData' confirmed in LineageOS/android_hardware_qcom_display lineage-22.2 @98b6355a127e and in LineageOS/android_vendor_qcom_opensource_display-commonsys lineage-23.2 @4740d3dd5585 -> /vendor/lib64
proprietary/vendor/lib/libvppclient.so	libutils.so	PLATFORM	bionic libutils, LineageOS/android_bionic (manifest default.xml:37); /system/lib64
proprietary/vendor/lib/libvppclient.so	libvpplibrary.so	VENDOR	shipped in this repo as proprietary/vendor/lib/libvpplibrary.so
proprietary/vendor/lib/libvppclient.so	vendor.qti.hardware.vpp@1.1.so	VENDOR	shipped in this repo as proprietary/vendor/lib/vendor.qti.hardware.vpp@1.1.so
proprietary/vendor/lib/libvpphvx.so	libadsprpc.so	VENDOR	shipped in this repo as proprietary/vendor/lib/libadsprpc.so
proprietary/vendor/lib/libvpphvx.so	libc++.so	PLATFORM	bionic NDK compat lib, LineageOS/android_bionic (manifest default.xml:37); /system/lib64
proprietary/vendor/lib/libvpphvx.so	libc.so	PLATFORM	bionic, LineageOS/android_bionic (manifest default.xml:37); /system/lib64 + apex com.android.runtime/lib64/bionic
proprietary/vendor/lib/libvpphvx.so	libcutils.so	PLATFORM	bionic libcutils, LineageOS/android_bionic (manifest default.xml:37); /system/lib64
proprietary/vendor/lib/libvpphvx.so	libdl.so	PLATFORM	bionic, LineageOS/android_bionic (manifest default.xml:37)
proprietary/vendor/lib/libvpphvx.so	liblog.so	PLATFORM	bionic, LineageOS/android_bionic (manifest default.xml:37); /system/lib64
proprietary/vendor/lib/libvpphvx.so	libm.so	PLATFORM	bionic, LineageOS/android_bionic (manifest default.xml:37)
proprietary/vendor/lib/libvpplibrary.so	libadsprpc.so	VENDOR	shipped in this repo as proprietary/vendor/lib/libadsprpc.so
proprietary/vendor/lib/libvpplibrary.so	libc++.so	PLATFORM	bionic NDK compat lib, LineageOS/android_bionic (manifest default.xml:37); /system/lib64
proprietary/vendor/lib/libvpplibrary.so	libc.so	PLATFORM	bionic, LineageOS/android_bionic (manifest default.xml:37); /system/lib64 + apex com.android.runtime/lib64/bionic
proprietary/vendor/lib/libvpplibrary.so	libcutils.so	PLATFORM	bionic libcutils, LineageOS/android_bionic (manifest default.xml:37); /system/lib64
proprietary/vendor/lib/libvpplibrary.so	libdl.so	PLATFORM	bionic, LineageOS/android_bionic (manifest default.xml:37)
proprietary/vendor/lib/libvpplibrary.so	libhidlbase.so	PLATFORM	system/libhidl module 'libhidlbase', system/libhidl lineage-22.2 @2bfb10b64fcfa (module names); manifest default.xml:912 (system/libhidl, remote=aosp)
proprietary/vendor/lib/libvpplibrary.so	liblog.so	PLATFORM	bionic, LineageOS/android_bionic (manifest default.xml:37); /system/lib64
proprietary/vendor/lib/libvpplibrary.so	libm.so	PLATFORM	bionic, LineageOS/android_bionic (manifest default.xml:37)
proprietary/vendor/lib/libvpplibrary.so	libqdMetaData.so	VENDOR-ELSEWHERE	module 'libqdMetaData' confirmed in LineageOS/android_hardware_qcom_display lineage-22.2 @98b6355a127e and in LineageOS/android_vendor_qcom_opensource_display-commonsys lineage-23.2 @4740d3dd5585 -> /vendor/lib64
proprietary/vendor/lib/libvpplibrary.so	libutils.so	PLATFORM	bionic libutils, LineageOS/android_bionic (manifest default.xml:37); /system/lib64
proprietary/vendor/lib/libvpplibrary.so	libvpphvx.so	VENDOR	shipped in this repo as proprietary/vendor/lib/libvpphvx.so
proprietary/vendor/lib/libvpplibrary.so	vendor.qti.hardware.capabilityconfigstore@1.0.so	VENDOR-ELSEWHERE	Qualcomm capability-config HIDL iface. Note this repo ships only the service binary vendor/lib/hw/vendor.qti.hardware.capabilityconfigstore@1.0-service, not the iface lib; project not on github.com, module name NOT verified here
proprietary/vendor/lib/libwfdcodecv4l2_proprietary.so	libc++.so	PLATFORM	bionic NDK compat lib, LineageOS/android_bionic (manifest default.xml:37); /system/lib64
proprietary/vendor/lib/libwfdcodecv4l2_proprietary.so	libc.so	PLATFORM	bionic, LineageOS/android_bionic (manifest default.xml:37); /system/lib64 + apex com.android.runtime/lib64/bionic
proprietary/vendor/lib/libwfdcodecv4l2_proprietary.so	libcutils.so	PLATFORM	bionic libcutils, LineageOS/android_bionic (manifest default.xml:37); /system/lib64
proprietary/vendor/lib/libwfdcodecv4l2_proprietary.so	libdl.so	PLATFORM	bionic, LineageOS/android_bionic (manifest default.xml:37)
proprietary/vendor/lib/libwfdcodecv4l2_proprietary.so	liblog.so	PLATFORM	bionic, LineageOS/android_bionic (manifest default.xml:37); /system/lib64
proprietary/vendor/lib/libwfdcodecv4l2_proprietary.so	libm.so	PLATFORM	bionic, LineageOS/android_bionic (manifest default.xml:37)
proprietary/vendor/lib/libwfdcodecv4l2_proprietary.so	libmmosal.so	VENDOR	shipped in this repo as proprietary/system_ext/lib/libmmosal.so;proprietary/vendor/lib/libmmosal.so
proprietary/vendor/lib/libwfdcodecv4l2_proprietary.so	libutils.so	PLATFORM	bionic libutils, LineageOS/android_bionic (manifest default.xml:37); /system/lib64
proprietary/vendor/lib/libwfdcodecv4l2_proprietary.so	libwfdcommonutils_proprietary.so	VENDOR	shipped in this repo as proprietary/vendor/lib/libwfdcommonutils_proprietary.so
proprietary/vendor/lib/libwfdcodecv4l2_proprietary.so	libwfdmminterface_proprietary.so	VENDOR	shipped in this repo as proprietary/vendor/lib/libwfdmminterface_proprietary.so
proprietary/vendor/lib/libwfdcodecv4l2_proprietary.so	libwfdutils_proprietary.so	VENDOR	shipped in this repo as proprietary/vendor/lib/libwfdutils_proprietary.so
proprietary/vendor/lib/libwfdcommonutils_proprietary.so	libc++.so	PLATFORM	bionic NDK compat lib, LineageOS/android_bionic (manifest default.xml:37); /system/lib64
proprietary/vendor/lib/libwfdcommonutils_proprietary.so	libc.so	PLATFORM	bionic, LineageOS/android_bionic (manifest default.xml:37); /system/lib64 + apex com.android.runtime/lib64/bionic
proprietary/vendor/lib/libwfdcommonutils_proprietary.so	libcutils.so	PLATFORM	bionic libcutils, LineageOS/android_bionic (manifest default.xml:37); /system/lib64
proprietary/vendor/lib/libwfdcommonutils_proprietary.so	libdl.so	PLATFORM	bionic, LineageOS/android_bionic (manifest default.xml:37)
proprietary/vendor/lib/libwfdcommonutils_proprietary.so	libion.so	PLATFORM	AOSP system/memory/libion, manifest default.xml:924
proprietary/vendor/lib/libwfdcommonutils_proprietary.so	liblog.so	PLATFORM	bionic, LineageOS/android_bionic (manifest default.xml:37); /system/lib64
proprietary/vendor/lib/libwfdcommonutils_proprietary.so	libm.so	PLATFORM	bionic, LineageOS/android_bionic (manifest default.xml:37)
proprietary/vendor/lib/libwfdcommonutils_proprietary.so	libmmosal.so	VENDOR	shipped in this repo as proprietary/system_ext/lib/libmmosal.so;proprietary/vendor/lib/libmmosal.so
proprietary/vendor/lib/libwfdcommonutils_proprietary.so	libprocessgroup.so	PLATFORM	bionic libprocessgroup, LineageOS/android_bionic (manifest default.xml:37); /system/lib64
proprietary/vendor/lib/libwfdcommonutils_proprietary.so	libutils.so	PLATFORM	bionic libutils, LineageOS/android_bionic (manifest default.xml:37); /system/lib64
proprietary/vendor/lib/libwfdcommonutils_proprietary.so	libwfddisplayconfig_proprietary.so	VENDOR	shipped in this repo as proprietary/vendor/lib/libwfddisplayconfig_proprietary.so
proprietary/vendor/lib/libwfdconfigutils_proprietary.so	libbinder.so	PLATFORM	frameworks/native (manifest default.xml:613) libs/binder
proprietary/vendor/lib/libwfdconfigutils_proprietary.so	libc++.so	PLATFORM	bionic NDK compat lib, LineageOS/android_bionic (manifest default.xml:37); /system/lib64
proprietary/vendor/lib/libwfdconfigutils_proprietary.so	libc.so	PLATFORM	bionic, LineageOS/android_bionic (manifest default.xml:37); /system/lib64 + apex com.android.runtime/lib64/bionic
proprietary/vendor/lib/libwfdconfigutils_proprietary.so	libcutils.so	PLATFORM	bionic libcutils, LineageOS/android_bionic (manifest default.xml:37); /system/lib64
proprietary/vendor/lib/libwfdconfigutils_proprietary.so	libdl.so	PLATFORM	bionic, LineageOS/android_bionic (manifest default.xml:37)
proprietary/vendor/lib/libwfdconfigutils_proprietary.so	liblog.so	PLATFORM	bionic, LineageOS/android_bionic (manifest default.xml:37); /system/lib64
proprietary/vendor/lib/libwfdconfigutils_proprietary.so	libm.so	PLATFORM	bionic, LineageOS/android_bionic (manifest default.xml:37)
proprietary/vendor/lib/libwfdconfigutils_proprietary.so	libmmosal.so	VENDOR	shipped in this repo as proprietary/system_ext/lib/libmmosal.so;proprietary/vendor/lib/libmmosal.so
proprietary/vendor/lib/libwfdconfigutils_proprietary.so	libnl.so	VENDOR-ELSEWHERE	netlink lib shipped by CAF, not by AOSP; CAF platform tree device fork @2e50286ebc01 (extract-files.py):22 (hardware/qcom-caf/sdm845); project not on github.com, module name NOT verified here
proprietary/vendor/lib/libwfdconfigutils_proprietary.so	libutils.so	PLATFORM	bionic libutils, LineageOS/android_bionic (manifest default.xml:37); /system/lib64
proprietary/vendor/lib/libwfdconfigutils_proprietary.so	libwfdmminterface_proprietary.so	VENDOR	shipped in this repo as proprietary/vendor/lib/libwfdmminterface_proprietary.so
proprietary/vendor/lib/libwfddisplayconfig_proprietary.so	libc++.so	PLATFORM	bionic NDK compat lib, LineageOS/android_bionic (manifest default.xml:37); /system/lib64
proprietary/vendor/lib/libwfddisplayconfig_proprietary.so	libc.so	PLATFORM	bionic, LineageOS/android_bionic (manifest default.xml:37); /system/lib64 + apex com.android.runtime/lib64/bionic
proprietary/vendor/lib/libwfddisplayconfig_proprietary.so	libcutils.so	PLATFORM	bionic libcutils, LineageOS/android_bionic (manifest default.xml:37); /system/lib64
proprietary/vendor/lib/libwfddisplayconfig_proprietary.so	libdisplayconfig.qti.so	VENDOR-ELSEWHERE	Qualcomm display config client, CAF display tree; CAF platform tree device fork @2e50286ebc01 (extract-files.py):22 (hardware/qcom-caf/sdm845); project not on github.com, module name NOT verified here
proprietary/vendor/lib/libwfddisplayconfig_proprietary.so	libdl.so	PLATFORM	bionic, LineageOS/android_bionic (manifest default.xml:37)
proprietary/vendor/lib/libwfddisplayconfig_proprietary.so	libhidlbase.so	PLATFORM	system/libhidl module 'libhidlbase', system/libhidl lineage-22.2 @2bfb10b64fcfa (module names); manifest default.xml:912 (system/libhidl, remote=aosp)
proprietary/vendor/lib/libwfddisplayconfig_proprietary.so	liblog.so	PLATFORM	bionic, LineageOS/android_bionic (manifest default.xml:37); /system/lib64
proprietary/vendor/lib/libwfddisplayconfig_proprietary.so	libm.so	PLATFORM	bionic, LineageOS/android_bionic (manifest default.xml:37)
proprietary/vendor/lib/libwfddisplayconfig_proprietary.so	libutils.so	PLATFORM	bionic libutils, LineageOS/android_bionic (manifest default.xml:37); /system/lib64
proprietary/vendor/lib/libwfddisplayconfig_proprietary.so	vendor.display.config@2.0.so	VENDOR-ELSEWHERE	display-config HIDL is NOT in hardware/interfaces at 22.2 or 23.2 (no display/ dir; ls-tree @13d687a84c83), so it must come from the CAF display tree, CAF platform tree device fork @2e50286ebc01 (extract-files.py):22 (hardware/qcom-caf/sdm845); project not on github.com, module name NOT verified here
proprietary/vendor/lib/libwfdhdcpcp.so	libc++.so	PLATFORM	bionic NDK compat lib, LineageOS/android_bionic (manifest default.xml:37); /system/lib64
proprietary/vendor/lib/libwfdhdcpcp.so	libc.so	PLATFORM	bionic, LineageOS/android_bionic (manifest default.xml:37); /system/lib64 + apex com.android.runtime/lib64/bionic
proprietary/vendor/lib/libwfdhdcpcp.so	libcutils.so	PLATFORM	bionic libcutils, LineageOS/android_bionic (manifest default.xml:37); /system/lib64
proprietary/vendor/lib/libwfdhdcpcp.so	libdl.so	PLATFORM	bionic, LineageOS/android_bionic (manifest default.xml:37)
proprietary/vendor/lib/libwfdhdcpcp.so	liblog.so	PLATFORM	bionic, LineageOS/android_bionic (manifest default.xml:37); /system/lib64
proprietary/vendor/lib/libwfdhdcpcp.so	libm.so	PLATFORM	bionic, LineageOS/android_bionic (manifest default.xml:37)
proprietary/vendor/lib/libwfdhdcpcp.so	libmmosal.so	VENDOR	shipped in this repo as proprietary/system_ext/lib/libmmosal.so;proprietary/vendor/lib/libmmosal.so
proprietary/vendor/lib/libwfdhdcpcp.so	libutils.so	PLATFORM	bionic libutils, LineageOS/android_bionic (manifest default.xml:37); /system/lib64
proprietary/vendor/lib/libwfdhdcpservice_proprietary.so	libbinder.so	PLATFORM	frameworks/native (manifest default.xml:613) libs/binder
proprietary/vendor/lib/libwfdhdcpservice_proprietary.so	libc++.so	PLATFORM	bionic NDK compat lib, LineageOS/android_bionic (manifest default.xml:37); /system/lib64
proprietary/vendor/lib/libwfdhdcpservice_proprietary.so	libc.so	PLATFORM	bionic, LineageOS/android_bionic (manifest default.xml:37); /system/lib64 + apex com.android.runtime/lib64/bionic
proprietary/vendor/lib/libwfdhdcpservice_proprietary.so	libclang_rt.ubsan_standalone-arm-android.so	MISSING	UBSan runtime from the NDK/clang toolchain. Not in this vendor repo, not bionic, not frameworks. AOSP has external/compiler-rt in the 23.2 manifest (manifest default.xml:119) but that project is mirrored from android.googlesource.com, so whether it installs an arm-android .so could not be checked from github.com. SINGLE consumer: proprietary/vendor/lib/libwfdhdcpservice_proprietary.so. If nothing provides it that blob fails to load (confidence: medium)
proprietary/vendor/lib/libwfdhdcpservice_proprietary.so	libcutils.so	PLATFORM	bionic libcutils, LineageOS/android_bionic (manifest default.xml:37); /system/lib64
proprietary/vendor/lib/libwfdhdcpservice_proprietary.so	libdl.so	PLATFORM	bionic, LineageOS/android_bionic (manifest default.xml:37)
proprietary/vendor/lib/libwfdhdcpservice_proprietary.so	liblog.so	PLATFORM	bionic, LineageOS/android_bionic (manifest default.xml:37); /system/lib64
proprietary/vendor/lib/libwfdhdcpservice_proprietary.so	libm.so	PLATFORM	bionic, LineageOS/android_bionic (manifest default.xml:37)
proprietary/vendor/lib/libwfdhdcpservice_proprietary.so	libmmosal.so	VENDOR	shipped in this repo as proprietary/system_ext/lib/libmmosal.so;proprietary/vendor/lib/libmmosal.so
proprietary/vendor/lib/libwfdhdcpservice_proprietary.so	libutils.so	PLATFORM	bionic libutils, LineageOS/android_bionic (manifest default.xml:37); /system/lib64
proprietary/vendor/lib/libwfdhdcpservice_proprietary.so	libwfdhdcpcp.so	VENDOR	shipped in this repo as proprietary/vendor/lib/libwfdhdcpcp.so
proprietary/vendor/lib/libwfdmminterface_proprietary.so	libc++.so	PLATFORM	bionic NDK compat lib, LineageOS/android_bionic (manifest default.xml:37); /system/lib64
proprietary/vendor/lib/libwfdmminterface_proprietary.so	libc.so	PLATFORM	bionic, LineageOS/android_bionic (manifest default.xml:37); /system/lib64 + apex com.android.runtime/lib64/bionic
proprietary/vendor/lib/libwfdmminterface_proprietary.so	libdl.so	PLATFORM	bionic, LineageOS/android_bionic (manifest default.xml:37)
proprietary/vendor/lib/libwfdmminterface_proprietary.so	liblog.so	PLATFORM	bionic, LineageOS/android_bionic (manifest default.xml:37); /system/lib64
proprietary/vendor/lib/libwfdmminterface_proprietary.so	libm.so	PLATFORM	bionic, LineageOS/android_bionic (manifest default.xml:37)
proprietary/vendor/lib/libwfdmminterface_proprietary.so	libmmosal.so	VENDOR	shipped in this repo as proprietary/system_ext/lib/libmmosal.so;proprietary/vendor/lib/libmmosal.so
proprietary/vendor/lib/libwfdmminterface_proprietary.so	libutils.so	PLATFORM	bionic libutils, LineageOS/android_bionic (manifest default.xml:37); /system/lib64
proprietary/vendor/lib/libwfdmmservice_proprietary.so	libbinder.so	PLATFORM	frameworks/native (manifest default.xml:613) libs/binder
proprietary/vendor/lib/libwfdmmservice_proprietary.so	libc++.so	PLATFORM	bionic NDK compat lib, LineageOS/android_bionic (manifest default.xml:37); /system/lib64
proprietary/vendor/lib/libwfdmmservice_proprietary.so	libc.so	PLATFORM	bionic, LineageOS/android_bionic (manifest default.xml:37); /system/lib64 + apex com.android.runtime/lib64/bionic
proprietary/vendor/lib/libwfdmmservice_proprietary.so	libcutils.so	PLATFORM	bionic libcutils, LineageOS/android_bionic (manifest default.xml:37); /system/lib64
proprietary/vendor/lib/libwfdmmservice_proprietary.so	libdl.so	PLATFORM	bionic, LineageOS/android_bionic (manifest default.xml:37)
proprietary/vendor/lib/libwfdmmservice_proprietary.so	liblog.so	PLATFORM	bionic, LineageOS/android_bionic (manifest default.xml:37); /system/lib64
proprietary/vendor/lib/libwfdmmservice_proprietary.so	libm.so	PLATFORM	bionic, LineageOS/android_bionic (manifest default.xml:37)
proprietary/vendor/lib/libwfdmmservice_proprietary.so	libmmosal.so	VENDOR	shipped in this repo as proprietary/system_ext/lib/libmmosal.so;proprietary/vendor/lib/libmmosal.so
proprietary/vendor/lib/libwfdmmservice_proprietary.so	libutils.so	PLATFORM	bionic libutils, LineageOS/android_bionic (manifest default.xml:37); /system/lib64
proprietary/vendor/lib/libwfdmmsrc_proprietary.so	android.hardware.graphics.mapper@2.0.so	PLATFORM	HIDL iface lib, hardware/interfaces lineage-23.2 @13d687a84c83 (.hal present)
proprietary/vendor/lib/libwfdmmsrc_proprietary.so	libFileMux_proprietary.so	VENDOR	shipped in this repo as proprietary/vendor/lib/libFileMux_proprietary.so
proprietary/vendor/lib/libwfdmmsrc_proprietary.so	libbinder.so	PLATFORM	frameworks/native (manifest default.xml:613) libs/binder
proprietary/vendor/lib/libwfdmmsrc_proprietary.so	libc++.so	PLATFORM	bionic NDK compat lib, LineageOS/android_bionic (manifest default.xml:37); /system/lib64
proprietary/vendor/lib/libwfdmmsrc_proprietary.so	libc.so	PLATFORM	bionic, LineageOS/android_bionic (manifest default.xml:37); /system/lib64 + apex com.android.runtime/lib64/bionic
proprietary/vendor/lib/libwfdmmsrc_proprietary.so	libcutils.so	PLATFORM	bionic libcutils, LineageOS/android_bionic (manifest default.xml:37); /system/lib64
proprietary/vendor/lib/libwfdmmsrc_proprietary.so	libdl.so	PLATFORM	bionic, LineageOS/android_bionic (manifest default.xml:37)
proprietary/vendor/lib/libwfdmmsrc_proprietary.so	libhidlbase.so	PLATFORM	system/libhidl module 'libhidlbase', system/libhidl lineage-22.2 @2bfb10b64fcfa (module names); manifest default.xml:912 (system/libhidl, remote=aosp)
proprietary/vendor/lib/libwfdmmsrc_proprietary.so	liblog.so	PLATFORM	bionic, LineageOS/android_bionic (manifest default.xml:37); /system/lib64
proprietary/vendor/lib/libwfdmmsrc_proprietary.so	libm.so	PLATFORM	bionic, LineageOS/android_bionic (manifest default.xml:37)
proprietary/vendor/lib/libwfdmmsrc_proprietary.so	libmmosal.so	VENDOR	shipped in this repo as proprietary/system_ext/lib/libmmosal.so;proprietary/vendor/lib/libmmosal.so
proprietary/vendor/lib/libwfdmmsrc_proprietary.so	libmmrtpencoder_proprietary.so	VENDOR	shipped in this repo as proprietary/vendor/lib/libmmrtpencoder_proprietary.so
proprietary/vendor/lib/libwfdmmsrc_proprietary.so	libpng.so	PLATFORM	external/libpng, manifest default.xml:327
proprietary/vendor/lib/libwfdmmsrc_proprietary.so	libtinyalsa.so	PLATFORM	AOSP external/tinyalsa manifest default.xml:547 (+tinyalsa_new manifest default.xml:548) (confidence: medium; CAF may also ship a vendor copy)
proprietary/vendor/lib/libwfdmmsrc_proprietary.so	libutils.so	PLATFORM	bionic libutils, LineageOS/android_bionic (manifest default.xml:37); /system/lib64
proprietary/vendor/lib/libwfdmmsrc_proprietary.so	libwfdaac_vendor.so	VENDOR-ELSEWHERE	Samsung Wifi Display AAC encoder. Consumer: proprietary/vendor/lib/libwfdmmsrc_proprietary.so. Every other libwfd* lib IS shipped in this repo, so this one is built elsewhere. RULED OUT: LineageOS/android_hardware_samsung lineage-23.2 @5d20e3541d14 has no wfd/aac file and no 'wfdaac' hit. Check the stock ROM /vendor/lib or the remaining namespace_imports in device fork @2e50286ebc01 (extract-files.py):20-26 (confidence: low)
proprietary/vendor/lib/libwfdmmsrc_proprietary.so	libwfdcodecv4l2_proprietary.so	VENDOR	shipped in this repo as proprietary/vendor/lib/libwfdcodecv4l2_proprietary.so
proprietary/vendor/lib/libwfdmmsrc_proprietary.so	libwfdcommonutils_proprietary.so	VENDOR	shipped in this repo as proprietary/vendor/lib/libwfdcommonutils_proprietary.so
proprietary/vendor/lib/libwfdmmsrc_proprietary.so	libwfdconfigutils_proprietary.so	VENDOR	shipped in this repo as proprietary/vendor/lib/libwfdconfigutils_proprietary.so
proprietary/vendor/lib/libwfdmmsrc_proprietary.so	libwfdmminterface_proprietary.so	VENDOR	shipped in this repo as proprietary/vendor/lib/libwfdmminterface_proprietary.so
proprietary/vendor/lib/libwfdmmsrc_proprietary.so	libwfdmmservice_proprietary.so	VENDOR	shipped in this repo as proprietary/vendor/lib/libwfdmmservice_proprietary.so
proprietary/vendor/lib/libwfdmmsrc_proprietary.so	libwfdutils_proprietary.so	VENDOR	shipped in this repo as proprietary/vendor/lib/libwfdutils_proprietary.so
proprietary/vendor/lib/libwfdmodulehdcpsession.so	libc++.so	PLATFORM	bionic NDK compat lib, LineageOS/android_bionic (manifest default.xml:37); /system/lib64
proprietary/vendor/lib/libwfdmodulehdcpsession.so	libc.so	PLATFORM	bionic, LineageOS/android_bionic (manifest default.xml:37); /system/lib64 + apex com.android.runtime/lib64/bionic
proprietary/vendor/lib/libwfdmodulehdcpsession.so	libdl.so	PLATFORM	bionic, LineageOS/android_bionic (manifest default.xml:37)
proprietary/vendor/lib/libwfdmodulehdcpsession.so	libhidlbase.so	PLATFORM	system/libhidl module 'libhidlbase', system/libhidl lineage-22.2 @2bfb10b64fcfa (module names); manifest default.xml:912 (system/libhidl, remote=aosp)
proprietary/vendor/lib/libwfdmodulehdcpsession.so	liblog.so	PLATFORM	bionic, LineageOS/android_bionic (manifest default.xml:37); /system/lib64
proprietary/vendor/lib/libwfdmodulehdcpsession.so	libm.so	PLATFORM	bionic, LineageOS/android_bionic (manifest default.xml:37)
proprietary/vendor/lib/libwfdmodulehdcpsession.so	libmmosal.so	VENDOR	shipped in this repo as proprietary/system_ext/lib/libmmosal.so;proprietary/vendor/lib/libmmosal.so
proprietary/vendor/lib/libwfdmodulehdcpsession.so	libutils.so	PLATFORM	bionic libutils, LineageOS/android_bionic (manifest default.xml:37); /system/lib64
proprietary/vendor/lib/libwfdmodulehdcpsession.so	libwfdcommonutils_proprietary.so	VENDOR	shipped in this repo as proprietary/vendor/lib/libwfdcommonutils_proprietary.so
proprietary/vendor/lib/libwfdmodulehdcpsession.so	libwfdhdcpcp.so	VENDOR	shipped in this repo as proprietary/vendor/lib/libwfdhdcpcp.so
proprietary/vendor/lib/libwfdmodulehdcpsession.so	libwfdutils_proprietary.so	VENDOR	shipped in this repo as proprietary/vendor/lib/libwfdutils_proprietary.so
proprietary/vendor/lib/libwfdrtsp_proprietary.so	libc++.so	PLATFORM	bionic NDK compat lib, LineageOS/android_bionic (manifest default.xml:37); /system/lib64
proprietary/vendor/lib/libwfdrtsp_proprietary.so	libc.so	PLATFORM	bionic, LineageOS/android_bionic (manifest default.xml:37); /system/lib64 + apex com.android.runtime/lib64/bionic
proprietary/vendor/lib/libwfdrtsp_proprietary.so	libcutils.so	PLATFORM	bionic libcutils, LineageOS/android_bionic (manifest default.xml:37); /system/lib64
proprietary/vendor/lib/libwfdrtsp_proprietary.so	libdl.so	PLATFORM	bionic, LineageOS/android_bionic (manifest default.xml:37)
proprietary/vendor/lib/libwfdrtsp_proprietary.so	liblog.so	PLATFORM	bionic, LineageOS/android_bionic (manifest default.xml:37); /system/lib64
proprietary/vendor/lib/libwfdrtsp_proprietary.so	libm.so	PLATFORM	bionic, LineageOS/android_bionic (manifest default.xml:37)
proprietary/vendor/lib/libwfdrtsp_proprietary.so	libmmosal.so	VENDOR	shipped in this repo as proprietary/system_ext/lib/libmmosal.so;proprietary/vendor/lib/libmmosal.so
proprietary/vendor/lib/libwfdrtsp_proprietary.so	libutils.so	PLATFORM	bionic libutils, LineageOS/android_bionic (manifest default.xml:37); /system/lib64
proprietary/vendor/lib/libwfdrtsp_proprietary.so	libwfdcommonutils_proprietary.so	VENDOR	shipped in this repo as proprietary/vendor/lib/libwfdcommonutils_proprietary.so
proprietary/vendor/lib/libwfdrtsp_proprietary.so	libwfdconfigutils_proprietary.so	VENDOR	shipped in this repo as proprietary/vendor/lib/libwfdconfigutils_proprietary.so
proprietary/vendor/lib/libwfdsessionmodule.so	libc++.so	PLATFORM	bionic NDK compat lib, LineageOS/android_bionic (manifest default.xml:37); /system/lib64
proprietary/vendor/lib/libwfdsessionmodule.so	libc.so	PLATFORM	bionic, LineageOS/android_bionic (manifest default.xml:37); /system/lib64 + apex com.android.runtime/lib64/bionic
proprietary/vendor/lib/libwfdsessionmodule.so	libdl.so	PLATFORM	bionic, LineageOS/android_bionic (manifest default.xml:37)
proprietary/vendor/lib/libwfdsessionmodule.so	libhidlbase.so	PLATFORM	system/libhidl module 'libhidlbase', system/libhidl lineage-22.2 @2bfb10b64fcfa (module names); manifest default.xml:912 (system/libhidl, remote=aosp)
proprietary/vendor/lib/libwfdsessionmodule.so	liblog.so	PLATFORM	bionic, LineageOS/android_bionic (manifest default.xml:37); /system/lib64
proprietary/vendor/lib/libwfdsessionmodule.so	libm.so	PLATFORM	bionic, LineageOS/android_bionic (manifest default.xml:37)
proprietary/vendor/lib/libwfdsessionmodule.so	libmmosal.so	VENDOR	shipped in this repo as proprietary/system_ext/lib/libmmosal.so;proprietary/vendor/lib/libmmosal.so
proprietary/vendor/lib/libwfdsessionmodule.so	libutils.so	PLATFORM	bionic libutils, LineageOS/android_bionic (manifest default.xml:37); /system/lib64
proprietary/vendor/lib/libwfdsessionmodule.so	libwfdcommonutils_proprietary.so	VENDOR	shipped in this repo as proprietary/vendor/lib/libwfdcommonutils_proprietary.so
proprietary/vendor/lib/libwfdsessionmodule.so	libwfdsourcesession_proprietary.so	VENDOR	shipped in this repo as proprietary/vendor/lib/libwfdsourcesession_proprietary.so
proprietary/vendor/lib/libwfdsessionmodule.so	vendor.qti.hardware.wifidisplaysession@1.0.so	VENDOR	shipped in this repo as proprietary/system_ext/lib/vendor.qti.hardware.wifidisplaysession@1.0.so;proprietary/vendor/lib/vendor.qti.hardware.wifidisplaysession@1.0.so
proprietary/vendor/lib/libwfdsourcesession_proprietary.so	libbinder.so	PLATFORM	frameworks/native (manifest default.xml:613) libs/binder
proprietary/vendor/lib/libwfdsourcesession_proprietary.so	libc++.so	PLATFORM	bionic NDK compat lib, LineageOS/android_bionic (manifest default.xml:37); /system/lib64
proprietary/vendor/lib/libwfdsourcesession_proprietary.so	libc.so	PLATFORM	bionic, LineageOS/android_bionic (manifest default.xml:37); /system/lib64 + apex com.android.runtime/lib64/bionic
proprietary/vendor/lib/libwfdsourcesession_proprietary.so	libcutils.so	PLATFORM	bionic libcutils, LineageOS/android_bionic (manifest default.xml:37); /system/lib64
proprietary/vendor/lib/libwfdsourcesession_proprietary.so	libdl.so	PLATFORM	bionic, LineageOS/android_bionic (manifest default.xml:37)
proprietary/vendor/lib/libwfdsourcesession_proprietary.so	libhidlbase.so	PLATFORM	system/libhidl module 'libhidlbase', system/libhidl lineage-22.2 @2bfb10b64fcfa (module names); manifest default.xml:912 (system/libhidl, remote=aosp)
proprietary/vendor/lib/libwfdsourcesession_proprietary.so	liblog.so	PLATFORM	bionic, LineageOS/android_bionic (manifest default.xml:37); /system/lib64
proprietary/vendor/lib/libwfdsourcesession_proprietary.so	libm.so	PLATFORM	bionic, LineageOS/android_bionic (manifest default.xml:37)
proprietary/vendor/lib/libwfdsourcesession_proprietary.so	libmedia_helper.so	PLATFORM	frameworks/av (manifest default.xml:597) media/libmedia_helper
proprietary/vendor/lib/libwfdsourcesession_proprietary.so	libmmosal.so	VENDOR	shipped in this repo as proprietary/system_ext/lib/libmmosal.so;proprietary/vendor/lib/libmmosal.so
proprietary/vendor/lib/libwfdsourcesession_proprietary.so	libqdMetaData.so	VENDOR-ELSEWHERE	module 'libqdMetaData' confirmed in LineageOS/android_hardware_qcom_display lineage-22.2 @98b6355a127e and in LineageOS/android_vendor_qcom_opensource_display-commonsys lineage-23.2 @4740d3dd5585 -> /vendor/lib64
proprietary/vendor/lib/libwfdsourcesession_proprietary.so	libutils.so	PLATFORM	bionic libutils, LineageOS/android_bionic (manifest default.xml:37); /system/lib64
proprietary/vendor/lib/libwfdsourcesession_proprietary.so	libwfdcommonutils_proprietary.so	VENDOR	shipped in this repo as proprietary/vendor/lib/libwfdcommonutils_proprietary.so
proprietary/vendor/lib/libwfdsourcesession_proprietary.so	libwfdconfigutils_proprietary.so	VENDOR	shipped in this repo as proprietary/vendor/lib/libwfdconfigutils_proprietary.so
proprietary/vendor/lib/libwfdsourcesession_proprietary.so	libwfdmminterface_proprietary.so	VENDOR	shipped in this repo as proprietary/vendor/lib/libwfdmminterface_proprietary.so
proprietary/vendor/lib/libwfdsourcesession_proprietary.so	libwfdmmsrc_proprietary.so	VENDOR	shipped in this repo as proprietary/vendor/lib/libwfdmmsrc_proprietary.so
proprietary/vendor/lib/libwfdsourcesession_proprietary.so	libwfdsourcesm_proprietary.so	VENDOR	shipped in this repo as proprietary/vendor/lib/libwfdsourcesm_proprietary.so
proprietary/vendor/lib/libwfdsourcesm_proprietary.so	libc++.so	PLATFORM	bionic NDK compat lib, LineageOS/android_bionic (manifest default.xml:37); /system/lib64
proprietary/vendor/lib/libwfdsourcesm_proprietary.so	libc.so	PLATFORM	bionic, LineageOS/android_bionic (manifest default.xml:37); /system/lib64 + apex com.android.runtime/lib64/bionic
proprietary/vendor/lib/libwfdsourcesm_proprietary.so	libcutils.so	PLATFORM	bionic libcutils, LineageOS/android_bionic (manifest default.xml:37); /system/lib64
proprietary/vendor/lib/libwfdsourcesm_proprietary.so	libdl.so	PLATFORM	bionic, LineageOS/android_bionic (manifest default.xml:37)
proprietary/vendor/lib/libwfdsourcesm_proprietary.so	libhidlbase.so	PLATFORM	system/libhidl module 'libhidlbase', system/libhidl lineage-22.2 @2bfb10b64fcfa (module names); manifest default.xml:912 (system/libhidl, remote=aosp)
proprietary/vendor/lib/libwfdsourcesm_proprietary.so	liblog.so	PLATFORM	bionic, LineageOS/android_bionic (manifest default.xml:37); /system/lib64
proprietary/vendor/lib/libwfdsourcesm_proprietary.so	libm.so	PLATFORM	bionic, LineageOS/android_bionic (manifest default.xml:37)
proprietary/vendor/lib/libwfdsourcesm_proprietary.so	libmmosal.so	VENDOR	shipped in this repo as proprietary/system_ext/lib/libmmosal.so;proprietary/vendor/lib/libmmosal.so
proprietary/vendor/lib/libwfdsourcesm_proprietary.so	libmmrtpdecoder_proprietary.so	VENDOR	shipped in this repo as proprietary/vendor/lib/libmmrtpdecoder_proprietary.so
proprietary/vendor/lib/libwfdsourcesm_proprietary.so	libmmrtpencoder_proprietary.so	VENDOR	shipped in this repo as proprietary/vendor/lib/libmmrtpencoder_proprietary.so
proprietary/vendor/lib/libwfdsourcesm_proprietary.so	libqdMetaData.so	VENDOR-ELSEWHERE	module 'libqdMetaData' confirmed in LineageOS/android_hardware_qcom_display lineage-22.2 @98b6355a127e and in LineageOS/android_vendor_qcom_opensource_display-commonsys lineage-23.2 @4740d3dd5585 -> /vendor/lib64
proprietary/vendor/lib/libwfdsourcesm_proprietary.so	libutils.so	PLATFORM	bionic libutils, LineageOS/android_bionic (manifest default.xml:37); /system/lib64
proprietary/vendor/lib/libwfdsourcesm_proprietary.so	libwfdcommonutils_proprietary.so	VENDOR	shipped in this repo as proprietary/vendor/lib/libwfdcommonutils_proprietary.so
proprietary/vendor/lib/libwfdsourcesm_proprietary.so	libwfdconfigutils_proprietary.so	VENDOR	shipped in this repo as proprietary/vendor/lib/libwfdconfigutils_proprietary.so
proprietary/vendor/lib/libwfdsourcesm_proprietary.so	libwfddisplayconfig_proprietary.so	VENDOR	shipped in this repo as proprietary/vendor/lib/libwfddisplayconfig_proprietary.so
proprietary/vendor/lib/libwfdsourcesm_proprietary.so	libwfdmminterface_proprietary.so	VENDOR	shipped in this repo as proprietary/vendor/lib/libwfdmminterface_proprietary.so
proprietary/vendor/lib/libwfdsourcesm_proprietary.so	libwfdmmsrc_proprietary.so	VENDOR	shipped in this repo as proprietary/vendor/lib/libwfdmmsrc_proprietary.so
proprietary/vendor/lib/libwfdsourcesm_proprietary.so	libwfdmodulehdcpsession.so	VENDOR	shipped in this repo as proprietary/vendor/lib/libwfdmodulehdcpsession.so
proprietary/vendor/lib/libwfdsourcesm_proprietary.so	libwfdrtsp_proprietary.so	VENDOR	shipped in this repo as proprietary/vendor/lib/libwfdrtsp_proprietary.so
proprietary/vendor/lib/libwfdsourcesm_proprietary.so	libwfduibcinterface_proprietary.so	VENDOR	shipped in this repo as proprietary/vendor/lib/libwfduibcinterface_proprietary.so
proprietary/vendor/lib/libwfduibcinterface_proprietary.so	libc++.so	PLATFORM	bionic NDK compat lib, LineageOS/android_bionic (manifest default.xml:37); /system/lib64
proprietary/vendor/lib/libwfduibcinterface_proprietary.so	libc.so	PLATFORM	bionic, LineageOS/android_bionic (manifest default.xml:37); /system/lib64 + apex com.android.runtime/lib64/bionic
proprietary/vendor/lib/libwfduibcinterface_proprietary.so	libcutils.so	PLATFORM	bionic libcutils, LineageOS/android_bionic (manifest default.xml:37); /system/lib64
proprietary/vendor/lib/libwfduibcinterface_proprietary.so	libdl.so	PLATFORM	bionic, LineageOS/android_bionic (manifest default.xml:37)
proprietary/vendor/lib/libwfduibcinterface_proprietary.so	liblog.so	PLATFORM	bionic, LineageOS/android_bionic (manifest default.xml:37); /system/lib64
proprietary/vendor/lib/libwfduibcinterface_proprietary.so	libm.so	PLATFORM	bionic, LineageOS/android_bionic (manifest default.xml:37)
proprietary/vendor/lib/libwfduibcinterface_proprietary.so	libmmosal.so	VENDOR	shipped in this repo as proprietary/system_ext/lib/libmmosal.so;proprietary/vendor/lib/libmmosal.so
proprietary/vendor/lib/libwfduibcinterface_proprietary.so	libutils.so	PLATFORM	bionic libutils, LineageOS/android_bionic (manifest default.xml:37); /system/lib64
proprietary/vendor/lib/libwfduibcinterface_proprietary.so	libwfduibcsinkinterface_proprietary.so	VENDOR	shipped in this repo as proprietary/vendor/lib/libwfduibcsinkinterface_proprietary.so
proprietary/vendor/lib/libwfduibcinterface_proprietary.so	libwfduibcsrcinterface_proprietary.so	VENDOR	shipped in this repo as proprietary/vendor/lib/libwfduibcsrcinterface_proprietary.so
proprietary/vendor/lib/libwfduibcsink_proprietary.so	libc++.so	PLATFORM	bionic NDK compat lib, LineageOS/android_bionic (manifest default.xml:37); /system/lib64
proprietary/vendor/lib/libwfduibcsink_proprietary.so	libc.so	PLATFORM	bionic, LineageOS/android_bionic (manifest default.xml:37); /system/lib64 + apex com.android.runtime/lib64/bionic
proprietary/vendor/lib/libwfduibcsink_proprietary.so	libdl.so	PLATFORM	bionic, LineageOS/android_bionic (manifest default.xml:37)
proprietary/vendor/lib/libwfduibcsink_proprietary.so	liblog.so	PLATFORM	bionic, LineageOS/android_bionic (manifest default.xml:37); /system/lib64
proprietary/vendor/lib/libwfduibcsink_proprietary.so	libm.so	PLATFORM	bionic, LineageOS/android_bionic (manifest default.xml:37)
proprietary/vendor/lib/libwfduibcsink_proprietary.so	libmmosal.so	VENDOR	shipped in this repo as proprietary/system_ext/lib/libmmosal.so;proprietary/vendor/lib/libmmosal.so
proprietary/vendor/lib/libwfduibcsink_proprietary.so	libutils.so	PLATFORM	bionic libutils, LineageOS/android_bionic (manifest default.xml:37); /system/lib64
proprietary/vendor/lib/libwfduibcsinkinterface_proprietary.so	libc++.so	PLATFORM	bionic NDK compat lib, LineageOS/android_bionic (manifest default.xml:37); /system/lib64
proprietary/vendor/lib/libwfduibcsinkinterface_proprietary.so	libc.so	PLATFORM	bionic, LineageOS/android_bionic (manifest default.xml:37); /system/lib64 + apex com.android.runtime/lib64/bionic
proprietary/vendor/lib/libwfduibcsinkinterface_proprietary.so	libcutils.so	PLATFORM	bionic libcutils, LineageOS/android_bionic (manifest default.xml:37); /system/lib64
proprietary/vendor/lib/libwfduibcsinkinterface_proprietary.so	libdl.so	PLATFORM	bionic, LineageOS/android_bionic (manifest default.xml:37)
proprietary/vendor/lib/libwfduibcsinkinterface_proprietary.so	liblog.so	PLATFORM	bionic, LineageOS/android_bionic (manifest default.xml:37); /system/lib64
proprietary/vendor/lib/libwfduibcsinkinterface_proprietary.so	libm.so	PLATFORM	bionic, LineageOS/android_bionic (manifest default.xml:37)
proprietary/vendor/lib/libwfduibcsinkinterface_proprietary.so	libmmosal.so	VENDOR	shipped in this repo as proprietary/system_ext/lib/libmmosal.so;proprietary/vendor/lib/libmmosal.so
proprietary/vendor/lib/libwfduibcsinkinterface_proprietary.so	libutils.so	PLATFORM	bionic libutils, LineageOS/android_bionic (manifest default.xml:37); /system/lib64
proprietary/vendor/lib/libwfduibcsinkinterface_proprietary.so	libwfdcommonutils_proprietary.so	VENDOR	shipped in this repo as proprietary/vendor/lib/libwfdcommonutils_proprietary.so
proprietary/vendor/lib/libwfduibcsinkinterface_proprietary.so	libwfdconfigutils_proprietary.so	VENDOR	shipped in this repo as proprietary/vendor/lib/libwfdconfigutils_proprietary.so
proprietary/vendor/lib/libwfduibcsinkinterface_proprietary.so	libwfduibcsink_proprietary.so	VENDOR	shipped in this repo as proprietary/vendor/lib/libwfduibcsink_proprietary.so
proprietary/vendor/lib/libwfduibcsrc_proprietary.so	libc++.so	PLATFORM	bionic NDK compat lib, LineageOS/android_bionic (manifest default.xml:37); /system/lib64
proprietary/vendor/lib/libwfduibcsrc_proprietary.so	libc.so	PLATFORM	bionic, LineageOS/android_bionic (manifest default.xml:37); /system/lib64 + apex com.android.runtime/lib64/bionic
proprietary/vendor/lib/libwfduibcsrc_proprietary.so	libcutils.so	PLATFORM	bionic libcutils, LineageOS/android_bionic (manifest default.xml:37); /system/lib64
proprietary/vendor/lib/libwfduibcsrc_proprietary.so	libdl.so	PLATFORM	bionic, LineageOS/android_bionic (manifest default.xml:37)
proprietary/vendor/lib/libwfduibcsrc_proprietary.so	liblog.so	PLATFORM	bionic, LineageOS/android_bionic (manifest default.xml:37); /system/lib64
proprietary/vendor/lib/libwfduibcsrc_proprietary.so	libm.so	PLATFORM	bionic, LineageOS/android_bionic (manifest default.xml:37)
proprietary/vendor/lib/libwfduibcsrc_proprietary.so	libmmosal.so	VENDOR	shipped in this repo as proprietary/system_ext/lib/libmmosal.so;proprietary/vendor/lib/libmmosal.so
proprietary/vendor/lib/libwfduibcsrc_proprietary.so	libutils.so	PLATFORM	bionic libutils, LineageOS/android_bionic (manifest default.xml:37); /system/lib64
proprietary/vendor/lib/libwfduibcsrc_proprietary.so	libwfdcommonutils_proprietary.so	VENDOR	shipped in this repo as proprietary/vendor/lib/libwfdcommonutils_proprietary.so
proprietary/vendor/lib/libwfduibcsrc_proprietary.so	libwfdconfigutils_proprietary.so	VENDOR	shipped in this repo as proprietary/vendor/lib/libwfdconfigutils_proprietary.so
proprietary/vendor/lib/libwfduibcsrc_proprietary.so	libwfddisplayconfig_proprietary.so	VENDOR	shipped in this repo as proprietary/vendor/lib/libwfddisplayconfig_proprietary.so
proprietary/vendor/lib/libwfduibcsrcinterface_proprietary.so	libc++.so	PLATFORM	bionic NDK compat lib, LineageOS/android_bionic (manifest default.xml:37); /system/lib64
proprietary/vendor/lib/libwfduibcsrcinterface_proprietary.so	libc.so	PLATFORM	bionic, LineageOS/android_bionic (manifest default.xml:37); /system/lib64 + apex com.android.runtime/lib64/bionic
proprietary/vendor/lib/libwfduibcsrcinterface_proprietary.so	libcutils.so	PLATFORM	bionic libcutils, LineageOS/android_bionic (manifest default.xml:37); /system/lib64
proprietary/vendor/lib/libwfduibcsrcinterface_proprietary.so	libdl.so	PLATFORM	bionic, LineageOS/android_bionic (manifest default.xml:37)
proprietary/vendor/lib/libwfduibcsrcinterface_proprietary.so	liblog.so	PLATFORM	bionic, LineageOS/android_bionic (manifest default.xml:37); /system/lib64
proprietary/vendor/lib/libwfduibcsrcinterface_proprietary.so	libm.so	PLATFORM	bionic, LineageOS/android_bionic (manifest default.xml:37)
proprietary/vendor/lib/libwfduibcsrcinterface_proprietary.so	libmmosal.so	VENDOR	shipped in this repo as proprietary/system_ext/lib/libmmosal.so;proprietary/vendor/lib/libmmosal.so
proprietary/vendor/lib/libwfduibcsrcinterface_proprietary.so	libutils.so	PLATFORM	bionic libutils, LineageOS/android_bionic (manifest default.xml:37); /system/lib64
proprietary/vendor/lib/libwfduibcsrcinterface_proprietary.so	libwfdcommonutils_proprietary.so	VENDOR	shipped in this repo as proprietary/vendor/lib/libwfdcommonutils_proprietary.so
proprietary/vendor/lib/libwfduibcsrcinterface_proprietary.so	libwfdconfigutils_proprietary.so	VENDOR	shipped in this repo as proprietary/vendor/lib/libwfdconfigutils_proprietary.so
proprietary/vendor/lib/libwfduibcsrcinterface_proprietary.so	libwfduibcsrc_proprietary.so	VENDOR	shipped in this repo as proprietary/vendor/lib/libwfduibcsrc_proprietary.so
proprietary/vendor/lib/libwfdutils_proprietary.so	libc++.so	PLATFORM	bionic NDK compat lib, LineageOS/android_bionic (manifest default.xml:37); /system/lib64
proprietary/vendor/lib/libwfdutils_proprietary.so	libc.so	PLATFORM	bionic, LineageOS/android_bionic (manifest default.xml:37); /system/lib64 + apex com.android.runtime/lib64/bionic
proprietary/vendor/lib/libwfdutils_proprietary.so	libdl.so	PLATFORM	bionic, LineageOS/android_bionic (manifest default.xml:37)
proprietary/vendor/lib/libwfdutils_proprietary.so	libion.so	PLATFORM	AOSP system/memory/libion, manifest default.xml:924
proprietary/vendor/lib/libwfdutils_proprietary.so	liblog.so	PLATFORM	bionic, LineageOS/android_bionic (manifest default.xml:37); /system/lib64
proprietary/vendor/lib/libwfdutils_proprietary.so	libm.so	PLATFORM	bionic, LineageOS/android_bionic (manifest default.xml:37)
proprietary/vendor/lib/libwfdutils_proprietary.so	libmmosal.so	VENDOR	shipped in this repo as proprietary/system_ext/lib/libmmosal.so;proprietary/vendor/lib/libmmosal.so
proprietary/vendor/lib/libwvhidl.so	android.hardware.drm@1.0.so	PLATFORM	HIDL iface lib, hardware/interfaces lineage-23.2 @13d687a84c83 (.hal present)
proprietary/vendor/lib/libwvhidl.so	android.hardware.drm@1.1.so	PLATFORM	HIDL iface lib, hardware/interfaces lineage-23.2 @13d687a84c83 (.hal present)
proprietary/vendor/lib/libwvhidl.so	android.hardware.drm@1.2.so	PLATFORM	HIDL iface lib, hardware/interfaces lineage-23.2 @13d687a84c83 (.hal present)
proprietary/vendor/lib/libwvhidl.so	android.hardware.drm@1.3.so	PLATFORM	HIDL iface lib, hardware/interfaces lineage-23.2 @13d687a84c83 (.hal present)
proprietary/vendor/lib/libwvhidl.so	android.hidl.memory@1.0.so	PLATFORM	system/libhidl, system/libhidl lineage-22.2 @2bfb10b64fcfa (module names); manifest default.xml:912 (system/libhidl, remote=aosp)
proprietary/vendor/lib/libwvhidl.so	libbase.so	PLATFORM	bionic libbase, LineageOS/android_bionic (manifest default.xml:37); /system/lib64
proprietary/vendor/lib/libwvhidl.so	libc++.so	PLATFORM	bionic NDK compat lib, LineageOS/android_bionic (manifest default.xml:37); /system/lib64
proprietary/vendor/lib/libwvhidl.so	libc.so	PLATFORM	bionic, LineageOS/android_bionic (manifest default.xml:37); /system/lib64 + apex com.android.runtime/lib64/bionic
proprietary/vendor/lib/libwvhidl.so	libcrypto.so	PLATFORM	external/boringssl manifest default.xml:98 + conscrypt manifest default.xml:122 (APEX)
proprietary/vendor/lib/libwvhidl.so	libcrypto_shim.so	PLATFORM	AOSP system/libcrypto_shim -> /system/lib64; device fork @2e50286ebc01 (extract-files.py):71-72 blob_fixup. CHECK IN 23.2: this shim was deprecated, confirm it still exists
proprietary/vendor/lib/libwvhidl.so	libdl.so	PLATFORM	bionic, LineageOS/android_bionic (manifest default.xml:37)
proprietary/vendor/lib/libwvhidl.so	libhidlbase.so	PLATFORM	system/libhidl module 'libhidlbase', system/libhidl lineage-22.2 @2bfb10b64fcfa (module names); manifest default.xml:912 (system/libhidl, remote=aosp)
proprietary/vendor/lib/libwvhidl.so	libhidlmemory.so	PLATFORM	system/libhidl module 'libhidlmemory', system/libhidl lineage-22.2 @2bfb10b64fcfa (module names); manifest default.xml:912 (system/libhidl, remote=aosp)
proprietary/vendor/lib/libwvhidl.so	liblog.so	PLATFORM	bionic, LineageOS/android_bionic (manifest default.xml:37); /system/lib64
proprietary/vendor/lib/libwvhidl.so	libm.so	PLATFORM	bionic, LineageOS/android_bionic (manifest default.xml:37)
proprietary/vendor/lib/libwvhidl.so	libprotobuf-cpp-lite-3.9.1.so	VENDOR-ELSEWHERE	versioned protobuf-lite prebuilt from CAF, CAF platform tree device fork @2e50286ebc01 (extract-files.py):22 (hardware/qcom-caf/sdm845); project not on github.com, module name NOT verified here
proprietary/vendor/lib/libwvhidl.so	libutils.so	PLATFORM	bionic libutils, LineageOS/android_bionic (manifest default.xml:37); /system/lib64
proprietary/vendor/lib/mediadrm/libwvdrmengine.so	libbase.so	PLATFORM	bionic libbase, LineageOS/android_bionic (manifest default.xml:37); /system/lib64
proprietary/vendor/lib/mediadrm/libwvdrmengine.so	libc++.so	PLATFORM	bionic NDK compat lib, LineageOS/android_bionic (manifest default.xml:37); /system/lib64
proprietary/vendor/lib/mediadrm/libwvdrmengine.so	libc.so	PLATFORM	bionic, LineageOS/android_bionic (manifest default.xml:37); /system/lib64 + apex com.android.runtime/lib64/bionic
proprietary/vendor/lib/mediadrm/libwvdrmengine.so	libcrypto.so	PLATFORM	external/boringssl manifest default.xml:98 + conscrypt manifest default.xml:122 (APEX)
proprietary/vendor/lib/mediadrm/libwvdrmengine.so	libcrypto_shim.so	PLATFORM	AOSP system/libcrypto_shim -> /system/lib64; device fork @2e50286ebc01 (extract-files.py):71-72 blob_fixup. CHECK IN 23.2: this shim was deprecated, confirm it still exists
proprietary/vendor/lib/mediadrm/libwvdrmengine.so	libdl.so	PLATFORM	bionic, LineageOS/android_bionic (manifest default.xml:37)
proprietary/vendor/lib/mediadrm/libwvdrmengine.so	liblog.so	PLATFORM	bionic, LineageOS/android_bionic (manifest default.xml:37); /system/lib64
proprietary/vendor/lib/mediadrm/libwvdrmengine.so	libm.so	PLATFORM	bionic, LineageOS/android_bionic (manifest default.xml:37)
proprietary/vendor/lib/mediadrm/libwvdrmengine.so	libprotobuf-cpp-lite-3.9.1.so	VENDOR-ELSEWHERE	versioned protobuf-lite prebuilt from CAF, CAF platform tree device fork @2e50286ebc01 (extract-files.py):22 (hardware/qcom-caf/sdm845); project not on github.com, module name NOT verified here
proprietary/vendor/lib/mediadrm/libwvdrmengine.so	libstagefright_foundation.so	VENDOR-ELSEWHERE	CAF/Qualcomm stagefright foundation (vendor variant); AOSP frameworks/av has the system variant. Vendor copy expected from CAF, CAF platform tree device fork @2e50286ebc01 (extract-files.py):22 (hardware/qcom-caf/sdm845); project not on github.com, module name NOT verified here
proprietary/vendor/lib/mediadrm/libwvdrmengine.so	libutils.so	PLATFORM	bionic libutils, LineageOS/android_bionic (manifest default.xml:37); /system/lib64
proprietary/vendor/lib/rfsa/adsp/libVC1Dec.so	libc.so	PLATFORM	bionic, LineageOS/android_bionic (manifest default.xml:37); /system/lib64 + apex com.android.runtime/lib64/bionic
proprietary/vendor/lib/rfsa/adsp/libVC1Dec.so	libgcc.so	PLATFORM	only NEEDED by fastrpc DSP blobs in proprietary/vendor/lib/rfsa/adsp/; resolved by the Hexagon loader on the DSP, not by Android's linker. The 12 DSP .so in this repo do not include a DSP libc/libgcc. NOT an Android /system concern (confidence: medium)
proprietary/vendor/lib/rfsa/adsp/libVC1DecDsp_skel.so	libc.so	PLATFORM	bionic, LineageOS/android_bionic (manifest default.xml:37); /system/lib64 + apex com.android.runtime/lib64/bionic
proprietary/vendor/lib/rfsa/adsp/libVC1DecDsp_skel.so	libdspCV_skel.so	VENDOR	shipped in this repo as proprietary/vendor/lib/rfsa/adsp/libdspCV_skel.so
proprietary/vendor/lib/rfsa/adsp/libVC1DecDsp_skel.so	libgcc.so	PLATFORM	only NEEDED by fastrpc DSP blobs in proprietary/vendor/lib/rfsa/adsp/; resolved by the Hexagon loader on the DSP, not by Android's linker. The 12 DSP .so in this repo do not include a DSP libc/libgcc. NOT an Android /system concern (confidence: medium)
proprietary/vendor/lib/rfsa/adsp/libapps_mem_heap.so	libc.so	PLATFORM	bionic, LineageOS/android_bionic (manifest default.xml:37); /system/lib64 + apex com.android.runtime/lib64/bionic
proprietary/vendor/lib/rfsa/adsp/libapps_mem_heap.so	libgcc.so	PLATFORM	only NEEDED by fastrpc DSP blobs in proprietary/vendor/lib/rfsa/adsp/; resolved by the Hexagon loader on the DSP, not by Android's linker. The 12 DSP .so in this repo do not include a DSP libc/libgcc. NOT an Android /system concern (confidence: medium)
proprietary/vendor/lib/rfsa/adsp/libcamera_nn_skel.so	libc.so	PLATFORM	bionic, LineageOS/android_bionic (manifest default.xml:37); /system/lib64 + apex com.android.runtime/lib64/bionic
proprietary/vendor/lib/rfsa/adsp/libcamera_nn_skel.so	libgcc.so	PLATFORM	only NEEDED by fastrpc DSP blobs in proprietary/vendor/lib/rfsa/adsp/; resolved by the Hexagon loader on the DSP, not by Android's linker. The 12 DSP .so in this repo do not include a DSP libc/libgcc. NOT an Android /system concern (confidence: medium)
proprietary/vendor/lib/rfsa/adsp/libdspCV_skel.so	libapps_mem_heap.so	VENDOR	shipped in this repo as proprietary/vendor/lib/rfsa/adsp/libapps_mem_heap.so
proprietary/vendor/lib/rfsa/adsp/libfastcvadsp.so	libapps_mem_heap.so	VENDOR	shipped in this repo as proprietary/vendor/lib/rfsa/adsp/libapps_mem_heap.so
proprietary/vendor/lib/rfsa/adsp/libfastcvadsp.so	libdspCV_skel.so	VENDOR	shipped in this repo as proprietary/vendor/lib/rfsa/adsp/libdspCV_skel.so
proprietary/vendor/lib/rfsa/adsp/libfastcvdsp_skel.so	libdspCV_skel.so	VENDOR	shipped in this repo as proprietary/vendor/lib/rfsa/adsp/libdspCV_skel.so
proprietary/vendor/lib/rfsa/adsp/libfastcvdsp_skel.so	libfastcvadsp.so	VENDOR	shipped in this repo as proprietary/vendor/lib/rfsa/adsp/libfastcvadsp.so
proprietary/vendor/lib/rfsa/adsp/libscveObjectSegmentation_skel.so	libdspCV_skel.so	VENDOR	shipped in this repo as proprietary/vendor/lib/rfsa/adsp/libdspCV_skel.so
proprietary/vendor/lib/rfsa/adsp/libscveT2T_skel.so	libdspCV_skel.so	VENDOR	shipped in this repo as proprietary/vendor/lib/rfsa/adsp/libdspCV_skel.so
proprietary/vendor/lib/rfsa/adsp/libsnpe_dsp_v65_domains_v2_skel.so	libc.so	PLATFORM	bionic, LineageOS/android_bionic (manifest default.xml:37); /system/lib64 + apex com.android.runtime/lib64/bionic
proprietary/vendor/lib/rfsa/adsp/libsnpe_dsp_v65_domains_v2_skel.so	libgcc.so	PLATFORM	only NEEDED by fastrpc DSP blobs in proprietary/vendor/lib/rfsa/adsp/; resolved by the Hexagon loader on the DSP, not by Android's linker. The 12 DSP .so in this repo do not include a DSP libc/libgcc. NOT an Android /system concern (confidence: medium)
proprietary/vendor/lib/rfsa/adsp/libsns_device_mode_skel.so	libc.so	PLATFORM	bionic, LineageOS/android_bionic (manifest default.xml:37); /system/lib64 + apex com.android.runtime/lib64/bionic
proprietary/vendor/lib/rfsa/adsp/libsns_device_mode_skel.so	libgcc.so	PLATFORM	only NEEDED by fastrpc DSP blobs in proprietary/vendor/lib/rfsa/adsp/; resolved by the Hexagon loader on the DSP, not by Android's linker. The 12 DSP .so in this repo do not include a DSP libc/libgcc. NOT an Android /system concern (confidence: medium)
proprietary/vendor/lib/rfsa/adsp/libsns_low_lat_stream_skel.so	libc.so	PLATFORM	bionic, LineageOS/android_bionic (manifest default.xml:37); /system/lib64 + apex com.android.runtime/lib64/bionic
proprietary/vendor/lib/rfsa/adsp/libsns_low_lat_stream_skel.so	libgcc.so	PLATFORM	only NEEDED by fastrpc DSP blobs in proprietary/vendor/lib/rfsa/adsp/; resolved by the Hexagon loader on the DSP, not by Android's linker. The 12 DSP .so in this repo do not include a DSP libc/libgcc. NOT an Android /system concern (confidence: medium)
proprietary/vendor/lib/sensors.grip.so	android.hardware.sensors@2.0-ScopedWakelock.so	PLATFORM	generated HIDL variant, referenced in hardware/interfaces lineage-23.2 sensors/2.0/multihal/Android.bp:42
proprietary/vendor/lib/sensors.grip.so	android.hardware.sensors@2.0.so	PLATFORM	HIDL iface lib, hardware/interfaces lineage-23.2 @13d687a84c83 (.hal present)
proprietary/vendor/lib/sensors.grip.so	libc++.so	PLATFORM	bionic NDK compat lib, LineageOS/android_bionic (manifest default.xml:37); /system/lib64
proprietary/vendor/lib/sensors.grip.so	libc.so	PLATFORM	bionic, LineageOS/android_bionic (manifest default.xml:37); /system/lib64 + apex com.android.runtime/lib64/bionic
proprietary/vendor/lib/sensors.grip.so	libcutils.so	PLATFORM	bionic libcutils, LineageOS/android_bionic (manifest default.xml:37); /system/lib64
proprietary/vendor/lib/sensors.grip.so	libdl.so	PLATFORM	bionic, LineageOS/android_bionic (manifest default.xml:37)
proprietary/vendor/lib/sensors.grip.so	libfmq.so	VENDOR-ELSEWHERE	Qualcomm FM metadata (RIL), CAF tree; CAF platform tree device fork @2e50286ebc01 (extract-files.py):22 (hardware/qcom-caf/sdm845); project not on github.com, module name NOT verified here
proprietary/vendor/lib/sensors.grip.so	libhardware.so	PLATFORM	AOSP hardware/interfaces, hardware/interfaces lineage-23.2 @13d687a84c83 (.hal present)
proprietary/vendor/lib/sensors.grip.so	libhidlbase.so	PLATFORM	system/libhidl module 'libhidlbase', system/libhidl lineage-22.2 @2bfb10b64fcfa (module names); manifest default.xml:912 (system/libhidl, remote=aosp)
proprietary/vendor/lib/sensors.grip.so	liblog.so	PLATFORM	bionic, LineageOS/android_bionic (manifest default.xml:37); /system/lib64
proprietary/vendor/lib/sensors.grip.so	libm.so	PLATFORM	bionic, LineageOS/android_bionic (manifest default.xml:37)
proprietary/vendor/lib/sensors.grip.so	libutils.so	PLATFORM	bionic libutils, LineageOS/android_bionic (manifest default.xml:37); /system/lib64
proprietary/vendor/lib/sensors.ssc.so	android.hardware.graphics.mapper@2.0.so	PLATFORM	HIDL iface lib, hardware/interfaces lineage-23.2 @13d687a84c83 (.hal present)
proprietary/vendor/lib/sensors.ssc.so	android.hardware.graphics.mapper@3.0.so	PLATFORM	HIDL iface lib, hardware/interfaces lineage-23.2 @13d687a84c83 (.hal present)
proprietary/vendor/lib/sensors.ssc.so	android.hardware.sensors@2.0-ScopedWakelock.so	PLATFORM	generated HIDL variant, referenced in hardware/interfaces lineage-23.2 sensors/2.0/multihal/Android.bp:42
proprietary/vendor/lib/sensors.ssc.so	android.hardware.sensors@2.0.so	PLATFORM	HIDL iface lib, hardware/interfaces lineage-23.2 @13d687a84c83 (.hal present)
proprietary/vendor/lib/sensors.ssc.so	libc++.so	PLATFORM	bionic NDK compat lib, LineageOS/android_bionic (manifest default.xml:37); /system/lib64
proprietary/vendor/lib/sensors.ssc.so	libc.so	PLATFORM	bionic, LineageOS/android_bionic (manifest default.xml:37); /system/lib64 + apex com.android.runtime/lib64/bionic
proprietary/vendor/lib/sensors.ssc.so	libcutils.so	PLATFORM	bionic libcutils, LineageOS/android_bionic (manifest default.xml:37); /system/lib64
proprietary/vendor/lib/sensors.ssc.so	libdl.so	PLATFORM	bionic, LineageOS/android_bionic (manifest default.xml:37)
proprietary/vendor/lib/sensors.ssc.so	libhardware.so	PLATFORM	AOSP hardware/interfaces, hardware/interfaces lineage-23.2 @13d687a84c83 (.hal present)
proprietary/vendor/lib/sensors.ssc.so	libhidlbase.so	PLATFORM	system/libhidl module 'libhidlbase', system/libhidl lineage-22.2 @2bfb10b64fcfa (module names); manifest default.xml:912 (system/libhidl, remote=aosp)
proprietary/vendor/lib/sensors.ssc.so	libhidltransport.so	PLATFORM	system/libhidl module 'libhidltransport', system/libhidl lineage-22.2 @2bfb10b64fcfa (module names); manifest default.xml:912 (system/libhidl, remote=aosp)
proprietary/vendor/lib/sensors.ssc.so	liblog.so	PLATFORM	bionic, LineageOS/android_bionic (manifest default.xml:37); /system/lib64
proprietary/vendor/lib/sensors.ssc.so	libm.so	PLATFORM	bionic, LineageOS/android_bionic (manifest default.xml:37)
proprietary/vendor/lib/sensors.ssc.so	libprotobuf-cpp-lite-3.9.1.so	VENDOR-ELSEWHERE	versioned protobuf-lite prebuilt from CAF, CAF platform tree device fork @2e50286ebc01 (extract-files.py):22 (hardware/qcom-caf/sdm845); project not on github.com, module name NOT verified here
proprietary/vendor/lib/sensors.ssc.so	libsensorslog.so	VENDOR	shipped in this repo as proprietary/vendor/lib/libsensorslog.so
proprietary/vendor/lib/sensors.ssc.so	libsns_fastRPC_util.so	VENDOR	shipped in this repo as proprietary/vendor/lib/libsns_fastRPC_util.so
proprietary/vendor/lib/sensors.ssc.so	libsnsapi.so	VENDOR	shipped in this repo as proprietary/vendor/lib/libsnsapi.so
proprietary/vendor/lib/sensors.ssc.so	libsnsdiaglog.so	VENDOR	shipped in this repo as proprietary/vendor/lib/libsnsdiaglog.so
proprietary/vendor/lib/sensors.ssc.so	libssc.so	VENDOR	shipped in this repo as proprietary/vendor/lib/libssc.so
proprietary/vendor/lib/sensors.ssc.so	libutils.so	PLATFORM	bionic libutils, LineageOS/android_bionic (manifest default.xml:37); /system/lib64
proprietary/vendor/lib/sensors.ssc.so	vendor.qti.hardware.display.mapper@1.1.so	VENDOR-ELSEWHERE	Qualcomm HIDL mapper iface; LineageOS/android_vendor_qcom_opensource_display-commonsys-intf lineage-23.2 @210909f16313 has NO hidl/ dir (aidl only), so this HIDL lib comes from the CAF display tree; project not on github.com, module name NOT verified here
proprietary/vendor/lib/sensors.ssc.so	vendor.qti.hardware.display.mapper@3.0.so	VENDOR-ELSEWHERE	Qualcomm HIDL mapper iface; same as @1.1; project not on github.com, module name NOT verified here
proprietary/vendor/lib/soundfx/libasphere.so	libc++.so	PLATFORM	bionic NDK compat lib, LineageOS/android_bionic (manifest default.xml:37); /system/lib64
proprietary/vendor/lib/soundfx/libasphere.so	libc.so	PLATFORM	bionic, LineageOS/android_bionic (manifest default.xml:37); /system/lib64 + apex com.android.runtime/lib64/bionic
proprietary/vendor/lib/soundfx/libasphere.so	libcutils.so	PLATFORM	bionic libcutils, LineageOS/android_bionic (manifest default.xml:37); /system/lib64
proprietary/vendor/lib/soundfx/libasphere.so	libdl.so	PLATFORM	bionic, LineageOS/android_bionic (manifest default.xml:37)
proprietary/vendor/lib/soundfx/libasphere.so	liblog.so	PLATFORM	bionic, LineageOS/android_bionic (manifest default.xml:37); /system/lib64
proprietary/vendor/lib/soundfx/libasphere.so	libm.so	PLATFORM	bionic, LineageOS/android_bionic (manifest default.xml:37)
proprietary/vendor/lib/soundfx/libqcbassboost.so	libc++.so	PLATFORM	bionic NDK compat lib, LineageOS/android_bionic (manifest default.xml:37); /system/lib64
proprietary/vendor/lib/soundfx/libqcbassboost.so	libc.so	PLATFORM	bionic, LineageOS/android_bionic (manifest default.xml:37); /system/lib64 + apex com.android.runtime/lib64/bionic
proprietary/vendor/lib/soundfx/libqcbassboost.so	libcutils.so	PLATFORM	bionic libcutils, LineageOS/android_bionic (manifest default.xml:37); /system/lib64
proprietary/vendor/lib/soundfx/libqcbassboost.so	libdl.so	PLATFORM	bionic, LineageOS/android_bionic (manifest default.xml:37)
proprietary/vendor/lib/soundfx/libqcbassboost.so	liblog.so	PLATFORM	bionic, LineageOS/android_bionic (manifest default.xml:37); /system/lib64
proprietary/vendor/lib/soundfx/libqcbassboost.so	libm.so	PLATFORM	bionic, LineageOS/android_bionic (manifest default.xml:37)
proprietary/vendor/lib/soundfx/libqcreverb.so	libc++.so	PLATFORM	bionic NDK compat lib, LineageOS/android_bionic (manifest default.xml:37); /system/lib64
proprietary/vendor/lib/soundfx/libqcreverb.so	libc.so	PLATFORM	bionic, LineageOS/android_bionic (manifest default.xml:37); /system/lib64 + apex com.android.runtime/lib64/bionic
proprietary/vendor/lib/soundfx/libqcreverb.so	libcutils.so	PLATFORM	bionic libcutils, LineageOS/android_bionic (manifest default.xml:37); /system/lib64
proprietary/vendor/lib/soundfx/libqcreverb.so	libdl.so	PLATFORM	bionic, LineageOS/android_bionic (manifest default.xml:37)
proprietary/vendor/lib/soundfx/libqcreverb.so	liblog.so	PLATFORM	bionic, LineageOS/android_bionic (manifest default.xml:37); /system/lib64
proprietary/vendor/lib/soundfx/libqcreverb.so	libm.so	PLATFORM	bionic, LineageOS/android_bionic (manifest default.xml:37)
proprietary/vendor/lib/soundfx/libqcvirt.so	libc++.so	PLATFORM	bionic NDK compat lib, LineageOS/android_bionic (manifest default.xml:37); /system/lib64
proprietary/vendor/lib/soundfx/libqcvirt.so	libc.so	PLATFORM	bionic, LineageOS/android_bionic (manifest default.xml:37); /system/lib64 + apex com.android.runtime/lib64/bionic
proprietary/vendor/lib/soundfx/libqcvirt.so	libcutils.so	PLATFORM	bionic libcutils, LineageOS/android_bionic (manifest default.xml:37); /system/lib64
proprietary/vendor/lib/soundfx/libqcvirt.so	libdl.so	PLATFORM	bionic, LineageOS/android_bionic (manifest default.xml:37)
proprietary/vendor/lib/soundfx/libqcvirt.so	liblog.so	PLATFORM	bionic, LineageOS/android_bionic (manifest default.xml:37); /system/lib64
proprietary/vendor/lib/soundfx/libqcvirt.so	libm.so	PLATFORM	bionic, LineageOS/android_bionic (manifest default.xml:37)
proprietary/vendor/lib/soundfx/libshoebox.so	libc++.so	PLATFORM	bionic NDK compat lib, LineageOS/android_bionic (manifest default.xml:37); /system/lib64
proprietary/vendor/lib/soundfx/libshoebox.so	libc.so	PLATFORM	bionic, LineageOS/android_bionic (manifest default.xml:37); /system/lib64 + apex com.android.runtime/lib64/bionic
proprietary/vendor/lib/soundfx/libshoebox.so	libcutils.so	PLATFORM	bionic libcutils, LineageOS/android_bionic (manifest default.xml:37); /system/lib64
proprietary/vendor/lib/soundfx/libshoebox.so	libdl.so	PLATFORM	bionic, LineageOS/android_bionic (manifest default.xml:37)
proprietary/vendor/lib/soundfx/libshoebox.so	liblog.so	PLATFORM	bionic, LineageOS/android_bionic (manifest default.xml:37); /system/lib64
proprietary/vendor/lib/soundfx/libshoebox.so	libm.so	PLATFORM	bionic, LineageOS/android_bionic (manifest default.xml:37)
proprietary/vendor/lib/soundfx/libswdap.so	libaudioutils.so	PLATFORM	frameworks/av (manifest default.xml:597) media/libaudioutils
proprietary/vendor/lib/soundfx/libswdap.so	libc++.so	PLATFORM	bionic NDK compat lib, LineageOS/android_bionic (manifest default.xml:37); /system/lib64
proprietary/vendor/lib/soundfx/libswdap.so	libc.so	PLATFORM	bionic, LineageOS/android_bionic (manifest default.xml:37); /system/lib64 + apex com.android.runtime/lib64/bionic
proprietary/vendor/lib/soundfx/libswdap.so	libcutils.so	PLATFORM	bionic libcutils, LineageOS/android_bionic (manifest default.xml:37); /system/lib64
proprietary/vendor/lib/soundfx/libswdap.so	libdl.so	PLATFORM	bionic, LineageOS/android_bionic (manifest default.xml:37)
proprietary/vendor/lib/soundfx/libswdap.so	liblog.so	PLATFORM	bionic, LineageOS/android_bionic (manifest default.xml:37); /system/lib64
proprietary/vendor/lib/soundfx/libswdap.so	libm.so	PLATFORM	bionic, LineageOS/android_bionic (manifest default.xml:37)
proprietary/vendor/lib/soundfx/libswdap.so	libprofileparamstorage.so	VENDOR	shipped in this repo as proprietary/vendor/lib/libprofileparamstorage.so
proprietary/vendor/lib/soundfx/libswdap.so	libsecaudiocoreutils.so	VENDOR	shipped in this repo as proprietary/vendor/lib/libsecaudiocoreutils.so
proprietary/vendor/lib/soundfx/libswdap.so	libutils.so	PLATFORM	bionic libutils, LineageOS/android_bionic (manifest default.xml:37); /system/lib64
proprietary/vendor/lib/vendor.display.color@1.0.so	libc++.so	PLATFORM	bionic NDK compat lib, LineageOS/android_bionic (manifest default.xml:37); /system/lib64
proprietary/vendor/lib/vendor.display.color@1.0.so	libc.so	PLATFORM	bionic, LineageOS/android_bionic (manifest default.xml:37); /system/lib64 + apex com.android.runtime/lib64/bionic
proprietary/vendor/lib/vendor.display.color@1.0.so	libcutils.so	PLATFORM	bionic libcutils, LineageOS/android_bionic (manifest default.xml:37); /system/lib64
proprietary/vendor/lib/vendor.display.color@1.0.so	libdl.so	PLATFORM	bionic, LineageOS/android_bionic (manifest default.xml:37)
proprietary/vendor/lib/vendor.display.color@1.0.so	libhidlbase.so	PLATFORM	system/libhidl module 'libhidlbase', system/libhidl lineage-22.2 @2bfb10b64fcfa (module names); manifest default.xml:912 (system/libhidl, remote=aosp)
proprietary/vendor/lib/vendor.display.color@1.0.so	liblog.so	PLATFORM	bionic, LineageOS/android_bionic (manifest default.xml:37); /system/lib64
proprietary/vendor/lib/vendor.display.color@1.0.so	libm.so	PLATFORM	bionic, LineageOS/android_bionic (manifest default.xml:37)
proprietary/vendor/lib/vendor.display.color@1.0.so	libutils.so	PLATFORM	bionic libutils, LineageOS/android_bionic (manifest default.xml:37); /system/lib64
proprietary/vendor/lib/vendor.display.color@1.1.so	libc++.so	PLATFORM	bionic NDK compat lib, LineageOS/android_bionic (manifest default.xml:37); /system/lib64
proprietary/vendor/lib/vendor.display.color@1.1.so	libc.so	PLATFORM	bionic, LineageOS/android_bionic (manifest default.xml:37); /system/lib64 + apex com.android.runtime/lib64/bionic
proprietary/vendor/lib/vendor.display.color@1.1.so	libcutils.so	PLATFORM	bionic libcutils, LineageOS/android_bionic (manifest default.xml:37); /system/lib64
proprietary/vendor/lib/vendor.display.color@1.1.so	libdl.so	PLATFORM	bionic, LineageOS/android_bionic (manifest default.xml:37)
proprietary/vendor/lib/vendor.display.color@1.1.so	libhidlbase.so	PLATFORM	system/libhidl module 'libhidlbase', system/libhidl lineage-22.2 @2bfb10b64fcfa (module names); manifest default.xml:912 (system/libhidl, remote=aosp)
proprietary/vendor/lib/vendor.display.color@1.1.so	liblog.so	PLATFORM	bionic, LineageOS/android_bionic (manifest default.xml:37); /system/lib64
proprietary/vendor/lib/vendor.display.color@1.1.so	libm.so	PLATFORM	bionic, LineageOS/android_bionic (manifest default.xml:37)
proprietary/vendor/lib/vendor.display.color@1.1.so	libutils.so	PLATFORM	bionic libutils, LineageOS/android_bionic (manifest default.xml:37); /system/lib64
proprietary/vendor/lib/vendor.display.color@1.1.so	vendor.display.color@1.0.so	VENDOR	shipped in this repo as proprietary/vendor/lib/vendor.display.color@1.0.so
proprietary/vendor/lib/vendor.display.color@1.2.so	libc++.so	PLATFORM	bionic NDK compat lib, LineageOS/android_bionic (manifest default.xml:37); /system/lib64
proprietary/vendor/lib/vendor.display.color@1.2.so	libc.so	PLATFORM	bionic, LineageOS/android_bionic (manifest default.xml:37); /system/lib64 + apex com.android.runtime/lib64/bionic
proprietary/vendor/lib/vendor.display.color@1.2.so	libcutils.so	PLATFORM	bionic libcutils, LineageOS/android_bionic (manifest default.xml:37); /system/lib64
proprietary/vendor/lib/vendor.display.color@1.2.so	libdl.so	PLATFORM	bionic, LineageOS/android_bionic (manifest default.xml:37)
proprietary/vendor/lib/vendor.display.color@1.2.so	libhidlbase.so	PLATFORM	system/libhidl module 'libhidlbase', system/libhidl lineage-22.2 @2bfb10b64fcfa (module names); manifest default.xml:912 (system/libhidl, remote=aosp)
proprietary/vendor/lib/vendor.display.color@1.2.so	liblog.so	PLATFORM	bionic, LineageOS/android_bionic (manifest default.xml:37); /system/lib64
proprietary/vendor/lib/vendor.display.color@1.2.so	libm.so	PLATFORM	bionic, LineageOS/android_bionic (manifest default.xml:37)
proprietary/vendor/lib/vendor.display.color@1.2.so	libutils.so	PLATFORM	bionic libutils, LineageOS/android_bionic (manifest default.xml:37); /system/lib64
proprietary/vendor/lib/vendor.display.color@1.2.so	vendor.display.color@1.0.so	VENDOR	shipped in this repo as proprietary/vendor/lib/vendor.display.color@1.0.so
proprietary/vendor/lib/vendor.display.color@1.2.so	vendor.display.color@1.1.so	VENDOR	shipped in this repo as proprietary/vendor/lib/vendor.display.color@1.1.so
proprietary/vendor/lib/vendor.display.color@1.3.so	libc++.so	PLATFORM	bionic NDK compat lib, LineageOS/android_bionic (manifest default.xml:37); /system/lib64
proprietary/vendor/lib/vendor.display.color@1.3.so	libc.so	PLATFORM	bionic, LineageOS/android_bionic (manifest default.xml:37); /system/lib64 + apex com.android.runtime/lib64/bionic
proprietary/vendor/lib/vendor.display.color@1.3.so	libcutils.so	PLATFORM	bionic libcutils, LineageOS/android_bionic (manifest default.xml:37); /system/lib64
proprietary/vendor/lib/vendor.display.color@1.3.so	libdl.so	PLATFORM	bionic, LineageOS/android_bionic (manifest default.xml:37)
proprietary/vendor/lib/vendor.display.color@1.3.so	libhidlbase.so	PLATFORM	system/libhidl module 'libhidlbase', system/libhidl lineage-22.2 @2bfb10b64fcfa (module names); manifest default.xml:912 (system/libhidl, remote=aosp)
proprietary/vendor/lib/vendor.display.color@1.3.so	liblog.so	PLATFORM	bionic, LineageOS/android_bionic (manifest default.xml:37); /system/lib64
proprietary/vendor/lib/vendor.display.color@1.3.so	libm.so	PLATFORM	bionic, LineageOS/android_bionic (manifest default.xml:37)
proprietary/vendor/lib/vendor.display.color@1.3.so	libutils.so	PLATFORM	bionic libutils, LineageOS/android_bionic (manifest default.xml:37); /system/lib64
proprietary/vendor/lib/vendor.display.color@1.3.so	vendor.display.color@1.0.so	VENDOR	shipped in this repo as proprietary/vendor/lib/vendor.display.color@1.0.so
proprietary/vendor/lib/vendor.display.color@1.3.so	vendor.display.color@1.1.so	VENDOR	shipped in this repo as proprietary/vendor/lib/vendor.display.color@1.1.so
proprietary/vendor/lib/vendor.display.color@1.3.so	vendor.display.color@1.2.so	VENDOR	shipped in this repo as proprietary/vendor/lib/vendor.display.color@1.2.so
proprietary/vendor/lib/vendor.display.color@1.4.so	libc++.so	PLATFORM	bionic NDK compat lib, LineageOS/android_bionic (manifest default.xml:37); /system/lib64
proprietary/vendor/lib/vendor.display.color@1.4.so	libc.so	PLATFORM	bionic, LineageOS/android_bionic (manifest default.xml:37); /system/lib64 + apex com.android.runtime/lib64/bionic
proprietary/vendor/lib/vendor.display.color@1.4.so	libcutils.so	PLATFORM	bionic libcutils, LineageOS/android_bionic (manifest default.xml:37); /system/lib64
proprietary/vendor/lib/vendor.display.color@1.4.so	libdl.so	PLATFORM	bionic, LineageOS/android_bionic (manifest default.xml:37)
proprietary/vendor/lib/vendor.display.color@1.4.so	libhidlbase.so	PLATFORM	system/libhidl module 'libhidlbase', system/libhidl lineage-22.2 @2bfb10b64fcfa (module names); manifest default.xml:912 (system/libhidl, remote=aosp)
proprietary/vendor/lib/vendor.display.color@1.4.so	liblog.so	PLATFORM	bionic, LineageOS/android_bionic (manifest default.xml:37); /system/lib64
proprietary/vendor/lib/vendor.display.color@1.4.so	libm.so	PLATFORM	bionic, LineageOS/android_bionic (manifest default.xml:37)
proprietary/vendor/lib/vendor.display.color@1.4.so	libutils.so	PLATFORM	bionic libutils, LineageOS/android_bionic (manifest default.xml:37); /system/lib64
proprietary/vendor/lib/vendor.display.color@1.4.so	vendor.display.color@1.0.so	VENDOR	shipped in this repo as proprietary/vendor/lib/vendor.display.color@1.0.so
proprietary/vendor/lib/vendor.display.color@1.4.so	vendor.display.color@1.1.so	VENDOR	shipped in this repo as proprietary/vendor/lib/vendor.display.color@1.1.so
proprietary/vendor/lib/vendor.display.color@1.4.so	vendor.display.color@1.2.so	VENDOR	shipped in this repo as proprietary/vendor/lib/vendor.display.color@1.2.so
proprietary/vendor/lib/vendor.display.color@1.4.so	vendor.display.color@1.3.so	VENDOR	shipped in this repo as proprietary/vendor/lib/vendor.display.color@1.3.so
proprietary/vendor/lib/vendor.display.color@1.5.so	libc++.so	PLATFORM	bionic NDK compat lib, LineageOS/android_bionic (manifest default.xml:37); /system/lib64
proprietary/vendor/lib/vendor.display.color@1.5.so	libc.so	PLATFORM	bionic, LineageOS/android_bionic (manifest default.xml:37); /system/lib64 + apex com.android.runtime/lib64/bionic
proprietary/vendor/lib/vendor.display.color@1.5.so	libcutils.so	PLATFORM	bionic libcutils, LineageOS/android_bionic (manifest default.xml:37); /system/lib64
proprietary/vendor/lib/vendor.display.color@1.5.so	libdl.so	PLATFORM	bionic, LineageOS/android_bionic (manifest default.xml:37)
proprietary/vendor/lib/vendor.display.color@1.5.so	libhidlbase.so	PLATFORM	system/libhidl module 'libhidlbase', system/libhidl lineage-22.2 @2bfb10b64fcfa (module names); manifest default.xml:912 (system/libhidl, remote=aosp)
proprietary/vendor/lib/vendor.display.color@1.5.so	liblog.so	PLATFORM	bionic, LineageOS/android_bionic (manifest default.xml:37); /system/lib64
proprietary/vendor/lib/vendor.display.color@1.5.so	libm.so	PLATFORM	bionic, LineageOS/android_bionic (manifest default.xml:37)
proprietary/vendor/lib/vendor.display.color@1.5.so	libutils.so	PLATFORM	bionic libutils, LineageOS/android_bionic (manifest default.xml:37); /system/lib64
proprietary/vendor/lib/vendor.display.color@1.5.so	vendor.display.color@1.0.so	VENDOR	shipped in this repo as proprietary/vendor/lib/vendor.display.color@1.0.so
proprietary/vendor/lib/vendor.display.color@1.5.so	vendor.display.color@1.1.so	VENDOR	shipped in this repo as proprietary/vendor/lib/vendor.display.color@1.1.so
proprietary/vendor/lib/vendor.display.color@1.5.so	vendor.display.color@1.2.so	VENDOR	shipped in this repo as proprietary/vendor/lib/vendor.display.color@1.2.so
proprietary/vendor/lib/vendor.display.color@1.5.so	vendor.display.color@1.3.so	VENDOR	shipped in this repo as proprietary/vendor/lib/vendor.display.color@1.3.so
proprietary/vendor/lib/vendor.display.color@1.5.so	vendor.display.color@1.4.so	VENDOR	shipped in this repo as proprietary/vendor/lib/vendor.display.color@1.4.so
proprietary/vendor/lib/vendor.display.postproc@1.0.so	libc++.so	PLATFORM	bionic NDK compat lib, LineageOS/android_bionic (manifest default.xml:37); /system/lib64
proprietary/vendor/lib/vendor.display.postproc@1.0.so	libc.so	PLATFORM	bionic, LineageOS/android_bionic (manifest default.xml:37); /system/lib64 + apex com.android.runtime/lib64/bionic
proprietary/vendor/lib/vendor.display.postproc@1.0.so	libcutils.so	PLATFORM	bionic libcutils, LineageOS/android_bionic (manifest default.xml:37); /system/lib64
proprietary/vendor/lib/vendor.display.postproc@1.0.so	libdl.so	PLATFORM	bionic, LineageOS/android_bionic (manifest default.xml:37)
proprietary/vendor/lib/vendor.display.postproc@1.0.so	libhidlbase.so	PLATFORM	system/libhidl module 'libhidlbase', system/libhidl lineage-22.2 @2bfb10b64fcfa (module names); manifest default.xml:912 (system/libhidl, remote=aosp)
proprietary/vendor/lib/vendor.display.postproc@1.0.so	liblog.so	PLATFORM	bionic, LineageOS/android_bionic (manifest default.xml:37); /system/lib64
proprietary/vendor/lib/vendor.display.postproc@1.0.so	libm.so	PLATFORM	bionic, LineageOS/android_bionic (manifest default.xml:37)
proprietary/vendor/lib/vendor.display.postproc@1.0.so	libutils.so	PLATFORM	bionic libutils, LineageOS/android_bionic (manifest default.xml:37); /system/lib64
proprietary/vendor/lib/vendor.qti.gnss@1.0.so	android.hardware.gnss@1.0.so	PLATFORM	HIDL iface lib, hardware/interfaces lineage-23.2 @13d687a84c83 (.hal present)
proprietary/vendor/lib/vendor.qti.gnss@1.0.so	libc++.so	PLATFORM	bionic NDK compat lib, LineageOS/android_bionic (manifest default.xml:37); /system/lib64
proprietary/vendor/lib/vendor.qti.gnss@1.0.so	libc.so	PLATFORM	bionic, LineageOS/android_bionic (manifest default.xml:37); /system/lib64 + apex com.android.runtime/lib64/bionic
proprietary/vendor/lib/vendor.qti.gnss@1.0.so	libcutils.so	PLATFORM	bionic libcutils, LineageOS/android_bionic (manifest default.xml:37); /system/lib64
proprietary/vendor/lib/vendor.qti.gnss@1.0.so	libdl.so	PLATFORM	bionic, LineageOS/android_bionic (manifest default.xml:37)
proprietary/vendor/lib/vendor.qti.gnss@1.0.so	libhidlbase.so	PLATFORM	system/libhidl module 'libhidlbase', system/libhidl lineage-22.2 @2bfb10b64fcfa (module names); manifest default.xml:912 (system/libhidl, remote=aosp)
proprietary/vendor/lib/vendor.qti.gnss@1.0.so	liblog.so	PLATFORM	bionic, LineageOS/android_bionic (manifest default.xml:37); /system/lib64
proprietary/vendor/lib/vendor.qti.gnss@1.0.so	libm.so	PLATFORM	bionic, LineageOS/android_bionic (manifest default.xml:37)
proprietary/vendor/lib/vendor.qti.gnss@1.0.so	libutils.so	PLATFORM	bionic libutils, LineageOS/android_bionic (manifest default.xml:37); /system/lib64
proprietary/vendor/lib/vendor.qti.gnss@1.1.so	android.hardware.gnss@1.0.so	PLATFORM	HIDL iface lib, hardware/interfaces lineage-23.2 @13d687a84c83 (.hal present)
proprietary/vendor/lib/vendor.qti.gnss@1.1.so	libc++.so	PLATFORM	bionic NDK compat lib, LineageOS/android_bionic (manifest default.xml:37); /system/lib64
proprietary/vendor/lib/vendor.qti.gnss@1.1.so	libc.so	PLATFORM	bionic, LineageOS/android_bionic (manifest default.xml:37); /system/lib64 + apex com.android.runtime/lib64/bionic
proprietary/vendor/lib/vendor.qti.gnss@1.1.so	libcutils.so	PLATFORM	bionic libcutils, LineageOS/android_bionic (manifest default.xml:37); /system/lib64
proprietary/vendor/lib/vendor.qti.gnss@1.1.so	libdl.so	PLATFORM	bionic, LineageOS/android_bionic (manifest default.xml:37)
proprietary/vendor/lib/vendor.qti.gnss@1.1.so	libhidlbase.so	PLATFORM	system/libhidl module 'libhidlbase', system/libhidl lineage-22.2 @2bfb10b64fcfa (module names); manifest default.xml:912 (system/libhidl, remote=aosp)
proprietary/vendor/lib/vendor.qti.gnss@1.1.so	liblog.so	PLATFORM	bionic, LineageOS/android_bionic (manifest default.xml:37); /system/lib64
proprietary/vendor/lib/vendor.qti.gnss@1.1.so	libm.so	PLATFORM	bionic, LineageOS/android_bionic (manifest default.xml:37)
proprietary/vendor/lib/vendor.qti.gnss@1.1.so	libutils.so	PLATFORM	bionic libutils, LineageOS/android_bionic (manifest default.xml:37); /system/lib64
proprietary/vendor/lib/vendor.qti.gnss@1.1.so	vendor.qti.gnss@1.0.so	VENDOR	shipped in this repo as proprietary/vendor/lib/vendor.qti.gnss@1.0.so
proprietary/vendor/lib/vendor.qti.gnss@1.2.so	android.hardware.gnss@1.0.so	PLATFORM	HIDL iface lib, hardware/interfaces lineage-23.2 @13d687a84c83 (.hal present)
proprietary/vendor/lib/vendor.qti.gnss@1.2.so	libc++.so	PLATFORM	bionic NDK compat lib, LineageOS/android_bionic (manifest default.xml:37); /system/lib64
proprietary/vendor/lib/vendor.qti.gnss@1.2.so	libc.so	PLATFORM	bionic, LineageOS/android_bionic (manifest default.xml:37); /system/lib64 + apex com.android.runtime/lib64/bionic
proprietary/vendor/lib/vendor.qti.gnss@1.2.so	libcutils.so	PLATFORM	bionic libcutils, LineageOS/android_bionic (manifest default.xml:37); /system/lib64
proprietary/vendor/lib/vendor.qti.gnss@1.2.so	libdl.so	PLATFORM	bionic, LineageOS/android_bionic (manifest default.xml:37)
proprietary/vendor/lib/vendor.qti.gnss@1.2.so	libhidlbase.so	PLATFORM	system/libhidl module 'libhidlbase', system/libhidl lineage-22.2 @2bfb10b64fcfa (module names); manifest default.xml:912 (system/libhidl, remote=aosp)
proprietary/vendor/lib/vendor.qti.gnss@1.2.so	liblog.so	PLATFORM	bionic, LineageOS/android_bionic (manifest default.xml:37); /system/lib64
proprietary/vendor/lib/vendor.qti.gnss@1.2.so	libm.so	PLATFORM	bionic, LineageOS/android_bionic (manifest default.xml:37)
proprietary/vendor/lib/vendor.qti.gnss@1.2.so	libutils.so	PLATFORM	bionic libutils, LineageOS/android_bionic (manifest default.xml:37); /system/lib64
proprietary/vendor/lib/vendor.qti.gnss@1.2.so	vendor.qti.gnss@1.0.so	VENDOR	shipped in this repo as proprietary/vendor/lib/vendor.qti.gnss@1.0.so
proprietary/vendor/lib/vendor.qti.gnss@1.2.so	vendor.qti.gnss@1.1.so	VENDOR	shipped in this repo as proprietary/vendor/lib/vendor.qti.gnss@1.1.so
proprietary/vendor/lib/vendor.qti.gnss@2.0.so	android.hardware.gnss@1.0.so	PLATFORM	HIDL iface lib, hardware/interfaces lineage-23.2 @13d687a84c83 (.hal present)
proprietary/vendor/lib/vendor.qti.gnss@2.0.so	libc++.so	PLATFORM	bionic NDK compat lib, LineageOS/android_bionic (manifest default.xml:37); /system/lib64
proprietary/vendor/lib/vendor.qti.gnss@2.0.so	libc.so	PLATFORM	bionic, LineageOS/android_bionic (manifest default.xml:37); /system/lib64 + apex com.android.runtime/lib64/bionic
proprietary/vendor/lib/vendor.qti.gnss@2.0.so	libcutils.so	PLATFORM	bionic libcutils, LineageOS/android_bionic (manifest default.xml:37); /system/lib64
proprietary/vendor/lib/vendor.qti.gnss@2.0.so	libdl.so	PLATFORM	bionic, LineageOS/android_bionic (manifest default.xml:37)
proprietary/vendor/lib/vendor.qti.gnss@2.0.so	libhidlbase.so	PLATFORM	system/libhidl module 'libhidlbase', system/libhidl lineage-22.2 @2bfb10b64fcfa (module names); manifest default.xml:912 (system/libhidl, remote=aosp)
proprietary/vendor/lib/vendor.qti.gnss@2.0.so	liblog.so	PLATFORM	bionic, LineageOS/android_bionic (manifest default.xml:37); /system/lib64
proprietary/vendor/lib/vendor.qti.gnss@2.0.so	libm.so	PLATFORM	bionic, LineageOS/android_bionic (manifest default.xml:37)
proprietary/vendor/lib/vendor.qti.gnss@2.0.so	libutils.so	PLATFORM	bionic libutils, LineageOS/android_bionic (manifest default.xml:37); /system/lib64
proprietary/vendor/lib/vendor.qti.gnss@2.0.so	vendor.qti.gnss@1.0.so	VENDOR	shipped in this repo as proprietary/vendor/lib/vendor.qti.gnss@1.0.so
proprietary/vendor/lib/vendor.qti.gnss@2.0.so	vendor.qti.gnss@1.1.so	VENDOR	shipped in this repo as proprietary/vendor/lib/vendor.qti.gnss@1.1.so
proprietary/vendor/lib/vendor.qti.gnss@2.0.so	vendor.qti.gnss@1.2.so	VENDOR	shipped in this repo as proprietary/vendor/lib/vendor.qti.gnss@1.2.so
proprietary/vendor/lib/vendor.qti.gnss@2.1.so	android.hardware.gnss@1.0.so	PLATFORM	HIDL iface lib, hardware/interfaces lineage-23.2 @13d687a84c83 (.hal present)
proprietary/vendor/lib/vendor.qti.gnss@2.1.so	libc++.so	PLATFORM	bionic NDK compat lib, LineageOS/android_bionic (manifest default.xml:37); /system/lib64
proprietary/vendor/lib/vendor.qti.gnss@2.1.so	libc.so	PLATFORM	bionic, LineageOS/android_bionic (manifest default.xml:37); /system/lib64 + apex com.android.runtime/lib64/bionic
proprietary/vendor/lib/vendor.qti.gnss@2.1.so	libcutils.so	PLATFORM	bionic libcutils, LineageOS/android_bionic (manifest default.xml:37); /system/lib64
proprietary/vendor/lib/vendor.qti.gnss@2.1.so	libdl.so	PLATFORM	bionic, LineageOS/android_bionic (manifest default.xml:37)
proprietary/vendor/lib/vendor.qti.gnss@2.1.so	libhidlbase.so	PLATFORM	system/libhidl module 'libhidlbase', system/libhidl lineage-22.2 @2bfb10b64fcfa (module names); manifest default.xml:912 (system/libhidl, remote=aosp)
proprietary/vendor/lib/vendor.qti.gnss@2.1.so	liblog.so	PLATFORM	bionic, LineageOS/android_bionic (manifest default.xml:37); /system/lib64
proprietary/vendor/lib/vendor.qti.gnss@2.1.so	libm.so	PLATFORM	bionic, LineageOS/android_bionic (manifest default.xml:37)
proprietary/vendor/lib/vendor.qti.gnss@2.1.so	libutils.so	PLATFORM	bionic libutils, LineageOS/android_bionic (manifest default.xml:37); /system/lib64
proprietary/vendor/lib/vendor.qti.gnss@2.1.so	vendor.qti.gnss@1.0.so	VENDOR	shipped in this repo as proprietary/vendor/lib/vendor.qti.gnss@1.0.so
proprietary/vendor/lib/vendor.qti.gnss@2.1.so	vendor.qti.gnss@1.1.so	VENDOR	shipped in this repo as proprietary/vendor/lib/vendor.qti.gnss@1.1.so
proprietary/vendor/lib/vendor.qti.gnss@2.1.so	vendor.qti.gnss@1.2.so	VENDOR	shipped in this repo as proprietary/vendor/lib/vendor.qti.gnss@1.2.so
proprietary/vendor/lib/vendor.qti.gnss@2.1.so	vendor.qti.gnss@2.0.so	VENDOR	shipped in this repo as proprietary/vendor/lib/vendor.qti.gnss@2.0.so
proprietary/vendor/lib/vendor.qti.gnss@3.0.so	android.hardware.gnss@1.0.so	PLATFORM	HIDL iface lib, hardware/interfaces lineage-23.2 @13d687a84c83 (.hal present)
proprietary/vendor/lib/vendor.qti.gnss@3.0.so	libc++.so	PLATFORM	bionic NDK compat lib, LineageOS/android_bionic (manifest default.xml:37); /system/lib64
proprietary/vendor/lib/vendor.qti.gnss@3.0.so	libc.so	PLATFORM	bionic, LineageOS/android_bionic (manifest default.xml:37); /system/lib64 + apex com.android.runtime/lib64/bionic
proprietary/vendor/lib/vendor.qti.gnss@3.0.so	libcutils.so	PLATFORM	bionic libcutils, LineageOS/android_bionic (manifest default.xml:37); /system/lib64
proprietary/vendor/lib/vendor.qti.gnss@3.0.so	libdl.so	PLATFORM	bionic, LineageOS/android_bionic (manifest default.xml:37)
proprietary/vendor/lib/vendor.qti.gnss@3.0.so	libhidlbase.so	PLATFORM	system/libhidl module 'libhidlbase', system/libhidl lineage-22.2 @2bfb10b64fcfa (module names); manifest default.xml:912 (system/libhidl, remote=aosp)
proprietary/vendor/lib/vendor.qti.gnss@3.0.so	liblog.so	PLATFORM	bionic, LineageOS/android_bionic (manifest default.xml:37); /system/lib64
proprietary/vendor/lib/vendor.qti.gnss@3.0.so	libm.so	PLATFORM	bionic, LineageOS/android_bionic (manifest default.xml:37)
proprietary/vendor/lib/vendor.qti.gnss@3.0.so	libutils.so	PLATFORM	bionic libutils, LineageOS/android_bionic (manifest default.xml:37); /system/lib64
proprietary/vendor/lib/vendor.qti.gnss@3.0.so	vendor.qti.gnss@1.0.so	VENDOR	shipped in this repo as proprietary/vendor/lib/vendor.qti.gnss@1.0.so
proprietary/vendor/lib/vendor.qti.gnss@3.0.so	vendor.qti.gnss@1.1.so	VENDOR	shipped in this repo as proprietary/vendor/lib/vendor.qti.gnss@1.1.so
proprietary/vendor/lib/vendor.qti.gnss@3.0.so	vendor.qti.gnss@1.2.so	VENDOR	shipped in this repo as proprietary/vendor/lib/vendor.qti.gnss@1.2.so
proprietary/vendor/lib/vendor.qti.gnss@3.0.so	vendor.qti.gnss@2.0.so	VENDOR	shipped in this repo as proprietary/vendor/lib/vendor.qti.gnss@2.0.so
proprietary/vendor/lib/vendor.qti.gnss@3.0.so	vendor.qti.gnss@2.1.so	VENDOR	shipped in this repo as proprietary/vendor/lib/vendor.qti.gnss@2.1.so
proprietary/vendor/lib/vendor.qti.gnss@4.0.so	android.hardware.gnss@1.0.so	PLATFORM	HIDL iface lib, hardware/interfaces lineage-23.2 @13d687a84c83 (.hal present)
proprietary/vendor/lib/vendor.qti.gnss@4.0.so	libc++.so	PLATFORM	bionic NDK compat lib, LineageOS/android_bionic (manifest default.xml:37); /system/lib64
proprietary/vendor/lib/vendor.qti.gnss@4.0.so	libc.so	PLATFORM	bionic, LineageOS/android_bionic (manifest default.xml:37); /system/lib64 + apex com.android.runtime/lib64/bionic
proprietary/vendor/lib/vendor.qti.gnss@4.0.so	libcutils.so	PLATFORM	bionic libcutils, LineageOS/android_bionic (manifest default.xml:37); /system/lib64
proprietary/vendor/lib/vendor.qti.gnss@4.0.so	libdl.so	PLATFORM	bionic, LineageOS/android_bionic (manifest default.xml:37)
proprietary/vendor/lib/vendor.qti.gnss@4.0.so	libhidlbase.so	PLATFORM	system/libhidl module 'libhidlbase', system/libhidl lineage-22.2 @2bfb10b64fcfa (module names); manifest default.xml:912 (system/libhidl, remote=aosp)
proprietary/vendor/lib/vendor.qti.gnss@4.0.so	liblog.so	PLATFORM	bionic, LineageOS/android_bionic (manifest default.xml:37); /system/lib64
proprietary/vendor/lib/vendor.qti.gnss@4.0.so	libm.so	PLATFORM	bionic, LineageOS/android_bionic (manifest default.xml:37)
proprietary/vendor/lib/vendor.qti.gnss@4.0.so	libutils.so	PLATFORM	bionic libutils, LineageOS/android_bionic (manifest default.xml:37); /system/lib64
proprietary/vendor/lib/vendor.qti.gnss@4.0.so	vendor.qti.gnss@1.0.so	VENDOR	shipped in this repo as proprietary/vendor/lib/vendor.qti.gnss@1.0.so
proprietary/vendor/lib/vendor.qti.gnss@4.0.so	vendor.qti.gnss@1.1.so	VENDOR	shipped in this repo as proprietary/vendor/lib/vendor.qti.gnss@1.1.so
proprietary/vendor/lib/vendor.qti.gnss@4.0.so	vendor.qti.gnss@1.2.so	VENDOR	shipped in this repo as proprietary/vendor/lib/vendor.qti.gnss@1.2.so
proprietary/vendor/lib/vendor.qti.gnss@4.0.so	vendor.qti.gnss@2.0.so	VENDOR	shipped in this repo as proprietary/vendor/lib/vendor.qti.gnss@2.0.so
proprietary/vendor/lib/vendor.qti.gnss@4.0.so	vendor.qti.gnss@2.1.so	VENDOR	shipped in this repo as proprietary/vendor/lib/vendor.qti.gnss@2.1.so
proprietary/vendor/lib/vendor.qti.gnss@4.0.so	vendor.qti.gnss@3.0.so	VENDOR	shipped in this repo as proprietary/vendor/lib/vendor.qti.gnss@3.0.so
proprietary/vendor/lib/vendor.qti.hardware.audiohalext@1.0.so	libc++.so	PLATFORM	bionic NDK compat lib, LineageOS/android_bionic (manifest default.xml:37); /system/lib64
proprietary/vendor/lib/vendor.qti.hardware.audiohalext@1.0.so	libc.so	PLATFORM	bionic, LineageOS/android_bionic (manifest default.xml:37); /system/lib64 + apex com.android.runtime/lib64/bionic
proprietary/vendor/lib/vendor.qti.hardware.audiohalext@1.0.so	libcutils.so	PLATFORM	bionic libcutils, LineageOS/android_bionic (manifest default.xml:37); /system/lib64
proprietary/vendor/lib/vendor.qti.hardware.audiohalext@1.0.so	libdl.so	PLATFORM	bionic, LineageOS/android_bionic (manifest default.xml:37)
proprietary/vendor/lib/vendor.qti.hardware.audiohalext@1.0.so	libhidlbase.so	PLATFORM	system/libhidl module 'libhidlbase', system/libhidl lineage-22.2 @2bfb10b64fcfa (module names); manifest default.xml:912 (system/libhidl, remote=aosp)
proprietary/vendor/lib/vendor.qti.hardware.audiohalext@1.0.so	liblog.so	PLATFORM	bionic, LineageOS/android_bionic (manifest default.xml:37); /system/lib64
proprietary/vendor/lib/vendor.qti.hardware.audiohalext@1.0.so	libm.so	PLATFORM	bionic, LineageOS/android_bionic (manifest default.xml:37)
proprietary/vendor/lib/vendor.qti.hardware.audiohalext@1.0.so	libutils.so	PLATFORM	bionic libutils, LineageOS/android_bionic (manifest default.xml:37); /system/lib64
proprietary/vendor/lib/vendor.qti.hardware.dsp@1.0.so	libc++.so	PLATFORM	bionic NDK compat lib, LineageOS/android_bionic (manifest default.xml:37); /system/lib64
proprietary/vendor/lib/vendor.qti.hardware.dsp@1.0.so	libc.so	PLATFORM	bionic, LineageOS/android_bionic (manifest default.xml:37); /system/lib64 + apex com.android.runtime/lib64/bionic
proprietary/vendor/lib/vendor.qti.hardware.dsp@1.0.so	libcutils.so	PLATFORM	bionic libcutils, LineageOS/android_bionic (manifest default.xml:37); /system/lib64
proprietary/vendor/lib/vendor.qti.hardware.dsp@1.0.so	libdl.so	PLATFORM	bionic, LineageOS/android_bionic (manifest default.xml:37)
proprietary/vendor/lib/vendor.qti.hardware.dsp@1.0.so	libhidlbase.so	PLATFORM	system/libhidl module 'libhidlbase', system/libhidl lineage-22.2 @2bfb10b64fcfa (module names); manifest default.xml:912 (system/libhidl, remote=aosp)
proprietary/vendor/lib/vendor.qti.hardware.dsp@1.0.so	liblog.so	PLATFORM	bionic, LineageOS/android_bionic (manifest default.xml:37); /system/lib64
proprietary/vendor/lib/vendor.qti.hardware.dsp@1.0.so	libm.so	PLATFORM	bionic, LineageOS/android_bionic (manifest default.xml:37)
proprietary/vendor/lib/vendor.qti.hardware.dsp@1.0.so	libutils.so	PLATFORM	bionic libutils, LineageOS/android_bionic (manifest default.xml:37); /system/lib64
proprietary/vendor/lib/vendor.qti.hardware.qccsyshal@1.0.so	libc++.so	PLATFORM	bionic NDK compat lib, LineageOS/android_bionic (manifest default.xml:37); /system/lib64
proprietary/vendor/lib/vendor.qti.hardware.qccsyshal@1.0.so	libc.so	PLATFORM	bionic, LineageOS/android_bionic (manifest default.xml:37); /system/lib64 + apex com.android.runtime/lib64/bionic
proprietary/vendor/lib/vendor.qti.hardware.qccsyshal@1.0.so	libcutils.so	PLATFORM	bionic libcutils, LineageOS/android_bionic (manifest default.xml:37); /system/lib64
proprietary/vendor/lib/vendor.qti.hardware.qccsyshal@1.0.so	libdl.so	PLATFORM	bionic, LineageOS/android_bionic (manifest default.xml:37)
proprietary/vendor/lib/vendor.qti.hardware.qccsyshal@1.0.so	libhidlbase.so	PLATFORM	system/libhidl module 'libhidlbase', system/libhidl lineage-22.2 @2bfb10b64fcfa (module names); manifest default.xml:912 (system/libhidl, remote=aosp)
proprietary/vendor/lib/vendor.qti.hardware.qccsyshal@1.0.so	liblog.so	PLATFORM	bionic, LineageOS/android_bionic (manifest default.xml:37); /system/lib64
proprietary/vendor/lib/vendor.qti.hardware.qccsyshal@1.0.so	libm.so	PLATFORM	bionic, LineageOS/android_bionic (manifest default.xml:37)
proprietary/vendor/lib/vendor.qti.hardware.qccsyshal@1.0.so	libutils.so	PLATFORM	bionic libutils, LineageOS/android_bionic (manifest default.xml:37); /system/lib64
proprietary/vendor/lib/vendor.qti.hardware.qseecom@1.0.so	libc++.so	PLATFORM	bionic NDK compat lib, LineageOS/android_bionic (manifest default.xml:37); /system/lib64
proprietary/vendor/lib/vendor.qti.hardware.qseecom@1.0.so	libc.so	PLATFORM	bionic, LineageOS/android_bionic (manifest default.xml:37); /system/lib64 + apex com.android.runtime/lib64/bionic
proprietary/vendor/lib/vendor.qti.hardware.qseecom@1.0.so	libcutils.so	PLATFORM	bionic libcutils, LineageOS/android_bionic (manifest default.xml:37); /system/lib64
proprietary/vendor/lib/vendor.qti.hardware.qseecom@1.0.so	libdl.so	PLATFORM	bionic, LineageOS/android_bionic (manifest default.xml:37)
proprietary/vendor/lib/vendor.qti.hardware.qseecom@1.0.so	libhidlbase.so	PLATFORM	system/libhidl module 'libhidlbase', system/libhidl lineage-22.2 @2bfb10b64fcfa (module names); manifest default.xml:912 (system/libhidl, remote=aosp)
proprietary/vendor/lib/vendor.qti.hardware.qseecom@1.0.so	liblog.so	PLATFORM	bionic, LineageOS/android_bionic (manifest default.xml:37); /system/lib64
proprietary/vendor/lib/vendor.qti.hardware.qseecom@1.0.so	libm.so	PLATFORM	bionic, LineageOS/android_bionic (manifest default.xml:37)
proprietary/vendor/lib/vendor.qti.hardware.qseecom@1.0.so	libutils.so	PLATFORM	bionic libutils, LineageOS/android_bionic (manifest default.xml:37); /system/lib64
proprietary/vendor/lib/vendor.qti.hardware.scve.objecttracker@1.0.so	libc++.so	PLATFORM	bionic NDK compat lib, LineageOS/android_bionic (manifest default.xml:37); /system/lib64
proprietary/vendor/lib/vendor.qti.hardware.scve.objecttracker@1.0.so	libc.so	PLATFORM	bionic, LineageOS/android_bionic (manifest default.xml:37); /system/lib64 + apex com.android.runtime/lib64/bionic
proprietary/vendor/lib/vendor.qti.hardware.scve.objecttracker@1.0.so	libcutils.so	PLATFORM	bionic libcutils, LineageOS/android_bionic (manifest default.xml:37); /system/lib64
proprietary/vendor/lib/vendor.qti.hardware.scve.objecttracker@1.0.so	libdl.so	PLATFORM	bionic, LineageOS/android_bionic (manifest default.xml:37)
proprietary/vendor/lib/vendor.qti.hardware.scve.objecttracker@1.0.so	libhidlbase.so	PLATFORM	system/libhidl module 'libhidlbase', system/libhidl lineage-22.2 @2bfb10b64fcfa (module names); manifest default.xml:912 (system/libhidl, remote=aosp)
proprietary/vendor/lib/vendor.qti.hardware.scve.objecttracker@1.0.so	liblog.so	PLATFORM	bionic, LineageOS/android_bionic (manifest default.xml:37); /system/lib64
proprietary/vendor/lib/vendor.qti.hardware.scve.objecttracker@1.0.so	libm.so	PLATFORM	bionic, LineageOS/android_bionic (manifest default.xml:37)
proprietary/vendor/lib/vendor.qti.hardware.scve.objecttracker@1.0.so	libutils.so	PLATFORM	bionic libutils, LineageOS/android_bionic (manifest default.xml:37); /system/lib64
proprietary/vendor/lib/vendor.qti.hardware.scve.panorama@1.0.so	libc++.so	PLATFORM	bionic NDK compat lib, LineageOS/android_bionic (manifest default.xml:37); /system/lib64
proprietary/vendor/lib/vendor.qti.hardware.scve.panorama@1.0.so	libc.so	PLATFORM	bionic, LineageOS/android_bionic (manifest default.xml:37); /system/lib64 + apex com.android.runtime/lib64/bionic
proprietary/vendor/lib/vendor.qti.hardware.scve.panorama@1.0.so	libcutils.so	PLATFORM	bionic libcutils, LineageOS/android_bionic (manifest default.xml:37); /system/lib64
proprietary/vendor/lib/vendor.qti.hardware.scve.panorama@1.0.so	libdl.so	PLATFORM	bionic, LineageOS/android_bionic (manifest default.xml:37)
proprietary/vendor/lib/vendor.qti.hardware.scve.panorama@1.0.so	libhidlbase.so	PLATFORM	system/libhidl module 'libhidlbase', system/libhidl lineage-22.2 @2bfb10b64fcfa (module names); manifest default.xml:912 (system/libhidl, remote=aosp)
proprietary/vendor/lib/vendor.qti.hardware.scve.panorama@1.0.so	liblog.so	PLATFORM	bionic, LineageOS/android_bionic (manifest default.xml:37); /system/lib64
proprietary/vendor/lib/vendor.qti.hardware.scve.panorama@1.0.so	libm.so	PLATFORM	bionic, LineageOS/android_bionic (manifest default.xml:37)
proprietary/vendor/lib/vendor.qti.hardware.scve.panorama@1.0.so	libutils.so	PLATFORM	bionic libutils, LineageOS/android_bionic (manifest default.xml:37); /system/lib64
proprietary/vendor/lib/vendor.qti.hardware.tui_comm@1.0.so	libc++.so	PLATFORM	bionic NDK compat lib, LineageOS/android_bionic (manifest default.xml:37); /system/lib64
proprietary/vendor/lib/vendor.qti.hardware.tui_comm@1.0.so	libc.so	PLATFORM	bionic, LineageOS/android_bionic (manifest default.xml:37); /system/lib64 + apex com.android.runtime/lib64/bionic
proprietary/vendor/lib/vendor.qti.hardware.tui_comm@1.0.so	libcutils.so	PLATFORM	bionic libcutils, LineageOS/android_bionic (manifest default.xml:37); /system/lib64
proprietary/vendor/lib/vendor.qti.hardware.tui_comm@1.0.so	libdl.so	PLATFORM	bionic, LineageOS/android_bionic (manifest default.xml:37)
proprietary/vendor/lib/vendor.qti.hardware.tui_comm@1.0.so	libhidlbase.so	PLATFORM	system/libhidl module 'libhidlbase', system/libhidl lineage-22.2 @2bfb10b64fcfa (module names); manifest default.xml:912 (system/libhidl, remote=aosp)
proprietary/vendor/lib/vendor.qti.hardware.tui_comm@1.0.so	liblog.so	PLATFORM	bionic, LineageOS/android_bionic (manifest default.xml:37); /system/lib64
proprietary/vendor/lib/vendor.qti.hardware.tui_comm@1.0.so	libm.so	PLATFORM	bionic, LineageOS/android_bionic (manifest default.xml:37)
proprietary/vendor/lib/vendor.qti.hardware.tui_comm@1.0.so	libutils.so	PLATFORM	bionic libutils, LineageOS/android_bionic (manifest default.xml:37); /system/lib64
proprietary/vendor/lib/vendor.qti.hardware.vpp@1.1.so	libc++.so	PLATFORM	bionic NDK compat lib, LineageOS/android_bionic (manifest default.xml:37); /system/lib64
proprietary/vendor/lib/vendor.qti.hardware.vpp@1.1.so	libc.so	PLATFORM	bionic, LineageOS/android_bionic (manifest default.xml:37); /system/lib64 + apex com.android.runtime/lib64/bionic
proprietary/vendor/lib/vendor.qti.hardware.vpp@1.1.so	libcutils.so	PLATFORM	bionic libcutils, LineageOS/android_bionic (manifest default.xml:37); /system/lib64
proprietary/vendor/lib/vendor.qti.hardware.vpp@1.1.so	libdl.so	PLATFORM	bionic, LineageOS/android_bionic (manifest default.xml:37)
proprietary/vendor/lib/vendor.qti.hardware.vpp@1.1.so	libhidlbase.so	PLATFORM	system/libhidl module 'libhidlbase', system/libhidl lineage-22.2 @2bfb10b64fcfa (module names); manifest default.xml:912 (system/libhidl, remote=aosp)
proprietary/vendor/lib/vendor.qti.hardware.vpp@1.1.so	liblog.so	PLATFORM	bionic, LineageOS/android_bionic (manifest default.xml:37); /system/lib64
proprietary/vendor/lib/vendor.qti.hardware.vpp@1.1.so	libm.so	PLATFORM	bionic, LineageOS/android_bionic (manifest default.xml:37)
proprietary/vendor/lib/vendor.qti.hardware.vpp@1.1.so	libutils.so	PLATFORM	bionic libutils, LineageOS/android_bionic (manifest default.xml:37); /system/lib64
proprietary/vendor/lib/vendor.qti.hardware.vpp@1.2.so	libc++.so	PLATFORM	bionic NDK compat lib, LineageOS/android_bionic (manifest default.xml:37); /system/lib64
proprietary/vendor/lib/vendor.qti.hardware.vpp@1.2.so	libc.so	PLATFORM	bionic, LineageOS/android_bionic (manifest default.xml:37); /system/lib64 + apex com.android.runtime/lib64/bionic
proprietary/vendor/lib/vendor.qti.hardware.vpp@1.2.so	libcutils.so	PLATFORM	bionic libcutils, LineageOS/android_bionic (manifest default.xml:37); /system/lib64
proprietary/vendor/lib/vendor.qti.hardware.vpp@1.2.so	libdl.so	PLATFORM	bionic, LineageOS/android_bionic (manifest default.xml:37)
proprietary/vendor/lib/vendor.qti.hardware.vpp@1.2.so	libhidlbase.so	PLATFORM	system/libhidl module 'libhidlbase', system/libhidl lineage-22.2 @2bfb10b64fcfa (module names); manifest default.xml:912 (system/libhidl, remote=aosp)
proprietary/vendor/lib/vendor.qti.hardware.vpp@1.2.so	liblog.so	PLATFORM	bionic, LineageOS/android_bionic (manifest default.xml:37); /system/lib64
proprietary/vendor/lib/vendor.qti.hardware.vpp@1.2.so	libm.so	PLATFORM	bionic, LineageOS/android_bionic (manifest default.xml:37)
proprietary/vendor/lib/vendor.qti.hardware.vpp@1.2.so	libutils.so	PLATFORM	bionic libutils, LineageOS/android_bionic (manifest default.xml:37); /system/lib64
proprietary/vendor/lib/vendor.qti.hardware.vpp@1.2.so	vendor.qti.hardware.vpp@1.1.so	VENDOR	shipped in this repo as proprietary/vendor/lib/vendor.qti.hardware.vpp@1.1.so
proprietary/vendor/lib/vendor.qti.hardware.wifidisplaysession@1.0.so	libc++.so	PLATFORM	bionic NDK compat lib, LineageOS/android_bionic (manifest default.xml:37); /system/lib64
proprietary/vendor/lib/vendor.qti.hardware.wifidisplaysession@1.0.so	libc.so	PLATFORM	bionic, LineageOS/android_bionic (manifest default.xml:37); /system/lib64 + apex com.android.runtime/lib64/bionic
proprietary/vendor/lib/vendor.qti.hardware.wifidisplaysession@1.0.so	libcutils.so	PLATFORM	bionic libcutils, LineageOS/android_bionic (manifest default.xml:37); /system/lib64
proprietary/vendor/lib/vendor.qti.hardware.wifidisplaysession@1.0.so	libdl.so	PLATFORM	bionic, LineageOS/android_bionic (manifest default.xml:37)
proprietary/vendor/lib/vendor.qti.hardware.wifidisplaysession@1.0.so	libhidlbase.so	PLATFORM	system/libhidl module 'libhidlbase', system/libhidl lineage-22.2 @2bfb10b64fcfa (module names); manifest default.xml:912 (system/libhidl, remote=aosp)
proprietary/vendor/lib/vendor.qti.hardware.wifidisplaysession@1.0.so	liblog.so	PLATFORM	bionic, LineageOS/android_bionic (manifest default.xml:37); /system/lib64
proprietary/vendor/lib/vendor.qti.hardware.wifidisplaysession@1.0.so	libm.so	PLATFORM	bionic, LineageOS/android_bionic (manifest default.xml:37)
proprietary/vendor/lib/vendor.qti.hardware.wifidisplaysession@1.0.so	libutils.so	PLATFORM	bionic libutils, LineageOS/android_bionic (manifest default.xml:37); /system/lib64
proprietary/vendor/lib/vendor.qti.hardware.wifidisplaysessionl@1.0-halimpl.so	libc++.so	PLATFORM	bionic NDK compat lib, LineageOS/android_bionic (manifest default.xml:37); /system/lib64
proprietary/vendor/lib/vendor.qti.hardware.wifidisplaysessionl@1.0-halimpl.so	libc.so	PLATFORM	bionic, LineageOS/android_bionic (manifest default.xml:37); /system/lib64 + apex com.android.runtime/lib64/bionic
proprietary/vendor/lib/vendor.qti.hardware.wifidisplaysessionl@1.0-halimpl.so	libcutils.so	PLATFORM	bionic libcutils, LineageOS/android_bionic (manifest default.xml:37); /system/lib64
proprietary/vendor/lib/vendor.qti.hardware.wifidisplaysessionl@1.0-halimpl.so	libdl.so	PLATFORM	bionic, LineageOS/android_bionic (manifest default.xml:37)
proprietary/vendor/lib/vendor.qti.hardware.wifidisplaysessionl@1.0-halimpl.so	libhidlbase.so	PLATFORM	system/libhidl module 'libhidlbase', system/libhidl lineage-22.2 @2bfb10b64fcfa (module names); manifest default.xml:912 (system/libhidl, remote=aosp)
proprietary/vendor/lib/vendor.qti.hardware.wifidisplaysessionl@1.0-halimpl.so	liblog.so	PLATFORM	bionic, LineageOS/android_bionic (manifest default.xml:37); /system/lib64
proprietary/vendor/lib/vendor.qti.hardware.wifidisplaysessionl@1.0-halimpl.so	libm.so	PLATFORM	bionic, LineageOS/android_bionic (manifest default.xml:37)
proprietary/vendor/lib/vendor.qti.hardware.wifidisplaysessionl@1.0-halimpl.so	libutils.so	PLATFORM	bionic libutils, LineageOS/android_bionic (manifest default.xml:37); /system/lib64
proprietary/vendor/lib/vendor.qti.hardware.wifidisplaysessionl@1.0-halimpl.so	libwfdsessionmodule.so	VENDOR	shipped in this repo as proprietary/vendor/lib/libwfdsessionmodule.so
proprietary/vendor/lib/vendor.qti.hardware.wifidisplaysessionl@1.0-halimpl.so	vendor.qti.hardware.wifidisplaysession@1.0.so	VENDOR	shipped in this repo as proprietary/system_ext/lib/vendor.qti.hardware.wifidisplaysession@1.0.so;proprietary/vendor/lib/vendor.qti.hardware.wifidisplaysession@1.0.so
proprietary/vendor/lib/vendor.qti.memory.pasrmanager@1.0.so	libc++.so	PLATFORM	bionic NDK compat lib, LineageOS/android_bionic (manifest default.xml:37); /system/lib64
proprietary/vendor/lib/vendor.qti.memory.pasrmanager@1.0.so	libc.so	PLATFORM	bionic, LineageOS/android_bionic (manifest default.xml:37); /system/lib64 + apex com.android.runtime/lib64/bionic
proprietary/vendor/lib/vendor.qti.memory.pasrmanager@1.0.so	libcutils.so	PLATFORM	bionic libcutils, LineageOS/android_bionic (manifest default.xml:37); /system/lib64
proprietary/vendor/lib/vendor.qti.memory.pasrmanager@1.0.so	libdl.so	PLATFORM	bionic, LineageOS/android_bionic (manifest default.xml:37)
proprietary/vendor/lib/vendor.qti.memory.pasrmanager@1.0.so	libhidlbase.so	PLATFORM	system/libhidl module 'libhidlbase', system/libhidl lineage-22.2 @2bfb10b64fcfa (module names); manifest default.xml:912 (system/libhidl, remote=aosp)
proprietary/vendor/lib/vendor.qti.memory.pasrmanager@1.0.so	liblog.so	PLATFORM	bionic, LineageOS/android_bionic (manifest default.xml:37); /system/lib64
proprietary/vendor/lib/vendor.qti.memory.pasrmanager@1.0.so	libm.so	PLATFORM	bionic, LineageOS/android_bionic (manifest default.xml:37)
proprietary/vendor/lib/vendor.qti.memory.pasrmanager@1.0.so	libutils.so	PLATFORM	bionic libutils, LineageOS/android_bionic (manifest default.xml:37); /system/lib64
proprietary/vendor/lib/vendor.qti.memory.pasrmanager@1.1.so	libc++.so	PLATFORM	bionic NDK compat lib, LineageOS/android_bionic (manifest default.xml:37); /system/lib64
proprietary/vendor/lib/vendor.qti.memory.pasrmanager@1.1.so	libc.so	PLATFORM	bionic, LineageOS/android_bionic (manifest default.xml:37); /system/lib64 + apex com.android.runtime/lib64/bionic
proprietary/vendor/lib/vendor.qti.memory.pasrmanager@1.1.so	libcutils.so	PLATFORM	bionic libcutils, LineageOS/android_bionic (manifest default.xml:37); /system/lib64
proprietary/vendor/lib/vendor.qti.memory.pasrmanager@1.1.so	libdl.so	PLATFORM	bionic, LineageOS/android_bionic (manifest default.xml:37)
proprietary/vendor/lib/vendor.qti.memory.pasrmanager@1.1.so	libhidlbase.so	PLATFORM	system/libhidl module 'libhidlbase', system/libhidl lineage-22.2 @2bfb10b64fcfa (module names); manifest default.xml:912 (system/libhidl, remote=aosp)
proprietary/vendor/lib/vendor.qti.memory.pasrmanager@1.1.so	liblog.so	PLATFORM	bionic, LineageOS/android_bionic (manifest default.xml:37); /system/lib64
proprietary/vendor/lib/vendor.qti.memory.pasrmanager@1.1.so	libm.so	PLATFORM	bionic, LineageOS/android_bionic (manifest default.xml:37)
proprietary/vendor/lib/vendor.qti.memory.pasrmanager@1.1.so	libutils.so	PLATFORM	bionic libutils, LineageOS/android_bionic (manifest default.xml:37); /system/lib64
proprietary/vendor/lib/vendor.qti.memory.pasrmanager@1.1.so	vendor.qti.memory.pasrmanager@1.0.so	VENDOR	shipped in this repo as proprietary/vendor/lib/vendor.qti.memory.pasrmanager@1.0.so
proprietary/vendor/lib/vendor.samsung.hardware.gnss@2.0.so	libc++.so	PLATFORM	bionic NDK compat lib, LineageOS/android_bionic (manifest default.xml:37); /system/lib64
proprietary/vendor/lib/vendor.samsung.hardware.gnss@2.0.so	libc.so	PLATFORM	bionic, LineageOS/android_bionic (manifest default.xml:37); /system/lib64 + apex com.android.runtime/lib64/bionic
proprietary/vendor/lib/vendor.samsung.hardware.gnss@2.0.so	libcutils.so	PLATFORM	bionic libcutils, LineageOS/android_bionic (manifest default.xml:37); /system/lib64
proprietary/vendor/lib/vendor.samsung.hardware.gnss@2.0.so	libdl.so	PLATFORM	bionic, LineageOS/android_bionic (manifest default.xml:37)
proprietary/vendor/lib/vendor.samsung.hardware.gnss@2.0.so	libhidlbase.so	PLATFORM	system/libhidl module 'libhidlbase', system/libhidl lineage-22.2 @2bfb10b64fcfa (module names); manifest default.xml:912 (system/libhidl, remote=aosp)
proprietary/vendor/lib/vendor.samsung.hardware.gnss@2.0.so	liblog.so	PLATFORM	bionic, LineageOS/android_bionic (manifest default.xml:37); /system/lib64
proprietary/vendor/lib/vendor.samsung.hardware.gnss@2.0.so	libm.so	PLATFORM	bionic, LineageOS/android_bionic (manifest default.xml:37)
proprietary/vendor/lib/vendor.samsung.hardware.gnss@2.0.so	libutils.so	PLATFORM	bionic libutils, LineageOS/android_bionic (manifest default.xml:37); /system/lib64
proprietary/vendor/lib64/com.qualcomm.qti.ant@1.0.so	libc++.so	PLATFORM	bionic NDK compat lib, LineageOS/android_bionic (manifest default.xml:37); /system/lib64
proprietary/vendor/lib64/com.qualcomm.qti.ant@1.0.so	libc.so	PLATFORM	bionic, LineageOS/android_bionic (manifest default.xml:37); /system/lib64 + apex com.android.runtime/lib64/bionic
proprietary/vendor/lib64/com.qualcomm.qti.ant@1.0.so	libcutils.so	PLATFORM	bionic libcutils, LineageOS/android_bionic (manifest default.xml:37); /system/lib64
proprietary/vendor/lib64/com.qualcomm.qti.ant@1.0.so	libdl.so	PLATFORM	bionic, LineageOS/android_bionic (manifest default.xml:37)
proprietary/vendor/lib64/com.qualcomm.qti.ant@1.0.so	libhidlbase.so	PLATFORM	system/libhidl module 'libhidlbase', system/libhidl lineage-22.2 @2bfb10b64fcfa (module names); manifest default.xml:912 (system/libhidl, remote=aosp)
proprietary/vendor/lib64/com.qualcomm.qti.ant@1.0.so	liblog.so	PLATFORM	bionic, LineageOS/android_bionic (manifest default.xml:37); /system/lib64
proprietary/vendor/lib64/com.qualcomm.qti.ant@1.0.so	libm.so	PLATFORM	bionic, LineageOS/android_bionic (manifest default.xml:37)
proprietary/vendor/lib64/com.qualcomm.qti.ant@1.0.so	libutils.so	PLATFORM	bionic libutils, LineageOS/android_bionic (manifest default.xml:37); /system/lib64
proprietary/vendor/lib64/egl/eglSubDriverAndroid.so	libEGL_adreno.so	VENDOR	shipped in this repo as proprietary/vendor/lib64/egl/libEGL_adreno.so
proprietary/vendor/lib64/egl/eglSubDriverAndroid.so	libc++.so	PLATFORM	bionic NDK compat lib, LineageOS/android_bionic (manifest default.xml:37); /system/lib64
proprietary/vendor/lib64/egl/eglSubDriverAndroid.so	libc.so	PLATFORM	bionic, LineageOS/android_bionic (manifest default.xml:37); /system/lib64 + apex com.android.runtime/lib64/bionic
proprietary/vendor/lib64/egl/eglSubDriverAndroid.so	libcutils.so	PLATFORM	bionic libcutils, LineageOS/android_bionic (manifest default.xml:37); /system/lib64
proprietary/vendor/lib64/egl/eglSubDriverAndroid.so	libdl.so	PLATFORM	bionic, LineageOS/android_bionic (manifest default.xml:37)
proprietary/vendor/lib64/egl/eglSubDriverAndroid.so	libgsl.so	VENDOR	shipped in this repo as proprietary/vendor/lib64/libgsl.so
proprietary/vendor/lib64/egl/eglSubDriverAndroid.so	libhardware.so	PLATFORM	AOSP hardware/interfaces, hardware/interfaces lineage-23.2 @13d687a84c83 (.hal present)
proprietary/vendor/lib64/egl/eglSubDriverAndroid.so	liblog.so	PLATFORM	bionic, LineageOS/android_bionic (manifest default.xml:37); /system/lib64
proprietary/vendor/lib64/egl/eglSubDriverAndroid.so	libm.so	PLATFORM	bionic, LineageOS/android_bionic (manifest default.xml:37)
proprietary/vendor/lib64/egl/eglSubDriverAndroid.so	libz.so	PLATFORM	external/zlib, manifest default.xml:592
proprietary/vendor/lib64/egl/libEGL_adreno.so	libadreno_utils.so	VENDOR	shipped in this repo as proprietary/vendor/lib64/libadreno_utils.so
proprietary/vendor/lib64/egl/libEGL_adreno.so	libc++.so	PLATFORM	bionic NDK compat lib, LineageOS/android_bionic (manifest default.xml:37); /system/lib64
proprietary/vendor/lib64/egl/libEGL_adreno.so	libc.so	PLATFORM	bionic, LineageOS/android_bionic (manifest default.xml:37); /system/lib64 + apex com.android.runtime/lib64/bionic
proprietary/vendor/lib64/egl/libEGL_adreno.so	libcutils.so	PLATFORM	bionic libcutils, LineageOS/android_bionic (manifest default.xml:37); /system/lib64
proprietary/vendor/lib64/egl/libEGL_adreno.so	libdl.so	PLATFORM	bionic, LineageOS/android_bionic (manifest default.xml:37)
proprietary/vendor/lib64/egl/libEGL_adreno.so	libgsl.so	VENDOR	shipped in this repo as proprietary/vendor/lib64/libgsl.so
proprietary/vendor/lib64/egl/libEGL_adreno.so	liblog.so	PLATFORM	bionic, LineageOS/android_bionic (manifest default.xml:37); /system/lib64
proprietary/vendor/lib64/egl/libEGL_adreno.so	libm.so	PLATFORM	bionic, LineageOS/android_bionic (manifest default.xml:37)
proprietary/vendor/lib64/egl/libEGL_adreno.so	libz.so	PLATFORM	external/zlib, manifest default.xml:592
proprietary/vendor/lib64/egl/libGLESv1_CM_adreno.so	libc++.so	PLATFORM	bionic NDK compat lib, LineageOS/android_bionic (manifest default.xml:37); /system/lib64
proprietary/vendor/lib64/egl/libGLESv1_CM_adreno.so	libc.so	PLATFORM	bionic, LineageOS/android_bionic (manifest default.xml:37); /system/lib64 + apex com.android.runtime/lib64/bionic
proprietary/vendor/lib64/egl/libGLESv1_CM_adreno.so	libcutils.so	PLATFORM	bionic libcutils, LineageOS/android_bionic (manifest default.xml:37); /system/lib64
proprietary/vendor/lib64/egl/libGLESv1_CM_adreno.so	libdl.so	PLATFORM	bionic, LineageOS/android_bionic (manifest default.xml:37)
proprietary/vendor/lib64/egl/libGLESv1_CM_adreno.so	libgsl.so	VENDOR	shipped in this repo as proprietary/vendor/lib64/libgsl.so
proprietary/vendor/lib64/egl/libGLESv1_CM_adreno.so	liblog.so	PLATFORM	bionic, LineageOS/android_bionic (manifest default.xml:37); /system/lib64
proprietary/vendor/lib64/egl/libGLESv1_CM_adreno.so	libm.so	PLATFORM	bionic, LineageOS/android_bionic (manifest default.xml:37)
proprietary/vendor/lib64/egl/libGLESv1_CM_adreno.so	libz.so	PLATFORM	external/zlib, manifest default.xml:592
proprietary/vendor/lib64/egl/libGLESv2_adreno.so	libadreno_utils.so	VENDOR	shipped in this repo as proprietary/vendor/lib64/libadreno_utils.so
proprietary/vendor/lib64/egl/libGLESv2_adreno.so	libc++.so	PLATFORM	bionic NDK compat lib, LineageOS/android_bionic (manifest default.xml:37); /system/lib64
proprietary/vendor/lib64/egl/libGLESv2_adreno.so	libc.so	PLATFORM	bionic, LineageOS/android_bionic (manifest default.xml:37); /system/lib64 + apex com.android.runtime/lib64/bionic
proprietary/vendor/lib64/egl/libGLESv2_adreno.so	libcutils.so	PLATFORM	bionic libcutils, LineageOS/android_bionic (manifest default.xml:37); /system/lib64
proprietary/vendor/lib64/egl/libGLESv2_adreno.so	libdl.so	PLATFORM	bionic, LineageOS/android_bionic (manifest default.xml:37)
proprietary/vendor/lib64/egl/libGLESv2_adreno.so	libgsl.so	VENDOR	shipped in this repo as proprietary/vendor/lib64/libgsl.so
proprietary/vendor/lib64/egl/libGLESv2_adreno.so	libllvm-glnext.so	VENDOR	shipped in this repo as proprietary/vendor/lib64/libllvm-glnext.so
proprietary/vendor/lib64/egl/libGLESv2_adreno.so	liblog.so	PLATFORM	bionic, LineageOS/android_bionic (manifest default.xml:37); /system/lib64
proprietary/vendor/lib64/egl/libGLESv2_adreno.so	libm.so	PLATFORM	bionic, LineageOS/android_bionic (manifest default.xml:37)
proprietary/vendor/lib64/egl/libGLESv2_adreno.so	libz.so	PLATFORM	external/zlib, manifest default.xml:592
proprietary/vendor/lib64/egl/libq3dtools_adreno.so	libc++.so	PLATFORM	bionic NDK compat lib, LineageOS/android_bionic (manifest default.xml:37); /system/lib64
proprietary/vendor/lib64/egl/libq3dtools_adreno.so	libc.so	PLATFORM	bionic, LineageOS/android_bionic (manifest default.xml:37); /system/lib64 + apex com.android.runtime/lib64/bionic
proprietary/vendor/lib64/egl/libq3dtools_adreno.so	libcutils.so	PLATFORM	bionic libcutils, LineageOS/android_bionic (manifest default.xml:37); /system/lib64
proprietary/vendor/lib64/egl/libq3dtools_adreno.so	libdl.so	PLATFORM	bionic, LineageOS/android_bionic (manifest default.xml:37)
proprietary/vendor/lib64/egl/libq3dtools_adreno.so	libgsl.so	VENDOR	shipped in this repo as proprietary/vendor/lib64/libgsl.so
proprietary/vendor/lib64/egl/libq3dtools_adreno.so	liblog.so	PLATFORM	bionic, LineageOS/android_bionic (manifest default.xml:37); /system/lib64
proprietary/vendor/lib64/egl/libq3dtools_adreno.so	libm.so	PLATFORM	bionic, LineageOS/android_bionic (manifest default.xml:37)
proprietary/vendor/lib64/egl/libq3dtools_esx.so	libc++.so	PLATFORM	bionic NDK compat lib, LineageOS/android_bionic (manifest default.xml:37); /system/lib64
proprietary/vendor/lib64/egl/libq3dtools_esx.so	libc.so	PLATFORM	bionic, LineageOS/android_bionic (manifest default.xml:37); /system/lib64 + apex com.android.runtime/lib64/bionic
proprietary/vendor/lib64/egl/libq3dtools_esx.so	libcutils.so	PLATFORM	bionic libcutils, LineageOS/android_bionic (manifest default.xml:37); /system/lib64
proprietary/vendor/lib64/egl/libq3dtools_esx.so	libdl.so	PLATFORM	bionic, LineageOS/android_bionic (manifest default.xml:37)
proprietary/vendor/lib64/egl/libq3dtools_esx.so	liblog.so	PLATFORM	bionic, LineageOS/android_bionic (manifest default.xml:37); /system/lib64
proprietary/vendor/lib64/egl/libq3dtools_esx.so	libm.so	PLATFORM	bionic, LineageOS/android_bionic (manifest default.xml:37)
proprietary/vendor/lib64/egl/libq3dtools_esx.so	libz.so	PLATFORM	external/zlib, manifest default.xml:592
proprietary/vendor/lib64/hw/android.hardware.bluetooth@1.0-impl-qti.so	android.hardware.bluetooth@1.0.so	PLATFORM	HIDL iface lib, hardware/interfaces lineage-23.2 @13d687a84c83 (.hal present)
proprietary/vendor/lib64/hw/android.hardware.bluetooth@1.0-impl-qti.so	libbase.so	PLATFORM	bionic libbase, LineageOS/android_bionic (manifest default.xml:37); /system/lib64
proprietary/vendor/lib64/hw/android.hardware.bluetooth@1.0-impl-qti.so	libc++.so	PLATFORM	bionic NDK compat lib, LineageOS/android_bionic (manifest default.xml:37); /system/lib64
proprietary/vendor/lib64/hw/android.hardware.bluetooth@1.0-impl-qti.so	libc.so	PLATFORM	bionic, LineageOS/android_bionic (manifest default.xml:37); /system/lib64 + apex com.android.runtime/lib64/bionic
proprietary/vendor/lib64/hw/android.hardware.bluetooth@1.0-impl-qti.so	libcutils.so	PLATFORM	bionic libcutils, LineageOS/android_bionic (manifest default.xml:37); /system/lib64
proprietary/vendor/lib64/hw/android.hardware.bluetooth@1.0-impl-qti.so	libdiag.so	VENDOR	shipped in this repo as proprietary/vendor/lib64/libdiag.so
proprietary/vendor/lib64/hw/android.hardware.bluetooth@1.0-impl-qti.so	libdl.so	PLATFORM	bionic, LineageOS/android_bionic (manifest default.xml:37)
proprietary/vendor/lib64/hw/android.hardware.bluetooth@1.0-impl-qti.so	libhidlbase.so	PLATFORM	system/libhidl module 'libhidlbase', system/libhidl lineage-22.2 @2bfb10b64fcfa (module names); manifest default.xml:912 (system/libhidl, remote=aosp)
proprietary/vendor/lib64/hw/android.hardware.bluetooth@1.0-impl-qti.so	liblog.so	PLATFORM	bionic, LineageOS/android_bionic (manifest default.xml:37); /system/lib64
proprietary/vendor/lib64/hw/android.hardware.bluetooth@1.0-impl-qti.so	libm.so	PLATFORM	bionic, LineageOS/android_bionic (manifest default.xml:37)
proprietary/vendor/lib64/hw/android.hardware.bluetooth@1.0-impl-qti.so	libutils.so	PLATFORM	bionic libutils, LineageOS/android_bionic (manifest default.xml:37); /system/lib64
proprietary/vendor/lib64/hw/android.hardware.bluetooth@1.0-impl-qti.so	vendor.samsung.hardware.bluetooth@2.0.so	VENDOR	shipped in this repo as proprietary/vendor/lib64/vendor.samsung.hardware.bluetooth@2.0.so
proprietary/vendor/lib64/hw/android.hardware.gnss@2.1-impl-qti.so	android.hardware.gnss.measurement_corrections@1.0.so	PLATFORM	HIDL iface lib, hardware/interfaces lineage-23.2 @13d687a84c83 (.hal present)
proprietary/vendor/lib64/hw/android.hardware.gnss@2.1-impl-qti.so	android.hardware.gnss.measurement_corrections@1.1.so	PLATFORM	HIDL iface lib, hardware/interfaces lineage-23.2 @13d687a84c83 (.hal present)
proprietary/vendor/lib64/hw/android.hardware.gnss@2.1-impl-qti.so	android.hardware.gnss.visibility_control@1.0.so	PLATFORM	HIDL iface lib, hardware/interfaces lineage-23.2 @13d687a84c83 (.hal present)
proprietary/vendor/lib64/hw/android.hardware.gnss@2.1-impl-qti.so	android.hardware.gnss@1.0.so	PLATFORM	HIDL iface lib, hardware/interfaces lineage-23.2 @13d687a84c83 (.hal present)
proprietary/vendor/lib64/hw/android.hardware.gnss@2.1-impl-qti.so	android.hardware.gnss@1.1.so	PLATFORM	HIDL iface lib, hardware/interfaces lineage-23.2 @13d687a84c83 (.hal present)
proprietary/vendor/lib64/hw/android.hardware.gnss@2.1-impl-qti.so	android.hardware.gnss@2.0.so	PLATFORM	HIDL iface lib, hardware/interfaces lineage-23.2 @13d687a84c83 (.hal present)
proprietary/vendor/lib64/hw/android.hardware.gnss@2.1-impl-qti.so	android.hardware.gnss@2.1.so	PLATFORM	HIDL iface lib, hardware/interfaces lineage-23.2 @13d687a84c83 (.hal present)
proprietary/vendor/lib64/hw/android.hardware.gnss@2.1-impl-qti.so	android.hardware.health@1.0.so	PLATFORM	HIDL iface lib, hardware/interfaces lineage-23.2 @13d687a84c83 (.hal present)
proprietary/vendor/lib64/hw/android.hardware.gnss@2.1-impl-qti.so	android.hardware.health@2.0.so	PLATFORM	HIDL iface lib, hardware/interfaces lineage-23.2 @13d687a84c83 (.hal present)
proprietary/vendor/lib64/hw/android.hardware.gnss@2.1-impl-qti.so	android.hardware.health@2.1.so	PLATFORM	HIDL iface lib, hardware/interfaces lineage-23.2 @13d687a84c83 (.hal present)
proprietary/vendor/lib64/hw/android.hardware.gnss@2.1-impl-qti.so	android.hardware.power@1.2.so	PLATFORM	HIDL iface lib, hardware/interfaces lineage-23.2 @13d687a84c83 (.hal present)
proprietary/vendor/lib64/hw/android.hardware.gnss@2.1-impl-qti.so	libbase.so	PLATFORM	bionic libbase, LineageOS/android_bionic (manifest default.xml:37); /system/lib64
proprietary/vendor/lib64/hw/android.hardware.gnss@2.1-impl-qti.so	libc++.so	PLATFORM	bionic NDK compat lib, LineageOS/android_bionic (manifest default.xml:37); /system/lib64
proprietary/vendor/lib64/hw/android.hardware.gnss@2.1-impl-qti.so	libc.so	PLATFORM	bionic, LineageOS/android_bionic (manifest default.xml:37); /system/lib64 + apex com.android.runtime/lib64/bionic
proprietary/vendor/lib64/hw/android.hardware.gnss@2.1-impl-qti.so	libcutils.so	PLATFORM	bionic libcutils, LineageOS/android_bionic (manifest default.xml:37); /system/lib64
proprietary/vendor/lib64/hw/android.hardware.gnss@2.1-impl-qti.so	libdl.so	PLATFORM	bionic, LineageOS/android_bionic (manifest default.xml:37)
proprietary/vendor/lib64/hw/android.hardware.gnss@2.1-impl-qti.so	libgps.utils.so	VENDOR	shipped in this repo as proprietary/vendor/lib64/libgps.utils.so
proprietary/vendor/lib64/hw/android.hardware.gnss@2.1-impl-qti.so	libhidlbase.so	PLATFORM	system/libhidl module 'libhidlbase', system/libhidl lineage-22.2 @2bfb10b64fcfa (module names); manifest default.xml:912 (system/libhidl, remote=aosp)
proprietary/vendor/lib64/hw/android.hardware.gnss@2.1-impl-qti.so	libloc_core.so	VENDOR	shipped in this repo as proprietary/vendor/lib64/libloc_core.so
proprietary/vendor/lib64/hw/android.hardware.gnss@2.1-impl-qti.so	liblocation_api.so	VENDOR	shipped in this repo as proprietary/vendor/lib64/liblocation_api.so
proprietary/vendor/lib64/hw/android.hardware.gnss@2.1-impl-qti.so	liblog.so	PLATFORM	bionic, LineageOS/android_bionic (manifest default.xml:37); /system/lib64
proprietary/vendor/lib64/hw/android.hardware.gnss@2.1-impl-qti.so	libm.so	PLATFORM	bionic, LineageOS/android_bionic (manifest default.xml:37)
proprietary/vendor/lib64/hw/android.hardware.gnss@2.1-impl-qti.so	libutils.so	PLATFORM	bionic libutils, LineageOS/android_bionic (manifest default.xml:37); /system/lib64
proprietary/vendor/lib64/hw/com.qualcomm.qti.ant@1.0-impl.so	android.hardware.bluetooth@1.0-impl-qti.so	VENDOR	shipped in this repo as proprietary/vendor/lib64/hw/android.hardware.bluetooth@1.0-impl-qti.so
proprietary/vendor/lib64/hw/com.qualcomm.qti.ant@1.0-impl.so	android.hardware.bluetooth@1.0.so	PLATFORM	HIDL iface lib, hardware/interfaces lineage-23.2 @13d687a84c83 (.hal present)
proprietary/vendor/lib64/hw/com.qualcomm.qti.ant@1.0-impl.so	com.qualcomm.qti.ant@1.0.so	VENDOR	shipped in this repo as proprietary/system_ext/lib64/com.qualcomm.qti.ant@1.0.so;proprietary/vendor/lib64/com.qualcomm.qti.ant@1.0.so
proprietary/vendor/lib64/hw/com.qualcomm.qti.ant@1.0-impl.so	libbase.so	PLATFORM	bionic libbase, LineageOS/android_bionic (manifest default.xml:37); /system/lib64
proprietary/vendor/lib64/hw/com.qualcomm.qti.ant@1.0-impl.so	libc++.so	PLATFORM	bionic NDK compat lib, LineageOS/android_bionic (manifest default.xml:37); /system/lib64
proprietary/vendor/lib64/hw/com.qualcomm.qti.ant@1.0-impl.so	libc.so	PLATFORM	bionic, LineageOS/android_bionic (manifest default.xml:37); /system/lib64 + apex com.android.runtime/lib64/bionic
proprietary/vendor/lib64/hw/com.qualcomm.qti.ant@1.0-impl.so	libcutils.so	PLATFORM	bionic libcutils, LineageOS/android_bionic (manifest default.xml:37); /system/lib64
proprietary/vendor/lib64/hw/com.qualcomm.qti.ant@1.0-impl.so	libdl.so	PLATFORM	bionic, LineageOS/android_bionic (manifest default.xml:37)
proprietary/vendor/lib64/hw/com.qualcomm.qti.ant@1.0-impl.so	libhidlbase.so	PLATFORM	system/libhidl module 'libhidlbase', system/libhidl lineage-22.2 @2bfb10b64fcfa (module names); manifest default.xml:912 (system/libhidl, remote=aosp)
proprietary/vendor/lib64/hw/com.qualcomm.qti.ant@1.0-impl.so	liblog.so	PLATFORM	bionic, LineageOS/android_bionic (manifest default.xml:37); /system/lib64
proprietary/vendor/lib64/hw/com.qualcomm.qti.ant@1.0-impl.so	libm.so	PLATFORM	bionic, LineageOS/android_bionic (manifest default.xml:37)
proprietary/vendor/lib64/hw/com.qualcomm.qti.ant@1.0-impl.so	libutils.so	PLATFORM	bionic libutils, LineageOS/android_bionic (manifest default.xml:37); /system/lib64
proprietary/vendor/lib64/hw/gatekeeper.mdfpp.so	libQSEEComAPI.so	VENDOR	shipped in this repo as proprietary/vendor/lib64/libQSEEComAPI.so
proprietary/vendor/lib64/hw/gatekeeper.mdfpp.so	libc++.so	PLATFORM	bionic NDK compat lib, LineageOS/android_bionic (manifest default.xml:37); /system/lib64
proprietary/vendor/lib64/hw/gatekeeper.mdfpp.so	libc.so	PLATFORM	bionic, LineageOS/android_bionic (manifest default.xml:37); /system/lib64 + apex com.android.runtime/lib64/bionic
proprietary/vendor/lib64/hw/gatekeeper.mdfpp.so	libcrypto-v33.so	PLATFORM	external/boringssl manifest default.xml:98; device fork @2e50286ebc01 (extract-files.py):73-75 rewrites libcrypto.so -> libcrypto-v33.so at extraction
proprietary/vendor/lib64/hw/gatekeeper.mdfpp.so	libdl.so	PLATFORM	bionic, LineageOS/android_bionic (manifest default.xml:37)
proprietary/vendor/lib64/hw/gatekeeper.mdfpp.so	liblog.so	PLATFORM	bionic, LineageOS/android_bionic (manifest default.xml:37); /system/lib64
proprietary/vendor/lib64/hw/gatekeeper.mdfpp.so	libm.so	PLATFORM	bionic, LineageOS/android_bionic (manifest default.xml:37)
proprietary/vendor/lib64/hw/vendor.qti.hardware.capabilityconfigstore@1.0-impl.so	libbase.so	PLATFORM	bionic libbase, LineageOS/android_bionic (manifest default.xml:37); /system/lib64
proprietary/vendor/lib64/hw/vendor.qti.hardware.capabilityconfigstore@1.0-impl.so	libc++.so	PLATFORM	bionic NDK compat lib, LineageOS/android_bionic (manifest default.xml:37); /system/lib64
proprietary/vendor/lib64/hw/vendor.qti.hardware.capabilityconfigstore@1.0-impl.so	libc.so	PLATFORM	bionic, LineageOS/android_bionic (manifest default.xml:37); /system/lib64 + apex com.android.runtime/lib64/bionic
proprietary/vendor/lib64/hw/vendor.qti.hardware.capabilityconfigstore@1.0-impl.so	libcutils.so	PLATFORM	bionic libcutils, LineageOS/android_bionic (manifest default.xml:37); /system/lib64
proprietary/vendor/lib64/hw/vendor.qti.hardware.capabilityconfigstore@1.0-impl.so	libdl.so	PLATFORM	bionic, LineageOS/android_bionic (manifest default.xml:37)
proprietary/vendor/lib64/hw/vendor.qti.hardware.capabilityconfigstore@1.0-impl.so	libhardware.so	PLATFORM	AOSP hardware/interfaces, hardware/interfaces lineage-23.2 @13d687a84c83 (.hal present)
proprietary/vendor/lib64/hw/vendor.qti.hardware.capabilityconfigstore@1.0-impl.so	libhidlbase.so	PLATFORM	system/libhidl module 'libhidlbase', system/libhidl lineage-22.2 @2bfb10b64fcfa (module names); manifest default.xml:912 (system/libhidl, remote=aosp)
proprietary/vendor/lib64/hw/vendor.qti.hardware.capabilityconfigstore@1.0-impl.so	liblog.so	PLATFORM	bionic, LineageOS/android_bionic (manifest default.xml:37); /system/lib64
proprietary/vendor/lib64/hw/vendor.qti.hardware.capabilityconfigstore@1.0-impl.so	libm.so	PLATFORM	bionic, LineageOS/android_bionic (manifest default.xml:37)
proprietary/vendor/lib64/hw/vendor.qti.hardware.capabilityconfigstore@1.0-impl.so	libutils.so	PLATFORM	bionic libutils, LineageOS/android_bionic (manifest default.xml:37); /system/lib64
proprietary/vendor/lib64/hw/vendor.qti.hardware.capabilityconfigstore@1.0-impl.so	libxml2.so	PLATFORM	external/libxml2, manifest default.xml:346
proprietary/vendor/lib64/hw/vendor.qti.hardware.capabilityconfigstore@1.0-impl.so	vendor.qti.hardware.capabilityconfigstore@1.0.so	VENDOR-ELSEWHERE	Qualcomm capability-config HIDL iface. Note this repo ships only the service binary vendor/lib/hw/vendor.qti.hardware.capabilityconfigstore@1.0-service, not the iface lib; project not on github.com, module name NOT verified here
proprietary/vendor/lib64/hw/vendor.qti.hardware.qseecom@1.0-impl.so	android.hidl.allocator@1.0.so	PLATFORM	system/libhidl, system/libhidl lineage-22.2 @2bfb10b64fcfa (module names); manifest default.xml:912 (system/libhidl, remote=aosp)
proprietary/vendor/lib64/hw/vendor.qti.hardware.qseecom@1.0-impl.so	android.hidl.memory@1.0.so	PLATFORM	system/libhidl, system/libhidl lineage-22.2 @2bfb10b64fcfa (module names); manifest default.xml:912 (system/libhidl, remote=aosp)
proprietary/vendor/lib64/hw/vendor.qti.hardware.qseecom@1.0-impl.so	libQSEEComAPI.so	VENDOR	shipped in this repo as proprietary/vendor/lib64/libQSEEComAPI.so
proprietary/vendor/lib64/hw/vendor.qti.hardware.qseecom@1.0-impl.so	libbase.so	PLATFORM	bionic libbase, LineageOS/android_bionic (manifest default.xml:37); /system/lib64
proprietary/vendor/lib64/hw/vendor.qti.hardware.qseecom@1.0-impl.so	libc++.so	PLATFORM	bionic NDK compat lib, LineageOS/android_bionic (manifest default.xml:37); /system/lib64
proprietary/vendor/lib64/hw/vendor.qti.hardware.qseecom@1.0-impl.so	libc.so	PLATFORM	bionic, LineageOS/android_bionic (manifest default.xml:37); /system/lib64 + apex com.android.runtime/lib64/bionic
proprietary/vendor/lib64/hw/vendor.qti.hardware.qseecom@1.0-impl.so	libcutils.so	PLATFORM	bionic libcutils, LineageOS/android_bionic (manifest default.xml:37); /system/lib64
proprietary/vendor/lib64/hw/vendor.qti.hardware.qseecom@1.0-impl.so	libdl.so	PLATFORM	bionic, LineageOS/android_bionic (manifest default.xml:37)
proprietary/vendor/lib64/hw/vendor.qti.hardware.qseecom@1.0-impl.so	libhidlbase.so	PLATFORM	system/libhidl module 'libhidlbase', system/libhidl lineage-22.2 @2bfb10b64fcfa (module names); manifest default.xml:912 (system/libhidl, remote=aosp)
proprietary/vendor/lib64/hw/vendor.qti.hardware.qseecom@1.0-impl.so	libhidlmemory.so	PLATFORM	system/libhidl module 'libhidlmemory', system/libhidl lineage-22.2 @2bfb10b64fcfa (module names); manifest default.xml:912 (system/libhidl, remote=aosp)
proprietary/vendor/lib64/hw/vendor.qti.hardware.qseecom@1.0-impl.so	liblog.so	PLATFORM	bionic, LineageOS/android_bionic (manifest default.xml:37); /system/lib64
proprietary/vendor/lib64/hw/vendor.qti.hardware.qseecom@1.0-impl.so	libm.so	PLATFORM	bionic, LineageOS/android_bionic (manifest default.xml:37)
proprietary/vendor/lib64/hw/vendor.qti.hardware.qseecom@1.0-impl.so	libutils.so	PLATFORM	bionic libutils, LineageOS/android_bionic (manifest default.xml:37); /system/lib64
proprietary/vendor/lib64/hw/vendor.qti.hardware.qseecom@1.0-impl.so	vendor.qti.hardware.qseecom@1.0.so	VENDOR	shipped in this repo as proprietary/vendor/lib64/vendor.qti.hardware.qseecom@1.0.so
proprietary/vendor/lib64/hw/vendor.samsung.hardware.gnss@2.0-impl-sec.so	libbase.so	PLATFORM	bionic libbase, LineageOS/android_bionic (manifest default.xml:37); /system/lib64
proprietary/vendor/lib64/hw/vendor.samsung.hardware.gnss@2.0-impl-sec.so	libc++.so	PLATFORM	bionic NDK compat lib, LineageOS/android_bionic (manifest default.xml:37); /system/lib64
proprietary/vendor/lib64/hw/vendor.samsung.hardware.gnss@2.0-impl-sec.so	libc.so	PLATFORM	bionic, LineageOS/android_bionic (manifest default.xml:37); /system/lib64 + apex com.android.runtime/lib64/bionic
proprietary/vendor/lib64/hw/vendor.samsung.hardware.gnss@2.0-impl-sec.so	libcutils.so	PLATFORM	bionic libcutils, LineageOS/android_bionic (manifest default.xml:37); /system/lib64
proprietary/vendor/lib64/hw/vendor.samsung.hardware.gnss@2.0-impl-sec.so	libdl.so	PLATFORM	bionic, LineageOS/android_bionic (manifest default.xml:37)
proprietary/vendor/lib64/hw/vendor.samsung.hardware.gnss@2.0-impl-sec.so	libgps.utils.so	VENDOR	shipped in this repo as proprietary/vendor/lib64/libgps.utils.so
proprietary/vendor/lib64/hw/vendor.samsung.hardware.gnss@2.0-impl-sec.so	libhidlbase.so	PLATFORM	system/libhidl module 'libhidlbase', system/libhidl lineage-22.2 @2bfb10b64fcfa (module names); manifest default.xml:912 (system/libhidl, remote=aosp)
proprietary/vendor/lib64/hw/vendor.samsung.hardware.gnss@2.0-impl-sec.so	libloc_core.so	VENDOR	shipped in this repo as proprietary/vendor/lib64/libloc_core.so
proprietary/vendor/lib64/hw/vendor.samsung.hardware.gnss@2.0-impl-sec.so	liblocation_api.so	VENDOR	shipped in this repo as proprietary/vendor/lib64/liblocation_api.so
proprietary/vendor/lib64/hw/vendor.samsung.hardware.gnss@2.0-impl-sec.so	liblog.so	PLATFORM	bionic, LineageOS/android_bionic (manifest default.xml:37); /system/lib64
proprietary/vendor/lib64/hw/vendor.samsung.hardware.gnss@2.0-impl-sec.so	libm.so	PLATFORM	bionic, LineageOS/android_bionic (manifest default.xml:37)
proprietary/vendor/lib64/hw/vendor.samsung.hardware.gnss@2.0-impl-sec.so	libutils.so	PLATFORM	bionic libutils, LineageOS/android_bionic (manifest default.xml:37); /system/lib64
proprietary/vendor/lib64/hw/vendor.samsung.hardware.gnss@2.0-impl-sec.so	vendor.samsung.hardware.gnss@2.0.so	VENDOR	shipped in this repo as proprietary/vendor/lib64/vendor.samsung.hardware.gnss@2.0.so
proprietary/vendor/lib64/hw/vulkan.adreno.so	libadreno_utils.so	VENDOR	shipped in this repo as proprietary/vendor/lib64/libadreno_utils.so
proprietary/vendor/lib64/hw/vulkan.adreno.so	libc++.so	PLATFORM	bionic NDK compat lib, LineageOS/android_bionic (manifest default.xml:37); /system/lib64
proprietary/vendor/lib64/hw/vulkan.adreno.so	libc.so	PLATFORM	bionic, LineageOS/android_bionic (manifest default.xml:37); /system/lib64 + apex com.android.runtime/lib64/bionic
proprietary/vendor/lib64/hw/vulkan.adreno.so	libcutils.so	PLATFORM	bionic libcutils, LineageOS/android_bionic (manifest default.xml:37); /system/lib64
proprietary/vendor/lib64/hw/vulkan.adreno.so	libdl.so	PLATFORM	bionic, LineageOS/android_bionic (manifest default.xml:37)
proprietary/vendor/lib64/hw/vulkan.adreno.so	libgsl.so	VENDOR	shipped in this repo as proprietary/vendor/lib64/libgsl.so
proprietary/vendor/lib64/hw/vulkan.adreno.so	libhardware.so	PLATFORM	AOSP hardware/interfaces, hardware/interfaces lineage-23.2 @13d687a84c83 (.hal present)
proprietary/vendor/lib64/hw/vulkan.adreno.so	libllvm-glnext.so	VENDOR	shipped in this repo as proprietary/vendor/lib64/libllvm-glnext.so
proprietary/vendor/lib64/hw/vulkan.adreno.so	liblog.so	PLATFORM	bionic, LineageOS/android_bionic (manifest default.xml:37); /system/lib64
proprietary/vendor/lib64/hw/vulkan.adreno.so	libm.so	PLATFORM	bionic, LineageOS/android_bionic (manifest default.xml:37)
proprietary/vendor/lib64/hw/vulkan.adreno.so	libnativewindow.so	PLATFORM	frameworks/native (manifest default.xml:613) libs/nativewindow
proprietary/vendor/lib64/hw/vulkan.adreno.so	libz.so	PLATFORM	external/zlib, manifest default.xml:592
proprietary/vendor/lib64/libC2D2.so	libc++.so	PLATFORM	bionic NDK compat lib, LineageOS/android_bionic (manifest default.xml:37); /system/lib64
proprietary/vendor/lib64/libC2D2.so	libc.so	PLATFORM	bionic, LineageOS/android_bionic (manifest default.xml:37); /system/lib64 + apex com.android.runtime/lib64/bionic
proprietary/vendor/lib64/libC2D2.so	libcutils.so	PLATFORM	bionic libcutils, LineageOS/android_bionic (manifest default.xml:37); /system/lib64
proprietary/vendor/lib64/libC2D2.so	libdl.so	PLATFORM	bionic, LineageOS/android_bionic (manifest default.xml:37)
proprietary/vendor/lib64/libC2D2.so	libgsl.so	VENDOR	shipped in this repo as proprietary/vendor/lib64/libgsl.so
proprietary/vendor/lib64/libC2D2.so	libm.so	PLATFORM	bionic, LineageOS/android_bionic (manifest default.xml:37)
proprietary/vendor/lib64/libC2D2.so	libutils.so	PLATFORM	bionic libutils, LineageOS/android_bionic (manifest default.xml:37); /system/lib64
proprietary/vendor/lib64/libCB.so	libc++.so	PLATFORM	bionic NDK compat lib, LineageOS/android_bionic (manifest default.xml:37); /system/lib64
proprietary/vendor/lib64/libCB.so	libc.so	PLATFORM	bionic, LineageOS/android_bionic (manifest default.xml:37); /system/lib64 + apex com.android.runtime/lib64/bionic
proprietary/vendor/lib64/libCB.so	libcutils.so	PLATFORM	bionic libcutils, LineageOS/android_bionic (manifest default.xml:37); /system/lib64
proprietary/vendor/lib64/libCB.so	libdl.so	PLATFORM	bionic, LineageOS/android_bionic (manifest default.xml:37)
proprietary/vendor/lib64/libCB.so	libgsl.so	VENDOR	shipped in this repo as proprietary/vendor/lib64/libgsl.so
proprietary/vendor/lib64/libCB.so	liblog.so	PLATFORM	bionic, LineageOS/android_bionic (manifest default.xml:37); /system/lib64
proprietary/vendor/lib64/libCB.so	libm.so	PLATFORM	bionic, LineageOS/android_bionic (manifest default.xml:37)
proprietary/vendor/lib64/libCB.so	libutils.so	PLATFORM	bionic libutils, LineageOS/android_bionic (manifest default.xml:37); /system/lib64
proprietary/vendor/lib64/libCB.so	libvndksupport.so	PLATFORM	AOSP system/libvndksupport -> /system/lib64 (not found by name in the 23.2 manifest; confidence: medium)
proprietary/vendor/lib64/libGPTEE_vendor.so	libc++.so	PLATFORM	bionic NDK compat lib, LineageOS/android_bionic (manifest default.xml:37); /system/lib64
proprietary/vendor/lib64/libGPTEE_vendor.so	libc.so	PLATFORM	bionic, LineageOS/android_bionic (manifest default.xml:37); /system/lib64 + apex com.android.runtime/lib64/bionic
proprietary/vendor/lib64/libGPTEE_vendor.so	libcutils.so	PLATFORM	bionic libcutils, LineageOS/android_bionic (manifest default.xml:37); /system/lib64
proprietary/vendor/lib64/libGPTEE_vendor.so	libdl.so	PLATFORM	bionic, LineageOS/android_bionic (manifest default.xml:37)
proprietary/vendor/lib64/libGPTEE_vendor.so	liblog.so	PLATFORM	bionic, LineageOS/android_bionic (manifest default.xml:37); /system/lib64
proprietary/vendor/lib64/libGPTEE_vendor.so	libm.so	PLATFORM	bionic, LineageOS/android_bionic (manifest default.xml:37)
proprietary/vendor/lib64/libGPTEE_vendor.so	libutils.so	PLATFORM	bionic libutils, LineageOS/android_bionic (manifest default.xml:37); /system/lib64
proprietary/vendor/lib64/libGPreqcancel.so	libGPreqcancel_svc.so	VENDOR	shipped in this repo as proprietary/vendor/lib64/libGPreqcancel_svc.so
proprietary/vendor/lib64/libGPreqcancel.so	libQSEEComAPI.so	VENDOR	shipped in this repo as proprietary/vendor/lib64/libQSEEComAPI.so
proprietary/vendor/lib64/libGPreqcancel.so	libc++.so	PLATFORM	bionic NDK compat lib, LineageOS/android_bionic (manifest default.xml:37); /system/lib64
proprietary/vendor/lib64/libGPreqcancel.so	libc.so	PLATFORM	bionic, LineageOS/android_bionic (manifest default.xml:37); /system/lib64 + apex com.android.runtime/lib64/bionic
proprietary/vendor/lib64/libGPreqcancel.so	libcutils.so	PLATFORM	bionic libcutils, LineageOS/android_bionic (manifest default.xml:37); /system/lib64
proprietary/vendor/lib64/libGPreqcancel.so	libdiag.so	VENDOR	shipped in this repo as proprietary/vendor/lib64/libdiag.so
proprietary/vendor/lib64/libGPreqcancel.so	libdl.so	PLATFORM	bionic, LineageOS/android_bionic (manifest default.xml:37)
proprietary/vendor/lib64/libGPreqcancel.so	liblog.so	PLATFORM	bionic, LineageOS/android_bionic (manifest default.xml:37); /system/lib64
proprietary/vendor/lib64/libGPreqcancel.so	libm.so	PLATFORM	bionic, LineageOS/android_bionic (manifest default.xml:37)
proprietary/vendor/lib64/libGPreqcancel.so	libutils.so	PLATFORM	bionic libutils, LineageOS/android_bionic (manifest default.xml:37); /system/lib64
proprietary/vendor/lib64/libGPreqcancel_svc.so	libc++.so	PLATFORM	bionic NDK compat lib, LineageOS/android_bionic (manifest default.xml:37); /system/lib64
proprietary/vendor/lib64/libGPreqcancel_svc.so	libc.so	PLATFORM	bionic, LineageOS/android_bionic (manifest default.xml:37); /system/lib64 + apex com.android.runtime/lib64/bionic
proprietary/vendor/lib64/libGPreqcancel_svc.so	libcutils.so	PLATFORM	bionic libcutils, LineageOS/android_bionic (manifest default.xml:37); /system/lib64
proprietary/vendor/lib64/libGPreqcancel_svc.so	libdl.so	PLATFORM	bionic, LineageOS/android_bionic (manifest default.xml:37)
proprietary/vendor/lib64/libGPreqcancel_svc.so	liblog.so	PLATFORM	bionic, LineageOS/android_bionic (manifest default.xml:37); /system/lib64
proprietary/vendor/lib64/libGPreqcancel_svc.so	libm.so	PLATFORM	bionic, LineageOS/android_bionic (manifest default.xml:37)
proprietary/vendor/lib64/libGPreqcancel_svc.so	libutils.so	PLATFORM	bionic libutils, LineageOS/android_bionic (manifest default.xml:37); /system/lib64
proprietary/vendor/lib64/libOpenCL.so	libc++.so	PLATFORM	bionic NDK compat lib, LineageOS/android_bionic (manifest default.xml:37); /system/lib64
proprietary/vendor/lib64/libOpenCL.so	libc.so	PLATFORM	bionic, LineageOS/android_bionic (manifest default.xml:37); /system/lib64 + apex com.android.runtime/lib64/bionic
proprietary/vendor/lib64/libOpenCL.so	libcutils.so	PLATFORM	bionic libcutils, LineageOS/android_bionic (manifest default.xml:37); /system/lib64
proprietary/vendor/lib64/libOpenCL.so	libdl.so	PLATFORM	bionic, LineageOS/android_bionic (manifest default.xml:37)
proprietary/vendor/lib64/libOpenCL.so	libm.so	PLATFORM	bionic, LineageOS/android_bionic (manifest default.xml:37)
proprietary/vendor/lib64/libOpenCL.so	libvndksupport.so	PLATFORM	AOSP system/libvndksupport -> /system/lib64 (not found by name in the 23.2 manifest; confidence: medium)
proprietary/vendor/lib64/libQSEEComAPI.so	libc++.so	PLATFORM	bionic NDK compat lib, LineageOS/android_bionic (manifest default.xml:37); /system/lib64
proprietary/vendor/lib64/libQSEEComAPI.so	libc.so	PLATFORM	bionic, LineageOS/android_bionic (manifest default.xml:37); /system/lib64 + apex com.android.runtime/lib64/bionic
proprietary/vendor/lib64/libQSEEComAPI.so	libcutils.so	PLATFORM	bionic libcutils, LineageOS/android_bionic (manifest default.xml:37); /system/lib64
proprietary/vendor/lib64/libQSEEComAPI.so	libdl.so	PLATFORM	bionic, LineageOS/android_bionic (manifest default.xml:37)
proprietary/vendor/lib64/libQSEEComAPI.so	liblog.so	PLATFORM	bionic, LineageOS/android_bionic (manifest default.xml:37); /system/lib64
proprietary/vendor/lib64/libQSEEComAPI.so	libm.so	PLATFORM	bionic, LineageOS/android_bionic (manifest default.xml:37)
proprietary/vendor/lib64/libQSEEComAPI.so	libutils.so	PLATFORM	bionic libutils, LineageOS/android_bionic (manifest default.xml:37); /system/lib64
proprietary/vendor/lib64/libSNPE.so	libc++_shared.so	VENDOR	shipped in this repo as proprietary/vendor/lib64/libc++_shared.so
proprietary/vendor/lib64/libSNPE.so	libc.so	PLATFORM	bionic, LineageOS/android_bionic (manifest default.xml:37); /system/lib64 + apex com.android.runtime/lib64/bionic
proprietary/vendor/lib64/libSNPE.so	libdl.so	PLATFORM	bionic, LineageOS/android_bionic (manifest default.xml:37)
proprietary/vendor/lib64/libSNPE.so	liblog.so	PLATFORM	bionic, LineageOS/android_bionic (manifest default.xml:37); /system/lib64
proprietary/vendor/lib64/libSNPE.so	libm.so	PLATFORM	bionic, LineageOS/android_bionic (manifest default.xml:37)
proprietary/vendor/lib64/libSecureUILib.so	libQSEEComAPI.so	VENDOR	shipped in this repo as proprietary/vendor/lib64/libQSEEComAPI.so
proprietary/vendor/lib64/libSecureUILib.so	libStDrvInt.so	VENDOR	shipped in this repo as proprietary/vendor/lib64/libStDrvInt.so
proprietary/vendor/lib64/libSecureUILib.so	libbinder.so	PLATFORM	frameworks/native (manifest default.xml:613) libs/binder
proprietary/vendor/lib64/libSecureUILib.so	libc++.so	PLATFORM	bionic NDK compat lib, LineageOS/android_bionic (manifest default.xml:37); /system/lib64
proprietary/vendor/lib64/libSecureUILib.so	libc.so	PLATFORM	bionic, LineageOS/android_bionic (manifest default.xml:37); /system/lib64 + apex com.android.runtime/lib64/bionic
proprietary/vendor/lib64/libSecureUILib.so	libdl.so	PLATFORM	bionic, LineageOS/android_bionic (manifest default.xml:37)
proprietary/vendor/lib64/libSecureUILib.so	libhidlbase.so	PLATFORM	system/libhidl module 'libhidlbase', system/libhidl lineage-22.2 @2bfb10b64fcfa (module names); manifest default.xml:912 (system/libhidl, remote=aosp)
proprietary/vendor/lib64/libSecureUILib.so	liblog.so	PLATFORM	bionic, LineageOS/android_bionic (manifest default.xml:37); /system/lib64
proprietary/vendor/lib64/libSecureUILib.so	libm.so	PLATFORM	bionic, LineageOS/android_bionic (manifest default.xml:37)
proprietary/vendor/lib64/libSecureUILib.so	libsecureui_svcsock.so	VENDOR	shipped in this repo as proprietary/vendor/lib64/libsecureui_svcsock.so
proprietary/vendor/lib64/libStDrvInt.so	libc++.so	PLATFORM	bionic NDK compat lib, LineageOS/android_bionic (manifest default.xml:37); /system/lib64
proprietary/vendor/lib64/libStDrvInt.so	libc.so	PLATFORM	bionic, LineageOS/android_bionic (manifest default.xml:37); /system/lib64 + apex com.android.runtime/lib64/bionic
proprietary/vendor/lib64/libStDrvInt.so	libdl.so	PLATFORM	bionic, LineageOS/android_bionic (manifest default.xml:37)
proprietary/vendor/lib64/libStDrvInt.so	liblog.so	PLATFORM	bionic, LineageOS/android_bionic (manifest default.xml:37); /system/lib64
proprietary/vendor/lib64/libStDrvInt.so	libm.so	PLATFORM	bionic, LineageOS/android_bionic (manifest default.xml:37)
proprietary/vendor/lib64/libVkLayer_q3dtools.so	libc.so	PLATFORM	bionic, LineageOS/android_bionic (manifest default.xml:37); /system/lib64 + apex com.android.runtime/lib64/bionic
proprietary/vendor/lib64/libVkLayer_q3dtools.so	libdl.so	PLATFORM	bionic, LineageOS/android_bionic (manifest default.xml:37)
proprietary/vendor/lib64/libVkLayer_q3dtools.so	liblog.so	PLATFORM	bionic, LineageOS/android_bionic (manifest default.xml:37); /system/lib64
proprietary/vendor/lib64/libVkLayer_q3dtools.so	libm.so	PLATFORM	bionic, LineageOS/android_bionic (manifest default.xml:37)
proprietary/vendor/lib64/libVkLayer_q3dtools.so	libz.so	PLATFORM	external/zlib, manifest default.xml:592
proprietary/vendor/lib64/libacdb-fts.so	libaudcal.so	VENDOR	shipped in this repo as proprietary/vendor/lib64/libaudcal.so
proprietary/vendor/lib64/libacdb-fts.so	libc++.so	PLATFORM	bionic NDK compat lib, LineageOS/android_bionic (manifest default.xml:37); /system/lib64
proprietary/vendor/lib64/libacdb-fts.so	libc.so	PLATFORM	bionic, LineageOS/android_bionic (manifest default.xml:37); /system/lib64 + apex com.android.runtime/lib64/bionic
proprietary/vendor/lib64/libacdb-fts.so	libcutils.so	PLATFORM	bionic libcutils, LineageOS/android_bionic (manifest default.xml:37); /system/lib64
proprietary/vendor/lib64/libacdb-fts.so	libdl.so	PLATFORM	bionic, LineageOS/android_bionic (manifest default.xml:37)
proprietary/vendor/lib64/libacdb-fts.so	liblog.so	PLATFORM	bionic, LineageOS/android_bionic (manifest default.xml:37); /system/lib64
proprietary/vendor/lib64/libacdb-fts.so	libm.so	PLATFORM	bionic, LineageOS/android_bionic (manifest default.xml:37)
proprietary/vendor/lib64/libacdb-fts.so	libutils.so	PLATFORM	bionic libutils, LineageOS/android_bionic (manifest default.xml:37); /system/lib64
proprietary/vendor/lib64/libacdbloader.so	libacdb-fts.so	VENDOR	shipped in this repo as proprietary/vendor/lib64/libacdb-fts.so
proprietary/vendor/lib64/libacdbloader.so	libacdbrtac.so	VENDOR	shipped in this repo as proprietary/vendor/lib64/libacdbrtac.so
proprietary/vendor/lib64/libacdbloader.so	libadiertac.so	VENDOR	shipped in this repo as proprietary/vendor/lib64/libadiertac.so
proprietary/vendor/lib64/libacdbloader.so	libaudcal.so	VENDOR	shipped in this repo as proprietary/vendor/lib64/libaudcal.so
proprietary/vendor/lib64/libacdbloader.so	libc++.so	PLATFORM	bionic NDK compat lib, LineageOS/android_bionic (manifest default.xml:37); /system/lib64
proprietary/vendor/lib64/libacdbloader.so	libc.so	PLATFORM	bionic, LineageOS/android_bionic (manifest default.xml:37); /system/lib64 + apex com.android.runtime/lib64/bionic
proprietary/vendor/lib64/libacdbloader.so	libcutils.so	PLATFORM	bionic libcutils, LineageOS/android_bionic (manifest default.xml:37); /system/lib64
proprietary/vendor/lib64/libacdbloader.so	libdl.so	PLATFORM	bionic, LineageOS/android_bionic (manifest default.xml:37)
proprietary/vendor/lib64/libacdbloader.so	liblog.so	PLATFORM	bionic, LineageOS/android_bionic (manifest default.xml:37); /system/lib64
proprietary/vendor/lib64/libacdbloader.so	libm.so	PLATFORM	bionic, LineageOS/android_bionic (manifest default.xml:37)
proprietary/vendor/lib64/libacdbloader.so	libtinyalsa.so	PLATFORM	AOSP external/tinyalsa manifest default.xml:547 (+tinyalsa_new manifest default.xml:548) (confidence: medium; CAF may also ship a vendor copy)
proprietary/vendor/lib64/libacdbloader.so	libutils.so	PLATFORM	bionic libutils, LineageOS/android_bionic (manifest default.xml:37); /system/lib64
proprietary/vendor/lib64/libacdbrtac.so	libaudcal.so	VENDOR	shipped in this repo as proprietary/vendor/lib64/libaudcal.so
proprietary/vendor/lib64/libacdbrtac.so	libc++.so	PLATFORM	bionic NDK compat lib, LineageOS/android_bionic (manifest default.xml:37); /system/lib64
proprietary/vendor/lib64/libacdbrtac.so	libc.so	PLATFORM	bionic, LineageOS/android_bionic (manifest default.xml:37); /system/lib64 + apex com.android.runtime/lib64/bionic
proprietary/vendor/lib64/libacdbrtac.so	libcutils.so	PLATFORM	bionic libcutils, LineageOS/android_bionic (manifest default.xml:37); /system/lib64
proprietary/vendor/lib64/libacdbrtac.so	libdl.so	PLATFORM	bionic, LineageOS/android_bionic (manifest default.xml:37)
proprietary/vendor/lib64/libacdbrtac.so	liblog.so	PLATFORM	bionic, LineageOS/android_bionic (manifest default.xml:37); /system/lib64
proprietary/vendor/lib64/libacdbrtac.so	libm.so	PLATFORM	bionic, LineageOS/android_bionic (manifest default.xml:37)
proprietary/vendor/lib64/libacdbrtac.so	libutils.so	PLATFORM	bionic libutils, LineageOS/android_bionic (manifest default.xml:37); /system/lib64
proprietary/vendor/lib64/libadiertac.so	libaudcal.so	VENDOR	shipped in this repo as proprietary/vendor/lib64/libaudcal.so
proprietary/vendor/lib64/libadiertac.so	libc++.so	PLATFORM	bionic NDK compat lib, LineageOS/android_bionic (manifest default.xml:37); /system/lib64
proprietary/vendor/lib64/libadiertac.so	libc.so	PLATFORM	bionic, LineageOS/android_bionic (manifest default.xml:37); /system/lib64 + apex com.android.runtime/lib64/bionic
proprietary/vendor/lib64/libadiertac.so	libcutils.so	PLATFORM	bionic libcutils, LineageOS/android_bionic (manifest default.xml:37); /system/lib64
proprietary/vendor/lib64/libadiertac.so	libdl.so	PLATFORM	bionic, LineageOS/android_bionic (manifest default.xml:37)
proprietary/vendor/lib64/libadiertac.so	liblog.so	PLATFORM	bionic, LineageOS/android_bionic (manifest default.xml:37); /system/lib64
proprietary/vendor/lib64/libadiertac.so	libm.so	PLATFORM	bionic, LineageOS/android_bionic (manifest default.xml:37)
proprietary/vendor/lib64/libadiertac.so	libutils.so	PLATFORM	bionic libutils, LineageOS/android_bionic (manifest default.xml:37); /system/lib64
proprietary/vendor/lib64/libadreno_utils.so	libc++.so	PLATFORM	bionic NDK compat lib, LineageOS/android_bionic (manifest default.xml:37); /system/lib64
proprietary/vendor/lib64/libadreno_utils.so	libc.so	PLATFORM	bionic, LineageOS/android_bionic (manifest default.xml:37); /system/lib64 + apex com.android.runtime/lib64/bionic
proprietary/vendor/lib64/libadreno_utils.so	libdl.so	PLATFORM	bionic, LineageOS/android_bionic (manifest default.xml:37)
proprietary/vendor/lib64/libadreno_utils.so	libgsl.so	VENDOR	shipped in this repo as proprietary/vendor/lib64/libgsl.so
proprietary/vendor/lib64/libadreno_utils.so	libm.so	PLATFORM	bionic, LineageOS/android_bionic (manifest default.xml:37)
proprietary/vendor/lib64/libadsp_default_listener.so	libadsprpc.so	VENDOR	shipped in this repo as proprietary/vendor/lib64/libadsprpc.so
proprietary/vendor/lib64/libadsp_default_listener.so	libc++.so	PLATFORM	bionic NDK compat lib, LineageOS/android_bionic (manifest default.xml:37); /system/lib64
proprietary/vendor/lib64/libadsp_default_listener.so	libc.so	PLATFORM	bionic, LineageOS/android_bionic (manifest default.xml:37); /system/lib64 + apex com.android.runtime/lib64/bionic
proprietary/vendor/lib64/libadsp_default_listener.so	libdl.so	PLATFORM	bionic, LineageOS/android_bionic (manifest default.xml:37)
proprietary/vendor/lib64/libadsp_default_listener.so	liblog.so	PLATFORM	bionic, LineageOS/android_bionic (manifest default.xml:37); /system/lib64
proprietary/vendor/lib64/libadsp_default_listener.so	libm.so	PLATFORM	bionic, LineageOS/android_bionic (manifest default.xml:37)
proprietary/vendor/lib64/libadsprpc.so	libc++.so	PLATFORM	bionic NDK compat lib, LineageOS/android_bionic (manifest default.xml:37); /system/lib64
proprietary/vendor/lib64/libadsprpc.so	libc.so	PLATFORM	bionic, LineageOS/android_bionic (manifest default.xml:37); /system/lib64 + apex com.android.runtime/lib64/bionic
proprietary/vendor/lib64/libadsprpc.so	libcutils.so	PLATFORM	bionic libcutils, LineageOS/android_bionic (manifest default.xml:37); /system/lib64
proprietary/vendor/lib64/libadsprpc.so	libdl.so	PLATFORM	bionic, LineageOS/android_bionic (manifest default.xml:37)
proprietary/vendor/lib64/libadsprpc.so	libhardware.so	PLATFORM	AOSP hardware/interfaces, hardware/interfaces lineage-23.2 @13d687a84c83 (.hal present)
proprietary/vendor/lib64/libadsprpc.so	libhidlbase.so	PLATFORM	system/libhidl module 'libhidlbase', system/libhidl lineage-22.2 @2bfb10b64fcfa (module names); manifest default.xml:912 (system/libhidl, remote=aosp)
proprietary/vendor/lib64/libadsprpc.so	libion.so	PLATFORM	AOSP system/memory/libion, manifest default.xml:924
proprietary/vendor/lib64/libadsprpc.so	liblog.so	PLATFORM	bionic, LineageOS/android_bionic (manifest default.xml:37); /system/lib64
proprietary/vendor/lib64/libadsprpc.so	libm.so	PLATFORM	bionic, LineageOS/android_bionic (manifest default.xml:37)
proprietary/vendor/lib64/libadsprpc.so	libutils.so	PLATFORM	bionic libutils, LineageOS/android_bionic (manifest default.xml:37); /system/lib64
proprietary/vendor/lib64/libadsprpc.so	vendor.qti.hardware.dsp@1.0.so	VENDOR	shipped in this repo as proprietary/vendor/lib64/vendor.qti.hardware.dsp@1.0.so
proprietary/vendor/lib64/libaudcal.so	libc++.so	PLATFORM	bionic NDK compat lib, LineageOS/android_bionic (manifest default.xml:37); /system/lib64
proprietary/vendor/lib64/libaudcal.so	libc.so	PLATFORM	bionic, LineageOS/android_bionic (manifest default.xml:37); /system/lib64 + apex com.android.runtime/lib64/bionic
proprietary/vendor/lib64/libaudcal.so	libdiag.so	VENDOR	shipped in this repo as proprietary/vendor/lib64/libdiag.so
proprietary/vendor/lib64/libaudcal.so	libdl.so	PLATFORM	bionic, LineageOS/android_bionic (manifest default.xml:37)
proprietary/vendor/lib64/libaudcal.so	liblog.so	PLATFORM	bionic, LineageOS/android_bionic (manifest default.xml:37); /system/lib64
proprietary/vendor/lib64/libaudcal.so	libm.so	PLATFORM	bionic, LineageOS/android_bionic (manifest default.xml:37)
proprietary/vendor/lib64/libaudcal.so	libutils.so	PLATFORM	bionic libutils, LineageOS/android_bionic (manifest default.xml:37); /system/lib64
proprietary/vendor/lib64/libaudioalsa.so	libc++.so	PLATFORM	bionic NDK compat lib, LineageOS/android_bionic (manifest default.xml:37); /system/lib64
proprietary/vendor/lib64/libaudioalsa.so	libc.so	PLATFORM	bionic, LineageOS/android_bionic (manifest default.xml:37); /system/lib64 + apex com.android.runtime/lib64/bionic
proprietary/vendor/lib64/libaudioalsa.so	libdl.so	PLATFORM	bionic, LineageOS/android_bionic (manifest default.xml:37)
proprietary/vendor/lib64/libaudioalsa.so	libm.so	PLATFORM	bionic, LineageOS/android_bionic (manifest default.xml:37)
proprietary/vendor/lib64/libbatching.so	libc++.so	PLATFORM	bionic NDK compat lib, LineageOS/android_bionic (manifest default.xml:37); /system/lib64
proprietary/vendor/lib64/libbatching.so	libc.so	PLATFORM	bionic, LineageOS/android_bionic (manifest default.xml:37); /system/lib64 + apex com.android.runtime/lib64/bionic
proprietary/vendor/lib64/libbatching.so	libcutils.so	PLATFORM	bionic libcutils, LineageOS/android_bionic (manifest default.xml:37); /system/lib64
proprietary/vendor/lib64/libbatching.so	libdl.so	PLATFORM	bionic, LineageOS/android_bionic (manifest default.xml:37)
proprietary/vendor/lib64/libbatching.so	libgps.utils.so	VENDOR	shipped in this repo as proprietary/vendor/lib64/libgps.utils.so
proprietary/vendor/lib64/libbatching.so	libloc_core.so	VENDOR	shipped in this repo as proprietary/vendor/lib64/libloc_core.so
proprietary/vendor/lib64/libbatching.so	liblog.so	PLATFORM	bionic, LineageOS/android_bionic (manifest default.xml:37); /system/lib64
proprietary/vendor/lib64/libbatching.so	libm.so	PLATFORM	bionic, LineageOS/android_bionic (manifest default.xml:37)
proprietary/vendor/lib64/libbatching.so	libutils.so	PLATFORM	bionic libutils, LineageOS/android_bionic (manifest default.xml:37); /system/lib64
proprietary/vendor/lib64/libbauthserver.so	libbauthtzcommon.so	VENDOR	shipped in this repo as proprietary/vendor/lib64/libbauthtzcommon.so
proprietary/vendor/lib64/libbauthserver.so	libbinder.so	PLATFORM	frameworks/native (manifest default.xml:613) libs/binder
proprietary/vendor/lib64/libbauthserver.so	libc++.so	PLATFORM	bionic NDK compat lib, LineageOS/android_bionic (manifest default.xml:37); /system/lib64
proprietary/vendor/lib64/libbauthserver.so	libc.so	PLATFORM	bionic, LineageOS/android_bionic (manifest default.xml:37); /system/lib64 + apex com.android.runtime/lib64/bionic
proprietary/vendor/lib64/libbauthserver.so	libcrypto.so	PLATFORM	external/boringssl manifest default.xml:98 + conscrypt manifest default.xml:122 (APEX)
proprietary/vendor/lib64/libbauthserver.so	libcutils.so	PLATFORM	bionic libcutils, LineageOS/android_bionic (manifest default.xml:37); /system/lib64
proprietary/vendor/lib64/libbauthserver.so	libdl.so	PLATFORM	bionic, LineageOS/android_bionic (manifest default.xml:37)
proprietary/vendor/lib64/libbauthserver.so	libegis_fp_normal_sensor_test.so	VENDOR	shipped in this repo as proprietary/vendor/lib64/libegis_fp_normal_sensor_test.so
proprietary/vendor/lib64/libbauthserver.so	libgf_in_system_lib.so	VENDOR	shipped in this repo as proprietary/vendor/lib64/libgf_in_system_lib.so
proprietary/vendor/lib64/libbauthserver.so	liblog.so	PLATFORM	bionic, LineageOS/android_bionic (manifest default.xml:37); /system/lib64
proprietary/vendor/lib64/libbauthserver.so	libm.so	PLATFORM	bionic, LineageOS/android_bionic (manifest default.xml:37)
proprietary/vendor/lib64/libbauthserver.so	libqfp_sensortest.so	VENDOR	shipped in this repo as proprietary/vendor/lib64/libqfp_sensortest.so
proprietary/vendor/lib64/libbauthserver.so	libsynaFpSensorTestNwd.so	VENDOR	shipped in this repo as proprietary/vendor/lib64/libsynaFpSensorTestNwd.so
proprietary/vendor/lib64/libbauthserver.so	libutils.so	PLATFORM	bionic libutils, LineageOS/android_bionic (manifest default.xml:37); /system/lib64
proprietary/vendor/lib64/libbauthtzcommon.so	libQSEEComAPI.so	VENDOR	shipped in this repo as proprietary/vendor/lib64/libQSEEComAPI.so
proprietary/vendor/lib64/libbauthtzcommon.so	libc++.so	PLATFORM	bionic NDK compat lib, LineageOS/android_bionic (manifest default.xml:37); /system/lib64
proprietary/vendor/lib64/libbauthtzcommon.so	libc.so	PLATFORM	bionic, LineageOS/android_bionic (manifest default.xml:37); /system/lib64 + apex com.android.runtime/lib64/bionic
proprietary/vendor/lib64/libbauthtzcommon.so	libcutils.so	PLATFORM	bionic libcutils, LineageOS/android_bionic (manifest default.xml:37); /system/lib64
proprietary/vendor/lib64/libbauthtzcommon.so	libdl.so	PLATFORM	bionic, LineageOS/android_bionic (manifest default.xml:37)
proprietary/vendor/lib64/libbauthtzcommon.so	liblog.so	PLATFORM	bionic, LineageOS/android_bionic (manifest default.xml:37); /system/lib64
proprietary/vendor/lib64/libbauthtzcommon.so	libm.so	PLATFORM	bionic, LineageOS/android_bionic (manifest default.xml:37)
proprietary/vendor/lib64/libbauthtzcommon.so	libutils.so	PLATFORM	bionic libutils, LineageOS/android_bionic (manifest default.xml:37); /system/lib64
proprietary/vendor/lib64/libbtnv.so	libc++.so	PLATFORM	bionic NDK compat lib, LineageOS/android_bionic (manifest default.xml:37); /system/lib64
proprietary/vendor/lib64/libbtnv.so	libc.so	PLATFORM	bionic, LineageOS/android_bionic (manifest default.xml:37); /system/lib64 + apex com.android.runtime/lib64/bionic
proprietary/vendor/lib64/libbtnv.so	libdl.so	PLATFORM	bionic, LineageOS/android_bionic (manifest default.xml:37)
proprietary/vendor/lib64/libbtnv.so	libm.so	PLATFORM	bionic, LineageOS/android_bionic (manifest default.xml:37)
proprietary/vendor/lib64/libc++_shared.so	libc.so	PLATFORM	bionic, LineageOS/android_bionic (manifest default.xml:37); /system/lib64 + apex com.android.runtime/lib64/bionic
proprietary/vendor/lib64/libc++_shared.so	libdl.so	PLATFORM	bionic, LineageOS/android_bionic (manifest default.xml:37)
proprietary/vendor/lib64/libc2d30_bltlib.so	libc++.so	PLATFORM	bionic NDK compat lib, LineageOS/android_bionic (manifest default.xml:37); /system/lib64
proprietary/vendor/lib64/libc2d30_bltlib.so	libc.so	PLATFORM	bionic, LineageOS/android_bionic (manifest default.xml:37); /system/lib64 + apex com.android.runtime/lib64/bionic
proprietary/vendor/lib64/libc2d30_bltlib.so	libcutils.so	PLATFORM	bionic libcutils, LineageOS/android_bionic (manifest default.xml:37); /system/lib64
proprietary/vendor/lib64/libc2d30_bltlib.so	libdl.so	PLATFORM	bionic, LineageOS/android_bionic (manifest default.xml:37)
proprietary/vendor/lib64/libc2d30_bltlib.so	libgsl.so	VENDOR	shipped in this repo as proprietary/vendor/lib64/libgsl.so
proprietary/vendor/lib64/libc2d30_bltlib.so	libm.so	PLATFORM	bionic, LineageOS/android_bionic (manifest default.xml:37)
proprietary/vendor/lib64/libc2d30_bltlib.so	libutils.so	PLATFORM	bionic libutils, LineageOS/android_bionic (manifest default.xml:37); /system/lib64
proprietary/vendor/lib64/libcapiv2svacnn.so	libc++.so	PLATFORM	bionic NDK compat lib, LineageOS/android_bionic (manifest default.xml:37); /system/lib64
proprietary/vendor/lib64/libcapiv2svacnn.so	libc.so	PLATFORM	bionic, LineageOS/android_bionic (manifest default.xml:37); /system/lib64 + apex com.android.runtime/lib64/bionic
proprietary/vendor/lib64/libcapiv2svacnn.so	libcutils.so	PLATFORM	bionic libcutils, LineageOS/android_bionic (manifest default.xml:37); /system/lib64
proprietary/vendor/lib64/libcapiv2svacnn.so	libdl.so	PLATFORM	bionic, LineageOS/android_bionic (manifest default.xml:37)
proprietary/vendor/lib64/libcapiv2svacnn.so	liblog.so	PLATFORM	bionic, LineageOS/android_bionic (manifest default.xml:37); /system/lib64
proprietary/vendor/lib64/libcapiv2svacnn.so	libm.so	PLATFORM	bionic, LineageOS/android_bionic (manifest default.xml:37)
proprietary/vendor/lib64/libcapiv2vop.so	libc++.so	PLATFORM	bionic NDK compat lib, LineageOS/android_bionic (manifest default.xml:37); /system/lib64
proprietary/vendor/lib64/libcapiv2vop.so	libc.so	PLATFORM	bionic, LineageOS/android_bionic (manifest default.xml:37); /system/lib64 + apex com.android.runtime/lib64/bionic
proprietary/vendor/lib64/libcapiv2vop.so	libcutils.so	PLATFORM	bionic libcutils, LineageOS/android_bionic (manifest default.xml:37); /system/lib64
proprietary/vendor/lib64/libcapiv2vop.so	libdl.so	PLATFORM	bionic, LineageOS/android_bionic (manifest default.xml:37)
proprietary/vendor/lib64/libcapiv2vop.so	liblog.so	PLATFORM	bionic, LineageOS/android_bionic (manifest default.xml:37); /system/lib64
proprietary/vendor/lib64/libcapiv2vop.so	libm.so	PLATFORM	bionic, LineageOS/android_bionic (manifest default.xml:37)
proprietary/vendor/lib64/libcdfw.so	libc++.so	PLATFORM	bionic NDK compat lib, LineageOS/android_bionic (manifest default.xml:37); /system/lib64
proprietary/vendor/lib64/libcdfw.so	libc.so	PLATFORM	bionic, LineageOS/android_bionic (manifest default.xml:37); /system/lib64 + apex com.android.runtime/lib64/bionic
proprietary/vendor/lib64/libcdfw.so	libdl.so	PLATFORM	bionic, LineageOS/android_bionic (manifest default.xml:37)
proprietary/vendor/lib64/libcdfw.so	libgps.utils.so	VENDOR	shipped in this repo as proprietary/vendor/lib64/libgps.utils.so
proprietary/vendor/lib64/libcdfw.so	liblog.so	PLATFORM	bionic, LineageOS/android_bionic (manifest default.xml:37); /system/lib64
proprietary/vendor/lib64/libcdfw.so	libm.so	PLATFORM	bionic, LineageOS/android_bionic (manifest default.xml:37)
proprietary/vendor/lib64/libcdfw_remote_api.so	libc++.so	PLATFORM	bionic NDK compat lib, LineageOS/android_bionic (manifest default.xml:37); /system/lib64
proprietary/vendor/lib64/libcdfw_remote_api.so	libc.so	PLATFORM	bionic, LineageOS/android_bionic (manifest default.xml:37); /system/lib64 + apex com.android.runtime/lib64/bionic
proprietary/vendor/lib64/libcdfw_remote_api.so	libdl.so	PLATFORM	bionic, LineageOS/android_bionic (manifest default.xml:37)
proprietary/vendor/lib64/libcdfw_remote_api.so	libgps.utils.so	VENDOR	shipped in this repo as proprietary/vendor/lib64/libgps.utils.so
proprietary/vendor/lib64/libcdfw_remote_api.so	liblog.so	PLATFORM	bionic, LineageOS/android_bionic (manifest default.xml:37); /system/lib64
proprietary/vendor/lib64/libcdfw_remote_api.so	libm.so	PLATFORM	bionic, LineageOS/android_bionic (manifest default.xml:37)
proprietary/vendor/lib64/libcdsp_default_listener.so	libc++.so	PLATFORM	bionic NDK compat lib, LineageOS/android_bionic (manifest default.xml:37); /system/lib64
proprietary/vendor/lib64/libcdsp_default_listener.so	libc.so	PLATFORM	bionic, LineageOS/android_bionic (manifest default.xml:37); /system/lib64 + apex com.android.runtime/lib64/bionic
proprietary/vendor/lib64/libcdsp_default_listener.so	libcdsprpc.so	VENDOR	shipped in this repo as proprietary/vendor/lib64/libcdsprpc.so
proprietary/vendor/lib64/libcdsp_default_listener.so	libdl.so	PLATFORM	bionic, LineageOS/android_bionic (manifest default.xml:37)
proprietary/vendor/lib64/libcdsp_default_listener.so	liblog.so	PLATFORM	bionic, LineageOS/android_bionic (manifest default.xml:37); /system/lib64
proprietary/vendor/lib64/libcdsp_default_listener.so	libm.so	PLATFORM	bionic, LineageOS/android_bionic (manifest default.xml:37)
proprietary/vendor/lib64/libcdsprpc.so	libc++.so	PLATFORM	bionic NDK compat lib, LineageOS/android_bionic (manifest default.xml:37); /system/lib64
proprietary/vendor/lib64/libcdsprpc.so	libc.so	PLATFORM	bionic, LineageOS/android_bionic (manifest default.xml:37); /system/lib64 + apex com.android.runtime/lib64/bionic
proprietary/vendor/lib64/libcdsprpc.so	libcutils.so	PLATFORM	bionic libcutils, LineageOS/android_bionic (manifest default.xml:37); /system/lib64
proprietary/vendor/lib64/libcdsprpc.so	libdl.so	PLATFORM	bionic, LineageOS/android_bionic (manifest default.xml:37)
proprietary/vendor/lib64/libcdsprpc.so	libhardware.so	PLATFORM	AOSP hardware/interfaces, hardware/interfaces lineage-23.2 @13d687a84c83 (.hal present)
proprietary/vendor/lib64/libcdsprpc.so	libhidlbase.so	PLATFORM	system/libhidl module 'libhidlbase', system/libhidl lineage-22.2 @2bfb10b64fcfa (module names); manifest default.xml:912 (system/libhidl, remote=aosp)
proprietary/vendor/lib64/libcdsprpc.so	libion.so	PLATFORM	AOSP system/memory/libion, manifest default.xml:924
proprietary/vendor/lib64/libcdsprpc.so	liblog.so	PLATFORM	bionic, LineageOS/android_bionic (manifest default.xml:37); /system/lib64
proprietary/vendor/lib64/libcdsprpc.so	libm.so	PLATFORM	bionic, LineageOS/android_bionic (manifest default.xml:37)
proprietary/vendor/lib64/libcdsprpc.so	libutils.so	PLATFORM	bionic libutils, LineageOS/android_bionic (manifest default.xml:37); /system/lib64
proprietary/vendor/lib64/libcdsprpc.so	vendor.qti.hardware.dsp@1.0.so	VENDOR	shipped in this repo as proprietary/vendor/lib64/vendor.qti.hardware.dsp@1.0.so
proprietary/vendor/lib64/libdataitems.so	libc++.so	PLATFORM	bionic NDK compat lib, LineageOS/android_bionic (manifest default.xml:37); /system/lib64
proprietary/vendor/lib64/libdataitems.so	libc.so	PLATFORM	bionic, LineageOS/android_bionic (manifest default.xml:37); /system/lib64 + apex com.android.runtime/lib64/bionic
proprietary/vendor/lib64/libdataitems.so	libcutils.so	PLATFORM	bionic libcutils, LineageOS/android_bionic (manifest default.xml:37); /system/lib64
proprietary/vendor/lib64/libdataitems.so	libdl.so	PLATFORM	bionic, LineageOS/android_bionic (manifest default.xml:37)
proprietary/vendor/lib64/libdataitems.so	libgps.utils.so	VENDOR	shipped in this repo as proprietary/vendor/lib64/libgps.utils.so
proprietary/vendor/lib64/libdataitems.so	liblog.so	PLATFORM	bionic, LineageOS/android_bionic (manifest default.xml:37); /system/lib64
proprietary/vendor/lib64/libdataitems.so	libm.so	PLATFORM	bionic, LineageOS/android_bionic (manifest default.xml:37)
proprietary/vendor/lib64/libdataitems.so	libutils.so	PLATFORM	bionic libutils, LineageOS/android_bionic (manifest default.xml:37); /system/lib64
proprietary/vendor/lib64/libdiag.so	libc++.so	PLATFORM	bionic NDK compat lib, LineageOS/android_bionic (manifest default.xml:37); /system/lib64
proprietary/vendor/lib64/libdiag.so	libc.so	PLATFORM	bionic, LineageOS/android_bionic (manifest default.xml:37); /system/lib64 + apex com.android.runtime/lib64/bionic
proprietary/vendor/lib64/libdiag.so	libcutils.so	PLATFORM	bionic libcutils, LineageOS/android_bionic (manifest default.xml:37); /system/lib64
proprietary/vendor/lib64/libdiag.so	libdl.so	PLATFORM	bionic, LineageOS/android_bionic (manifest default.xml:37)
proprietary/vendor/lib64/libdiag.so	liblog.so	PLATFORM	bionic, LineageOS/android_bionic (manifest default.xml:37); /system/lib64
proprietary/vendor/lib64/libdiag.so	libm.so	PLATFORM	bionic, LineageOS/android_bionic (manifest default.xml:37)
proprietary/vendor/lib64/libdiagjni.so	libc++.so	PLATFORM	bionic NDK compat lib, LineageOS/android_bionic (manifest default.xml:37); /system/lib64
proprietary/vendor/lib64/libdiagjni.so	libc.so	PLATFORM	bionic, LineageOS/android_bionic (manifest default.xml:37); /system/lib64 + apex com.android.runtime/lib64/bionic
proprietary/vendor/lib64/libdiagjni.so	libcutils.so	PLATFORM	bionic libcutils, LineageOS/android_bionic (manifest default.xml:37); /system/lib64
proprietary/vendor/lib64/libdiagjni.so	libdiag.so	VENDOR	shipped in this repo as proprietary/vendor/lib64/libdiag.so
proprietary/vendor/lib64/libdiagjni.so	libdl.so	PLATFORM	bionic, LineageOS/android_bionic (manifest default.xml:37)
proprietary/vendor/lib64/libdiagjni.so	liblog.so	PLATFORM	bionic, LineageOS/android_bionic (manifest default.xml:37); /system/lib64
proprietary/vendor/lib64/libdiagjni.so	libm.so	PLATFORM	bionic, LineageOS/android_bionic (manifest default.xml:37)
proprietary/vendor/lib64/libdiagjni.so	libtime_genoff.so	VENDOR	shipped in this repo as proprietary/vendor/lib64/libtime_genoff.so
proprietary/vendor/lib64/libdisp-aba.so	libc++.so	PLATFORM	bionic NDK compat lib, LineageOS/android_bionic (manifest default.xml:37); /system/lib64
proprietary/vendor/lib64/libdisp-aba.so	libc.so	PLATFORM	bionic, LineageOS/android_bionic (manifest default.xml:37); /system/lib64 + apex com.android.runtime/lib64/bionic
proprietary/vendor/lib64/libdisp-aba.so	libcutils.so	PLATFORM	bionic libcutils, LineageOS/android_bionic (manifest default.xml:37); /system/lib64
proprietary/vendor/lib64/libdisp-aba.so	libdl.so	PLATFORM	bionic, LineageOS/android_bionic (manifest default.xml:37)
proprietary/vendor/lib64/libdisp-aba.so	liblog.so	PLATFORM	bionic, LineageOS/android_bionic (manifest default.xml:37); /system/lib64
proprietary/vendor/lib64/libdisp-aba.so	libm.so	PLATFORM	bionic, LineageOS/android_bionic (manifest default.xml:37)
proprietary/vendor/lib64/libdisplayqos.so	libc++.so	PLATFORM	bionic NDK compat lib, LineageOS/android_bionic (manifest default.xml:37); /system/lib64
proprietary/vendor/lib64/libdisplayqos.so	libc.so	PLATFORM	bionic, LineageOS/android_bionic (manifest default.xml:37); /system/lib64 + apex com.android.runtime/lib64/bionic
proprietary/vendor/lib64/libdisplayqos.so	libdl.so	PLATFORM	bionic, LineageOS/android_bionic (manifest default.xml:37)
proprietary/vendor/lib64/libdisplayqos.so	libm.so	PLATFORM	bionic, LineageOS/android_bionic (manifest default.xml:37)
proprietary/vendor/lib64/libdrmfs.so	libQSEEComAPI.so	VENDOR	shipped in this repo as proprietary/vendor/lib64/libQSEEComAPI.so
proprietary/vendor/lib64/libdrmfs.so	libc++.so	PLATFORM	bionic NDK compat lib, LineageOS/android_bionic (manifest default.xml:37); /system/lib64
proprietary/vendor/lib64/libdrmfs.so	libc.so	PLATFORM	bionic, LineageOS/android_bionic (manifest default.xml:37); /system/lib64 + apex com.android.runtime/lib64/bionic
proprietary/vendor/lib64/libdrmfs.so	libcutils.so	PLATFORM	bionic libcutils, LineageOS/android_bionic (manifest default.xml:37); /system/lib64
proprietary/vendor/lib64/libdrmfs.so	libdiag.so	VENDOR	shipped in this repo as proprietary/vendor/lib64/libdiag.so
proprietary/vendor/lib64/libdrmfs.so	libdl.so	PLATFORM	bionic, LineageOS/android_bionic (manifest default.xml:37)
proprietary/vendor/lib64/libdrmfs.so	liblog.so	PLATFORM	bionic, LineageOS/android_bionic (manifest default.xml:37); /system/lib64
proprietary/vendor/lib64/libdrmfs.so	libm.so	PLATFORM	bionic, LineageOS/android_bionic (manifest default.xml:37)
proprietary/vendor/lib64/libdrmfs.so	libutils.so	PLATFORM	bionic libutils, LineageOS/android_bionic (manifest default.xml:37); /system/lib64
proprietary/vendor/lib64/libdrmfs.so	libxml2.so	PLATFORM	external/libxml2, manifest default.xml:346
proprietary/vendor/lib64/libdrmtime.so	libQSEEComAPI.so	VENDOR	shipped in this repo as proprietary/vendor/lib64/libQSEEComAPI.so
proprietary/vendor/lib64/libdrmtime.so	libc++.so	PLATFORM	bionic NDK compat lib, LineageOS/android_bionic (manifest default.xml:37); /system/lib64
proprietary/vendor/lib64/libdrmtime.so	libc.so	PLATFORM	bionic, LineageOS/android_bionic (manifest default.xml:37); /system/lib64 + apex com.android.runtime/lib64/bionic
proprietary/vendor/lib64/libdrmtime.so	libcutils.so	PLATFORM	bionic libcutils, LineageOS/android_bionic (manifest default.xml:37); /system/lib64
proprietary/vendor/lib64/libdrmtime.so	libdiag.so	VENDOR	shipped in this repo as proprietary/vendor/lib64/libdiag.so
proprietary/vendor/lib64/libdrmtime.so	libdl.so	PLATFORM	bionic, LineageOS/android_bionic (manifest default.xml:37)
proprietary/vendor/lib64/libdrmtime.so	liblog.so	PLATFORM	bionic, LineageOS/android_bionic (manifest default.xml:37); /system/lib64
proprietary/vendor/lib64/libdrmtime.so	libm.so	PLATFORM	bionic, LineageOS/android_bionic (manifest default.xml:37)
proprietary/vendor/lib64/libdrmtime.so	libtime_genoff.so	VENDOR	shipped in this repo as proprietary/vendor/lib64/libtime_genoff.so
proprietary/vendor/lib64/libdrmtime.so	libutils.so	PLATFORM	bionic libutils, LineageOS/android_bionic (manifest default.xml:37); /system/lib64
proprietary/vendor/lib64/libdsutils.so	libc++.so	PLATFORM	bionic NDK compat lib, LineageOS/android_bionic (manifest default.xml:37); /system/lib64
proprietary/vendor/lib64/libdsutils.so	libc.so	PLATFORM	bionic, LineageOS/android_bionic (manifest default.xml:37); /system/lib64 + apex com.android.runtime/lib64/bionic
proprietary/vendor/lib64/libdsutils.so	libcutils.so	PLATFORM	bionic libcutils, LineageOS/android_bionic (manifest default.xml:37); /system/lib64
proprietary/vendor/lib64/libdsutils.so	libdiag.so	VENDOR	shipped in this repo as proprietary/vendor/lib64/libdiag.so
proprietary/vendor/lib64/libdsutils.so	libdl.so	PLATFORM	bionic, LineageOS/android_bionic (manifest default.xml:37)
proprietary/vendor/lib64/libdsutils.so	liblog.so	PLATFORM	bionic, LineageOS/android_bionic (manifest default.xml:37); /system/lib64
proprietary/vendor/lib64/libdsutils.so	libm.so	PLATFORM	bionic, LineageOS/android_bionic (manifest default.xml:37)
proprietary/vendor/lib64/libdsutils.so	libmdmdetect.so	VENDOR	shipped in this repo as proprietary/vendor/lib64/libmdmdetect.so
proprietary/vendor/lib64/libdsutils.so	libnetutils.so	PLATFORM	frameworks/native (manifest default.xml:613) libs/netutils
proprietary/vendor/lib64/libegis_fp_normal_sensor_test.so	libc.so	PLATFORM	bionic, LineageOS/android_bionic (manifest default.xml:37); /system/lib64 + apex com.android.runtime/lib64/bionic
proprietary/vendor/lib64/libegis_fp_normal_sensor_test.so	liblog.so	PLATFORM	bionic, LineageOS/android_bionic (manifest default.xml:37); /system/lib64
proprietary/vendor/lib64/libegis_fp_normal_sensor_test.so	libm.so	PLATFORM	bionic, LineageOS/android_bionic (manifest default.xml:37)
proprietary/vendor/lib64/libfastcvdsp_stub.so	libc++.so	PLATFORM	bionic NDK compat lib, LineageOS/android_bionic (manifest default.xml:37); /system/lib64
proprietary/vendor/lib64/libfastcvdsp_stub.so	libc.so	PLATFORM	bionic, LineageOS/android_bionic (manifest default.xml:37); /system/lib64 + apex com.android.runtime/lib64/bionic
proprietary/vendor/lib64/libfastcvdsp_stub.so	libcdsprpc.so	VENDOR	shipped in this repo as proprietary/vendor/lib64/libcdsprpc.so
proprietary/vendor/lib64/libfastcvdsp_stub.so	libdl.so	PLATFORM	bionic, LineageOS/android_bionic (manifest default.xml:37)
proprietary/vendor/lib64/libfastcvdsp_stub.so	liblog.so	PLATFORM	bionic, LineageOS/android_bionic (manifest default.xml:37); /system/lib64
proprietary/vendor/lib64/libfastcvdsp_stub.so	libm.so	PLATFORM	bionic, LineageOS/android_bionic (manifest default.xml:37)
proprietary/vendor/lib64/libfastcvopt.so	libOpenCL.so	VENDOR	shipped in this repo as proprietary/vendor/lib64/libOpenCL.so
proprietary/vendor/lib64/libfastcvopt.so	libc++.so	PLATFORM	bionic NDK compat lib, LineageOS/android_bionic (manifest default.xml:37); /system/lib64
proprietary/vendor/lib64/libfastcvopt.so	libc.so	PLATFORM	bionic, LineageOS/android_bionic (manifest default.xml:37); /system/lib64 + apex com.android.runtime/lib64/bionic
proprietary/vendor/lib64/libfastcvopt.so	libcdsprpc.so	VENDOR	shipped in this repo as proprietary/vendor/lib64/libcdsprpc.so
proprietary/vendor/lib64/libfastcvopt.so	libdl.so	PLATFORM	bionic, LineageOS/android_bionic (manifest default.xml:37)
proprietary/vendor/lib64/libfastcvopt.so	libfastcvdsp_stub.so	VENDOR	shipped in this repo as proprietary/vendor/lib64/libfastcvdsp_stub.so
proprietary/vendor/lib64/libfastcvopt.so	libion.so	PLATFORM	AOSP system/memory/libion, manifest default.xml:924
proprietary/vendor/lib64/libfastcvopt.so	liblog.so	PLATFORM	bionic, LineageOS/android_bionic (manifest default.xml:37); /system/lib64
proprietary/vendor/lib64/libfastcvopt.so	libm.so	PLATFORM	bionic, LineageOS/android_bionic (manifest default.xml:37)
proprietary/vendor/lib64/libfloatingfeature.so	libc++.so	PLATFORM	bionic NDK compat lib, LineageOS/android_bionic (manifest default.xml:37); /system/lib64
proprietary/vendor/lib64/libfloatingfeature.so	libc.so	PLATFORM	bionic, LineageOS/android_bionic (manifest default.xml:37); /system/lib64 + apex com.android.runtime/lib64/bionic
proprietary/vendor/lib64/libfloatingfeature.so	libdl.so	PLATFORM	bionic, LineageOS/android_bionic (manifest default.xml:37)
proprietary/vendor/lib64/libfloatingfeature.so	libexpat.so	PLATFORM	external/expat, manifest default.xml:158
proprietary/vendor/lib64/libfloatingfeature.so	libm.so	PLATFORM	bionic, LineageOS/android_bionic (manifest default.xml:37)
proprietary/vendor/lib64/libgcs-calwrapper.so	libc++.so	PLATFORM	bionic NDK compat lib, LineageOS/android_bionic (manifest default.xml:37); /system/lib64
proprietary/vendor/lib64/libgcs-calwrapper.so	libc.so	PLATFORM	bionic, LineageOS/android_bionic (manifest default.xml:37); /system/lib64 + apex com.android.runtime/lib64/bionic
proprietary/vendor/lib64/libgcs-calwrapper.so	libdl.so	PLATFORM	bionic, LineageOS/android_bionic (manifest default.xml:37)
proprietary/vendor/lib64/libgcs-calwrapper.so	libgcs-osal.so	VENDOR	shipped in this repo as proprietary/vendor/lib64/libgcs-osal.so
proprietary/vendor/lib64/libgcs-calwrapper.so	liblog.so	PLATFORM	bionic, LineageOS/android_bionic (manifest default.xml:37); /system/lib64
proprietary/vendor/lib64/libgcs-calwrapper.so	libm.so	PLATFORM	bionic, LineageOS/android_bionic (manifest default.xml:37)
proprietary/vendor/lib64/libgcs-ipc.so	libc++.so	PLATFORM	bionic NDK compat lib, LineageOS/android_bionic (manifest default.xml:37); /system/lib64
proprietary/vendor/lib64/libgcs-ipc.so	libc.so	PLATFORM	bionic, LineageOS/android_bionic (manifest default.xml:37); /system/lib64 + apex com.android.runtime/lib64/bionic
proprietary/vendor/lib64/libgcs-ipc.so	libdl.so	PLATFORM	bionic, LineageOS/android_bionic (manifest default.xml:37)
proprietary/vendor/lib64/libgcs-ipc.so	libexpat.so	PLATFORM	external/expat, manifest default.xml:158
proprietary/vendor/lib64/libgcs-ipc.so	libgcs-osal.so	VENDOR	shipped in this repo as proprietary/vendor/lib64/libgcs-osal.so
proprietary/vendor/lib64/libgcs-ipc.so	liblog.so	PLATFORM	bionic, LineageOS/android_bionic (manifest default.xml:37); /system/lib64
proprietary/vendor/lib64/libgcs-ipc.so	libm.so	PLATFORM	bionic, LineageOS/android_bionic (manifest default.xml:37)
proprietary/vendor/lib64/libgcs-osal.so	libc++.so	PLATFORM	bionic NDK compat lib, LineageOS/android_bionic (manifest default.xml:37); /system/lib64
proprietary/vendor/lib64/libgcs-osal.so	libc.so	PLATFORM	bionic, LineageOS/android_bionic (manifest default.xml:37); /system/lib64 + apex com.android.runtime/lib64/bionic
proprietary/vendor/lib64/libgcs-osal.so	libdl.so	PLATFORM	bionic, LineageOS/android_bionic (manifest default.xml:37)
proprietary/vendor/lib64/libgcs-osal.so	liblog.so	PLATFORM	bionic, LineageOS/android_bionic (manifest default.xml:37); /system/lib64
proprietary/vendor/lib64/libgcs-osal.so	libm.so	PLATFORM	bionic, LineageOS/android_bionic (manifest default.xml:37)
proprietary/vendor/lib64/libgcs.so	libc++.so	PLATFORM	bionic NDK compat lib, LineageOS/android_bionic (manifest default.xml:37); /system/lib64
proprietary/vendor/lib64/libgcs.so	libc.so	PLATFORM	bionic, LineageOS/android_bionic (manifest default.xml:37); /system/lib64 + apex com.android.runtime/lib64/bionic
proprietary/vendor/lib64/libgcs.so	libdl.so	PLATFORM	bionic, LineageOS/android_bionic (manifest default.xml:37)
proprietary/vendor/lib64/libgcs.so	libgcs-calwrapper.so	VENDOR	shipped in this repo as proprietary/vendor/lib64/libgcs-calwrapper.so
proprietary/vendor/lib64/libgcs.so	libgcs-ipc.so	VENDOR	shipped in this repo as proprietary/vendor/lib64/libgcs-ipc.so
proprietary/vendor/lib64/libgcs.so	libgcs-osal.so	VENDOR	shipped in this repo as proprietary/vendor/lib64/libgcs-osal.so
proprietary/vendor/lib64/libgcs.so	liblog.so	PLATFORM	bionic, LineageOS/android_bionic (manifest default.xml:37); /system/lib64
proprietary/vendor/lib64/libgcs.so	libm.so	PLATFORM	bionic, LineageOS/android_bionic (manifest default.xml:37)
proprietary/vendor/lib64/libgeofencing.so	libc++.so	PLATFORM	bionic NDK compat lib, LineageOS/android_bionic (manifest default.xml:37); /system/lib64
proprietary/vendor/lib64/libgeofencing.so	libc.so	PLATFORM	bionic, LineageOS/android_bionic (manifest default.xml:37); /system/lib64 + apex com.android.runtime/lib64/bionic
proprietary/vendor/lib64/libgeofencing.so	libcutils.so	PLATFORM	bionic libcutils, LineageOS/android_bionic (manifest default.xml:37); /system/lib64
proprietary/vendor/lib64/libgeofencing.so	libdl.so	PLATFORM	bionic, LineageOS/android_bionic (manifest default.xml:37)
proprietary/vendor/lib64/libgeofencing.so	libgps.utils.so	VENDOR	shipped in this repo as proprietary/vendor/lib64/libgps.utils.so
proprietary/vendor/lib64/libgeofencing.so	libloc_core.so	VENDOR	shipped in this repo as proprietary/vendor/lib64/libloc_core.so
proprietary/vendor/lib64/libgeofencing.so	liblog.so	PLATFORM	bionic, LineageOS/android_bionic (manifest default.xml:37); /system/lib64
proprietary/vendor/lib64/libgeofencing.so	libm.so	PLATFORM	bionic, LineageOS/android_bionic (manifest default.xml:37)
proprietary/vendor/lib64/libgeofencing.so	libutils.so	PLATFORM	bionic libutils, LineageOS/android_bionic (manifest default.xml:37); /system/lib64
proprietary/vendor/lib64/libgf_in_system_lib.so	libc++.so	PLATFORM	bionic NDK compat lib, LineageOS/android_bionic (manifest default.xml:37); /system/lib64
proprietary/vendor/lib64/libgf_in_system_lib.so	libc.so	PLATFORM	bionic, LineageOS/android_bionic (manifest default.xml:37); /system/lib64 + apex com.android.runtime/lib64/bionic
proprietary/vendor/lib64/libgf_in_system_lib.so	libcutils.so	PLATFORM	bionic libcutils, LineageOS/android_bionic (manifest default.xml:37); /system/lib64
proprietary/vendor/lib64/libgf_in_system_lib.so	libdl.so	PLATFORM	bionic, LineageOS/android_bionic (manifest default.xml:37)
proprietary/vendor/lib64/libgf_in_system_lib.so	liblog.so	PLATFORM	bionic, LineageOS/android_bionic (manifest default.xml:37); /system/lib64
proprietary/vendor/lib64/libgf_in_system_lib.so	libm.so	PLATFORM	bionic, LineageOS/android_bionic (manifest default.xml:37)
proprietary/vendor/lib64/libgnss.so	libc++.so	PLATFORM	bionic NDK compat lib, LineageOS/android_bionic (manifest default.xml:37); /system/lib64
proprietary/vendor/lib64/libgnss.so	libc.so	PLATFORM	bionic, LineageOS/android_bionic (manifest default.xml:37); /system/lib64 + apex com.android.runtime/lib64/bionic
proprietary/vendor/lib64/libgnss.so	libcutils.so	PLATFORM	bionic libcutils, LineageOS/android_bionic (manifest default.xml:37); /system/lib64
proprietary/vendor/lib64/libgnss.so	libdl.so	PLATFORM	bionic, LineageOS/android_bionic (manifest default.xml:37)
proprietary/vendor/lib64/libgnss.so	libgps.utils.so	VENDOR	shipped in this repo as proprietary/vendor/lib64/libgps.utils.so
proprietary/vendor/lib64/libgnss.so	libloc_core.so	VENDOR	shipped in this repo as proprietary/vendor/lib64/libloc_core.so
proprietary/vendor/lib64/libgnss.so	liblog.so	PLATFORM	bionic, LineageOS/android_bionic (manifest default.xml:37); /system/lib64
proprietary/vendor/lib64/libgnss.so	libm.so	PLATFORM	bionic, LineageOS/android_bionic (manifest default.xml:37)
proprietary/vendor/lib64/libgnss.so	libsecnativefeature.so	VENDOR	shipped in this repo as proprietary/vendor/lib64/libsecnativefeature.so
proprietary/vendor/lib64/libgnss.so	libsemnativecarrierfeature.so	VENDOR	shipped in this repo as proprietary/vendor/lib64/libsemnativecarrierfeature.so
proprietary/vendor/lib64/libgnss.so	libutils.so	PLATFORM	bionic libutils, LineageOS/android_bionic (manifest default.xml:37); /system/lib64
proprietary/vendor/lib64/libgnsspps.so	libc++.so	PLATFORM	bionic NDK compat lib, LineageOS/android_bionic (manifest default.xml:37); /system/lib64
proprietary/vendor/lib64/libgnsspps.so	libc.so	PLATFORM	bionic, LineageOS/android_bionic (manifest default.xml:37); /system/lib64 + apex com.android.runtime/lib64/bionic
proprietary/vendor/lib64/libgnsspps.so	libcutils.so	PLATFORM	bionic libcutils, LineageOS/android_bionic (manifest default.xml:37); /system/lib64
proprietary/vendor/lib64/libgnsspps.so	libdl.so	PLATFORM	bionic, LineageOS/android_bionic (manifest default.xml:37)
proprietary/vendor/lib64/libgnsspps.so	libgps.utils.so	VENDOR	shipped in this repo as proprietary/vendor/lib64/libgps.utils.so
proprietary/vendor/lib64/libgnsspps.so	liblog.so	PLATFORM	bionic, LineageOS/android_bionic (manifest default.xml:37); /system/lib64
proprietary/vendor/lib64/libgnsspps.so	libm.so	PLATFORM	bionic, LineageOS/android_bionic (manifest default.xml:37)
proprietary/vendor/lib64/libgnsspps.so	libutils.so	PLATFORM	bionic libutils, LineageOS/android_bionic (manifest default.xml:37); /system/lib64
proprietary/vendor/lib64/libgps.utils.so	libc++.so	PLATFORM	bionic NDK compat lib, LineageOS/android_bionic (manifest default.xml:37); /system/lib64
proprietary/vendor/lib64/libgps.utils.so	libc.so	PLATFORM	bionic, LineageOS/android_bionic (manifest default.xml:37); /system/lib64 + apex com.android.runtime/lib64/bionic
proprietary/vendor/lib64/libgps.utils.so	libcutils.so	PLATFORM	bionic libcutils, LineageOS/android_bionic (manifest default.xml:37); /system/lib64
proprietary/vendor/lib64/libgps.utils.so	libdl.so	PLATFORM	bionic, LineageOS/android_bionic (manifest default.xml:37)
proprietary/vendor/lib64/libgps.utils.so	liblog.so	PLATFORM	bionic, LineageOS/android_bionic (manifest default.xml:37); /system/lib64
proprietary/vendor/lib64/libgps.utils.so	libm.so	PLATFORM	bionic, LineageOS/android_bionic (manifest default.xml:37)
proprietary/vendor/lib64/libgps.utils.so	libprocessgroup.so	PLATFORM	bionic libprocessgroup, LineageOS/android_bionic (manifest default.xml:37); /system/lib64
proprietary/vendor/lib64/libgps.utils.so	libsecnativefeature.so	VENDOR	shipped in this repo as proprietary/vendor/lib64/libsecnativefeature.so
proprietary/vendor/lib64/libgps.utils.so	libsemnativecarrierfeature.so	VENDOR	shipped in this repo as proprietary/vendor/lib64/libsemnativecarrierfeature.so
proprietary/vendor/lib64/libgps.utils.so	libutils.so	PLATFORM	bionic libutils, LineageOS/android_bionic (manifest default.xml:37); /system/lib64
proprietary/vendor/lib64/libgpudataproducer.so	libc++.so	PLATFORM	bionic NDK compat lib, LineageOS/android_bionic (manifest default.xml:37); /system/lib64
proprietary/vendor/lib64/libgpudataproducer.so	libc.so	PLATFORM	bionic, LineageOS/android_bionic (manifest default.xml:37); /system/lib64 + apex com.android.runtime/lib64/bionic
proprietary/vendor/lib64/libgpudataproducer.so	libdl.so	PLATFORM	bionic, LineageOS/android_bionic (manifest default.xml:37)
proprietary/vendor/lib64/libgpudataproducer.so	liblog.so	PLATFORM	bionic, LineageOS/android_bionic (manifest default.xml:37); /system/lib64
proprietary/vendor/lib64/libgpudataproducer.so	libm.so	PLATFORM	bionic, LineageOS/android_bionic (manifest default.xml:37)
proprietary/vendor/lib64/libgpudataproducer.so	libz.so	PLATFORM	external/zlib, manifest default.xml:592
proprietary/vendor/lib64/libgsl.so	libc++.so	PLATFORM	bionic NDK compat lib, LineageOS/android_bionic (manifest default.xml:37); /system/lib64
proprietary/vendor/lib64/libgsl.so	libc.so	PLATFORM	bionic, LineageOS/android_bionic (manifest default.xml:37); /system/lib64 + apex com.android.runtime/lib64/bionic
proprietary/vendor/lib64/libgsl.so	libcutils.so	PLATFORM	bionic libcutils, LineageOS/android_bionic (manifest default.xml:37); /system/lib64
proprietary/vendor/lib64/libgsl.so	libdl.so	PLATFORM	bionic, LineageOS/android_bionic (manifest default.xml:37)
proprietary/vendor/lib64/libgsl.so	liblog.so	PLATFORM	bionic, LineageOS/android_bionic (manifest default.xml:37); /system/lib64
proprietary/vendor/lib64/libgsl.so	libm.so	PLATFORM	bionic, LineageOS/android_bionic (manifest default.xml:37)
proprietary/vendor/lib64/libgsl.so	libsync.so	VENDOR-ELSEWHERE	CAF builds a vendor libsync for the camera/multi-media HALs; AOSP frameworks/av also has media/libsync -> /system/lib64. Which one is used depends on whether CAF's vendor copy is built (confidence: low)
proprietary/vendor/lib64/libgsl.so	libz.so	PLATFORM	external/zlib, manifest default.xml:592
proprietary/vendor/lib64/libhdr_tm.so	libc++.so	PLATFORM	bionic NDK compat lib, LineageOS/android_bionic (manifest default.xml:37); /system/lib64
proprietary/vendor/lib64/libhdr_tm.so	libc.so	PLATFORM	bionic, LineageOS/android_bionic (manifest default.xml:37); /system/lib64 + apex com.android.runtime/lib64/bionic
proprietary/vendor/lib64/libhdr_tm.so	libcutils.so	PLATFORM	bionic libcutils, LineageOS/android_bionic (manifest default.xml:37); /system/lib64
proprietary/vendor/lib64/libhdr_tm.so	libdl.so	PLATFORM	bionic, LineageOS/android_bionic (manifest default.xml:37)
proprietary/vendor/lib64/libhdr_tm.so	liblog.so	PLATFORM	bionic, LineageOS/android_bionic (manifest default.xml:37); /system/lib64
proprietary/vendor/lib64/libhdr_tm.so	libm.so	PLATFORM	bionic, LineageOS/android_bionic (manifest default.xml:37)
proprietary/vendor/lib64/libhdr_tm.so	libsdm-color.so	VENDOR	shipped in this repo as proprietary/vendor/lib64/libsdm-color.so
proprietary/vendor/lib64/libhdr_tm.so	libtinyxml2_1.so	VENDOR	shipped in this repo as proprietary/vendor/lib64/libtinyxml2_1.so
proprietary/vendor/lib64/libhdr_tm.so	libutils.so	PLATFORM	bionic libutils, LineageOS/android_bionic (manifest default.xml:37); /system/lib64
proprietary/vendor/lib64/libhypervintf.so	libbinder.so	PLATFORM	frameworks/native (manifest default.xml:613) libs/binder
proprietary/vendor/lib64/libhypervintf.so	libbinder_ndk.so	PLATFORM	frameworks/native (manifest default.xml:613) libs/binder_ndk; NDK
proprietary/vendor/lib64/libhypervintf.so	libc++.so	PLATFORM	bionic NDK compat lib, LineageOS/android_bionic (manifest default.xml:37); /system/lib64
proprietary/vendor/lib64/libhypervintf.so	libc.so	PLATFORM	bionic, LineageOS/android_bionic (manifest default.xml:37); /system/lib64 + apex com.android.runtime/lib64/bionic
proprietary/vendor/lib64/libhypervintf.so	libcutils.so	PLATFORM	bionic libcutils, LineageOS/android_bionic (manifest default.xml:37); /system/lib64
proprietary/vendor/lib64/libhypervintf.so	libdl.so	PLATFORM	bionic, LineageOS/android_bionic (manifest default.xml:37)
proprietary/vendor/lib64/libhypervintf.so	libhidlbase.so	PLATFORM	system/libhidl module 'libhidlbase', system/libhidl lineage-22.2 @2bfb10b64fcfa (module names); manifest default.xml:912 (system/libhidl, remote=aosp)
proprietary/vendor/lib64/libhypervintf.so	liblog.so	PLATFORM	bionic, LineageOS/android_bionic (manifest default.xml:37); /system/lib64
proprietary/vendor/lib64/libhypervintf.so	libm.so	PLATFORM	bionic, LineageOS/android_bionic (manifest default.xml:37)
proprietary/vendor/lib64/libhypervintf.so	libutils.so	PLATFORM	bionic libutils, LineageOS/android_bionic (manifest default.xml:37); /system/lib64
proprietary/vendor/lib64/libhypervintf.so	vendor.samsung.hardware.hyper-V2-ndk_platform.so	VENDOR	shipped in this repo as proprietary/vendor/lib64/vendor.samsung.hardware.hyper-V2-ndk_platform.so
proprietary/vendor/lib64/libidl.so	libc++.so	PLATFORM	bionic NDK compat lib, LineageOS/android_bionic (manifest default.xml:37); /system/lib64
proprietary/vendor/lib64/libidl.so	libc.so	PLATFORM	bionic, LineageOS/android_bionic (manifest default.xml:37); /system/lib64 + apex com.android.runtime/lib64/bionic
proprietary/vendor/lib64/libidl.so	libdl.so	PLATFORM	bionic, LineageOS/android_bionic (manifest default.xml:37)
proprietary/vendor/lib64/libidl.so	libm.so	PLATFORM	bionic, LineageOS/android_bionic (manifest default.xml:37)
proprietary/vendor/lib64/libizat_client_api.so	libc++.so	PLATFORM	bionic NDK compat lib, LineageOS/android_bionic (manifest default.xml:37); /system/lib64
proprietary/vendor/lib64/libizat_client_api.so	libc.so	PLATFORM	bionic, LineageOS/android_bionic (manifest default.xml:37); /system/lib64 + apex com.android.runtime/lib64/bionic
proprietary/vendor/lib64/libizat_client_api.so	libdl.so	PLATFORM	bionic, LineageOS/android_bionic (manifest default.xml:37)
proprietary/vendor/lib64/libizat_client_api.so	libgps.utils.so	VENDOR	shipped in this repo as proprietary/vendor/lib64/libgps.utils.so
proprietary/vendor/lib64/libizat_client_api.so	liblog.so	PLATFORM	bionic, LineageOS/android_bionic (manifest default.xml:37); /system/lib64
proprietary/vendor/lib64/libizat_client_api.so	libm.so	PLATFORM	bionic, LineageOS/android_bionic (manifest default.xml:37)
proprietary/vendor/lib64/libizat_core.so	libc++.so	PLATFORM	bionic NDK compat lib, LineageOS/android_bionic (manifest default.xml:37); /system/lib64
proprietary/vendor/lib64/libizat_core.so	libc.so	PLATFORM	bionic, LineageOS/android_bionic (manifest default.xml:37); /system/lib64 + apex com.android.runtime/lib64/bionic
proprietary/vendor/lib64/libizat_core.so	libcutils.so	PLATFORM	bionic libcutils, LineageOS/android_bionic (manifest default.xml:37); /system/lib64
proprietary/vendor/lib64/libizat_core.so	libdl.so	PLATFORM	bionic, LineageOS/android_bionic (manifest default.xml:37)
proprietary/vendor/lib64/libizat_core.so	libgps.utils.so	VENDOR	shipped in this repo as proprietary/vendor/lib64/libgps.utils.so
proprietary/vendor/lib64/libizat_core.so	libloc_api_v02.so	VENDOR	shipped in this repo as proprietary/vendor/lib64/libloc_api_v02.so
proprietary/vendor/lib64/libizat_core.so	libloc_core.so	VENDOR	shipped in this repo as proprietary/vendor/lib64/libloc_core.so
proprietary/vendor/lib64/libizat_core.so	liblog.so	PLATFORM	bionic, LineageOS/android_bionic (manifest default.xml:37); /system/lib64
proprietary/vendor/lib64/libizat_core.so	libm.so	PLATFORM	bionic, LineageOS/android_bionic (manifest default.xml:37)
proprietary/vendor/lib64/libizat_core.so	libsqlite.so	PLATFORM	external/sqlite, manifest default.xml:528
proprietary/vendor/lib64/libizat_core.so	libutils.so	PLATFORM	bionic libutils, LineageOS/android_bionic (manifest default.xml:37); /system/lib64
proprietary/vendor/lib64/libkeymaster_helper.so	android.hardware.keymaster@4.0.so	PLATFORM	HIDL iface lib, hardware/interfaces lineage-23.2 @13d687a84c83 (.hal present)
proprietary/vendor/lib64/libkeymaster_helper.so	android.hardware.keymaster@4.1.so	PLATFORM	HIDL iface lib, hardware/interfaces lineage-23.2 @13d687a84c83 (.hal present)
proprietary/vendor/lib64/libkeymaster_helper.so	libQSEEComAPI.so	VENDOR	shipped in this repo as proprietary/vendor/lib64/libQSEEComAPI.so
proprietary/vendor/lib64/libkeymaster_helper.so	libc++.so	PLATFORM	bionic NDK compat lib, LineageOS/android_bionic (manifest default.xml:37); /system/lib64
proprietary/vendor/lib64/libkeymaster_helper.so	libc.so	PLATFORM	bionic, LineageOS/android_bionic (manifest default.xml:37); /system/lib64 + apex com.android.runtime/lib64/bionic
proprietary/vendor/lib64/libkeymaster_helper.so	libcrypto-v33.so	PLATFORM	external/boringssl manifest default.xml:98; device fork @2e50286ebc01 (extract-files.py):73-75 rewrites libcrypto.so -> libcrypto-v33.so at extraction
proprietary/vendor/lib64/libkeymaster_helper.so	libcutils.so	PLATFORM	bionic libcutils, LineageOS/android_bionic (manifest default.xml:37); /system/lib64
proprietary/vendor/lib64/libkeymaster_helper.so	libdl.so	PLATFORM	bionic, LineageOS/android_bionic (manifest default.xml:37)
proprietary/vendor/lib64/libkeymaster_helper.so	libhidlbase.so	PLATFORM	system/libhidl module 'libhidlbase', system/libhidl lineage-22.2 @2bfb10b64fcfa (module names); manifest default.xml:912 (system/libhidl, remote=aosp)
proprietary/vendor/lib64/libkeymaster_helper.so	libkeymaster4_1support.so	VENDOR-ELSEWHERE	Qualcomm keymaster 4.1 support lib, CAF tree; CAF platform tree device fork @2e50286ebc01 (extract-files.py):22 (hardware/qcom-caf/sdm845); project not on github.com, module name NOT verified here
proprietary/vendor/lib64/libkeymaster_helper.so	libkeymaster4support.so	VENDOR-ELSEWHERE	Qualcomm keymaster 4.0 support lib, CAF tree; CAF platform tree device fork @2e50286ebc01 (extract-files.py):22 (hardware/qcom-caf/sdm845); project not on github.com, module name NOT verified here
proprietary/vendor/lib64/libkeymaster_helper.so	liblog.so	PLATFORM	bionic, LineageOS/android_bionic (manifest default.xml:37); /system/lib64
proprietary/vendor/lib64/libkeymaster_helper.so	libm.so	PLATFORM	bionic, LineageOS/android_bionic (manifest default.xml:37)
proprietary/vendor/lib64/libkeymaster_helper.so	libutils.so	PLATFORM	bionic libutils, LineageOS/android_bionic (manifest default.xml:37); /system/lib64
proprietary/vendor/lib64/libkeymasterdeviceutils.so	libQSEEComAPI.so	VENDOR	shipped in this repo as proprietary/vendor/lib64/libQSEEComAPI.so
proprietary/vendor/lib64/libkeymasterdeviceutils.so	libc++.so	PLATFORM	bionic NDK compat lib, LineageOS/android_bionic (manifest default.xml:37); /system/lib64
proprietary/vendor/lib64/libkeymasterdeviceutils.so	libc.so	PLATFORM	bionic, LineageOS/android_bionic (manifest default.xml:37); /system/lib64 + apex com.android.runtime/lib64/bionic
proprietary/vendor/lib64/libkeymasterdeviceutils.so	libcrypto.so	PLATFORM	external/boringssl manifest default.xml:98 + conscrypt manifest default.xml:122 (APEX)
proprietary/vendor/lib64/libkeymasterdeviceutils.so	libcutils.so	PLATFORM	bionic libcutils, LineageOS/android_bionic (manifest default.xml:37); /system/lib64
proprietary/vendor/lib64/libkeymasterdeviceutils.so	libdl.so	PLATFORM	bionic, LineageOS/android_bionic (manifest default.xml:37)
proprietary/vendor/lib64/libkeymasterdeviceutils.so	liblog.so	PLATFORM	bionic, LineageOS/android_bionic (manifest default.xml:37); /system/lib64
proprietary/vendor/lib64/libkeymasterdeviceutils.so	libm.so	PLATFORM	bionic, LineageOS/android_bionic (manifest default.xml:37)
proprietary/vendor/lib64/libkeymasterprovision.so	libc++.so	PLATFORM	bionic NDK compat lib, LineageOS/android_bionic (manifest default.xml:37); /system/lib64
proprietary/vendor/lib64/libkeymasterprovision.so	libc.so	PLATFORM	bionic, LineageOS/android_bionic (manifest default.xml:37); /system/lib64 + apex com.android.runtime/lib64/bionic
proprietary/vendor/lib64/libkeymasterprovision.so	libcrypto.so	PLATFORM	external/boringssl manifest default.xml:98 + conscrypt manifest default.xml:122 (APEX)
proprietary/vendor/lib64/libkeymasterprovision.so	libdl.so	PLATFORM	bionic, LineageOS/android_bionic (manifest default.xml:37)
proprietary/vendor/lib64/libkeymasterprovision.so	libkeymasterdeviceutils.so	VENDOR	shipped in this repo as proprietary/vendor/lib64/libkeymasterdeviceutils.so
proprietary/vendor/lib64/libkeymasterprovision.so	libkeymasterutils.so	VENDOR	shipped in this repo as proprietary/vendor/lib64/libkeymasterutils.so
proprietary/vendor/lib64/libkeymasterprovision.so	liblog.so	PLATFORM	bionic, LineageOS/android_bionic (manifest default.xml:37); /system/lib64
proprietary/vendor/lib64/libkeymasterprovision.so	libm.so	PLATFORM	bionic, LineageOS/android_bionic (manifest default.xml:37)
proprietary/vendor/lib64/libkeymasterprovision.so	libqcbor.so	VENDOR	shipped in this repo as proprietary/vendor/lib64/libqcbor.so
proprietary/vendor/lib64/libkeymasterutils.so	libQSEEComAPI.so	VENDOR	shipped in this repo as proprietary/vendor/lib64/libQSEEComAPI.so
proprietary/vendor/lib64/libkeymasterutils.so	libc++.so	PLATFORM	bionic NDK compat lib, LineageOS/android_bionic (manifest default.xml:37); /system/lib64
proprietary/vendor/lib64/libkeymasterutils.so	libc.so	PLATFORM	bionic, LineageOS/android_bionic (manifest default.xml:37); /system/lib64 + apex com.android.runtime/lib64/bionic
proprietary/vendor/lib64/libkeymasterutils.so	libcrypto.so	PLATFORM	external/boringssl manifest default.xml:98 + conscrypt manifest default.xml:122 (APEX)
proprietary/vendor/lib64/libkeymasterutils.so	libcutils.so	PLATFORM	bionic libcutils, LineageOS/android_bionic (manifest default.xml:37); /system/lib64
proprietary/vendor/lib64/libkeymasterutils.so	libdl.so	PLATFORM	bionic, LineageOS/android_bionic (manifest default.xml:37)
proprietary/vendor/lib64/libkeymasterutils.so	liblog.so	PLATFORM	bionic, LineageOS/android_bionic (manifest default.xml:37); /system/lib64
proprietary/vendor/lib64/libkeymasterutils.so	libm.so	PLATFORM	bionic, LineageOS/android_bionic (manifest default.xml:37)
proprietary/vendor/lib64/liblbs_core.so	libc++.so	PLATFORM	bionic NDK compat lib, LineageOS/android_bionic (manifest default.xml:37); /system/lib64
proprietary/vendor/lib64/liblbs_core.so	libc.so	PLATFORM	bionic, LineageOS/android_bionic (manifest default.xml:37); /system/lib64 + apex com.android.runtime/lib64/bionic
proprietary/vendor/lib64/liblbs_core.so	libcrypto.so	PLATFORM	external/boringssl manifest default.xml:98 + conscrypt manifest default.xml:122 (APEX)
proprietary/vendor/lib64/liblbs_core.so	libcutils.so	PLATFORM	bionic libcutils, LineageOS/android_bionic (manifest default.xml:37); /system/lib64
proprietary/vendor/lib64/liblbs_core.so	libdl.so	PLATFORM	bionic, LineageOS/android_bionic (manifest default.xml:37)
proprietary/vendor/lib64/liblbs_core.so	libgps.utils.so	VENDOR	shipped in this repo as proprietary/vendor/lib64/libgps.utils.so
proprietary/vendor/lib64/liblbs_core.so	libizat_core.so	VENDOR	shipped in this repo as proprietary/vendor/lib64/libizat_core.so
proprietary/vendor/lib64/liblbs_core.so	libloc_api_v02.so	VENDOR	shipped in this repo as proprietary/vendor/lib64/libloc_api_v02.so
proprietary/vendor/lib64/liblbs_core.so	libloc_core.so	VENDOR	shipped in this repo as proprietary/vendor/lib64/libloc_core.so
proprietary/vendor/lib64/liblbs_core.so	liblog.so	PLATFORM	bionic, LineageOS/android_bionic (manifest default.xml:37); /system/lib64
proprietary/vendor/lib64/liblbs_core.so	libm.so	PLATFORM	bionic, LineageOS/android_bionic (manifest default.xml:37)
proprietary/vendor/lib64/liblbs_core.so	libmdmdetect.so	VENDOR	shipped in this repo as proprietary/vendor/lib64/libmdmdetect.so
proprietary/vendor/lib64/liblbs_core.so	libpdmapper.so	VENDOR	shipped in this repo as proprietary/vendor/lib64/libpdmapper.so
proprietary/vendor/lib64/liblbs_core.so	libperipheral_client.so	VENDOR	shipped in this repo as proprietary/vendor/lib64/libperipheral_client.so
proprietary/vendor/lib64/liblbs_core.so	libsqlite.so	PLATFORM	external/sqlite, manifest default.xml:528
proprietary/vendor/lib64/liblbs_core.so	libutils.so	PLATFORM	bionic libutils, LineageOS/android_bionic (manifest default.xml:37); /system/lib64
proprietary/vendor/lib64/liblearningmodule.so	libc++.so	PLATFORM	bionic NDK compat lib, LineageOS/android_bionic (manifest default.xml:37); /system/lib64
proprietary/vendor/lib64/liblearningmodule.so	libc.so	PLATFORM	bionic, LineageOS/android_bionic (manifest default.xml:37); /system/lib64 + apex com.android.runtime/lib64/bionic
proprietary/vendor/lib64/liblearningmodule.so	libcutils.so	PLATFORM	bionic libcutils, LineageOS/android_bionic (manifest default.xml:37); /system/lib64
proprietary/vendor/lib64/liblearningmodule.so	libdl.so	PLATFORM	bionic, LineageOS/android_bionic (manifest default.xml:37)
proprietary/vendor/lib64/liblearningmodule.so	liblog.so	PLATFORM	bionic, LineageOS/android_bionic (manifest default.xml:37); /system/lib64
proprietary/vendor/lib64/liblearningmodule.so	libm.so	PLATFORM	bionic, LineageOS/android_bionic (manifest default.xml:37)
proprietary/vendor/lib64/liblearningmodule.so	libperfconfig.so	VENDOR	shipped in this repo as proprietary/vendor/lib64/libperfconfig.so
proprietary/vendor/lib64/liblearningmodule.so	libperfgluelayer.so	VENDOR	shipped in this repo as proprietary/vendor/lib64/libperfgluelayer.so
proprietary/vendor/lib64/liblearningmodule.so	libsqlite.so	PLATFORM	external/sqlite, manifest default.xml:528
proprietary/vendor/lib64/liblearningmodule.so	libtinyxml2.so	VENDOR-ELSEWHERE	AOSP external/tinyxml2 (manifest default.xml:550) ships the static libtinyxml2.a only, so the .so must come from a CAF prebuilt; project not on github.com, module name NOT verified here
proprietary/vendor/lib64/liblearningmodule.so	libutils.so	PLATFORM	bionic libutils, LineageOS/android_bionic (manifest default.xml:37); /system/lib64
proprietary/vendor/lib64/libllvm-glnext.so	libc++.so	PLATFORM	bionic NDK compat lib, LineageOS/android_bionic (manifest default.xml:37); /system/lib64
proprietary/vendor/lib64/libllvm-glnext.so	libc.so	PLATFORM	bionic, LineageOS/android_bionic (manifest default.xml:37); /system/lib64 + apex com.android.runtime/lib64/bionic
proprietary/vendor/lib64/libllvm-glnext.so	libdl.so	PLATFORM	bionic, LineageOS/android_bionic (manifest default.xml:37)
proprietary/vendor/lib64/libllvm-glnext.so	libgsl.so	VENDOR	shipped in this repo as proprietary/vendor/lib64/libgsl.so
proprietary/vendor/lib64/libllvm-glnext.so	libm.so	PLATFORM	bionic, LineageOS/android_bionic (manifest default.xml:37)
proprietary/vendor/lib64/libllvm-qcom.so	libc++.so	PLATFORM	bionic NDK compat lib, LineageOS/android_bionic (manifest default.xml:37); /system/lib64
proprietary/vendor/lib64/libllvm-qcom.so	libc.so	PLATFORM	bionic, LineageOS/android_bionic (manifest default.xml:37); /system/lib64 + apex com.android.runtime/lib64/bionic
proprietary/vendor/lib64/libllvm-qcom.so	libdl.so	PLATFORM	bionic, LineageOS/android_bionic (manifest default.xml:37)
proprietary/vendor/lib64/libllvm-qcom.so	libm.so	PLATFORM	bionic, LineageOS/android_bionic (manifest default.xml:37)
proprietary/vendor/lib64/libloc_api_v02.so	libc++.so	PLATFORM	bionic NDK compat lib, LineageOS/android_bionic (manifest default.xml:37); /system/lib64
proprietary/vendor/lib64/libloc_api_v02.so	libc.so	PLATFORM	bionic, LineageOS/android_bionic (manifest default.xml:37); /system/lib64 + apex com.android.runtime/lib64/bionic
proprietary/vendor/lib64/libloc_api_v02.so	libcutils.so	PLATFORM	bionic libcutils, LineageOS/android_bionic (manifest default.xml:37); /system/lib64
proprietary/vendor/lib64/libloc_api_v02.so	libdl.so	PLATFORM	bionic, LineageOS/android_bionic (manifest default.xml:37)
proprietary/vendor/lib64/libloc_api_v02.so	libgps.utils.so	VENDOR	shipped in this repo as proprietary/vendor/lib64/libgps.utils.so
proprietary/vendor/lib64/libloc_api_v02.so	libloc_core.so	VENDOR	shipped in this repo as proprietary/vendor/lib64/libloc_core.so
proprietary/vendor/lib64/libloc_api_v02.so	liblog.so	PLATFORM	bionic, LineageOS/android_bionic (manifest default.xml:37); /system/lib64
proprietary/vendor/lib64/libloc_api_v02.so	libm.so	PLATFORM	bionic, LineageOS/android_bionic (manifest default.xml:37)
proprietary/vendor/lib64/libloc_api_v02.so	libqmi_cci.so	VENDOR	shipped in this repo as proprietary/vendor/lib64/libqmi_cci.so
proprietary/vendor/lib64/libloc_api_v02.so	libqmi_common_so.so	VENDOR	shipped in this repo as proprietary/vendor/lib64/libqmi_common_so.so
proprietary/vendor/lib64/libloc_api_v02.so	libsecnativefeature.so	VENDOR	shipped in this repo as proprietary/vendor/lib64/libsecnativefeature.so
proprietary/vendor/lib64/libloc_api_v02.so	libsemnativecarrierfeature.so	VENDOR	shipped in this repo as proprietary/vendor/lib64/libsemnativecarrierfeature.so
proprietary/vendor/lib64/libloc_api_v02.so	libutils.so	PLATFORM	bionic libutils, LineageOS/android_bionic (manifest default.xml:37); /system/lib64
proprietary/vendor/lib64/libloc_core.so	libc++.so	PLATFORM	bionic NDK compat lib, LineageOS/android_bionic (manifest default.xml:37); /system/lib64
proprietary/vendor/lib64/libloc_core.so	libc.so	PLATFORM	bionic, LineageOS/android_bionic (manifest default.xml:37); /system/lib64 + apex com.android.runtime/lib64/bionic
proprietary/vendor/lib64/libloc_core.so	libcutils.so	PLATFORM	bionic libcutils, LineageOS/android_bionic (manifest default.xml:37); /system/lib64
proprietary/vendor/lib64/libloc_core.so	libdl.so	PLATFORM	bionic, LineageOS/android_bionic (manifest default.xml:37)
proprietary/vendor/lib64/libloc_core.so	libgps.utils.so	VENDOR	shipped in this repo as proprietary/vendor/lib64/libgps.utils.so
proprietary/vendor/lib64/libloc_core.so	liblog.so	PLATFORM	bionic, LineageOS/android_bionic (manifest default.xml:37); /system/lib64
proprietary/vendor/lib64/libloc_core.so	libm.so	PLATFORM	bionic, LineageOS/android_bionic (manifest default.xml:37)
proprietary/vendor/lib64/libloc_core.so	libutils.so	PLATFORM	bionic libutils, LineageOS/android_bionic (manifest default.xml:37); /system/lib64
proprietary/vendor/lib64/libloc_socket.so	libc++.so	PLATFORM	bionic NDK compat lib, LineageOS/android_bionic (manifest default.xml:37); /system/lib64
proprietary/vendor/lib64/libloc_socket.so	libc.so	PLATFORM	bionic, LineageOS/android_bionic (manifest default.xml:37); /system/lib64 + apex com.android.runtime/lib64/bionic
proprietary/vendor/lib64/libloc_socket.so	libcutils.so	PLATFORM	bionic libcutils, LineageOS/android_bionic (manifest default.xml:37); /system/lib64
proprietary/vendor/lib64/libloc_socket.so	libdl.so	PLATFORM	bionic, LineageOS/android_bionic (manifest default.xml:37)
proprietary/vendor/lib64/libloc_socket.so	libgps.utils.so	VENDOR	shipped in this repo as proprietary/vendor/lib64/libgps.utils.so
proprietary/vendor/lib64/libloc_socket.so	liblog.so	PLATFORM	bionic, LineageOS/android_bionic (manifest default.xml:37); /system/lib64
proprietary/vendor/lib64/libloc_socket.so	libm.so	PLATFORM	bionic, LineageOS/android_bionic (manifest default.xml:37)
proprietary/vendor/lib64/libloc_socket.so	libqsocket.so	VENDOR	shipped in this repo as proprietary/vendor/lib64/libqsocket.so
proprietary/vendor/lib64/libloc_socket.so	libutils.so	PLATFORM	bionic libutils, LineageOS/android_bionic (manifest default.xml:37); /system/lib64
proprietary/vendor/lib64/liblocation_api.so	libc++.so	PLATFORM	bionic NDK compat lib, LineageOS/android_bionic (manifest default.xml:37); /system/lib64
proprietary/vendor/lib64/liblocation_api.so	libc.so	PLATFORM	bionic, LineageOS/android_bionic (manifest default.xml:37); /system/lib64 + apex com.android.runtime/lib64/bionic
proprietary/vendor/lib64/liblocation_api.so	libcutils.so	PLATFORM	bionic libcutils, LineageOS/android_bionic (manifest default.xml:37); /system/lib64
proprietary/vendor/lib64/liblocation_api.so	libdl.so	PLATFORM	bionic, LineageOS/android_bionic (manifest default.xml:37)
proprietary/vendor/lib64/liblocation_api.so	libgps.utils.so	VENDOR	shipped in this repo as proprietary/vendor/lib64/libgps.utils.so
proprietary/vendor/lib64/liblocation_api.so	liblog.so	PLATFORM	bionic, LineageOS/android_bionic (manifest default.xml:37); /system/lib64
proprietary/vendor/lib64/liblocation_api.so	libm.so	PLATFORM	bionic, LineageOS/android_bionic (manifest default.xml:37)
proprietary/vendor/lib64/liblocation_api.so	libutils.so	PLATFORM	bionic libutils, LineageOS/android_bionic (manifest default.xml:37); /system/lib64
proprietary/vendor/lib64/liblocationservice.so	libc++.so	PLATFORM	bionic NDK compat lib, LineageOS/android_bionic (manifest default.xml:37); /system/lib64
proprietary/vendor/lib64/liblocationservice.so	libc.so	PLATFORM	bionic, LineageOS/android_bionic (manifest default.xml:37); /system/lib64 + apex com.android.runtime/lib64/bionic
proprietary/vendor/lib64/liblocationservice.so	libcutils.so	PLATFORM	bionic libcutils, LineageOS/android_bionic (manifest default.xml:37); /system/lib64
proprietary/vendor/lib64/liblocationservice.so	libdataitems.so	VENDOR	shipped in this repo as proprietary/vendor/lib64/libdataitems.so
proprietary/vendor/lib64/liblocationservice.so	libdl.so	PLATFORM	bionic, LineageOS/android_bionic (manifest default.xml:37)
proprietary/vendor/lib64/liblocationservice.so	libgps.utils.so	VENDOR	shipped in this repo as proprietary/vendor/lib64/libgps.utils.so
proprietary/vendor/lib64/liblocationservice.so	libizat_core.so	VENDOR	shipped in this repo as proprietary/vendor/lib64/libizat_core.so
proprietary/vendor/lib64/liblocationservice.so	liblbs_core.so	VENDOR	shipped in this repo as proprietary/vendor/lib64/liblbs_core.so
proprietary/vendor/lib64/liblocationservice.so	libloc_core.so	VENDOR	shipped in this repo as proprietary/vendor/lib64/libloc_core.so
proprietary/vendor/lib64/liblocationservice.so	liblocation_api.so	VENDOR	shipped in this repo as proprietary/vendor/lib64/liblocation_api.so
proprietary/vendor/lib64/liblocationservice.so	liblog.so	PLATFORM	bionic, LineageOS/android_bionic (manifest default.xml:37); /system/lib64
proprietary/vendor/lib64/liblocationservice.so	liblowi_client.so	VENDOR	shipped in this repo as proprietary/vendor/lib64/liblowi_client.so
proprietary/vendor/lib64/liblocationservice.so	libm.so	PLATFORM	bionic, LineageOS/android_bionic (manifest default.xml:37)
proprietary/vendor/lib64/liblocationservice_glue.so	libc++.so	PLATFORM	bionic NDK compat lib, LineageOS/android_bionic (manifest default.xml:37); /system/lib64
proprietary/vendor/lib64/liblocationservice_glue.so	libc.so	PLATFORM	bionic, LineageOS/android_bionic (manifest default.xml:37); /system/lib64 + apex com.android.runtime/lib64/bionic
proprietary/vendor/lib64/liblocationservice_glue.so	libcutils.so	PLATFORM	bionic libcutils, LineageOS/android_bionic (manifest default.xml:37); /system/lib64
proprietary/vendor/lib64/liblocationservice_glue.so	libdataitems.so	VENDOR	shipped in this repo as proprietary/vendor/lib64/libdataitems.so
proprietary/vendor/lib64/liblocationservice_glue.so	libdl.so	PLATFORM	bionic, LineageOS/android_bionic (manifest default.xml:37)
proprietary/vendor/lib64/liblocationservice_glue.so	libgps.utils.so	VENDOR	shipped in this repo as proprietary/vendor/lib64/libgps.utils.so
proprietary/vendor/lib64/liblocationservice_glue.so	libhardware_legacy.so	PLATFORM	AOSP hardware/interfaces, hardware/interfaces lineage-23.2 @13d687a84c83 (.hal present)
proprietary/vendor/lib64/liblocationservice_glue.so	liblbs_core.so	VENDOR	shipped in this repo as proprietary/vendor/lib64/liblbs_core.so
proprietary/vendor/lib64/liblocationservice_glue.so	libloc_core.so	VENDOR	shipped in this repo as proprietary/vendor/lib64/libloc_core.so
proprietary/vendor/lib64/liblocationservice_glue.so	liblocation_api.so	VENDOR	shipped in this repo as proprietary/vendor/lib64/liblocation_api.so
proprietary/vendor/lib64/liblocationservice_glue.so	liblocationservice.so	VENDOR	shipped in this repo as proprietary/vendor/lib64/liblocationservice.so
proprietary/vendor/lib64/liblocationservice_glue.so	liblog.so	PLATFORM	bionic, LineageOS/android_bionic (manifest default.xml:37); /system/lib64
proprietary/vendor/lib64/liblocationservice_glue.so	libm.so	PLATFORM	bionic, LineageOS/android_bionic (manifest default.xml:37)
proprietary/vendor/lib64/liblocationservice_glue.so	libutils.so	PLATFORM	bionic libutils, LineageOS/android_bionic (manifest default.xml:37); /system/lib64
proprietary/vendor/lib64/liblowi_client.so	libc++.so	PLATFORM	bionic NDK compat lib, LineageOS/android_bionic (manifest default.xml:37); /system/lib64
proprietary/vendor/lib64/liblowi_client.so	libc.so	PLATFORM	bionic, LineageOS/android_bionic (manifest default.xml:37); /system/lib64 + apex com.android.runtime/lib64/bionic
proprietary/vendor/lib64/liblowi_client.so	libcutils.so	PLATFORM	bionic libcutils, LineageOS/android_bionic (manifest default.xml:37); /system/lib64
proprietary/vendor/lib64/liblowi_client.so	libdl.so	PLATFORM	bionic, LineageOS/android_bionic (manifest default.xml:37)
proprietary/vendor/lib64/liblowi_client.so	liblog.so	PLATFORM	bionic, LineageOS/android_bionic (manifest default.xml:37); /system/lib64
proprietary/vendor/lib64/liblowi_client.so	libm.so	PLATFORM	bionic, LineageOS/android_bionic (manifest default.xml:37)
proprietary/vendor/lib64/liblowi_client.so	libutils.so	PLATFORM	bionic libutils, LineageOS/android_bionic (manifest default.xml:37); /system/lib64
proprietary/vendor/lib64/libmdmdetect.so	libc++.so	PLATFORM	bionic NDK compat lib, LineageOS/android_bionic (manifest default.xml:37); /system/lib64
proprietary/vendor/lib64/libmdmdetect.so	libc.so	PLATFORM	bionic, LineageOS/android_bionic (manifest default.xml:37); /system/lib64 + apex com.android.runtime/lib64/bionic
proprietary/vendor/lib64/libmdmdetect.so	libcutils.so	PLATFORM	bionic libcutils, LineageOS/android_bionic (manifest default.xml:37); /system/lib64
proprietary/vendor/lib64/libmdmdetect.so	libdl.so	PLATFORM	bionic, LineageOS/android_bionic (manifest default.xml:37)
proprietary/vendor/lib64/libmdmdetect.so	liblog.so	PLATFORM	bionic, LineageOS/android_bionic (manifest default.xml:37); /system/lib64
proprietary/vendor/lib64/libmdmdetect.so	libm.so	PLATFORM	bionic, LineageOS/android_bionic (manifest default.xml:37)
proprietary/vendor/lib64/libmdmdetect.so	libutils.so	PLATFORM	bionic libutils, LineageOS/android_bionic (manifest default.xml:37); /system/lib64
proprietary/vendor/lib64/libmdsprpc.so	libc++.so	PLATFORM	bionic NDK compat lib, LineageOS/android_bionic (manifest default.xml:37); /system/lib64
proprietary/vendor/lib64/libmdsprpc.so	libc.so	PLATFORM	bionic, LineageOS/android_bionic (manifest default.xml:37); /system/lib64 + apex com.android.runtime/lib64/bionic
proprietary/vendor/lib64/libmdsprpc.so	libcutils.so	PLATFORM	bionic libcutils, LineageOS/android_bionic (manifest default.xml:37); /system/lib64
proprietary/vendor/lib64/libmdsprpc.so	libdl.so	PLATFORM	bionic, LineageOS/android_bionic (manifest default.xml:37)
proprietary/vendor/lib64/libmdsprpc.so	libhardware.so	PLATFORM	AOSP hardware/interfaces, hardware/interfaces lineage-23.2 @13d687a84c83 (.hal present)
proprietary/vendor/lib64/libmdsprpc.so	libhidlbase.so	PLATFORM	system/libhidl module 'libhidlbase', system/libhidl lineage-22.2 @2bfb10b64fcfa (module names); manifest default.xml:912 (system/libhidl, remote=aosp)
proprietary/vendor/lib64/libmdsprpc.so	libion.so	PLATFORM	AOSP system/memory/libion, manifest default.xml:924
proprietary/vendor/lib64/libmdsprpc.so	liblog.so	PLATFORM	bionic, LineageOS/android_bionic (manifest default.xml:37); /system/lib64
proprietary/vendor/lib64/libmdsprpc.so	libm.so	PLATFORM	bionic, LineageOS/android_bionic (manifest default.xml:37)
proprietary/vendor/lib64/libmdsprpc.so	libutils.so	PLATFORM	bionic libutils, LineageOS/android_bionic (manifest default.xml:37); /system/lib64
proprietary/vendor/lib64/libmdsprpc.so	vendor.qti.hardware.dsp@1.0.so	VENDOR	shipped in this repo as proprietary/vendor/lib64/vendor.qti.hardware.dsp@1.0.so
proprietary/vendor/lib64/libmeters.so	libc++.so	PLATFORM	bionic NDK compat lib, LineageOS/android_bionic (manifest default.xml:37); /system/lib64
proprietary/vendor/lib64/libmeters.so	libc.so	PLATFORM	bionic, LineageOS/android_bionic (manifest default.xml:37); /system/lib64 + apex com.android.runtime/lib64/bionic
proprietary/vendor/lib64/libmeters.so	libcutils.so	PLATFORM	bionic libcutils, LineageOS/android_bionic (manifest default.xml:37); /system/lib64
proprietary/vendor/lib64/libmeters.so	libdl.so	PLATFORM	bionic, LineageOS/android_bionic (manifest default.xml:37)
proprietary/vendor/lib64/libmeters.so	liblearningmodule.so	VENDOR	shipped in this repo as proprietary/vendor/lib64/liblearningmodule.so
proprietary/vendor/lib64/libmeters.so	liblog.so	PLATFORM	bionic, LineageOS/android_bionic (manifest default.xml:37); /system/lib64
proprietary/vendor/lib64/libmeters.so	libm.so	PLATFORM	bionic, LineageOS/android_bionic (manifest default.xml:37)
proprietary/vendor/lib64/libminkdescriptor.so	libc++.so	PLATFORM	bionic NDK compat lib, LineageOS/android_bionic (manifest default.xml:37); /system/lib64
proprietary/vendor/lib64/libminkdescriptor.so	libc.so	PLATFORM	bionic, LineageOS/android_bionic (manifest default.xml:37); /system/lib64 + apex com.android.runtime/lib64/bionic
proprietary/vendor/lib64/libminkdescriptor.so	libdl.so	PLATFORM	bionic, LineageOS/android_bionic (manifest default.xml:37)
proprietary/vendor/lib64/libminkdescriptor.so	liblog.so	PLATFORM	bionic, LineageOS/android_bionic (manifest default.xml:37); /system/lib64
proprietary/vendor/lib64/libminkdescriptor.so	libm.so	PLATFORM	bionic, LineageOS/android_bionic (manifest default.xml:37)
proprietary/vendor/lib64/libminkdescriptor.so	libqcbor.so	VENDOR	shipped in this repo as proprietary/vendor/lib64/libqcbor.so
proprietary/vendor/lib64/libminkdescriptor.so	libutils.so	PLATFORM	bionic libutils, LineageOS/android_bionic (manifest default.xml:37); /system/lib64
proprietary/vendor/lib64/libmmosal.so	libc++.so	PLATFORM	bionic NDK compat lib, LineageOS/android_bionic (manifest default.xml:37); /system/lib64
proprietary/vendor/lib64/libmmosal.so	libc.so	PLATFORM	bionic, LineageOS/android_bionic (manifest default.xml:37); /system/lib64 + apex com.android.runtime/lib64/bionic
proprietary/vendor/lib64/libmmosal.so	libcutils.so	PLATFORM	bionic libcutils, LineageOS/android_bionic (manifest default.xml:37); /system/lib64
proprietary/vendor/lib64/libmmosal.so	libdl.so	PLATFORM	bionic, LineageOS/android_bionic (manifest default.xml:37)
proprietary/vendor/lib64/libmmosal.so	liblog.so	PLATFORM	bionic, LineageOS/android_bionic (manifest default.xml:37); /system/lib64
proprietary/vendor/lib64/libmmosal.so	libm.so	PLATFORM	bionic, LineageOS/android_bionic (manifest default.xml:37)
proprietary/vendor/lib64/libmmosal.so	libutils.so	PLATFORM	bionic libutils, LineageOS/android_bionic (manifest default.xml:37); /system/lib64
proprietary/vendor/lib64/libnanopb.so	libc++.so	PLATFORM	bionic NDK compat lib, LineageOS/android_bionic (manifest default.xml:37); /system/lib64
proprietary/vendor/lib64/libnanopb.so	libc.so	PLATFORM	bionic, LineageOS/android_bionic (manifest default.xml:37); /system/lib64 + apex com.android.runtime/lib64/bionic
proprietary/vendor/lib64/libnanopb.so	libdl.so	PLATFORM	bionic, LineageOS/android_bionic (manifest default.xml:37)
proprietary/vendor/lib64/libnanopb.so	libm.so	PLATFORM	bionic, LineageOS/android_bionic (manifest default.xml:37)
proprietary/vendor/lib64/libops.so	libQSEEComAPI.so	VENDOR	shipped in this repo as proprietary/vendor/lib64/libQSEEComAPI.so
proprietary/vendor/lib64/libops.so	libc++.so	PLATFORM	bionic NDK compat lib, LineageOS/android_bionic (manifest default.xml:37); /system/lib64
proprietary/vendor/lib64/libops.so	libc.so	PLATFORM	bionic, LineageOS/android_bionic (manifest default.xml:37); /system/lib64 + apex com.android.runtime/lib64/bionic
proprietary/vendor/lib64/libops.so	libcutils.so	PLATFORM	bionic libcutils, LineageOS/android_bionic (manifest default.xml:37); /system/lib64
proprietary/vendor/lib64/libops.so	libdisplayconfig.qti.so	VENDOR-ELSEWHERE	Qualcomm display config client, CAF display tree; CAF platform tree device fork @2e50286ebc01 (extract-files.py):22 (hardware/qcom-caf/sdm845); project not on github.com, module name NOT verified here
proprietary/vendor/lib64/libops.so	libdl.so	PLATFORM	bionic, LineageOS/android_bionic (manifest default.xml:37)
proprietary/vendor/lib64/libops.so	libdrm.so	VENDOR-ELSEWHERE	Mesa DRM from the CAF display/graphics tree; not in AOSP bionic/frameworks, ; project not on github.com, module name NOT verified here (confidence: low)
proprietary/vendor/lib64/libops.so	libhidlbase.so	PLATFORM	system/libhidl module 'libhidlbase', system/libhidl lineage-22.2 @2bfb10b64fcfa (module names); manifest default.xml:912 (system/libhidl, remote=aosp)
proprietary/vendor/lib64/libops.so	liblog.so	PLATFORM	bionic, LineageOS/android_bionic (manifest default.xml:37); /system/lib64
proprietary/vendor/lib64/libops.so	libm.so	PLATFORM	bionic, LineageOS/android_bionic (manifest default.xml:37)
proprietary/vendor/lib64/libops.so	libutils.so	PLATFORM	bionic libutils, LineageOS/android_bionic (manifest default.xml:37); /system/lib64
proprietary/vendor/lib64/libpdmapper.so	libc++.so	PLATFORM	bionic NDK compat lib, LineageOS/android_bionic (manifest default.xml:37); /system/lib64
proprietary/vendor/lib64/libpdmapper.so	libc.so	PLATFORM	bionic, LineageOS/android_bionic (manifest default.xml:37); /system/lib64 + apex com.android.runtime/lib64/bionic
proprietary/vendor/lib64/libpdmapper.so	libcutils.so	PLATFORM	bionic libcutils, LineageOS/android_bionic (manifest default.xml:37); /system/lib64
proprietary/vendor/lib64/libpdmapper.so	libdl.so	PLATFORM	bionic, LineageOS/android_bionic (manifest default.xml:37)
proprietary/vendor/lib64/libpdmapper.so	libjson.so	VENDOR-ELSEWHERE	not bionic/frameworks and not found in the LineageOS 23.2 manifest; consumer is Qualcomm's perf HAL vendor/lib{,64}/libpdmapper.so, so the CAF tree most likely provides it; project not on github.com, module name NOT verified here (confidence: low)
proprietary/vendor/lib64/libpdmapper.so	liblog.so	PLATFORM	bionic, LineageOS/android_bionic (manifest default.xml:37); /system/lib64
proprietary/vendor/lib64/libpdmapper.so	libm.so	PLATFORM	bionic, LineageOS/android_bionic (manifest default.xml:37)
proprietary/vendor/lib64/libpdmapper.so	libqmi_cci.so	VENDOR	shipped in this repo as proprietary/vendor/lib64/libqmi_cci.so
proprietary/vendor/lib64/libpdmapper.so	libqmi_common_so.so	VENDOR	shipped in this repo as proprietary/vendor/lib64/libqmi_common_so.so
proprietary/vendor/lib64/libpdmapper.so	libqmi_encdec.so	VENDOR	shipped in this repo as proprietary/vendor/lib64/libqmi_encdec.so
proprietary/vendor/lib64/libpdmapper.so	libutils.so	PLATFORM	bionic libutils, LineageOS/android_bionic (manifest default.xml:37); /system/lib64
proprietary/vendor/lib64/libperfconfig.so	libc++.so	PLATFORM	bionic NDK compat lib, LineageOS/android_bionic (manifest default.xml:37); /system/lib64
proprietary/vendor/lib64/libperfconfig.so	libc.so	PLATFORM	bionic, LineageOS/android_bionic (manifest default.xml:37); /system/lib64 + apex com.android.runtime/lib64/bionic
proprietary/vendor/lib64/libperfconfig.so	libcutils.so	PLATFORM	bionic libcutils, LineageOS/android_bionic (manifest default.xml:37); /system/lib64
proprietary/vendor/lib64/libperfconfig.so	libdl.so	PLATFORM	bionic, LineageOS/android_bionic (manifest default.xml:37)
proprietary/vendor/lib64/libperfconfig.so	liblog.so	PLATFORM	bionic, LineageOS/android_bionic (manifest default.xml:37); /system/lib64
proprietary/vendor/lib64/libperfconfig.so	libm.so	PLATFORM	bionic, LineageOS/android_bionic (manifest default.xml:37)
proprietary/vendor/lib64/libperfconfig.so	libqti-util.so	VENDOR	shipped in this repo as proprietary/vendor/lib64/libqti-util.so
proprietary/vendor/lib64/libperfconfig.so	libutils.so	PLATFORM	bionic libutils, LineageOS/android_bionic (manifest default.xml:37); /system/lib64
proprietary/vendor/lib64/libperfconfig.so	libxml2.so	PLATFORM	external/libxml2, manifest default.xml:346
proprietary/vendor/lib64/libperfgluelayer.so	libc++.so	PLATFORM	bionic NDK compat lib, LineageOS/android_bionic (manifest default.xml:37); /system/lib64
proprietary/vendor/lib64/libperfgluelayer.so	libc.so	PLATFORM	bionic, LineageOS/android_bionic (manifest default.xml:37); /system/lib64 + apex com.android.runtime/lib64/bionic
proprietary/vendor/lib64/libperfgluelayer.so	libcutils.so	PLATFORM	bionic libcutils, LineageOS/android_bionic (manifest default.xml:37); /system/lib64
proprietary/vendor/lib64/libperfgluelayer.so	libdl.so	PLATFORM	bionic, LineageOS/android_bionic (manifest default.xml:37)
proprietary/vendor/lib64/libperfgluelayer.so	liblog.so	PLATFORM	bionic, LineageOS/android_bionic (manifest default.xml:37); /system/lib64
proprietary/vendor/lib64/libperfgluelayer.so	libm.so	PLATFORM	bionic, LineageOS/android_bionic (manifest default.xml:37)
proprietary/vendor/lib64/libperfgluelayer.so	libutils.so	PLATFORM	bionic libutils, LineageOS/android_bionic (manifest default.xml:37); /system/lib64
proprietary/vendor/lib64/libperfioctl.so	libc++.so	PLATFORM	bionic NDK compat lib, LineageOS/android_bionic (manifest default.xml:37); /system/lib64
proprietary/vendor/lib64/libperfioctl.so	libc.so	PLATFORM	bionic, LineageOS/android_bionic (manifest default.xml:37); /system/lib64 + apex com.android.runtime/lib64/bionic
proprietary/vendor/lib64/libperfioctl.so	libcutils.so	PLATFORM	bionic libcutils, LineageOS/android_bionic (manifest default.xml:37); /system/lib64
proprietary/vendor/lib64/libperfioctl.so	libdl.so	PLATFORM	bionic, LineageOS/android_bionic (manifest default.xml:37)
proprietary/vendor/lib64/libperfioctl.so	liblog.so	PLATFORM	bionic, LineageOS/android_bionic (manifest default.xml:37); /system/lib64
proprietary/vendor/lib64/libperfioctl.so	libm.so	PLATFORM	bionic, LineageOS/android_bionic (manifest default.xml:37)
proprietary/vendor/lib64/libperfioctl.so	libutils.so	PLATFORM	bionic libutils, LineageOS/android_bionic (manifest default.xml:37); /system/lib64
proprietary/vendor/lib64/libperipheral_client.so	libbinder.so	PLATFORM	frameworks/native (manifest default.xml:613) libs/binder
proprietary/vendor/lib64/libperipheral_client.so	libc++.so	PLATFORM	bionic NDK compat lib, LineageOS/android_bionic (manifest default.xml:37); /system/lib64
proprietary/vendor/lib64/libperipheral_client.so	libc.so	PLATFORM	bionic, LineageOS/android_bionic (manifest default.xml:37); /system/lib64 + apex com.android.runtime/lib64/bionic
proprietary/vendor/lib64/libperipheral_client.so	libcutils.so	PLATFORM	bionic libcutils, LineageOS/android_bionic (manifest default.xml:37); /system/lib64
proprietary/vendor/lib64/libperipheral_client.so	libdl.so	PLATFORM	bionic, LineageOS/android_bionic (manifest default.xml:37)
proprietary/vendor/lib64/libperipheral_client.so	liblog.so	PLATFORM	bionic, LineageOS/android_bionic (manifest default.xml:37); /system/lib64
proprietary/vendor/lib64/libperipheral_client.so	libm.so	PLATFORM	bionic, LineageOS/android_bionic (manifest default.xml:37)
proprietary/vendor/lib64/libperipheral_client.so	libmdmdetect.so	VENDOR	shipped in this repo as proprietary/vendor/lib64/libmdmdetect.so
proprietary/vendor/lib64/libperipheral_client.so	libutils.so	PLATFORM	bionic libutils, LineageOS/android_bionic (manifest default.xml:37); /system/lib64
proprietary/vendor/lib64/libprofileparamstorage.so	libc++.so	PLATFORM	bionic NDK compat lib, LineageOS/android_bionic (manifest default.xml:37); /system/lib64
proprietary/vendor/lib64/libprofileparamstorage.so	libc.so	PLATFORM	bionic, LineageOS/android_bionic (manifest default.xml:37); /system/lib64 + apex com.android.runtime/lib64/bionic
proprietary/vendor/lib64/libprofileparamstorage.so	libcutils.so	PLATFORM	bionic libcutils, LineageOS/android_bionic (manifest default.xml:37); /system/lib64
proprietary/vendor/lib64/libprofileparamstorage.so	libdl.so	PLATFORM	bionic, LineageOS/android_bionic (manifest default.xml:37)
proprietary/vendor/lib64/libprofileparamstorage.so	liblog.so	PLATFORM	bionic, LineageOS/android_bionic (manifest default.xml:37); /system/lib64
proprietary/vendor/lib64/libprofileparamstorage.so	libm.so	PLATFORM	bionic, LineageOS/android_bionic (manifest default.xml:37)
proprietary/vendor/lib64/libprofileparamstorage.so	libutils.so	PLATFORM	bionic libutils, LineageOS/android_bionic (manifest default.xml:37); /system/lib64
proprietary/vendor/lib64/libprofileparamstorage.so	libxml2.so	PLATFORM	external/libxml2, manifest default.xml:346
proprietary/vendor/lib64/libpvr.so	libQSEEComAPI.so	VENDOR	shipped in this repo as proprietary/vendor/lib64/libQSEEComAPI.so
proprietary/vendor/lib64/libpvr.so	libc++.so	PLATFORM	bionic NDK compat lib, LineageOS/android_bionic (manifest default.xml:37); /system/lib64
proprietary/vendor/lib64/libpvr.so	libc.so	PLATFORM	bionic, LineageOS/android_bionic (manifest default.xml:37); /system/lib64 + apex com.android.runtime/lib64/bionic
proprietary/vendor/lib64/libpvr.so	libcutils.so	PLATFORM	bionic libcutils, LineageOS/android_bionic (manifest default.xml:37); /system/lib64
proprietary/vendor/lib64/libpvr.so	libdl.so	PLATFORM	bionic, LineageOS/android_bionic (manifest default.xml:37)
proprietary/vendor/lib64/libpvr.so	liblog.so	PLATFORM	bionic, LineageOS/android_bionic (manifest default.xml:37); /system/lib64
proprietary/vendor/lib64/libpvr.so	libm.so	PLATFORM	bionic, LineageOS/android_bionic (manifest default.xml:37)
proprietary/vendor/lib64/libpvr.so	libutils.so	PLATFORM	bionic libutils, LineageOS/android_bionic (manifest default.xml:37); /system/lib64
proprietary/vendor/lib64/libqcbor.so	libc++.so	PLATFORM	bionic NDK compat lib, LineageOS/android_bionic (manifest default.xml:37); /system/lib64
proprietary/vendor/lib64/libqcbor.so	libc.so	PLATFORM	bionic, LineageOS/android_bionic (manifest default.xml:37); /system/lib64 + apex com.android.runtime/lib64/bionic
proprietary/vendor/lib64/libqcbor.so	libcutils.so	PLATFORM	bionic libcutils, LineageOS/android_bionic (manifest default.xml:37); /system/lib64
proprietary/vendor/lib64/libqcbor.so	libdl.so	PLATFORM	bionic, LineageOS/android_bionic (manifest default.xml:37)
proprietary/vendor/lib64/libqcbor.so	liblog.so	PLATFORM	bionic, LineageOS/android_bionic (manifest default.xml:37); /system/lib64
proprietary/vendor/lib64/libqcbor.so	libm.so	PLATFORM	bionic, LineageOS/android_bionic (manifest default.xml:37)
proprietary/vendor/lib64/libqcbor.so	libutils.so	PLATFORM	bionic libutils, LineageOS/android_bionic (manifest default.xml:37); /system/lib64
proprietary/vendor/lib64/libqcc_file_agent.so	libbase.so	PLATFORM	bionic libbase, LineageOS/android_bionic (manifest default.xml:37); /system/lib64
proprietary/vendor/lib64/libqcc_file_agent.so	libc++.so	PLATFORM	bionic NDK compat lib, LineageOS/android_bionic (manifest default.xml:37); /system/lib64
proprietary/vendor/lib64/libqcc_file_agent.so	libc.so	PLATFORM	bionic, LineageOS/android_bionic (manifest default.xml:37); /system/lib64 + apex com.android.runtime/lib64/bionic
proprietary/vendor/lib64/libqcc_file_agent.so	libcutils.so	PLATFORM	bionic libcutils, LineageOS/android_bionic (manifest default.xml:37); /system/lib64
proprietary/vendor/lib64/libqcc_file_agent.so	libdl.so	PLATFORM	bionic, LineageOS/android_bionic (manifest default.xml:37)
proprietary/vendor/lib64/libqcc_file_agent.so	libfmq.so	VENDOR-ELSEWHERE	Qualcomm FM metadata (RIL), CAF tree; CAF platform tree device fork @2e50286ebc01 (extract-files.py):22 (hardware/qcom-caf/sdm845); project not on github.com, module name NOT verified here
proprietary/vendor/lib64/libqcc_file_agent.so	libhidlbase.so	PLATFORM	system/libhidl module 'libhidlbase', system/libhidl lineage-22.2 @2bfb10b64fcfa (module names); manifest default.xml:912 (system/libhidl, remote=aosp)
proprietary/vendor/lib64/libqcc_file_agent.so	liblog.so	PLATFORM	bionic, LineageOS/android_bionic (manifest default.xml:37); /system/lib64
proprietary/vendor/lib64/libqcc_file_agent.so	libm.so	PLATFORM	bionic, LineageOS/android_bionic (manifest default.xml:37)
proprietary/vendor/lib64/libqcc_file_agent.so	libmmosal.so	VENDOR	shipped in this repo as proprietary/system_ext/lib64/libmmosal.so;proprietary/vendor/lib64/libmmosal.so
proprietary/vendor/lib64/libqcc_file_agent.so	libutils.so	PLATFORM	bionic libutils, LineageOS/android_bionic (manifest default.xml:37); /system/lib64
proprietary/vendor/lib64/libqcc_file_agent.so	vendor.qti.hardware.qccsyshal@1.0.so	VENDOR	shipped in this repo as proprietary/vendor/lib64/vendor.qti.hardware.qccsyshal@1.0.so
proprietary/vendor/lib64/libqcmaputils.so	libc++.so	PLATFORM	bionic NDK compat lib, LineageOS/android_bionic (manifest default.xml:37); /system/lib64
proprietary/vendor/lib64/libqcmaputils.so	libc.so	PLATFORM	bionic, LineageOS/android_bionic (manifest default.xml:37); /system/lib64 + apex com.android.runtime/lib64/bionic
proprietary/vendor/lib64/libqcmaputils.so	libdiag.so	VENDOR	shipped in this repo as proprietary/vendor/lib64/libdiag.so
proprietary/vendor/lib64/libqcmaputils.so	libdl.so	PLATFORM	bionic, LineageOS/android_bionic (manifest default.xml:37)
proprietary/vendor/lib64/libqcmaputils.so	libdsutils.so	VENDOR	shipped in this repo as proprietary/vendor/lib64/libdsutils.so
proprietary/vendor/lib64/libqcmaputils.so	libm.so	PLATFORM	bionic, LineageOS/android_bionic (manifest default.xml:37)
proprietary/vendor/lib64/libqdi.so	libc++.so	PLATFORM	bionic NDK compat lib, LineageOS/android_bionic (manifest default.xml:37); /system/lib64
proprietary/vendor/lib64/libqdi.so	libc.so	PLATFORM	bionic, LineageOS/android_bionic (manifest default.xml:37); /system/lib64 + apex com.android.runtime/lib64/bionic
proprietary/vendor/lib64/libqdi.so	libdiag.so	VENDOR	shipped in this repo as proprietary/vendor/lib64/libdiag.so
proprietary/vendor/lib64/libqdi.so	libdl.so	PLATFORM	bionic, LineageOS/android_bionic (manifest default.xml:37)
proprietary/vendor/lib64/libqdi.so	libdsutils.so	VENDOR	shipped in this repo as proprietary/vendor/lib64/libdsutils.so
proprietary/vendor/lib64/libqdi.so	liblog.so	PLATFORM	bionic, LineageOS/android_bionic (manifest default.xml:37); /system/lib64
proprietary/vendor/lib64/libqdi.so	libm.so	PLATFORM	bionic, LineageOS/android_bionic (manifest default.xml:37)
proprietary/vendor/lib64/libqdi.so	libqmi.so	VENDOR	shipped in this repo as proprietary/vendor/lib64/libqmi.so
proprietary/vendor/lib64/libqdi.so	libqmi_cci.so	VENDOR	shipped in this repo as proprietary/vendor/lib64/libqmi_cci.so
proprietary/vendor/lib64/libqdi.so	libqmi_client_helper.so	VENDOR	shipped in this repo as proprietary/vendor/lib64/libqmi_client_helper.so
proprietary/vendor/lib64/libqdi.so	libqmi_client_qmux.so	VENDOR	shipped in this repo as proprietary/vendor/lib64/libqmi_client_qmux.so
proprietary/vendor/lib64/libqdi.so	libqmi_common_so.so	VENDOR	shipped in this repo as proprietary/vendor/lib64/libqmi_common_so.so
proprietary/vendor/lib64/libqdi.so	libqmiservices.so	VENDOR	shipped in this repo as proprietary/vendor/lib64/libqmiservices.so
proprietary/vendor/lib64/libqdma_file_agent.so	libbase.so	PLATFORM	bionic libbase, LineageOS/android_bionic (manifest default.xml:37); /system/lib64
proprietary/vendor/lib64/libqdma_file_agent.so	libc++.so	PLATFORM	bionic NDK compat lib, LineageOS/android_bionic (manifest default.xml:37); /system/lib64
proprietary/vendor/lib64/libqdma_file_agent.so	libc.so	PLATFORM	bionic, LineageOS/android_bionic (manifest default.xml:37); /system/lib64 + apex com.android.runtime/lib64/bionic
proprietary/vendor/lib64/libqdma_file_agent.so	libcutils.so	PLATFORM	bionic libcutils, LineageOS/android_bionic (manifest default.xml:37); /system/lib64
proprietary/vendor/lib64/libqdma_file_agent.so	libdl.so	PLATFORM	bionic, LineageOS/android_bionic (manifest default.xml:37)
proprietary/vendor/lib64/libqdma_file_agent.so	libfmq.so	VENDOR-ELSEWHERE	Qualcomm FM metadata (RIL), CAF tree; CAF platform tree device fork @2e50286ebc01 (extract-files.py):22 (hardware/qcom-caf/sdm845); project not on github.com, module name NOT verified here
proprietary/vendor/lib64/libqdma_file_agent.so	libhidlbase.so	PLATFORM	system/libhidl module 'libhidlbase', system/libhidl lineage-22.2 @2bfb10b64fcfa (module names); manifest default.xml:912 (system/libhidl, remote=aosp)
proprietary/vendor/lib64/libqdma_file_agent.so	liblog.so	PLATFORM	bionic, LineageOS/android_bionic (manifest default.xml:37); /system/lib64
proprietary/vendor/lib64/libqdma_file_agent.so	libm.so	PLATFORM	bionic, LineageOS/android_bionic (manifest default.xml:37)
proprietary/vendor/lib64/libqdma_file_agent.so	libmmosal.so	VENDOR	shipped in this repo as proprietary/system_ext/lib64/libmmosal.so;proprietary/vendor/lib64/libmmosal.so
proprietary/vendor/lib64/libqdma_file_agent.so	libutils.so	PLATFORM	bionic libutils, LineageOS/android_bionic (manifest default.xml:37); /system/lib64
proprietary/vendor/lib64/libqdma_file_agent.so	vendor.qti.hardware.qccsyshal@1.0.so	VENDOR	shipped in this repo as proprietary/vendor/lib64/vendor.qti.hardware.qccsyshal@1.0.so
proprietary/vendor/lib64/libqfp_sensortest.so	libc++.so	PLATFORM	bionic NDK compat lib, LineageOS/android_bionic (manifest default.xml:37); /system/lib64
proprietary/vendor/lib64/libqfp_sensortest.so	libc.so	PLATFORM	bionic, LineageOS/android_bionic (manifest default.xml:37); /system/lib64 + apex com.android.runtime/lib64/bionic
proprietary/vendor/lib64/libqfp_sensortest.so	libcutils.so	PLATFORM	bionic libcutils, LineageOS/android_bionic (manifest default.xml:37); /system/lib64
proprietary/vendor/lib64/libqfp_sensortest.so	libdl.so	PLATFORM	bionic, LineageOS/android_bionic (manifest default.xml:37)
proprietary/vendor/lib64/libqfp_sensortest.so	liblog.so	PLATFORM	bionic, LineageOS/android_bionic (manifest default.xml:37); /system/lib64
proprietary/vendor/lib64/libqfp_sensortest.so	libm.so	PLATFORM	bionic, LineageOS/android_bionic (manifest default.xml:37)
proprietary/vendor/lib64/libqfp_sensortest.so	libutils.so	PLATFORM	bionic libutils, LineageOS/android_bionic (manifest default.xml:37); /system/lib64
proprietary/vendor/lib64/libqisl.so	libQSEEComAPI.so	VENDOR	shipped in this repo as proprietary/vendor/lib64/libQSEEComAPI.so
proprietary/vendor/lib64/libqisl.so	libc++.so	PLATFORM	bionic NDK compat lib, LineageOS/android_bionic (manifest default.xml:37); /system/lib64
proprietary/vendor/lib64/libqisl.so	libc.so	PLATFORM	bionic, LineageOS/android_bionic (manifest default.xml:37); /system/lib64 + apex com.android.runtime/lib64/bionic
proprietary/vendor/lib64/libqisl.so	libcutils.so	PLATFORM	bionic libcutils, LineageOS/android_bionic (manifest default.xml:37); /system/lib64
proprietary/vendor/lib64/libqisl.so	libdl.so	PLATFORM	bionic, LineageOS/android_bionic (manifest default.xml:37)
proprietary/vendor/lib64/libqisl.so	liblog.so	PLATFORM	bionic, LineageOS/android_bionic (manifest default.xml:37); /system/lib64
proprietary/vendor/lib64/libqisl.so	libm.so	PLATFORM	bionic, LineageOS/android_bionic (manifest default.xml:37)
proprietary/vendor/lib64/libqmi.so	libc++.so	PLATFORM	bionic NDK compat lib, LineageOS/android_bionic (manifest default.xml:37); /system/lib64
proprietary/vendor/lib64/libqmi.so	libc.so	PLATFORM	bionic, LineageOS/android_bionic (manifest default.xml:37); /system/lib64 + apex com.android.runtime/lib64/bionic
proprietary/vendor/lib64/libqmi.so	libcutils.so	PLATFORM	bionic libcutils, LineageOS/android_bionic (manifest default.xml:37); /system/lib64
proprietary/vendor/lib64/libqmi.so	libdiag.so	VENDOR	shipped in this repo as proprietary/vendor/lib64/libdiag.so
proprietary/vendor/lib64/libqmi.so	libdl.so	PLATFORM	bionic, LineageOS/android_bionic (manifest default.xml:37)
proprietary/vendor/lib64/libqmi.so	libdsutils.so	VENDOR	shipped in this repo as proprietary/vendor/lib64/libdsutils.so
proprietary/vendor/lib64/libqmi.so	libidl.so	VENDOR	shipped in this repo as proprietary/vendor/lib64/libidl.so
proprietary/vendor/lib64/libqmi.so	liblog.so	PLATFORM	bionic, LineageOS/android_bionic (manifest default.xml:37); /system/lib64
proprietary/vendor/lib64/libqmi.so	libm.so	PLATFORM	bionic, LineageOS/android_bionic (manifest default.xml:37)
proprietary/vendor/lib64/libqmi.so	libqmi_client_qmux.so	VENDOR	shipped in this repo as proprietary/vendor/lib64/libqmi_client_qmux.so
proprietary/vendor/lib64/libqmi.so	libqmiservices.so	VENDOR	shipped in this repo as proprietary/vendor/lib64/libqmiservices.so
proprietary/vendor/lib64/libqmi_cci.so	libc++.so	PLATFORM	bionic NDK compat lib, LineageOS/android_bionic (manifest default.xml:37); /system/lib64
proprietary/vendor/lib64/libqmi_cci.so	libc.so	PLATFORM	bionic, LineageOS/android_bionic (manifest default.xml:37); /system/lib64 + apex com.android.runtime/lib64/bionic
proprietary/vendor/lib64/libqmi_cci.so	libcutils.so	PLATFORM	bionic libcutils, LineageOS/android_bionic (manifest default.xml:37); /system/lib64
proprietary/vendor/lib64/libqmi_cci.so	libdl.so	PLATFORM	bionic, LineageOS/android_bionic (manifest default.xml:37)
proprietary/vendor/lib64/libqmi_cci.so	liblog.so	PLATFORM	bionic, LineageOS/android_bionic (manifest default.xml:37); /system/lib64
proprietary/vendor/lib64/libqmi_cci.so	libm.so	PLATFORM	bionic, LineageOS/android_bionic (manifest default.xml:37)
proprietary/vendor/lib64/libqmi_cci.so	libqmi_encdec.so	VENDOR	shipped in this repo as proprietary/vendor/lib64/libqmi_encdec.so
proprietary/vendor/lib64/libqmi_cci.so	libutils.so	PLATFORM	bionic libutils, LineageOS/android_bionic (manifest default.xml:37); /system/lib64
proprietary/vendor/lib64/libqmi_client_helper.so	libc++.so	PLATFORM	bionic NDK compat lib, LineageOS/android_bionic (manifest default.xml:37); /system/lib64
proprietary/vendor/lib64/libqmi_client_helper.so	libc.so	PLATFORM	bionic, LineageOS/android_bionic (manifest default.xml:37); /system/lib64 + apex com.android.runtime/lib64/bionic
proprietary/vendor/lib64/libqmi_client_helper.so	libcutils.so	PLATFORM	bionic libcutils, LineageOS/android_bionic (manifest default.xml:37); /system/lib64
proprietary/vendor/lib64/libqmi_client_helper.so	libdiag.so	VENDOR	shipped in this repo as proprietary/vendor/lib64/libdiag.so
proprietary/vendor/lib64/libqmi_client_helper.so	libdl.so	PLATFORM	bionic, LineageOS/android_bionic (manifest default.xml:37)
proprietary/vendor/lib64/libqmi_client_helper.so	libdsutils.so	VENDOR	shipped in this repo as proprietary/vendor/lib64/libdsutils.so
proprietary/vendor/lib64/libqmi_client_helper.so	libidl.so	VENDOR	shipped in this repo as proprietary/vendor/lib64/libidl.so
proprietary/vendor/lib64/libqmi_client_helper.so	liblog.so	PLATFORM	bionic, LineageOS/android_bionic (manifest default.xml:37); /system/lib64
proprietary/vendor/lib64/libqmi_client_helper.so	libm.so	PLATFORM	bionic, LineageOS/android_bionic (manifest default.xml:37)
proprietary/vendor/lib64/libqmi_client_helper.so	libqmi_cci.so	VENDOR	shipped in this repo as proprietary/vendor/lib64/libqmi_cci.so
proprietary/vendor/lib64/libqmi_client_helper.so	libqmi_client_qmux.so	VENDOR	shipped in this repo as proprietary/vendor/lib64/libqmi_client_qmux.so
proprietary/vendor/lib64/libqmi_client_helper.so	libqmiservices.so	VENDOR	shipped in this repo as proprietary/vendor/lib64/libqmiservices.so
proprietary/vendor/lib64/libqmi_client_qmux.so	libc++.so	PLATFORM	bionic NDK compat lib, LineageOS/android_bionic (manifest default.xml:37); /system/lib64
proprietary/vendor/lib64/libqmi_client_qmux.so	libc.so	PLATFORM	bionic, LineageOS/android_bionic (manifest default.xml:37); /system/lib64 + apex com.android.runtime/lib64/bionic
proprietary/vendor/lib64/libqmi_client_qmux.so	libcutils.so	PLATFORM	bionic libcutils, LineageOS/android_bionic (manifest default.xml:37); /system/lib64
proprietary/vendor/lib64/libqmi_client_qmux.so	libdiag.so	VENDOR	shipped in this repo as proprietary/vendor/lib64/libdiag.so
proprietary/vendor/lib64/libqmi_client_qmux.so	libdl.so	PLATFORM	bionic, LineageOS/android_bionic (manifest default.xml:37)
proprietary/vendor/lib64/libqmi_client_qmux.so	libdsutils.so	VENDOR	shipped in this repo as proprietary/vendor/lib64/libdsutils.so
proprietary/vendor/lib64/libqmi_client_qmux.so	libidl.so	VENDOR	shipped in this repo as proprietary/vendor/lib64/libidl.so
proprietary/vendor/lib64/libqmi_client_qmux.so	liblog.so	PLATFORM	bionic, LineageOS/android_bionic (manifest default.xml:37); /system/lib64
proprietary/vendor/lib64/libqmi_client_qmux.so	libm.so	PLATFORM	bionic, LineageOS/android_bionic (manifest default.xml:37)
proprietary/vendor/lib64/libqmi_client_qmux.so	libqmiservices.so	VENDOR	shipped in this repo as proprietary/vendor/lib64/libqmiservices.so
proprietary/vendor/lib64/libqmi_common_so.so	libc++.so	PLATFORM	bionic NDK compat lib, LineageOS/android_bionic (manifest default.xml:37); /system/lib64
proprietary/vendor/lib64/libqmi_common_so.so	libc.so	PLATFORM	bionic, LineageOS/android_bionic (manifest default.xml:37); /system/lib64 + apex com.android.runtime/lib64/bionic
proprietary/vendor/lib64/libqmi_common_so.so	libcutils.so	PLATFORM	bionic libcutils, LineageOS/android_bionic (manifest default.xml:37); /system/lib64
proprietary/vendor/lib64/libqmi_common_so.so	libdl.so	PLATFORM	bionic, LineageOS/android_bionic (manifest default.xml:37)
proprietary/vendor/lib64/libqmi_common_so.so	libm.so	PLATFORM	bionic, LineageOS/android_bionic (manifest default.xml:37)
proprietary/vendor/lib64/libqmi_common_so.so	libutils.so	PLATFORM	bionic libutils, LineageOS/android_bionic (manifest default.xml:37); /system/lib64
proprietary/vendor/lib64/libqmi_csi.so	libc++.so	PLATFORM	bionic NDK compat lib, LineageOS/android_bionic (manifest default.xml:37); /system/lib64
proprietary/vendor/lib64/libqmi_csi.so	libc.so	PLATFORM	bionic, LineageOS/android_bionic (manifest default.xml:37); /system/lib64 + apex com.android.runtime/lib64/bionic
proprietary/vendor/lib64/libqmi_csi.so	libcutils.so	PLATFORM	bionic libcutils, LineageOS/android_bionic (manifest default.xml:37); /system/lib64
proprietary/vendor/lib64/libqmi_csi.so	libdl.so	PLATFORM	bionic, LineageOS/android_bionic (manifest default.xml:37)
proprietary/vendor/lib64/libqmi_csi.so	liblog.so	PLATFORM	bionic, LineageOS/android_bionic (manifest default.xml:37); /system/lib64
proprietary/vendor/lib64/libqmi_csi.so	libm.so	PLATFORM	bionic, LineageOS/android_bionic (manifest default.xml:37)
proprietary/vendor/lib64/libqmi_csi.so	libqmi_encdec.so	VENDOR	shipped in this repo as proprietary/vendor/lib64/libqmi_encdec.so
proprietary/vendor/lib64/libqmi_csi.so	libutils.so	PLATFORM	bionic libutils, LineageOS/android_bionic (manifest default.xml:37); /system/lib64
proprietary/vendor/lib64/libqmi_encdec.so	libc++.so	PLATFORM	bionic NDK compat lib, LineageOS/android_bionic (manifest default.xml:37); /system/lib64
proprietary/vendor/lib64/libqmi_encdec.so	libc.so	PLATFORM	bionic, LineageOS/android_bionic (manifest default.xml:37); /system/lib64 + apex com.android.runtime/lib64/bionic
proprietary/vendor/lib64/libqmi_encdec.so	libcutils.so	PLATFORM	bionic libcutils, LineageOS/android_bionic (manifest default.xml:37); /system/lib64
proprietary/vendor/lib64/libqmi_encdec.so	libdl.so	PLATFORM	bionic, LineageOS/android_bionic (manifest default.xml:37)
proprietary/vendor/lib64/libqmi_encdec.so	libm.so	PLATFORM	bionic, LineageOS/android_bionic (manifest default.xml:37)
proprietary/vendor/lib64/libqmi_encdec.so	libutils.so	PLATFORM	bionic libutils, LineageOS/android_bionic (manifest default.xml:37); /system/lib64
proprietary/vendor/lib64/libqmiservices.so	libc++.so	PLATFORM	bionic NDK compat lib, LineageOS/android_bionic (manifest default.xml:37); /system/lib64
proprietary/vendor/lib64/libqmiservices.so	libc.so	PLATFORM	bionic, LineageOS/android_bionic (manifest default.xml:37); /system/lib64 + apex com.android.runtime/lib64/bionic
proprietary/vendor/lib64/libqmiservices.so	libdl.so	PLATFORM	bionic, LineageOS/android_bionic (manifest default.xml:37)
proprietary/vendor/lib64/libqmiservices.so	libidl.so	VENDOR	shipped in this repo as proprietary/vendor/lib64/libidl.so
proprietary/vendor/lib64/libqmiservices.so	libm.so	PLATFORM	bionic, LineageOS/android_bionic (manifest default.xml:37)
proprietary/vendor/lib64/libqrtr.so	libc++.so	PLATFORM	bionic NDK compat lib, LineageOS/android_bionic (manifest default.xml:37); /system/lib64
proprietary/vendor/lib64/libqrtr.so	libc.so	PLATFORM	bionic, LineageOS/android_bionic (manifest default.xml:37); /system/lib64 + apex com.android.runtime/lib64/bionic
proprietary/vendor/lib64/libqrtr.so	libdl.so	PLATFORM	bionic, LineageOS/android_bionic (manifest default.xml:37)
proprietary/vendor/lib64/libqrtr.so	libm.so	PLATFORM	bionic, LineageOS/android_bionic (manifest default.xml:37)
proprietary/vendor/lib64/libqseed3.so	libc++.so	PLATFORM	bionic NDK compat lib, LineageOS/android_bionic (manifest default.xml:37); /system/lib64
proprietary/vendor/lib64/libqseed3.so	libc.so	PLATFORM	bionic, LineageOS/android_bionic (manifest default.xml:37); /system/lib64 + apex com.android.runtime/lib64/bionic
proprietary/vendor/lib64/libqseed3.so	libdl.so	PLATFORM	bionic, LineageOS/android_bionic (manifest default.xml:37)
proprietary/vendor/lib64/libqseed3.so	libm.so	PLATFORM	bionic, LineageOS/android_bionic (manifest default.xml:37)
proprietary/vendor/lib64/libqsocket.so	libc++.so	PLATFORM	bionic NDK compat lib, LineageOS/android_bionic (manifest default.xml:37); /system/lib64
proprietary/vendor/lib64/libqsocket.so	libc.so	PLATFORM	bionic, LineageOS/android_bionic (manifest default.xml:37); /system/lib64 + apex com.android.runtime/lib64/bionic
proprietary/vendor/lib64/libqsocket.so	libdl.so	PLATFORM	bionic, LineageOS/android_bionic (manifest default.xml:37)
proprietary/vendor/lib64/libqsocket.so	libm.so	PLATFORM	bionic, LineageOS/android_bionic (manifest default.xml:37)
proprietary/vendor/lib64/libqti-perfd-client.so	libc++.so	PLATFORM	bionic NDK compat lib, LineageOS/android_bionic (manifest default.xml:37); /system/lib64
proprietary/vendor/lib64/libqti-perfd-client.so	libc.so	PLATFORM	bionic, LineageOS/android_bionic (manifest default.xml:37); /system/lib64 + apex com.android.runtime/lib64/bionic
proprietary/vendor/lib64/libqti-perfd-client.so	libcutils.so	PLATFORM	bionic libcutils, LineageOS/android_bionic (manifest default.xml:37); /system/lib64
proprietary/vendor/lib64/libqti-perfd-client.so	libdl.so	PLATFORM	bionic, LineageOS/android_bionic (manifest default.xml:37)
proprietary/vendor/lib64/libqti-perfd-client.so	libhidlbase.so	PLATFORM	system/libhidl module 'libhidlbase', system/libhidl lineage-22.2 @2bfb10b64fcfa (module names); manifest default.xml:912 (system/libhidl, remote=aosp)
proprietary/vendor/lib64/libqti-perfd-client.so	liblog.so	PLATFORM	bionic, LineageOS/android_bionic (manifest default.xml:37); /system/lib64
proprietary/vendor/lib64/libqti-perfd-client.so	libm.so	PLATFORM	bionic, LineageOS/android_bionic (manifest default.xml:37)
proprietary/vendor/lib64/libqti-perfd-client.so	libutils.so	PLATFORM	bionic libutils, LineageOS/android_bionic (manifest default.xml:37); /system/lib64
proprietary/vendor/lib64/libqti-perfd-client.so	vendor.qti.hardware.perf@2.2.so	VENDOR-ELSEWHERE	Qualcomm perf HIDL iface, CAF perf HAL tree; CAF platform tree device fork @2e50286ebc01 (extract-files.py):22 (hardware/qcom-caf/sdm845); project not on github.com, module name NOT verified here
proprietary/vendor/lib64/libqti-perfd.so	libbase.so	PLATFORM	bionic libbase, LineageOS/android_bionic (manifest default.xml:37); /system/lib64
proprietary/vendor/lib64/libqti-perfd.so	libc++.so	PLATFORM	bionic NDK compat lib, LineageOS/android_bionic (manifest default.xml:37); /system/lib64
proprietary/vendor/lib64/libqti-perfd.so	libc.so	PLATFORM	bionic, LineageOS/android_bionic (manifest default.xml:37); /system/lib64 + apex com.android.runtime/lib64/bionic
proprietary/vendor/lib64/libqti-perfd.so	libcutils.so	PLATFORM	bionic libcutils, LineageOS/android_bionic (manifest default.xml:37); /system/lib64
proprietary/vendor/lib64/libqti-perfd.so	libdisplayconfig.qti.so	VENDOR-ELSEWHERE	Qualcomm display config client, CAF display tree; CAF platform tree device fork @2e50286ebc01 (extract-files.py):22 (hardware/qcom-caf/sdm845); project not on github.com, module name NOT verified here
proprietary/vendor/lib64/libqti-perfd.so	libdl.so	PLATFORM	bionic, LineageOS/android_bionic (manifest default.xml:37)
proprietary/vendor/lib64/libqti-perfd.so	libhidlbase.so	PLATFORM	system/libhidl module 'libhidlbase', system/libhidl lineage-22.2 @2bfb10b64fcfa (module names); manifest default.xml:912 (system/libhidl, remote=aosp)
proprietary/vendor/lib64/libqti-perfd.so	liblog.so	PLATFORM	bionic, LineageOS/android_bionic (manifest default.xml:37); /system/lib64
proprietary/vendor/lib64/libqti-perfd.so	libm.so	PLATFORM	bionic, LineageOS/android_bionic (manifest default.xml:37)
proprietary/vendor/lib64/libqti-perfd.so	libperfconfig.so	VENDOR	shipped in this repo as proprietary/vendor/lib64/libperfconfig.so
proprietary/vendor/lib64/libqti-perfd.so	libperfgluelayer.so	VENDOR	shipped in this repo as proprietary/vendor/lib64/libperfgluelayer.so
proprietary/vendor/lib64/libqti-perfd.so	libperfioctl.so	VENDOR	shipped in this repo as proprietary/vendor/lib64/libperfioctl.so
proprietary/vendor/lib64/libqti-perfd.so	libqti-perfd-client.so	VENDOR	shipped in this repo as proprietary/vendor/lib64/libqti-perfd-client.so
proprietary/vendor/lib64/libqti-perfd.so	libqti-util.so	VENDOR	shipped in this repo as proprietary/vendor/lib64/libqti-util.so
proprietary/vendor/lib64/libqti-perfd.so	libthermalclient.so	VENDOR	shipped in this repo as proprietary/vendor/lib64/libthermalclient.so
proprietary/vendor/lib64/libqti-perfd.so	libutils.so	PLATFORM	bionic libutils, LineageOS/android_bionic (manifest default.xml:37); /system/lib64
proprietary/vendor/lib64/libqti-perfd.so	libxml2.so	PLATFORM	external/libxml2, manifest default.xml:346
proprietary/vendor/lib64/libqti-perfd.so	vendor.qti.hardware.perf@2.0.so	VENDOR-ELSEWHERE	Qualcomm perf HIDL iface, CAF perf HAL tree; CAF platform tree device fork @2e50286ebc01 (extract-files.py):22 (hardware/qcom-caf/sdm845); project not on github.com, module name NOT verified here
proprietary/vendor/lib64/libqti-perfd.so	vendor.qti.memory.pasrmanager@1.1.so	VENDOR	shipped in this repo as proprietary/vendor/lib64/vendor.qti.memory.pasrmanager@1.1.so
proprietary/vendor/lib64/libqti-util.so	libc++.so	PLATFORM	bionic NDK compat lib, LineageOS/android_bionic (manifest default.xml:37); /system/lib64
proprietary/vendor/lib64/libqti-util.so	libc.so	PLATFORM	bionic, LineageOS/android_bionic (manifest default.xml:37); /system/lib64 + apex com.android.runtime/lib64/bionic
proprietary/vendor/lib64/libqti-util.so	libcutils.so	PLATFORM	bionic libcutils, LineageOS/android_bionic (manifest default.xml:37); /system/lib64
proprietary/vendor/lib64/libqti-util.so	libdl.so	PLATFORM	bionic, LineageOS/android_bionic (manifest default.xml:37)
proprietary/vendor/lib64/libqti-util.so	liblog.so	PLATFORM	bionic, LineageOS/android_bionic (manifest default.xml:37); /system/lib64
proprietary/vendor/lib64/libqti-util.so	libm.so	PLATFORM	bionic, LineageOS/android_bionic (manifest default.xml:37)
proprietary/vendor/lib64/libqti-util.so	libutils.so	PLATFORM	bionic libutils, LineageOS/android_bionic (manifest default.xml:37); /system/lib64
proprietary/vendor/lib64/libqti-util.so	libxml2.so	PLATFORM	external/libxml2, manifest default.xml:346
proprietary/vendor/lib64/libqti-utils.so	libc++.so	PLATFORM	bionic NDK compat lib, LineageOS/android_bionic (manifest default.xml:37); /system/lib64
proprietary/vendor/lib64/libqti-utils.so	libc.so	PLATFORM	bionic, LineageOS/android_bionic (manifest default.xml:37); /system/lib64 + apex com.android.runtime/lib64/bionic
proprietary/vendor/lib64/libqti-utils.so	libdl.so	PLATFORM	bionic, LineageOS/android_bionic (manifest default.xml:37)
proprietary/vendor/lib64/libqti-utils.so	libm.so	PLATFORM	bionic, LineageOS/android_bionic (manifest default.xml:37)
proprietary/vendor/lib64/libqtigef.so	libc++.so	PLATFORM	bionic NDK compat lib, LineageOS/android_bionic (manifest default.xml:37); /system/lib64
proprietary/vendor/lib64/libqtigef.so	libc.so	PLATFORM	bionic, LineageOS/android_bionic (manifest default.xml:37); /system/lib64 + apex com.android.runtime/lib64/bionic
proprietary/vendor/lib64/libqtigef.so	libcutils.so	PLATFORM	bionic libcutils, LineageOS/android_bionic (manifest default.xml:37); /system/lib64
proprietary/vendor/lib64/libqtigef.so	libdl.so	PLATFORM	bionic, LineageOS/android_bionic (manifest default.xml:37)
proprietary/vendor/lib64/libqtigef.so	liblog.so	PLATFORM	bionic, LineageOS/android_bionic (manifest default.xml:37); /system/lib64
proprietary/vendor/lib64/libqtigef.so	libm.so	PLATFORM	bionic, LineageOS/android_bionic (manifest default.xml:37)
proprietary/vendor/lib64/libreffeature.so	libc++.so	PLATFORM	bionic NDK compat lib, LineageOS/android_bionic (manifest default.xml:37); /system/lib64
proprietary/vendor/lib64/libreffeature.so	libc.so	PLATFORM	bionic, LineageOS/android_bionic (manifest default.xml:37); /system/lib64 + apex com.android.runtime/lib64/bionic
proprietary/vendor/lib64/libreffeature.so	libcutils.so	PLATFORM	bionic libcutils, LineageOS/android_bionic (manifest default.xml:37); /system/lib64
proprietary/vendor/lib64/libreffeature.so	libdl.so	PLATFORM	bionic, LineageOS/android_bionic (manifest default.xml:37)
proprietary/vendor/lib64/libreffeature.so	liblearningmodule.so	VENDOR	shipped in this repo as proprietary/vendor/lib64/liblearningmodule.so
proprietary/vendor/lib64/libreffeature.so	liblog.so	PLATFORM	bionic, LineageOS/android_bionic (manifest default.xml:37); /system/lib64
proprietary/vendor/lib64/libreffeature.so	libm.so	PLATFORM	bionic, LineageOS/android_bionic (manifest default.xml:37)
proprietary/vendor/lib64/libreffeature.so	libmeters.so	VENDOR	shipped in this repo as proprietary/vendor/lib64/libmeters.so
proprietary/vendor/lib64/libreffeature.so	libsqlite.so	PLATFORM	external/sqlite, manifest default.xml:528
proprietary/vendor/lib64/librpmb.so	libQSEEComAPI.so	VENDOR	shipped in this repo as proprietary/vendor/lib64/libQSEEComAPI.so
proprietary/vendor/lib64/librpmb.so	libc++.so	PLATFORM	bionic NDK compat lib, LineageOS/android_bionic (manifest default.xml:37); /system/lib64
proprietary/vendor/lib64/librpmb.so	libc.so	PLATFORM	bionic, LineageOS/android_bionic (manifest default.xml:37); /system/lib64 + apex com.android.runtime/lib64/bionic
proprietary/vendor/lib64/librpmb.so	libdl.so	PLATFORM	bionic, LineageOS/android_bionic (manifest default.xml:37)
proprietary/vendor/lib64/librpmb.so	liblog.so	PLATFORM	bionic, LineageOS/android_bionic (manifest default.xml:37); /system/lib64
proprietary/vendor/lib64/librpmb.so	libm.so	PLATFORM	bionic, LineageOS/android_bionic (manifest default.xml:37)
proprietary/vendor/lib64/librpmb.so	libutils.so	PLATFORM	bionic libutils, LineageOS/android_bionic (manifest default.xml:37); /system/lib64
proprietary/vendor/lib64/libscveCommon.so	libc++.so	PLATFORM	bionic NDK compat lib, LineageOS/android_bionic (manifest default.xml:37); /system/lib64
proprietary/vendor/lib64/libscveCommon.so	libc.so	PLATFORM	bionic, LineageOS/android_bionic (manifest default.xml:37); /system/lib64 + apex com.android.runtime/lib64/bionic
proprietary/vendor/lib64/libscveCommon.so	libcdsprpc.so	VENDOR	shipped in this repo as proprietary/vendor/lib64/libcdsprpc.so
proprietary/vendor/lib64/libscveCommon.so	libdl.so	PLATFORM	bionic, LineageOS/android_bionic (manifest default.xml:37)
proprietary/vendor/lib64/libscveCommon.so	libion.so	PLATFORM	AOSP system/memory/libion, manifest default.xml:924
proprietary/vendor/lib64/libscveCommon.so	liblog.so	PLATFORM	bionic, LineageOS/android_bionic (manifest default.xml:37); /system/lib64
proprietary/vendor/lib64/libscveCommon.so	libm.so	PLATFORM	bionic, LineageOS/android_bionic (manifest default.xml:37)
proprietary/vendor/lib64/libscveCommon.so	libscveCommon_stub.so	VENDOR	shipped in this repo as proprietary/vendor/lib64/libscveCommon_stub.so
proprietary/vendor/lib64/libscveCommon_stub.so	libc++.so	PLATFORM	bionic NDK compat lib, LineageOS/android_bionic (manifest default.xml:37); /system/lib64
proprietary/vendor/lib64/libscveCommon_stub.so	libc.so	PLATFORM	bionic, LineageOS/android_bionic (manifest default.xml:37); /system/lib64 + apex com.android.runtime/lib64/bionic
proprietary/vendor/lib64/libscveCommon_stub.so	libcdsprpc.so	VENDOR	shipped in this repo as proprietary/vendor/lib64/libcdsprpc.so
proprietary/vendor/lib64/libscveCommon_stub.so	libdl.so	PLATFORM	bionic, LineageOS/android_bionic (manifest default.xml:37)
proprietary/vendor/lib64/libscveCommon_stub.so	libm.so	PLATFORM	bionic, LineageOS/android_bionic (manifest default.xml:37)
proprietary/vendor/lib64/libscveObjectSegmentation.so	libc++.so	PLATFORM	bionic NDK compat lib, LineageOS/android_bionic (manifest default.xml:37); /system/lib64
proprietary/vendor/lib64/libscveObjectSegmentation.so	libc.so	PLATFORM	bionic, LineageOS/android_bionic (manifest default.xml:37); /system/lib64 + apex com.android.runtime/lib64/bionic
proprietary/vendor/lib64/libscveObjectSegmentation.so	libdl.so	PLATFORM	bionic, LineageOS/android_bionic (manifest default.xml:37)
proprietary/vendor/lib64/libscveObjectSegmentation.so	libfastcvopt.so	VENDOR	shipped in this repo as proprietary/vendor/lib64/libfastcvopt.so
proprietary/vendor/lib64/libscveObjectSegmentation.so	liblog.so	PLATFORM	bionic, LineageOS/android_bionic (manifest default.xml:37); /system/lib64
proprietary/vendor/lib64/libscveObjectSegmentation.so	libm.so	PLATFORM	bionic, LineageOS/android_bionic (manifest default.xml:37)
proprietary/vendor/lib64/libscveObjectSegmentation.so	libscveCommon.so	VENDOR	shipped in this repo as proprietary/vendor/lib64/libscveCommon.so
proprietary/vendor/lib64/libscveObjectSegmentation_stub.so	libc++.so	PLATFORM	bionic NDK compat lib, LineageOS/android_bionic (manifest default.xml:37); /system/lib64
proprietary/vendor/lib64/libscveObjectSegmentation_stub.so	libc.so	PLATFORM	bionic, LineageOS/android_bionic (manifest default.xml:37); /system/lib64 + apex com.android.runtime/lib64/bionic
proprietary/vendor/lib64/libscveObjectSegmentation_stub.so	libcdsprpc.so	VENDOR	shipped in this repo as proprietary/vendor/lib64/libcdsprpc.so
proprietary/vendor/lib64/libscveObjectSegmentation_stub.so	libdl.so	PLATFORM	bionic, LineageOS/android_bionic (manifest default.xml:37)
proprietary/vendor/lib64/libscveObjectSegmentation_stub.so	libm.so	PLATFORM	bionic, LineageOS/android_bionic (manifest default.xml:37)
proprietary/vendor/lib64/libscveObjectSegmentation_stub.so	libscveCommon.so	VENDOR	shipped in this repo as proprietary/vendor/lib64/libscveCommon.so
proprietary/vendor/lib64/libscveObjectTracker.so	libc++.so	PLATFORM	bionic NDK compat lib, LineageOS/android_bionic (manifest default.xml:37); /system/lib64
proprietary/vendor/lib64/libscveObjectTracker.so	libc.so	PLATFORM	bionic, LineageOS/android_bionic (manifest default.xml:37); /system/lib64 + apex com.android.runtime/lib64/bionic
proprietary/vendor/lib64/libscveObjectTracker.so	libdl.so	PLATFORM	bionic, LineageOS/android_bionic (manifest default.xml:37)
proprietary/vendor/lib64/libscveObjectTracker.so	libfastcvopt.so	VENDOR	shipped in this repo as proprietary/vendor/lib64/libfastcvopt.so
proprietary/vendor/lib64/libscveObjectTracker.so	liblog.so	PLATFORM	bionic, LineageOS/android_bionic (manifest default.xml:37); /system/lib64
proprietary/vendor/lib64/libscveObjectTracker.so	libm.so	PLATFORM	bionic, LineageOS/android_bionic (manifest default.xml:37)
proprietary/vendor/lib64/libscveObjectTracker.so	libscveCommon.so	VENDOR	shipped in this repo as proprietary/vendor/lib64/libscveCommon.so
proprietary/vendor/lib64/libscveObjectTracker.so	libscveObjectSegmentation.so	VENDOR	shipped in this repo as proprietary/vendor/lib64/libscveObjectSegmentation.so
proprietary/vendor/lib64/libscveObjectTracker_stub.so	libc++.so	PLATFORM	bionic NDK compat lib, LineageOS/android_bionic (manifest default.xml:37); /system/lib64
proprietary/vendor/lib64/libscveObjectTracker_stub.so	libc.so	PLATFORM	bionic, LineageOS/android_bionic (manifest default.xml:37); /system/lib64 + apex com.android.runtime/lib64/bionic
proprietary/vendor/lib64/libscveObjectTracker_stub.so	libcdsprpc.so	VENDOR	shipped in this repo as proprietary/vendor/lib64/libcdsprpc.so
proprietary/vendor/lib64/libscveObjectTracker_stub.so	libdl.so	PLATFORM	bionic, LineageOS/android_bionic (manifest default.xml:37)
proprietary/vendor/lib64/libscveObjectTracker_stub.so	libfastcvopt.so	VENDOR	shipped in this repo as proprietary/vendor/lib64/libfastcvopt.so
proprietary/vendor/lib64/libscveObjectTracker_stub.so	liblog.so	PLATFORM	bionic, LineageOS/android_bionic (manifest default.xml:37); /system/lib64
proprietary/vendor/lib64/libscveObjectTracker_stub.so	libm.so	PLATFORM	bionic, LineageOS/android_bionic (manifest default.xml:37)
proprietary/vendor/lib64/libscveObjectTracker_stub.so	libscveCommon.so	VENDOR	shipped in this repo as proprietary/vendor/lib64/libscveCommon.so
proprietary/vendor/lib64/libsdedrm.so	libc++.so	PLATFORM	bionic NDK compat lib, LineageOS/android_bionic (manifest default.xml:37); /system/lib64
proprietary/vendor/lib64/libsdedrm.so	libc.so	PLATFORM	bionic, LineageOS/android_bionic (manifest default.xml:37); /system/lib64 + apex com.android.runtime/lib64/bionic
proprietary/vendor/lib64/libsdedrm.so	libdisplaydebug.so	VENDOR-ELSEWHERE	Qualcomm display debug lib, CAF display tree; CAF platform tree device fork @2e50286ebc01 (extract-files.py):22 (hardware/qcom-caf/sdm845); project not on github.com, module name NOT verified here
proprietary/vendor/lib64/libsdedrm.so	libdl.so	PLATFORM	bionic, LineageOS/android_bionic (manifest default.xml:37)
proprietary/vendor/lib64/libsdedrm.so	libdrm.so	VENDOR-ELSEWHERE	Mesa DRM from the CAF display/graphics tree; not in AOSP bionic/frameworks, ; project not on github.com, module name NOT verified here (confidence: low)
proprietary/vendor/lib64/libsdedrm.so	libdrmutils.so	VENDOR-ELSEWHERE	module 'libdrmutils' in LineageOS/android_hardware_qcom_display lineage-22.2 @98b6355a127e -> /vendor/lib64
proprietary/vendor/lib64/libsdedrm.so	libm.so	PLATFORM	bionic, LineageOS/android_bionic (manifest default.xml:37)
proprietary/vendor/lib64/libsdm-color.so	libbinder.so	PLATFORM	frameworks/native (manifest default.xml:613) libs/binder
proprietary/vendor/lib64/libsdm-color.so	libc++.so	PLATFORM	bionic NDK compat lib, LineageOS/android_bionic (manifest default.xml:37); /system/lib64
proprietary/vendor/lib64/libsdm-color.so	libc.so	PLATFORM	bionic, LineageOS/android_bionic (manifest default.xml:37); /system/lib64 + apex com.android.runtime/lib64/bionic
proprietary/vendor/lib64/libsdm-color.so	libcutils.so	PLATFORM	bionic libcutils, LineageOS/android_bionic (manifest default.xml:37); /system/lib64
proprietary/vendor/lib64/libsdm-color.so	libdisplaydebug.so	VENDOR-ELSEWHERE	Qualcomm display debug lib, CAF display tree; CAF platform tree device fork @2e50286ebc01 (extract-files.py):22 (hardware/qcom-caf/sdm845); project not on github.com, module name NOT verified here
proprietary/vendor/lib64/libsdm-color.so	libdl.so	PLATFORM	bionic, LineageOS/android_bionic (manifest default.xml:37)
proprietary/vendor/lib64/libsdm-color.so	liblog.so	PLATFORM	bionic, LineageOS/android_bionic (manifest default.xml:37); /system/lib64
proprietary/vendor/lib64/libsdm-color.so	libm.so	PLATFORM	bionic, LineageOS/android_bionic (manifest default.xml:37)
proprietary/vendor/lib64/libsdm-color.so	libtinyxml2_1.so	VENDOR	shipped in this repo as proprietary/vendor/lib64/libtinyxml2_1.so
proprietary/vendor/lib64/libsdm-color.so	libutils.so	PLATFORM	bionic libutils, LineageOS/android_bionic (manifest default.xml:37); /system/lib64
proprietary/vendor/lib64/libsdm-diag.so	libbinder.so	PLATFORM	frameworks/native (manifest default.xml:613) libs/binder
proprietary/vendor/lib64/libsdm-diag.so	libc++.so	PLATFORM	bionic NDK compat lib, LineageOS/android_bionic (manifest default.xml:37); /system/lib64
proprietary/vendor/lib64/libsdm-diag.so	libc.so	PLATFORM	bionic, LineageOS/android_bionic (manifest default.xml:37); /system/lib64 + apex com.android.runtime/lib64/bionic
proprietary/vendor/lib64/libsdm-diag.so	libdiag.so	VENDOR	shipped in this repo as proprietary/vendor/lib64/libdiag.so
proprietary/vendor/lib64/libsdm-diag.so	libdisplaydebug.so	VENDOR-ELSEWHERE	Qualcomm display debug lib, CAF display tree; CAF platform tree device fork @2e50286ebc01 (extract-files.py):22 (hardware/qcom-caf/sdm845); project not on github.com, module name NOT verified here
proprietary/vendor/lib64/libsdm-diag.so	libdl.so	PLATFORM	bionic, LineageOS/android_bionic (manifest default.xml:37)
proprietary/vendor/lib64/libsdm-diag.so	libm.so	PLATFORM	bionic, LineageOS/android_bionic (manifest default.xml:37)
proprietary/vendor/lib64/libsdm-diag.so	libsdmutils.so	VENDOR-ELSEWHERE	module 'libsdmutils' in LineageOS/android_hardware_qcom_display lineage-22.2 @98b6355a127e (LOCAL_MODULE) -> /vendor/lib64
proprietary/vendor/lib64/libsdm-disp-vndapis.so	libbinder.so	PLATFORM	frameworks/native (manifest default.xml:613) libs/binder
proprietary/vendor/lib64/libsdm-disp-vndapis.so	libc++.so	PLATFORM	bionic NDK compat lib, LineageOS/android_bionic (manifest default.xml:37); /system/lib64
proprietary/vendor/lib64/libsdm-disp-vndapis.so	libc.so	PLATFORM	bionic, LineageOS/android_bionic (manifest default.xml:37); /system/lib64 + apex com.android.runtime/lib64/bionic
proprietary/vendor/lib64/libsdm-disp-vndapis.so	libcutils.so	PLATFORM	bionic libcutils, LineageOS/android_bionic (manifest default.xml:37); /system/lib64
proprietary/vendor/lib64/libsdm-disp-vndapis.so	libdisplaydebug.so	VENDOR-ELSEWHERE	Qualcomm display debug lib, CAF display tree; CAF platform tree device fork @2e50286ebc01 (extract-files.py):22 (hardware/qcom-caf/sdm845); project not on github.com, module name NOT verified here
proprietary/vendor/lib64/libsdm-disp-vndapis.so	libdl.so	PLATFORM	bionic, LineageOS/android_bionic (manifest default.xml:37)
proprietary/vendor/lib64/libsdm-disp-vndapis.so	liblog.so	PLATFORM	bionic, LineageOS/android_bionic (manifest default.xml:37); /system/lib64
proprietary/vendor/lib64/libsdm-disp-vndapis.so	libm.so	PLATFORM	bionic, LineageOS/android_bionic (manifest default.xml:37)
proprietary/vendor/lib64/libsdm-disp-vndapis.so	libqservice.so	VENDOR-ELSEWHERE	module 'libqservice' confirmed in LineageOS/android_hardware_qcom_display lineage-22.2 @98b6355a127e (msm8996/libqservice/Android.bp:13) -> /vendor/lib64
proprietary/vendor/lib64/libsdm-disp-vndapis.so	libutils.so	PLATFORM	bionic libutils, LineageOS/android_bionic (manifest default.xml:37); /system/lib64
proprietary/vendor/lib64/libsdmextension.so	libc++.so	PLATFORM	bionic NDK compat lib, LineageOS/android_bionic (manifest default.xml:37); /system/lib64
proprietary/vendor/lib64/libsdmextension.so	libc.so	PLATFORM	bionic, LineageOS/android_bionic (manifest default.xml:37); /system/lib64 + apex com.android.runtime/lib64/bionic
proprietary/vendor/lib64/libsdmextension.so	libdisplaydebug.so	VENDOR-ELSEWHERE	Qualcomm display debug lib, CAF display tree; CAF platform tree device fork @2e50286ebc01 (extract-files.py):22 (hardware/qcom-caf/sdm845); project not on github.com, module name NOT verified here
proprietary/vendor/lib64/libsdmextension.so	libdisplayqos.so	VENDOR	shipped in this repo as proprietary/vendor/lib64/libdisplayqos.so
proprietary/vendor/lib64/libsdmextension.so	libdl.so	PLATFORM	bionic, LineageOS/android_bionic (manifest default.xml:37)
proprietary/vendor/lib64/libsdmextension.so	libm.so	PLATFORM	bionic, LineageOS/android_bionic (manifest default.xml:37)
proprietary/vendor/lib64/libsdmextension.so	libsdm-color.so	VENDOR	shipped in this repo as proprietary/vendor/lib64/libsdm-color.so
proprietary/vendor/lib64/libsdmextension.so	libsdmutils.so	VENDOR-ELSEWHERE	module 'libsdmutils' in LineageOS/android_hardware_qcom_display lineage-22.2 @98b6355a127e (LOCAL_MODULE) -> /vendor/lib64
proprietary/vendor/lib64/libsdsprpc.so	libc++.so	PLATFORM	bionic NDK compat lib, LineageOS/android_bionic (manifest default.xml:37); /system/lib64
proprietary/vendor/lib64/libsdsprpc.so	libc.so	PLATFORM	bionic, LineageOS/android_bionic (manifest default.xml:37); /system/lib64 + apex com.android.runtime/lib64/bionic
proprietary/vendor/lib64/libsdsprpc.so	libcutils.so	PLATFORM	bionic libcutils, LineageOS/android_bionic (manifest default.xml:37); /system/lib64
proprietary/vendor/lib64/libsdsprpc.so	libdl.so	PLATFORM	bionic, LineageOS/android_bionic (manifest default.xml:37)
proprietary/vendor/lib64/libsdsprpc.so	libhardware.so	PLATFORM	AOSP hardware/interfaces, hardware/interfaces lineage-23.2 @13d687a84c83 (.hal present)
proprietary/vendor/lib64/libsdsprpc.so	libhidlbase.so	PLATFORM	system/libhidl module 'libhidlbase', system/libhidl lineage-22.2 @2bfb10b64fcfa (module names); manifest default.xml:912 (system/libhidl, remote=aosp)
proprietary/vendor/lib64/libsdsprpc.so	libion.so	PLATFORM	AOSP system/memory/libion, manifest default.xml:924
proprietary/vendor/lib64/libsdsprpc.so	liblog.so	PLATFORM	bionic, LineageOS/android_bionic (manifest default.xml:37); /system/lib64
proprietary/vendor/lib64/libsdsprpc.so	libm.so	PLATFORM	bionic, LineageOS/android_bionic (manifest default.xml:37)
proprietary/vendor/lib64/libsdsprpc.so	libutils.so	PLATFORM	bionic libutils, LineageOS/android_bionic (manifest default.xml:37); /system/lib64
proprietary/vendor/lib64/libsdsprpc.so	vendor.qti.hardware.dsp@1.0.so	VENDOR	shipped in this repo as proprietary/vendor/lib64/vendor.qti.hardware.dsp@1.0.so
proprietary/vendor/lib64/libsecaudiocoreutils.so	libc++.so	PLATFORM	bionic NDK compat lib, LineageOS/android_bionic (manifest default.xml:37); /system/lib64
proprietary/vendor/lib64/libsecaudiocoreutils.so	libc.so	PLATFORM	bionic, LineageOS/android_bionic (manifest default.xml:37); /system/lib64 + apex com.android.runtime/lib64/bionic
proprietary/vendor/lib64/libsecaudiocoreutils.so	libdl.so	PLATFORM	bionic, LineageOS/android_bionic (manifest default.xml:37)
proprietary/vendor/lib64/libsecaudiocoreutils.so	libm.so	PLATFORM	bionic, LineageOS/android_bionic (manifest default.xml:37)
proprietary/vendor/lib64/libsecnativefeature.so	libc++.so	PLATFORM	bionic NDK compat lib, LineageOS/android_bionic (manifest default.xml:37); /system/lib64
proprietary/vendor/lib64/libsecnativefeature.so	libc.so	PLATFORM	bionic, LineageOS/android_bionic (manifest default.xml:37); /system/lib64 + apex com.android.runtime/lib64/bionic
proprietary/vendor/lib64/libsecnativefeature.so	libcutils.so	PLATFORM	bionic libcutils, LineageOS/android_bionic (manifest default.xml:37); /system/lib64
proprietary/vendor/lib64/libsecnativefeature.so	libdl.so	PLATFORM	bionic, LineageOS/android_bionic (manifest default.xml:37)
proprietary/vendor/lib64/libsecnativefeature.so	libexpat.so	PLATFORM	external/expat, manifest default.xml:158
proprietary/vendor/lib64/libsecnativefeature.so	libm.so	PLATFORM	bionic, LineageOS/android_bionic (manifest default.xml:37)
proprietary/vendor/lib64/libsecnativefeature.so	libz.so	PLATFORM	external/zlib, manifest default.xml:592
proprietary/vendor/lib64/libsecureui.so	libQSEEComAPI.so	VENDOR	shipped in this repo as proprietary/vendor/lib64/libQSEEComAPI.so
proprietary/vendor/lib64/libsecureui.so	libStDrvInt.so	VENDOR	shipped in this repo as proprietary/vendor/lib64/libStDrvInt.so
proprietary/vendor/lib64/libsecureui.so	libbinder.so	PLATFORM	frameworks/native (manifest default.xml:613) libs/binder
proprietary/vendor/lib64/libsecureui.so	libc++.so	PLATFORM	bionic NDK compat lib, LineageOS/android_bionic (manifest default.xml:37); /system/lib64
proprietary/vendor/lib64/libsecureui.so	libc.so	PLATFORM	bionic, LineageOS/android_bionic (manifest default.xml:37); /system/lib64 + apex com.android.runtime/lib64/bionic
proprietary/vendor/lib64/libsecureui.so	libdisplayconfig.qti.so	VENDOR-ELSEWHERE	Qualcomm display config client, CAF display tree; CAF platform tree device fork @2e50286ebc01 (extract-files.py):22 (hardware/qcom-caf/sdm845); project not on github.com, module name NOT verified here
proprietary/vendor/lib64/libsecureui.so	libdl.so	PLATFORM	bionic, LineageOS/android_bionic (manifest default.xml:37)
proprietary/vendor/lib64/libsecureui.so	libhidlbase.so	PLATFORM	system/libhidl module 'libhidlbase', system/libhidl lineage-22.2 @2bfb10b64fcfa (module names); manifest default.xml:912 (system/libhidl, remote=aosp)
proprietary/vendor/lib64/libsecureui.so	liblog.so	PLATFORM	bionic, LineageOS/android_bionic (manifest default.xml:37); /system/lib64
proprietary/vendor/lib64/libsecureui.so	libm.so	PLATFORM	bionic, LineageOS/android_bionic (manifest default.xml:37)
proprietary/vendor/lib64/libsecureui.so	libsecureui_svcsock.so	VENDOR	shipped in this repo as proprietary/vendor/lib64/libsecureui_svcsock.so
proprietary/vendor/lib64/libsecureui.so	libutils.so	PLATFORM	bionic libutils, LineageOS/android_bionic (manifest default.xml:37); /system/lib64
proprietary/vendor/lib64/libsecureui.so	vendor.display.config@1.0.so	VENDOR-ELSEWHERE	display-config HIDL is NOT in hardware/interfaces at 22.2 or 23.2 (no display/ dir; ls-tree @13d687a84c83), so it must come from the CAF display tree, CAF platform tree device fork @2e50286ebc01 (extract-files.py):22 (hardware/qcom-caf/sdm845); project not on github.com, module name NOT verified here
proprietary/vendor/lib64/libsecureui_svcsock.so	libc++.so	PLATFORM	bionic NDK compat lib, LineageOS/android_bionic (manifest default.xml:37); /system/lib64
proprietary/vendor/lib64/libsecureui_svcsock.so	libc.so	PLATFORM	bionic, LineageOS/android_bionic (manifest default.xml:37); /system/lib64 + apex com.android.runtime/lib64/bionic
proprietary/vendor/lib64/libsecureui_svcsock.so	libcutils.so	PLATFORM	bionic libcutils, LineageOS/android_bionic (manifest default.xml:37); /system/lib64
proprietary/vendor/lib64/libsecureui_svcsock.so	libdl.so	PLATFORM	bionic, LineageOS/android_bionic (manifest default.xml:37)
proprietary/vendor/lib64/libsecureui_svcsock.so	libhidlbase.so	PLATFORM	system/libhidl module 'libhidlbase', system/libhidl lineage-22.2 @2bfb10b64fcfa (module names); manifest default.xml:912 (system/libhidl, remote=aosp)
proprietary/vendor/lib64/libsecureui_svcsock.so	liblog.so	PLATFORM	bionic, LineageOS/android_bionic (manifest default.xml:37); /system/lib64
proprietary/vendor/lib64/libsecureui_svcsock.so	libm.so	PLATFORM	bionic, LineageOS/android_bionic (manifest default.xml:37)
proprietary/vendor/lib64/libsecureui_svcsock.so	libutils.so	PLATFORM	bionic libutils, LineageOS/android_bionic (manifest default.xml:37); /system/lib64
proprietary/vendor/lib64/libsecureui_svcsock.so	vendor.qti.hardware.tui_comm@1.0.so	VENDOR	shipped in this repo as proprietary/vendor/lib64/vendor.qti.hardware.tui_comm@1.0.so
proprietary/vendor/lib64/libsemnativecarrierfeature.so	libc++.so	PLATFORM	bionic NDK compat lib, LineageOS/android_bionic (manifest default.xml:37); /system/lib64
proprietary/vendor/lib64/libsemnativecarrierfeature.so	libc.so	PLATFORM	bionic, LineageOS/android_bionic (manifest default.xml:37); /system/lib64 + apex com.android.runtime/lib64/bionic
proprietary/vendor/lib64/libsemnativecarrierfeature.so	libcutils.so	PLATFORM	bionic libcutils, LineageOS/android_bionic (manifest default.xml:37); /system/lib64
proprietary/vendor/lib64/libsemnativecarrierfeature.so	libdl.so	PLATFORM	bionic, LineageOS/android_bionic (manifest default.xml:37)
proprietary/vendor/lib64/libsemnativecarrierfeature.so	libexpat.so	PLATFORM	external/expat, manifest default.xml:158
proprietary/vendor/lib64/libsemnativecarrierfeature.so	libm.so	PLATFORM	bionic, LineageOS/android_bionic (manifest default.xml:37)
proprietary/vendor/lib64/libsemnativecarrierfeature.so	libz.so	PLATFORM	external/zlib, manifest default.xml:592
proprietary/vendor/lib64/libsensorslog.so	libc++.so	PLATFORM	bionic NDK compat lib, LineageOS/android_bionic (manifest default.xml:37); /system/lib64
proprietary/vendor/lib64/libsensorslog.so	libc.so	PLATFORM	bionic, LineageOS/android_bionic (manifest default.xml:37); /system/lib64 + apex com.android.runtime/lib64/bionic
proprietary/vendor/lib64/libsensorslog.so	libdl.so	PLATFORM	bionic, LineageOS/android_bionic (manifest default.xml:37)
proprietary/vendor/lib64/libsensorslog.so	liblog.so	PLATFORM	bionic, LineageOS/android_bionic (manifest default.xml:37); /system/lib64
proprietary/vendor/lib64/libsensorslog.so	libm.so	PLATFORM	bionic, LineageOS/android_bionic (manifest default.xml:37)
proprietary/vendor/lib64/libskeymaster4device.so	android.hardware.keymaster@4.0.so	PLATFORM	HIDL iface lib, hardware/interfaces lineage-23.2 @13d687a84c83 (.hal present)
proprietary/vendor/lib64/libskeymaster4device.so	android.hardware.keymaster@4.1.so	PLATFORM	HIDL iface lib, hardware/interfaces lineage-23.2 @13d687a84c83 (.hal present)
proprietary/vendor/lib64/libskeymaster4device.so	libbase.so	PLATFORM	bionic libbase, LineageOS/android_bionic (manifest default.xml:37); /system/lib64
proprietary/vendor/lib64/libskeymaster4device.so	libc++.so	PLATFORM	bionic NDK compat lib, LineageOS/android_bionic (manifest default.xml:37); /system/lib64
proprietary/vendor/lib64/libskeymaster4device.so	libc.so	PLATFORM	bionic, LineageOS/android_bionic (manifest default.xml:37); /system/lib64 + apex com.android.runtime/lib64/bionic
proprietary/vendor/lib64/libskeymaster4device.so	libcrypto-v33.so	PLATFORM	external/boringssl manifest default.xml:98; device fork @2e50286ebc01 (extract-files.py):73-75 rewrites libcrypto.so -> libcrypto-v33.so at extraction
proprietary/vendor/lib64/libskeymaster4device.so	libcutils.so	PLATFORM	bionic libcutils, LineageOS/android_bionic (manifest default.xml:37); /system/lib64
proprietary/vendor/lib64/libskeymaster4device.so	libdl.so	PLATFORM	bionic, LineageOS/android_bionic (manifest default.xml:37)
proprietary/vendor/lib64/libskeymaster4device.so	libhidlbase.so	PLATFORM	system/libhidl module 'libhidlbase', system/libhidl lineage-22.2 @2bfb10b64fcfa (module names); manifest default.xml:912 (system/libhidl, remote=aosp)
proprietary/vendor/lib64/libskeymaster4device.so	libkeymaster_helper.so	VENDOR	shipped in this repo as proprietary/vendor/lib64/libkeymaster_helper.so
proprietary/vendor/lib64/libskeymaster4device.so	libkeymaster_messages.so	VENDOR-ELSEWHERE	Qualcomm keymint/keymaster messages lib, CAF tree; CAF platform tree device fork @2e50286ebc01 (extract-files.py):22 (hardware/qcom-caf/sdm845); project not on github.com, module name NOT verified here
proprietary/vendor/lib64/libskeymaster4device.so	libkeymaster_portable.so	VENDOR-ELSEWHERE	Qualcomm keymaster portable lib, CAF tree; CAF platform tree device fork @2e50286ebc01 (extract-files.py):22 (hardware/qcom-caf/sdm845); project not on github.com, module name NOT verified here
proprietary/vendor/lib64/libskeymaster4device.so	liblog.so	PLATFORM	bionic, LineageOS/android_bionic (manifest default.xml:37); /system/lib64
proprietary/vendor/lib64/libskeymaster4device.so	libm.so	PLATFORM	bionic, LineageOS/android_bionic (manifest default.xml:37)
proprietary/vendor/lib64/libskeymaster4device.so	libutils.so	PLATFORM	bionic libutils, LineageOS/android_bionic (manifest default.xml:37); /system/lib64
proprietary/vendor/lib64/libsnpe_dsp_domains_v2.so	libc.so	PLATFORM	bionic, LineageOS/android_bionic (manifest default.xml:37); /system/lib64 + apex com.android.runtime/lib64/bionic
proprietary/vendor/lib64/libsnpe_dsp_domains_v2.so	libcdsprpc.so	VENDOR	shipped in this repo as proprietary/vendor/lib64/libcdsprpc.so
proprietary/vendor/lib64/libsnpe_dsp_domains_v2.so	libdl.so	PLATFORM	bionic, LineageOS/android_bionic (manifest default.xml:37)
proprietary/vendor/lib64/libsnpe_dsp_domains_v2.so	liblog.so	PLATFORM	bionic, LineageOS/android_bionic (manifest default.xml:37); /system/lib64
proprietary/vendor/lib64/libsnpe_dsp_domains_v2.so	libm.so	PLATFORM	bionic, LineageOS/android_bionic (manifest default.xml:37)
proprietary/vendor/lib64/libsnpe_wrapper.so	libSNPE.so	VENDOR	shipped in this repo as proprietary/vendor/lib64/libSNPE.so
proprietary/vendor/lib64/libsnpe_wrapper.so	libc.so	PLATFORM	bionic, LineageOS/android_bionic (manifest default.xml:37); /system/lib64 + apex com.android.runtime/lib64/bionic
proprietary/vendor/lib64/libsnpe_wrapper.so	libdl.so	PLATFORM	bionic, LineageOS/android_bionic (manifest default.xml:37)
proprietary/vendor/lib64/libsnpe_wrapper.so	liblog.so	PLATFORM	bionic, LineageOS/android_bionic (manifest default.xml:37); /system/lib64
proprietary/vendor/lib64/libsnpe_wrapper.so	libm.so	PLATFORM	bionic, LineageOS/android_bionic (manifest default.xml:37)
proprietary/vendor/lib64/libsns_device_mode_stub.so	libc++.so	PLATFORM	bionic NDK compat lib, LineageOS/android_bionic (manifest default.xml:37); /system/lib64
proprietary/vendor/lib64/libsns_device_mode_stub.so	libc.so	PLATFORM	bionic, LineageOS/android_bionic (manifest default.xml:37); /system/lib64 + apex com.android.runtime/lib64/bionic
proprietary/vendor/lib64/libsns_device_mode_stub.so	libcutils.so	PLATFORM	bionic libcutils, LineageOS/android_bionic (manifest default.xml:37); /system/lib64
proprietary/vendor/lib64/libsns_device_mode_stub.so	libdl.so	PLATFORM	bionic, LineageOS/android_bionic (manifest default.xml:37)
proprietary/vendor/lib64/libsns_device_mode_stub.so	liblog.so	PLATFORM	bionic, LineageOS/android_bionic (manifest default.xml:37); /system/lib64
proprietary/vendor/lib64/libsns_device_mode_stub.so	libm.so	PLATFORM	bionic, LineageOS/android_bionic (manifest default.xml:37)
proprietary/vendor/lib64/libsns_device_mode_stub.so	libsns_fastRPC_util.so	VENDOR	shipped in this repo as proprietary/vendor/lib64/libsns_fastRPC_util.so
proprietary/vendor/lib64/libsns_device_mode_stub.so	libutils.so	PLATFORM	bionic libutils, LineageOS/android_bionic (manifest default.xml:37); /system/lib64
proprietary/vendor/lib64/libsns_fastRPC_util.so	libc++.so	PLATFORM	bionic NDK compat lib, LineageOS/android_bionic (manifest default.xml:37); /system/lib64
proprietary/vendor/lib64/libsns_fastRPC_util.so	libc.so	PLATFORM	bionic, LineageOS/android_bionic (manifest default.xml:37); /system/lib64 + apex com.android.runtime/lib64/bionic
proprietary/vendor/lib64/libsns_fastRPC_util.so	libcutils.so	PLATFORM	bionic libcutils, LineageOS/android_bionic (manifest default.xml:37); /system/lib64
proprietary/vendor/lib64/libsns_fastRPC_util.so	libdl.so	PLATFORM	bionic, LineageOS/android_bionic (manifest default.xml:37)
proprietary/vendor/lib64/libsns_fastRPC_util.so	liblog.so	PLATFORM	bionic, LineageOS/android_bionic (manifest default.xml:37); /system/lib64
proprietary/vendor/lib64/libsns_fastRPC_util.so	libm.so	PLATFORM	bionic, LineageOS/android_bionic (manifest default.xml:37)
proprietary/vendor/lib64/libsns_fastRPC_util.so	libutils.so	PLATFORM	bionic libutils, LineageOS/android_bionic (manifest default.xml:37); /system/lib64
proprietary/vendor/lib64/libsns_low_lat_stream_stub.so	libc++.so	PLATFORM	bionic NDK compat lib, LineageOS/android_bionic (manifest default.xml:37); /system/lib64
proprietary/vendor/lib64/libsns_low_lat_stream_stub.so	libc.so	PLATFORM	bionic, LineageOS/android_bionic (manifest default.xml:37); /system/lib64 + apex com.android.runtime/lib64/bionic
proprietary/vendor/lib64/libsns_low_lat_stream_stub.so	libcutils.so	PLATFORM	bionic libcutils, LineageOS/android_bionic (manifest default.xml:37); /system/lib64
proprietary/vendor/lib64/libsns_low_lat_stream_stub.so	libdl.so	PLATFORM	bionic, LineageOS/android_bionic (manifest default.xml:37)
proprietary/vendor/lib64/libsns_low_lat_stream_stub.so	liblog.so	PLATFORM	bionic, LineageOS/android_bionic (manifest default.xml:37); /system/lib64
proprietary/vendor/lib64/libsns_low_lat_stream_stub.so	libm.so	PLATFORM	bionic, LineageOS/android_bionic (manifest default.xml:37)
proprietary/vendor/lib64/libsns_low_lat_stream_stub.so	libsns_fastRPC_util.so	VENDOR	shipped in this repo as proprietary/vendor/lib64/libsns_fastRPC_util.so
proprietary/vendor/lib64/libsns_low_lat_stream_stub.so	libutils.so	PLATFORM	bionic libutils, LineageOS/android_bionic (manifest default.xml:37); /system/lib64
proprietary/vendor/lib64/libsns_registry_skel.so	libc++.so	PLATFORM	bionic NDK compat lib, LineageOS/android_bionic (manifest default.xml:37); /system/lib64
proprietary/vendor/lib64/libsns_registry_skel.so	libc.so	PLATFORM	bionic, LineageOS/android_bionic (manifest default.xml:37); /system/lib64 + apex com.android.runtime/lib64/bionic
proprietary/vendor/lib64/libsns_registry_skel.so	libcutils.so	PLATFORM	bionic libcutils, LineageOS/android_bionic (manifest default.xml:37); /system/lib64
proprietary/vendor/lib64/libsns_registry_skel.so	libdl.so	PLATFORM	bionic, LineageOS/android_bionic (manifest default.xml:37)
proprietary/vendor/lib64/libsns_registry_skel.so	liblog.so	PLATFORM	bionic, LineageOS/android_bionic (manifest default.xml:37); /system/lib64
proprietary/vendor/lib64/libsns_registry_skel.so	libm.so	PLATFORM	bionic, LineageOS/android_bionic (manifest default.xml:37)
proprietary/vendor/lib64/libsns_registry_skel.so	libutils.so	PLATFORM	bionic libutils, LineageOS/android_bionic (manifest default.xml:37); /system/lib64
proprietary/vendor/lib64/libsnsapi.so	libc++.so	PLATFORM	bionic NDK compat lib, LineageOS/android_bionic (manifest default.xml:37); /system/lib64
proprietary/vendor/lib64/libsnsapi.so	libc.so	PLATFORM	bionic, LineageOS/android_bionic (manifest default.xml:37); /system/lib64 + apex com.android.runtime/lib64/bionic
proprietary/vendor/lib64/libsnsapi.so	libcutils.so	PLATFORM	bionic libcutils, LineageOS/android_bionic (manifest default.xml:37); /system/lib64
proprietary/vendor/lib64/libsnsapi.so	libdl.so	PLATFORM	bionic, LineageOS/android_bionic (manifest default.xml:37)
proprietary/vendor/lib64/libsnsapi.so	libm.so	PLATFORM	bionic, LineageOS/android_bionic (manifest default.xml:37)
proprietary/vendor/lib64/libsnsapi.so	libprotobuf-cpp-lite-3.9.1.so	VENDOR-ELSEWHERE	versioned protobuf-lite prebuilt from CAF, CAF platform tree device fork @2e50286ebc01 (extract-files.py):22 (hardware/qcom-caf/sdm845); project not on github.com, module name NOT verified here
proprietary/vendor/lib64/libsnsapi.so	libqmi_cci.so	VENDOR	shipped in this repo as proprietary/vendor/lib64/libqmi_cci.so
proprietary/vendor/lib64/libsnsapi.so	libqmi_common_so.so	VENDOR	shipped in this repo as proprietary/vendor/lib64/libqmi_common_so.so
proprietary/vendor/lib64/libsnsapi.so	libqmi_encdec.so	VENDOR	shipped in this repo as proprietary/vendor/lib64/libqmi_encdec.so
proprietary/vendor/lib64/libsnsapi.so	libutils.so	PLATFORM	bionic libutils, LineageOS/android_bionic (manifest default.xml:37); /system/lib64
proprietary/vendor/lib64/libsnsdiaglog.so	libc++.so	PLATFORM	bionic NDK compat lib, LineageOS/android_bionic (manifest default.xml:37); /system/lib64
proprietary/vendor/lib64/libsnsdiaglog.so	libc.so	PLATFORM	bionic, LineageOS/android_bionic (manifest default.xml:37); /system/lib64 + apex com.android.runtime/lib64/bionic
proprietary/vendor/lib64/libsnsdiaglog.so	libcutils.so	PLATFORM	bionic libcutils, LineageOS/android_bionic (manifest default.xml:37); /system/lib64
proprietary/vendor/lib64/libsnsdiaglog.so	libdiag.so	VENDOR	shipped in this repo as proprietary/vendor/lib64/libdiag.so
proprietary/vendor/lib64/libsnsdiaglog.so	libdl.so	PLATFORM	bionic, LineageOS/android_bionic (manifest default.xml:37)
proprietary/vendor/lib64/libsnsdiaglog.so	liblog.so	PLATFORM	bionic, LineageOS/android_bionic (manifest default.xml:37); /system/lib64
proprietary/vendor/lib64/libsnsdiaglog.so	libm.so	PLATFORM	bionic, LineageOS/android_bionic (manifest default.xml:37)
proprietary/vendor/lib64/libsnsdiaglog.so	libprotobuf-cpp-lite-3.9.1.so	VENDOR-ELSEWHERE	versioned protobuf-lite prebuilt from CAF, CAF platform tree device fork @2e50286ebc01 (extract-files.py):22 (hardware/qcom-caf/sdm845); project not on github.com, module name NOT verified here
proprietary/vendor/lib64/libsnsdiaglog.so	libsensorslog.so	VENDOR	shipped in this repo as proprietary/vendor/lib64/libsensorslog.so
proprietary/vendor/lib64/libsnsdiaglog.so	libsnsapi.so	VENDOR	shipped in this repo as proprietary/vendor/lib64/libsnsapi.so
proprietary/vendor/lib64/libsnsdiaglog.so	libssc.so	VENDOR	shipped in this repo as proprietary/vendor/lib64/libssc.so
proprietary/vendor/lib64/libsnsdiaglog.so	libutils.so	PLATFORM	bionic libutils, LineageOS/android_bionic (manifest default.xml:37); /system/lib64
proprietary/vendor/lib64/libspcom.so	libc++.so	PLATFORM	bionic NDK compat lib, LineageOS/android_bionic (manifest default.xml:37); /system/lib64
proprietary/vendor/lib64/libspcom.so	libc.so	PLATFORM	bionic, LineageOS/android_bionic (manifest default.xml:37); /system/lib64 + apex com.android.runtime/lib64/bionic
proprietary/vendor/lib64/libspcom.so	libcrypto.so	PLATFORM	external/boringssl manifest default.xml:98 + conscrypt manifest default.xml:122 (APEX)
proprietary/vendor/lib64/libspcom.so	libcutils.so	PLATFORM	bionic libcutils, LineageOS/android_bionic (manifest default.xml:37); /system/lib64
proprietary/vendor/lib64/libspcom.so	libdl.so	PLATFORM	bionic, LineageOS/android_bionic (manifest default.xml:37)
proprietary/vendor/lib64/libspcom.so	liblog.so	PLATFORM	bionic, LineageOS/android_bionic (manifest default.xml:37); /system/lib64
proprietary/vendor/lib64/libspcom.so	libm.so	PLATFORM	bionic, LineageOS/android_bionic (manifest default.xml:37)
proprietary/vendor/lib64/libspcom.so	libutils.so	PLATFORM	bionic libutils, LineageOS/android_bionic (manifest default.xml:37); /system/lib64
proprietary/vendor/lib64/libssc.so	libc++.so	PLATFORM	bionic NDK compat lib, LineageOS/android_bionic (manifest default.xml:37); /system/lib64
proprietary/vendor/lib64/libssc.so	libc.so	PLATFORM	bionic, LineageOS/android_bionic (manifest default.xml:37); /system/lib64 + apex com.android.runtime/lib64/bionic
proprietary/vendor/lib64/libssc.so	libcutils.so	PLATFORM	bionic libcutils, LineageOS/android_bionic (manifest default.xml:37); /system/lib64
proprietary/vendor/lib64/libssc.so	libdl.so	PLATFORM	bionic, LineageOS/android_bionic (manifest default.xml:37)
proprietary/vendor/lib64/libssc.so	liblog.so	PLATFORM	bionic, LineageOS/android_bionic (manifest default.xml:37); /system/lib64
proprietary/vendor/lib64/libssc.so	libm.so	PLATFORM	bionic, LineageOS/android_bionic (manifest default.xml:37)
proprietary/vendor/lib64/libssc.so	libprotobuf-cpp-lite-3.9.1.so	VENDOR-ELSEWHERE	versioned protobuf-lite prebuilt from CAF, CAF platform tree device fork @2e50286ebc01 (extract-files.py):22 (hardware/qcom-caf/sdm845); project not on github.com, module name NOT verified here
proprietary/vendor/lib64/libssc.so	libqmi_cci.so	VENDOR	shipped in this repo as proprietary/vendor/lib64/libqmi_cci.so
proprietary/vendor/lib64/libssc.so	libqmi_common_so.so	VENDOR	shipped in this repo as proprietary/vendor/lib64/libqmi_common_so.so
proprietary/vendor/lib64/libssc.so	libqmi_encdec.so	VENDOR	shipped in this repo as proprietary/vendor/lib64/libqmi_encdec.so
proprietary/vendor/lib64/libssc.so	libsensorslog.so	VENDOR	shipped in this repo as proprietary/vendor/lib64/libsensorslog.so
proprietary/vendor/lib64/libssc.so	libsnsapi.so	VENDOR	shipped in this repo as proprietary/vendor/lib64/libsnsapi.so
proprietary/vendor/lib64/libssc.so	libutils.so	PLATFORM	bionic libutils, LineageOS/android_bionic (manifest default.xml:37); /system/lib64
proprietary/vendor/lib64/libssc_default_listener.so	libc++.so	PLATFORM	bionic NDK compat lib, LineageOS/android_bionic (manifest default.xml:37); /system/lib64
proprietary/vendor/lib64/libssc_default_listener.so	libc.so	PLATFORM	bionic, LineageOS/android_bionic (manifest default.xml:37); /system/lib64 + apex com.android.runtime/lib64/bionic
proprietary/vendor/lib64/libssc_default_listener.so	libdl.so	PLATFORM	bionic, LineageOS/android_bionic (manifest default.xml:37)
proprietary/vendor/lib64/libssc_default_listener.so	liblog.so	PLATFORM	bionic, LineageOS/android_bionic (manifest default.xml:37); /system/lib64
proprietary/vendor/lib64/libssc_default_listener.so	libm.so	PLATFORM	bionic, LineageOS/android_bionic (manifest default.xml:37)
proprietary/vendor/lib64/libssc_default_listener.so	libsdsprpc.so	VENDOR	shipped in this repo as proprietary/vendor/lib64/libsdsprpc.so
proprietary/vendor/lib64/libssd.so	libQSEEComAPI.so	VENDOR	shipped in this repo as proprietary/vendor/lib64/libQSEEComAPI.so
proprietary/vendor/lib64/libssd.so	libc++.so	PLATFORM	bionic NDK compat lib, LineageOS/android_bionic (manifest default.xml:37); /system/lib64
proprietary/vendor/lib64/libssd.so	libc.so	PLATFORM	bionic, LineageOS/android_bionic (manifest default.xml:37); /system/lib64 + apex com.android.runtime/lib64/bionic
proprietary/vendor/lib64/libssd.so	libcutils.so	PLATFORM	bionic libcutils, LineageOS/android_bionic (manifest default.xml:37); /system/lib64
proprietary/vendor/lib64/libssd.so	libdiag.so	VENDOR	shipped in this repo as proprietary/vendor/lib64/libdiag.so
proprietary/vendor/lib64/libssd.so	libdl.so	PLATFORM	bionic, LineageOS/android_bionic (manifest default.xml:37)
proprietary/vendor/lib64/libssd.so	liblog.so	PLATFORM	bionic, LineageOS/android_bionic (manifest default.xml:37); /system/lib64
proprietary/vendor/lib64/libssd.so	libm.so	PLATFORM	bionic, LineageOS/android_bionic (manifest default.xml:37)
proprietary/vendor/lib64/libssd.so	libutils.so	PLATFORM	bionic libutils, LineageOS/android_bionic (manifest default.xml:37); /system/lib64
proprietary/vendor/lib64/libsynaFpSensorTestNwd.so	libc.so	PLATFORM	bionic, LineageOS/android_bionic (manifest default.xml:37); /system/lib64 + apex com.android.runtime/lib64/bionic
proprietary/vendor/lib64/libsynaFpSensorTestNwd.so	libdl.so	PLATFORM	bionic, LineageOS/android_bionic (manifest default.xml:37)
proprietary/vendor/lib64/libsynaFpSensorTestNwd.so	liblog.so	PLATFORM	bionic, LineageOS/android_bionic (manifest default.xml:37); /system/lib64
proprietary/vendor/lib64/libsynergy_loc_api.so	libc++.so	PLATFORM	bionic NDK compat lib, LineageOS/android_bionic (manifest default.xml:37); /system/lib64
proprietary/vendor/lib64/libsynergy_loc_api.so	libc.so	PLATFORM	bionic, LineageOS/android_bionic (manifest default.xml:37); /system/lib64 + apex com.android.runtime/lib64/bionic
proprietary/vendor/lib64/libsynergy_loc_api.so	libcutils.so	PLATFORM	bionic libcutils, LineageOS/android_bionic (manifest default.xml:37); /system/lib64
proprietary/vendor/lib64/libsynergy_loc_api.so	libdl.so	PLATFORM	bionic, LineageOS/android_bionic (manifest default.xml:37)
proprietary/vendor/lib64/libsynergy_loc_api.so	libgps.utils.so	VENDOR	shipped in this repo as proprietary/vendor/lib64/libgps.utils.so
proprietary/vendor/lib64/libsynergy_loc_api.so	libloc_core.so	VENDOR	shipped in this repo as proprietary/vendor/lib64/libloc_core.so
proprietary/vendor/lib64/libsynergy_loc_api.so	liblog.so	PLATFORM	bionic, LineageOS/android_bionic (manifest default.xml:37); /system/lib64
proprietary/vendor/lib64/libsynergy_loc_api.so	libm.so	PLATFORM	bionic, LineageOS/android_bionic (manifest default.xml:37)
proprietary/vendor/lib64/libsynergy_loc_api.so	libqmi_cci.so	VENDOR	shipped in this repo as proprietary/vendor/lib64/libqmi_cci.so
proprietary/vendor/lib64/libsynergy_loc_api.so	libqmi_common_so.so	VENDOR	shipped in this repo as proprietary/vendor/lib64/libqmi_common_so.so
proprietary/vendor/lib64/libsynergy_loc_api.so	libutils.so	PLATFORM	bionic libutils, LineageOS/android_bionic (manifest default.xml:37); /system/lib64
proprietary/vendor/lib64/libsysmon_cdsp_skel.so	libc++.so	PLATFORM	bionic NDK compat lib, LineageOS/android_bionic (manifest default.xml:37); /system/lib64
proprietary/vendor/lib64/libsysmon_cdsp_skel.so	libc.so	PLATFORM	bionic, LineageOS/android_bionic (manifest default.xml:37); /system/lib64 + apex com.android.runtime/lib64/bionic
proprietary/vendor/lib64/libsysmon_cdsp_skel.so	libdl.so	PLATFORM	bionic, LineageOS/android_bionic (manifest default.xml:37)
proprietary/vendor/lib64/libsysmon_cdsp_skel.so	liblog.so	PLATFORM	bionic, LineageOS/android_bionic (manifest default.xml:37); /system/lib64
proprietary/vendor/lib64/libsysmon_cdsp_skel.so	libm.so	PLATFORM	bionic, LineageOS/android_bionic (manifest default.xml:37)
proprietary/vendor/lib64/libthermalclient.so	libc++.so	PLATFORM	bionic NDK compat lib, LineageOS/android_bionic (manifest default.xml:37); /system/lib64
proprietary/vendor/lib64/libthermalclient.so	libc.so	PLATFORM	bionic, LineageOS/android_bionic (manifest default.xml:37); /system/lib64 + apex com.android.runtime/lib64/bionic
proprietary/vendor/lib64/libthermalclient.so	libcutils.so	PLATFORM	bionic libcutils, LineageOS/android_bionic (manifest default.xml:37); /system/lib64
proprietary/vendor/lib64/libthermalclient.so	libdl.so	PLATFORM	bionic, LineageOS/android_bionic (manifest default.xml:37)
proprietary/vendor/lib64/libthermalclient.so	liblog.so	PLATFORM	bionic, LineageOS/android_bionic (manifest default.xml:37); /system/lib64
proprietary/vendor/lib64/libthermalclient.so	libm.so	PLATFORM	bionic, LineageOS/android_bionic (manifest default.xml:37)
proprietary/vendor/lib64/libtime_genoff.so	libc++.so	PLATFORM	bionic NDK compat lib, LineageOS/android_bionic (manifest default.xml:37); /system/lib64
proprietary/vendor/lib64/libtime_genoff.so	libc.so	PLATFORM	bionic, LineageOS/android_bionic (manifest default.xml:37); /system/lib64 + apex com.android.runtime/lib64/bionic
proprietary/vendor/lib64/libtime_genoff.so	libcutils.so	PLATFORM	bionic libcutils, LineageOS/android_bionic (manifest default.xml:37); /system/lib64
proprietary/vendor/lib64/libtime_genoff.so	libdl.so	PLATFORM	bionic, LineageOS/android_bionic (manifest default.xml:37)
proprietary/vendor/lib64/libtime_genoff.so	liblog.so	PLATFORM	bionic, LineageOS/android_bionic (manifest default.xml:37); /system/lib64
proprietary/vendor/lib64/libtime_genoff.so	libm.so	PLATFORM	bionic, LineageOS/android_bionic (manifest default.xml:37)
proprietary/vendor/lib64/libtinyxml2_1.so	libc++.so	PLATFORM	bionic NDK compat lib, LineageOS/android_bionic (manifest default.xml:37); /system/lib64
proprietary/vendor/lib64/libtinyxml2_1.so	libc.so	PLATFORM	bionic, LineageOS/android_bionic (manifest default.xml:37); /system/lib64 + apex com.android.runtime/lib64/bionic
proprietary/vendor/lib64/libtinyxml2_1.so	libdl.so	PLATFORM	bionic, LineageOS/android_bionic (manifest default.xml:37)
proprietary/vendor/lib64/libtinyxml2_1.so	libm.so	PLATFORM	bionic, LineageOS/android_bionic (manifest default.xml:37)
proprietary/vendor/lib64/libvppclient.so	libc++.so	PLATFORM	bionic NDK compat lib, LineageOS/android_bionic (manifest default.xml:37); /system/lib64
proprietary/vendor/lib64/libvppclient.so	libc.so	PLATFORM	bionic, LineageOS/android_bionic (manifest default.xml:37); /system/lib64 + apex com.android.runtime/lib64/bionic
proprietary/vendor/lib64/libvppclient.so	libcutils.so	PLATFORM	bionic libcutils, LineageOS/android_bionic (manifest default.xml:37); /system/lib64
proprietary/vendor/lib64/libvppclient.so	libdl.so	PLATFORM	bionic, LineageOS/android_bionic (manifest default.xml:37)
proprietary/vendor/lib64/libvppclient.so	libhardware.so	PLATFORM	AOSP hardware/interfaces, hardware/interfaces lineage-23.2 @13d687a84c83 (.hal present)
proprietary/vendor/lib64/libvppclient.so	libhidlbase.so	PLATFORM	system/libhidl module 'libhidlbase', system/libhidl lineage-22.2 @2bfb10b64fcfa (module names); manifest default.xml:912 (system/libhidl, remote=aosp)
proprietary/vendor/lib64/libvppclient.so	libhidltransport.so	PLATFORM	system/libhidl module 'libhidltransport', system/libhidl lineage-22.2 @2bfb10b64fcfa (module names); manifest default.xml:912 (system/libhidl, remote=aosp)
proprietary/vendor/lib64/libvppclient.so	libhwbinder.so	PLATFORM	frameworks/native (manifest default.xml:613) libs/hwbinder
proprietary/vendor/lib64/libvppclient.so	liblog.so	PLATFORM	bionic, LineageOS/android_bionic (manifest default.xml:37); /system/lib64
proprietary/vendor/lib64/libvppclient.so	libm.so	PLATFORM	bionic, LineageOS/android_bionic (manifest default.xml:37)
proprietary/vendor/lib64/libvppclient.so	libqdMetaData.so	VENDOR-ELSEWHERE	module 'libqdMetaData' confirmed in LineageOS/android_hardware_qcom_display lineage-22.2 @98b6355a127e and in LineageOS/android_vendor_qcom_opensource_display-commonsys lineage-23.2 @4740d3dd5585 -> /vendor/lib64
proprietary/vendor/lib64/libvppclient.so	libutils.so	PLATFORM	bionic libutils, LineageOS/android_bionic (manifest default.xml:37); /system/lib64
proprietary/vendor/lib64/libvppclient.so	libvpplibrary.so	VENDOR	shipped in this repo as proprietary/vendor/lib64/libvpplibrary.so
proprietary/vendor/lib64/libvppclient.so	vendor.qti.hardware.vpp@1.1.so	VENDOR	shipped in this repo as proprietary/vendor/lib64/vendor.qti.hardware.vpp@1.1.so
proprietary/vendor/lib64/libvpphvx.so	libadsprpc.so	VENDOR	shipped in this repo as proprietary/vendor/lib64/libadsprpc.so
proprietary/vendor/lib64/libvpphvx.so	libc++.so	PLATFORM	bionic NDK compat lib, LineageOS/android_bionic (manifest default.xml:37); /system/lib64
proprietary/vendor/lib64/libvpphvx.so	libc.so	PLATFORM	bionic, LineageOS/android_bionic (manifest default.xml:37); /system/lib64 + apex com.android.runtime/lib64/bionic
proprietary/vendor/lib64/libvpphvx.so	libcutils.so	PLATFORM	bionic libcutils, LineageOS/android_bionic (manifest default.xml:37); /system/lib64
proprietary/vendor/lib64/libvpphvx.so	libdl.so	PLATFORM	bionic, LineageOS/android_bionic (manifest default.xml:37)
proprietary/vendor/lib64/libvpphvx.so	liblog.so	PLATFORM	bionic, LineageOS/android_bionic (manifest default.xml:37); /system/lib64
proprietary/vendor/lib64/libvpphvx.so	libm.so	PLATFORM	bionic, LineageOS/android_bionic (manifest default.xml:37)
proprietary/vendor/lib64/libvpplibrary.so	libadsprpc.so	VENDOR	shipped in this repo as proprietary/vendor/lib64/libadsprpc.so
proprietary/vendor/lib64/libvpplibrary.so	libc++.so	PLATFORM	bionic NDK compat lib, LineageOS/android_bionic (manifest default.xml:37); /system/lib64
proprietary/vendor/lib64/libvpplibrary.so	libc.so	PLATFORM	bionic, LineageOS/android_bionic (manifest default.xml:37); /system/lib64 + apex com.android.runtime/lib64/bionic
proprietary/vendor/lib64/libvpplibrary.so	libcutils.so	PLATFORM	bionic libcutils, LineageOS/android_bionic (manifest default.xml:37); /system/lib64
proprietary/vendor/lib64/libvpplibrary.so	libdl.so	PLATFORM	bionic, LineageOS/android_bionic (manifest default.xml:37)
proprietary/vendor/lib64/libvpplibrary.so	libhidlbase.so	PLATFORM	system/libhidl module 'libhidlbase', system/libhidl lineage-22.2 @2bfb10b64fcfa (module names); manifest default.xml:912 (system/libhidl, remote=aosp)
proprietary/vendor/lib64/libvpplibrary.so	liblog.so	PLATFORM	bionic, LineageOS/android_bionic (manifest default.xml:37); /system/lib64
proprietary/vendor/lib64/libvpplibrary.so	libm.so	PLATFORM	bionic, LineageOS/android_bionic (manifest default.xml:37)
proprietary/vendor/lib64/libvpplibrary.so	libqdMetaData.so	VENDOR-ELSEWHERE	module 'libqdMetaData' confirmed in LineageOS/android_hardware_qcom_display lineage-22.2 @98b6355a127e and in LineageOS/android_vendor_qcom_opensource_display-commonsys lineage-23.2 @4740d3dd5585 -> /vendor/lib64
proprietary/vendor/lib64/libvpplibrary.so	libutils.so	PLATFORM	bionic libutils, LineageOS/android_bionic (manifest default.xml:37); /system/lib64
proprietary/vendor/lib64/libvpplibrary.so	libvpphvx.so	VENDOR	shipped in this repo as proprietary/vendor/lib64/libvpphvx.so
proprietary/vendor/lib64/libvpplibrary.so	vendor.qti.hardware.capabilityconfigstore@1.0.so	VENDOR-ELSEWHERE	Qualcomm capability-config HIDL iface. Note this repo ships only the service binary vendor/lib/hw/vendor.qti.hardware.capabilityconfigstore@1.0-service, not the iface lib; project not on github.com, module name NOT verified here
proprietary/vendor/lib64/libwfdhdcpcp.so	libc++.so	PLATFORM	bionic NDK compat lib, LineageOS/android_bionic (manifest default.xml:37); /system/lib64
proprietary/vendor/lib64/libwfdhdcpcp.so	libc.so	PLATFORM	bionic, LineageOS/android_bionic (manifest default.xml:37); /system/lib64 + apex com.android.runtime/lib64/bionic
proprietary/vendor/lib64/libwfdhdcpcp.so	libcutils.so	PLATFORM	bionic libcutils, LineageOS/android_bionic (manifest default.xml:37); /system/lib64
proprietary/vendor/lib64/libwfdhdcpcp.so	libdl.so	PLATFORM	bionic, LineageOS/android_bionic (manifest default.xml:37)
proprietary/vendor/lib64/libwfdhdcpcp.so	liblog.so	PLATFORM	bionic, LineageOS/android_bionic (manifest default.xml:37); /system/lib64
proprietary/vendor/lib64/libwfdhdcpcp.so	libm.so	PLATFORM	bionic, LineageOS/android_bionic (manifest default.xml:37)
proprietary/vendor/lib64/libwfdhdcpcp.so	libmmosal.so	VENDOR	shipped in this repo as proprietary/system_ext/lib64/libmmosal.so;proprietary/vendor/lib64/libmmosal.so
proprietary/vendor/lib64/libwfdhdcpcp.so	libutils.so	PLATFORM	bionic libutils, LineageOS/android_bionic (manifest default.xml:37); /system/lib64
proprietary/vendor/lib64/sensors.grip.so	android.hardware.sensors@2.0-ScopedWakelock.so	PLATFORM	generated HIDL variant, referenced in hardware/interfaces lineage-23.2 sensors/2.0/multihal/Android.bp:42
proprietary/vendor/lib64/sensors.grip.so	android.hardware.sensors@2.0.so	PLATFORM	HIDL iface lib, hardware/interfaces lineage-23.2 @13d687a84c83 (.hal present)
proprietary/vendor/lib64/sensors.grip.so	libc++.so	PLATFORM	bionic NDK compat lib, LineageOS/android_bionic (manifest default.xml:37); /system/lib64
proprietary/vendor/lib64/sensors.grip.so	libc.so	PLATFORM	bionic, LineageOS/android_bionic (manifest default.xml:37); /system/lib64 + apex com.android.runtime/lib64/bionic
proprietary/vendor/lib64/sensors.grip.so	libcutils.so	PLATFORM	bionic libcutils, LineageOS/android_bionic (manifest default.xml:37); /system/lib64
proprietary/vendor/lib64/sensors.grip.so	libdl.so	PLATFORM	bionic, LineageOS/android_bionic (manifest default.xml:37)
proprietary/vendor/lib64/sensors.grip.so	libfmq.so	VENDOR-ELSEWHERE	Qualcomm FM metadata (RIL), CAF tree; CAF platform tree device fork @2e50286ebc01 (extract-files.py):22 (hardware/qcom-caf/sdm845); project not on github.com, module name NOT verified here
proprietary/vendor/lib64/sensors.grip.so	libhardware.so	PLATFORM	AOSP hardware/interfaces, hardware/interfaces lineage-23.2 @13d687a84c83 (.hal present)
proprietary/vendor/lib64/sensors.grip.so	libhidlbase.so	PLATFORM	system/libhidl module 'libhidlbase', system/libhidl lineage-22.2 @2bfb10b64fcfa (module names); manifest default.xml:912 (system/libhidl, remote=aosp)
proprietary/vendor/lib64/sensors.grip.so	liblog.so	PLATFORM	bionic, LineageOS/android_bionic (manifest default.xml:37); /system/lib64
proprietary/vendor/lib64/sensors.grip.so	libm.so	PLATFORM	bionic, LineageOS/android_bionic (manifest default.xml:37)
proprietary/vendor/lib64/sensors.grip.so	libutils.so	PLATFORM	bionic libutils, LineageOS/android_bionic (manifest default.xml:37); /system/lib64
proprietary/vendor/lib64/sensors.ssc.so	android.hardware.graphics.mapper@2.0.so	PLATFORM	HIDL iface lib, hardware/interfaces lineage-23.2 @13d687a84c83 (.hal present)
proprietary/vendor/lib64/sensors.ssc.so	android.hardware.graphics.mapper@3.0.so	PLATFORM	HIDL iface lib, hardware/interfaces lineage-23.2 @13d687a84c83 (.hal present)
proprietary/vendor/lib64/sensors.ssc.so	android.hardware.sensors@2.0-ScopedWakelock.so	PLATFORM	generated HIDL variant, referenced in hardware/interfaces lineage-23.2 sensors/2.0/multihal/Android.bp:42
proprietary/vendor/lib64/sensors.ssc.so	android.hardware.sensors@2.0.so	PLATFORM	HIDL iface lib, hardware/interfaces lineage-23.2 @13d687a84c83 (.hal present)
proprietary/vendor/lib64/sensors.ssc.so	libc++.so	PLATFORM	bionic NDK compat lib, LineageOS/android_bionic (manifest default.xml:37); /system/lib64
proprietary/vendor/lib64/sensors.ssc.so	libc.so	PLATFORM	bionic, LineageOS/android_bionic (manifest default.xml:37); /system/lib64 + apex com.android.runtime/lib64/bionic
proprietary/vendor/lib64/sensors.ssc.so	libcutils.so	PLATFORM	bionic libcutils, LineageOS/android_bionic (manifest default.xml:37); /system/lib64
proprietary/vendor/lib64/sensors.ssc.so	libdl.so	PLATFORM	bionic, LineageOS/android_bionic (manifest default.xml:37)
proprietary/vendor/lib64/sensors.ssc.so	libhardware.so	PLATFORM	AOSP hardware/interfaces, hardware/interfaces lineage-23.2 @13d687a84c83 (.hal present)
proprietary/vendor/lib64/sensors.ssc.so	libhidlbase.so	PLATFORM	system/libhidl module 'libhidlbase', system/libhidl lineage-22.2 @2bfb10b64fcfa (module names); manifest default.xml:912 (system/libhidl, remote=aosp)
proprietary/vendor/lib64/sensors.ssc.so	libhidltransport.so	PLATFORM	system/libhidl module 'libhidltransport', system/libhidl lineage-22.2 @2bfb10b64fcfa (module names); manifest default.xml:912 (system/libhidl, remote=aosp)
proprietary/vendor/lib64/sensors.ssc.so	liblog.so	PLATFORM	bionic, LineageOS/android_bionic (manifest default.xml:37); /system/lib64
proprietary/vendor/lib64/sensors.ssc.so	libm.so	PLATFORM	bionic, LineageOS/android_bionic (manifest default.xml:37)
proprietary/vendor/lib64/sensors.ssc.so	libprotobuf-cpp-lite-3.9.1.so	VENDOR-ELSEWHERE	versioned protobuf-lite prebuilt from CAF, CAF platform tree device fork @2e50286ebc01 (extract-files.py):22 (hardware/qcom-caf/sdm845); project not on github.com, module name NOT verified here
proprietary/vendor/lib64/sensors.ssc.so	libsensorslog.so	VENDOR	shipped in this repo as proprietary/vendor/lib64/libsensorslog.so
proprietary/vendor/lib64/sensors.ssc.so	libsns_fastRPC_util.so	VENDOR	shipped in this repo as proprietary/vendor/lib64/libsns_fastRPC_util.so
proprietary/vendor/lib64/sensors.ssc.so	libsnsapi.so	VENDOR	shipped in this repo as proprietary/vendor/lib64/libsnsapi.so
proprietary/vendor/lib64/sensors.ssc.so	libsnsdiaglog.so	VENDOR	shipped in this repo as proprietary/vendor/lib64/libsnsdiaglog.so
proprietary/vendor/lib64/sensors.ssc.so	libssc.so	VENDOR	shipped in this repo as proprietary/vendor/lib64/libssc.so
proprietary/vendor/lib64/sensors.ssc.so	libutils.so	PLATFORM	bionic libutils, LineageOS/android_bionic (manifest default.xml:37); /system/lib64
proprietary/vendor/lib64/sensors.ssc.so	vendor.qti.hardware.display.mapper@1.1.so	VENDOR-ELSEWHERE	Qualcomm HIDL mapper iface; LineageOS/android_vendor_qcom_opensource_display-commonsys-intf lineage-23.2 @210909f16313 has NO hidl/ dir (aidl only), so this HIDL lib comes from the CAF display tree; project not on github.com, module name NOT verified here
proprietary/vendor/lib64/sensors.ssc.so	vendor.qti.hardware.display.mapper@3.0.so	VENDOR-ELSEWHERE	Qualcomm HIDL mapper iface; same as @1.1; project not on github.com, module name NOT verified here
proprietary/vendor/lib64/soundfx/libasphere.so	libc++.so	PLATFORM	bionic NDK compat lib, LineageOS/android_bionic (manifest default.xml:37); /system/lib64
proprietary/vendor/lib64/soundfx/libasphere.so	libc.so	PLATFORM	bionic, LineageOS/android_bionic (manifest default.xml:37); /system/lib64 + apex com.android.runtime/lib64/bionic
proprietary/vendor/lib64/soundfx/libasphere.so	libcutils.so	PLATFORM	bionic libcutils, LineageOS/android_bionic (manifest default.xml:37); /system/lib64
proprietary/vendor/lib64/soundfx/libasphere.so	libdl.so	PLATFORM	bionic, LineageOS/android_bionic (manifest default.xml:37)
proprietary/vendor/lib64/soundfx/libasphere.so	liblog.so	PLATFORM	bionic, LineageOS/android_bionic (manifest default.xml:37); /system/lib64
proprietary/vendor/lib64/soundfx/libasphere.so	libm.so	PLATFORM	bionic, LineageOS/android_bionic (manifest default.xml:37)
proprietary/vendor/lib64/soundfx/libqcbassboost.so	libc++.so	PLATFORM	bionic NDK compat lib, LineageOS/android_bionic (manifest default.xml:37); /system/lib64
proprietary/vendor/lib64/soundfx/libqcbassboost.so	libc.so	PLATFORM	bionic, LineageOS/android_bionic (manifest default.xml:37); /system/lib64 + apex com.android.runtime/lib64/bionic
proprietary/vendor/lib64/soundfx/libqcbassboost.so	libcutils.so	PLATFORM	bionic libcutils, LineageOS/android_bionic (manifest default.xml:37); /system/lib64
proprietary/vendor/lib64/soundfx/libqcbassboost.so	libdl.so	PLATFORM	bionic, LineageOS/android_bionic (manifest default.xml:37)
proprietary/vendor/lib64/soundfx/libqcbassboost.so	liblog.so	PLATFORM	bionic, LineageOS/android_bionic (manifest default.xml:37); /system/lib64
proprietary/vendor/lib64/soundfx/libqcbassboost.so	libm.so	PLATFORM	bionic, LineageOS/android_bionic (manifest default.xml:37)
proprietary/vendor/lib64/soundfx/libqcreverb.so	libc++.so	PLATFORM	bionic NDK compat lib, LineageOS/android_bionic (manifest default.xml:37); /system/lib64
proprietary/vendor/lib64/soundfx/libqcreverb.so	libc.so	PLATFORM	bionic, LineageOS/android_bionic (manifest default.xml:37); /system/lib64 + apex com.android.runtime/lib64/bionic
proprietary/vendor/lib64/soundfx/libqcreverb.so	libcutils.so	PLATFORM	bionic libcutils, LineageOS/android_bionic (manifest default.xml:37); /system/lib64
proprietary/vendor/lib64/soundfx/libqcreverb.so	libdl.so	PLATFORM	bionic, LineageOS/android_bionic (manifest default.xml:37)
proprietary/vendor/lib64/soundfx/libqcreverb.so	liblog.so	PLATFORM	bionic, LineageOS/android_bionic (manifest default.xml:37); /system/lib64
proprietary/vendor/lib64/soundfx/libqcreverb.so	libm.so	PLATFORM	bionic, LineageOS/android_bionic (manifest default.xml:37)
proprietary/vendor/lib64/soundfx/libqcvirt.so	libc++.so	PLATFORM	bionic NDK compat lib, LineageOS/android_bionic (manifest default.xml:37); /system/lib64
proprietary/vendor/lib64/soundfx/libqcvirt.so	libc.so	PLATFORM	bionic, LineageOS/android_bionic (manifest default.xml:37); /system/lib64 + apex com.android.runtime/lib64/bionic
proprietary/vendor/lib64/soundfx/libqcvirt.so	libcutils.so	PLATFORM	bionic libcutils, LineageOS/android_bionic (manifest default.xml:37); /system/lib64
proprietary/vendor/lib64/soundfx/libqcvirt.so	libdl.so	PLATFORM	bionic, LineageOS/android_bionic (manifest default.xml:37)
proprietary/vendor/lib64/soundfx/libqcvirt.so	liblog.so	PLATFORM	bionic, LineageOS/android_bionic (manifest default.xml:37); /system/lib64
proprietary/vendor/lib64/soundfx/libqcvirt.so	libm.so	PLATFORM	bionic, LineageOS/android_bionic (manifest default.xml:37)
proprietary/vendor/lib64/soundfx/libshoebox.so	libc++.so	PLATFORM	bionic NDK compat lib, LineageOS/android_bionic (manifest default.xml:37); /system/lib64
proprietary/vendor/lib64/soundfx/libshoebox.so	libc.so	PLATFORM	bionic, LineageOS/android_bionic (manifest default.xml:37); /system/lib64 + apex com.android.runtime/lib64/bionic
proprietary/vendor/lib64/soundfx/libshoebox.so	libcutils.so	PLATFORM	bionic libcutils, LineageOS/android_bionic (manifest default.xml:37); /system/lib64
proprietary/vendor/lib64/soundfx/libshoebox.so	libdl.so	PLATFORM	bionic, LineageOS/android_bionic (manifest default.xml:37)
proprietary/vendor/lib64/soundfx/libshoebox.so	liblog.so	PLATFORM	bionic, LineageOS/android_bionic (manifest default.xml:37); /system/lib64
proprietary/vendor/lib64/soundfx/libshoebox.so	libm.so	PLATFORM	bionic, LineageOS/android_bionic (manifest default.xml:37)
proprietary/vendor/lib64/soundfx/libswdap.so	libaudioutils.so	PLATFORM	frameworks/av (manifest default.xml:597) media/libaudioutils
proprietary/vendor/lib64/soundfx/libswdap.so	libc++.so	PLATFORM	bionic NDK compat lib, LineageOS/android_bionic (manifest default.xml:37); /system/lib64
proprietary/vendor/lib64/soundfx/libswdap.so	libc.so	PLATFORM	bionic, LineageOS/android_bionic (manifest default.xml:37); /system/lib64 + apex com.android.runtime/lib64/bionic
proprietary/vendor/lib64/soundfx/libswdap.so	libcutils.so	PLATFORM	bionic libcutils, LineageOS/android_bionic (manifest default.xml:37); /system/lib64
proprietary/vendor/lib64/soundfx/libswdap.so	libdl.so	PLATFORM	bionic, LineageOS/android_bionic (manifest default.xml:37)
proprietary/vendor/lib64/soundfx/libswdap.so	liblog.so	PLATFORM	bionic, LineageOS/android_bionic (manifest default.xml:37); /system/lib64
proprietary/vendor/lib64/soundfx/libswdap.so	libm.so	PLATFORM	bionic, LineageOS/android_bionic (manifest default.xml:37)
proprietary/vendor/lib64/soundfx/libswdap.so	libprofileparamstorage.so	VENDOR	shipped in this repo as proprietary/vendor/lib64/libprofileparamstorage.so
proprietary/vendor/lib64/soundfx/libswdap.so	libsecaudiocoreutils.so	VENDOR	shipped in this repo as proprietary/vendor/lib64/libsecaudiocoreutils.so
proprietary/vendor/lib64/soundfx/libswdap.so	libutils.so	PLATFORM	bionic libutils, LineageOS/android_bionic (manifest default.xml:37); /system/lib64
proprietary/vendor/lib64/vendor.display.color@1.0.so	libc++.so	PLATFORM	bionic NDK compat lib, LineageOS/android_bionic (manifest default.xml:37); /system/lib64
proprietary/vendor/lib64/vendor.display.color@1.0.so	libc.so	PLATFORM	bionic, LineageOS/android_bionic (manifest default.xml:37); /system/lib64 + apex com.android.runtime/lib64/bionic
proprietary/vendor/lib64/vendor.display.color@1.0.so	libcutils.so	PLATFORM	bionic libcutils, LineageOS/android_bionic (manifest default.xml:37); /system/lib64
proprietary/vendor/lib64/vendor.display.color@1.0.so	libdl.so	PLATFORM	bionic, LineageOS/android_bionic (manifest default.xml:37)
proprietary/vendor/lib64/vendor.display.color@1.0.so	libhidlbase.so	PLATFORM	system/libhidl module 'libhidlbase', system/libhidl lineage-22.2 @2bfb10b64fcfa (module names); manifest default.xml:912 (system/libhidl, remote=aosp)
proprietary/vendor/lib64/vendor.display.color@1.0.so	liblog.so	PLATFORM	bionic, LineageOS/android_bionic (manifest default.xml:37); /system/lib64
proprietary/vendor/lib64/vendor.display.color@1.0.so	libm.so	PLATFORM	bionic, LineageOS/android_bionic (manifest default.xml:37)
proprietary/vendor/lib64/vendor.display.color@1.0.so	libutils.so	PLATFORM	bionic libutils, LineageOS/android_bionic (manifest default.xml:37); /system/lib64
proprietary/vendor/lib64/vendor.display.color@1.1.so	libc++.so	PLATFORM	bionic NDK compat lib, LineageOS/android_bionic (manifest default.xml:37); /system/lib64
proprietary/vendor/lib64/vendor.display.color@1.1.so	libc.so	PLATFORM	bionic, LineageOS/android_bionic (manifest default.xml:37); /system/lib64 + apex com.android.runtime/lib64/bionic
proprietary/vendor/lib64/vendor.display.color@1.1.so	libcutils.so	PLATFORM	bionic libcutils, LineageOS/android_bionic (manifest default.xml:37); /system/lib64
proprietary/vendor/lib64/vendor.display.color@1.1.so	libdl.so	PLATFORM	bionic, LineageOS/android_bionic (manifest default.xml:37)
proprietary/vendor/lib64/vendor.display.color@1.1.so	libhidlbase.so	PLATFORM	system/libhidl module 'libhidlbase', system/libhidl lineage-22.2 @2bfb10b64fcfa (module names); manifest default.xml:912 (system/libhidl, remote=aosp)
proprietary/vendor/lib64/vendor.display.color@1.1.so	liblog.so	PLATFORM	bionic, LineageOS/android_bionic (manifest default.xml:37); /system/lib64
proprietary/vendor/lib64/vendor.display.color@1.1.so	libm.so	PLATFORM	bionic, LineageOS/android_bionic (manifest default.xml:37)
proprietary/vendor/lib64/vendor.display.color@1.1.so	libutils.so	PLATFORM	bionic libutils, LineageOS/android_bionic (manifest default.xml:37); /system/lib64
proprietary/vendor/lib64/vendor.display.color@1.1.so	vendor.display.color@1.0.so	VENDOR	shipped in this repo as proprietary/vendor/lib64/vendor.display.color@1.0.so
proprietary/vendor/lib64/vendor.display.color@1.2.so	libc++.so	PLATFORM	bionic NDK compat lib, LineageOS/android_bionic (manifest default.xml:37); /system/lib64
proprietary/vendor/lib64/vendor.display.color@1.2.so	libc.so	PLATFORM	bionic, LineageOS/android_bionic (manifest default.xml:37); /system/lib64 + apex com.android.runtime/lib64/bionic
proprietary/vendor/lib64/vendor.display.color@1.2.so	libcutils.so	PLATFORM	bionic libcutils, LineageOS/android_bionic (manifest default.xml:37); /system/lib64
proprietary/vendor/lib64/vendor.display.color@1.2.so	libdl.so	PLATFORM	bionic, LineageOS/android_bionic (manifest default.xml:37)
proprietary/vendor/lib64/vendor.display.color@1.2.so	libhidlbase.so	PLATFORM	system/libhidl module 'libhidlbase', system/libhidl lineage-22.2 @2bfb10b64fcfa (module names); manifest default.xml:912 (system/libhidl, remote=aosp)
proprietary/vendor/lib64/vendor.display.color@1.2.so	liblog.so	PLATFORM	bionic, LineageOS/android_bionic (manifest default.xml:37); /system/lib64
proprietary/vendor/lib64/vendor.display.color@1.2.so	libm.so	PLATFORM	bionic, LineageOS/android_bionic (manifest default.xml:37)
proprietary/vendor/lib64/vendor.display.color@1.2.so	libutils.so	PLATFORM	bionic libutils, LineageOS/android_bionic (manifest default.xml:37); /system/lib64
proprietary/vendor/lib64/vendor.display.color@1.2.so	vendor.display.color@1.0.so	VENDOR	shipped in this repo as proprietary/vendor/lib64/vendor.display.color@1.0.so
proprietary/vendor/lib64/vendor.display.color@1.2.so	vendor.display.color@1.1.so	VENDOR	shipped in this repo as proprietary/vendor/lib64/vendor.display.color@1.1.so
proprietary/vendor/lib64/vendor.display.color@1.3.so	libc++.so	PLATFORM	bionic NDK compat lib, LineageOS/android_bionic (manifest default.xml:37); /system/lib64
proprietary/vendor/lib64/vendor.display.color@1.3.so	libc.so	PLATFORM	bionic, LineageOS/android_bionic (manifest default.xml:37); /system/lib64 + apex com.android.runtime/lib64/bionic
proprietary/vendor/lib64/vendor.display.color@1.3.so	libcutils.so	PLATFORM	bionic libcutils, LineageOS/android_bionic (manifest default.xml:37); /system/lib64
proprietary/vendor/lib64/vendor.display.color@1.3.so	libdl.so	PLATFORM	bionic, LineageOS/android_bionic (manifest default.xml:37)
proprietary/vendor/lib64/vendor.display.color@1.3.so	libhidlbase.so	PLATFORM	system/libhidl module 'libhidlbase', system/libhidl lineage-22.2 @2bfb10b64fcfa (module names); manifest default.xml:912 (system/libhidl, remote=aosp)
proprietary/vendor/lib64/vendor.display.color@1.3.so	liblog.so	PLATFORM	bionic, LineageOS/android_bionic (manifest default.xml:37); /system/lib64
proprietary/vendor/lib64/vendor.display.color@1.3.so	libm.so	PLATFORM	bionic, LineageOS/android_bionic (manifest default.xml:37)
proprietary/vendor/lib64/vendor.display.color@1.3.so	libutils.so	PLATFORM	bionic libutils, LineageOS/android_bionic (manifest default.xml:37); /system/lib64
proprietary/vendor/lib64/vendor.display.color@1.3.so	vendor.display.color@1.0.so	VENDOR	shipped in this repo as proprietary/vendor/lib64/vendor.display.color@1.0.so
proprietary/vendor/lib64/vendor.display.color@1.3.so	vendor.display.color@1.1.so	VENDOR	shipped in this repo as proprietary/vendor/lib64/vendor.display.color@1.1.so
proprietary/vendor/lib64/vendor.display.color@1.3.so	vendor.display.color@1.2.so	VENDOR	shipped in this repo as proprietary/vendor/lib64/vendor.display.color@1.2.so
proprietary/vendor/lib64/vendor.display.color@1.4.so	libc++.so	PLATFORM	bionic NDK compat lib, LineageOS/android_bionic (manifest default.xml:37); /system/lib64
proprietary/vendor/lib64/vendor.display.color@1.4.so	libc.so	PLATFORM	bionic, LineageOS/android_bionic (manifest default.xml:37); /system/lib64 + apex com.android.runtime/lib64/bionic
proprietary/vendor/lib64/vendor.display.color@1.4.so	libcutils.so	PLATFORM	bionic libcutils, LineageOS/android_bionic (manifest default.xml:37); /system/lib64
proprietary/vendor/lib64/vendor.display.color@1.4.so	libdl.so	PLATFORM	bionic, LineageOS/android_bionic (manifest default.xml:37)
proprietary/vendor/lib64/vendor.display.color@1.4.so	libhidlbase.so	PLATFORM	system/libhidl module 'libhidlbase', system/libhidl lineage-22.2 @2bfb10b64fcfa (module names); manifest default.xml:912 (system/libhidl, remote=aosp)
proprietary/vendor/lib64/vendor.display.color@1.4.so	liblog.so	PLATFORM	bionic, LineageOS/android_bionic (manifest default.xml:37); /system/lib64
proprietary/vendor/lib64/vendor.display.color@1.4.so	libm.so	PLATFORM	bionic, LineageOS/android_bionic (manifest default.xml:37)
proprietary/vendor/lib64/vendor.display.color@1.4.so	libutils.so	PLATFORM	bionic libutils, LineageOS/android_bionic (manifest default.xml:37); /system/lib64
proprietary/vendor/lib64/vendor.display.color@1.4.so	vendor.display.color@1.0.so	VENDOR	shipped in this repo as proprietary/vendor/lib64/vendor.display.color@1.0.so
proprietary/vendor/lib64/vendor.display.color@1.4.so	vendor.display.color@1.1.so	VENDOR	shipped in this repo as proprietary/vendor/lib64/vendor.display.color@1.1.so
proprietary/vendor/lib64/vendor.display.color@1.4.so	vendor.display.color@1.2.so	VENDOR	shipped in this repo as proprietary/vendor/lib64/vendor.display.color@1.2.so
proprietary/vendor/lib64/vendor.display.color@1.4.so	vendor.display.color@1.3.so	VENDOR	shipped in this repo as proprietary/vendor/lib64/vendor.display.color@1.3.so
proprietary/vendor/lib64/vendor.display.color@1.5.so	libc++.so	PLATFORM	bionic NDK compat lib, LineageOS/android_bionic (manifest default.xml:37); /system/lib64
proprietary/vendor/lib64/vendor.display.color@1.5.so	libc.so	PLATFORM	bionic, LineageOS/android_bionic (manifest default.xml:37); /system/lib64 + apex com.android.runtime/lib64/bionic
proprietary/vendor/lib64/vendor.display.color@1.5.so	libcutils.so	PLATFORM	bionic libcutils, LineageOS/android_bionic (manifest default.xml:37); /system/lib64
proprietary/vendor/lib64/vendor.display.color@1.5.so	libdl.so	PLATFORM	bionic, LineageOS/android_bionic (manifest default.xml:37)
proprietary/vendor/lib64/vendor.display.color@1.5.so	libhidlbase.so	PLATFORM	system/libhidl module 'libhidlbase', system/libhidl lineage-22.2 @2bfb10b64fcfa (module names); manifest default.xml:912 (system/libhidl, remote=aosp)
proprietary/vendor/lib64/vendor.display.color@1.5.so	liblog.so	PLATFORM	bionic, LineageOS/android_bionic (manifest default.xml:37); /system/lib64
proprietary/vendor/lib64/vendor.display.color@1.5.so	libm.so	PLATFORM	bionic, LineageOS/android_bionic (manifest default.xml:37)
proprietary/vendor/lib64/vendor.display.color@1.5.so	libutils.so	PLATFORM	bionic libutils, LineageOS/android_bionic (manifest default.xml:37); /system/lib64
proprietary/vendor/lib64/vendor.display.color@1.5.so	vendor.display.color@1.0.so	VENDOR	shipped in this repo as proprietary/vendor/lib64/vendor.display.color@1.0.so
proprietary/vendor/lib64/vendor.display.color@1.5.so	vendor.display.color@1.1.so	VENDOR	shipped in this repo as proprietary/vendor/lib64/vendor.display.color@1.1.so
proprietary/vendor/lib64/vendor.display.color@1.5.so	vendor.display.color@1.2.so	VENDOR	shipped in this repo as proprietary/vendor/lib64/vendor.display.color@1.2.so
proprietary/vendor/lib64/vendor.display.color@1.5.so	vendor.display.color@1.3.so	VENDOR	shipped in this repo as proprietary/vendor/lib64/vendor.display.color@1.3.so
proprietary/vendor/lib64/vendor.display.color@1.5.so	vendor.display.color@1.4.so	VENDOR	shipped in this repo as proprietary/vendor/lib64/vendor.display.color@1.4.so
proprietary/vendor/lib64/vendor.display.postproc@1.0.so	libc++.so	PLATFORM	bionic NDK compat lib, LineageOS/android_bionic (manifest default.xml:37); /system/lib64
proprietary/vendor/lib64/vendor.display.postproc@1.0.so	libc.so	PLATFORM	bionic, LineageOS/android_bionic (manifest default.xml:37); /system/lib64 + apex com.android.runtime/lib64/bionic
proprietary/vendor/lib64/vendor.display.postproc@1.0.so	libcutils.so	PLATFORM	bionic libcutils, LineageOS/android_bionic (manifest default.xml:37); /system/lib64
proprietary/vendor/lib64/vendor.display.postproc@1.0.so	libdl.so	PLATFORM	bionic, LineageOS/android_bionic (manifest default.xml:37)
proprietary/vendor/lib64/vendor.display.postproc@1.0.so	libhidlbase.so	PLATFORM	system/libhidl module 'libhidlbase', system/libhidl lineage-22.2 @2bfb10b64fcfa (module names); manifest default.xml:912 (system/libhidl, remote=aosp)
proprietary/vendor/lib64/vendor.display.postproc@1.0.so	liblog.so	PLATFORM	bionic, LineageOS/android_bionic (manifest default.xml:37); /system/lib64
proprietary/vendor/lib64/vendor.display.postproc@1.0.so	libm.so	PLATFORM	bionic, LineageOS/android_bionic (manifest default.xml:37)
proprietary/vendor/lib64/vendor.display.postproc@1.0.so	libutils.so	PLATFORM	bionic libutils, LineageOS/android_bionic (manifest default.xml:37); /system/lib64
proprietary/vendor/lib64/vendor.qti.gnss@1.0.so	android.hardware.gnss@1.0.so	PLATFORM	HIDL iface lib, hardware/interfaces lineage-23.2 @13d687a84c83 (.hal present)
proprietary/vendor/lib64/vendor.qti.gnss@1.0.so	libc++.so	PLATFORM	bionic NDK compat lib, LineageOS/android_bionic (manifest default.xml:37); /system/lib64
proprietary/vendor/lib64/vendor.qti.gnss@1.0.so	libc.so	PLATFORM	bionic, LineageOS/android_bionic (manifest default.xml:37); /system/lib64 + apex com.android.runtime/lib64/bionic
proprietary/vendor/lib64/vendor.qti.gnss@1.0.so	libcutils.so	PLATFORM	bionic libcutils, LineageOS/android_bionic (manifest default.xml:37); /system/lib64
proprietary/vendor/lib64/vendor.qti.gnss@1.0.so	libdl.so	PLATFORM	bionic, LineageOS/android_bionic (manifest default.xml:37)
proprietary/vendor/lib64/vendor.qti.gnss@1.0.so	libhidlbase.so	PLATFORM	system/libhidl module 'libhidlbase', system/libhidl lineage-22.2 @2bfb10b64fcfa (module names); manifest default.xml:912 (system/libhidl, remote=aosp)
proprietary/vendor/lib64/vendor.qti.gnss@1.0.so	liblog.so	PLATFORM	bionic, LineageOS/android_bionic (manifest default.xml:37); /system/lib64
proprietary/vendor/lib64/vendor.qti.gnss@1.0.so	libm.so	PLATFORM	bionic, LineageOS/android_bionic (manifest default.xml:37)
proprietary/vendor/lib64/vendor.qti.gnss@1.0.so	libutils.so	PLATFORM	bionic libutils, LineageOS/android_bionic (manifest default.xml:37); /system/lib64
proprietary/vendor/lib64/vendor.qti.gnss@1.1.so	android.hardware.gnss@1.0.so	PLATFORM	HIDL iface lib, hardware/interfaces lineage-23.2 @13d687a84c83 (.hal present)
proprietary/vendor/lib64/vendor.qti.gnss@1.1.so	libc++.so	PLATFORM	bionic NDK compat lib, LineageOS/android_bionic (manifest default.xml:37); /system/lib64
proprietary/vendor/lib64/vendor.qti.gnss@1.1.so	libc.so	PLATFORM	bionic, LineageOS/android_bionic (manifest default.xml:37); /system/lib64 + apex com.android.runtime/lib64/bionic
proprietary/vendor/lib64/vendor.qti.gnss@1.1.so	libcutils.so	PLATFORM	bionic libcutils, LineageOS/android_bionic (manifest default.xml:37); /system/lib64
proprietary/vendor/lib64/vendor.qti.gnss@1.1.so	libdl.so	PLATFORM	bionic, LineageOS/android_bionic (manifest default.xml:37)
proprietary/vendor/lib64/vendor.qti.gnss@1.1.so	libhidlbase.so	PLATFORM	system/libhidl module 'libhidlbase', system/libhidl lineage-22.2 @2bfb10b64fcfa (module names); manifest default.xml:912 (system/libhidl, remote=aosp)
proprietary/vendor/lib64/vendor.qti.gnss@1.1.so	liblog.so	PLATFORM	bionic, LineageOS/android_bionic (manifest default.xml:37); /system/lib64
proprietary/vendor/lib64/vendor.qti.gnss@1.1.so	libm.so	PLATFORM	bionic, LineageOS/android_bionic (manifest default.xml:37)
proprietary/vendor/lib64/vendor.qti.gnss@1.1.so	libutils.so	PLATFORM	bionic libutils, LineageOS/android_bionic (manifest default.xml:37); /system/lib64
proprietary/vendor/lib64/vendor.qti.gnss@1.1.so	vendor.qti.gnss@1.0.so	VENDOR	shipped in this repo as proprietary/vendor/lib64/vendor.qti.gnss@1.0.so
proprietary/vendor/lib64/vendor.qti.gnss@1.2.so	android.hardware.gnss@1.0.so	PLATFORM	HIDL iface lib, hardware/interfaces lineage-23.2 @13d687a84c83 (.hal present)
proprietary/vendor/lib64/vendor.qti.gnss@1.2.so	libc++.so	PLATFORM	bionic NDK compat lib, LineageOS/android_bionic (manifest default.xml:37); /system/lib64
proprietary/vendor/lib64/vendor.qti.gnss@1.2.so	libc.so	PLATFORM	bionic, LineageOS/android_bionic (manifest default.xml:37); /system/lib64 + apex com.android.runtime/lib64/bionic
proprietary/vendor/lib64/vendor.qti.gnss@1.2.so	libcutils.so	PLATFORM	bionic libcutils, LineageOS/android_bionic (manifest default.xml:37); /system/lib64
proprietary/vendor/lib64/vendor.qti.gnss@1.2.so	libdl.so	PLATFORM	bionic, LineageOS/android_bionic (manifest default.xml:37)
proprietary/vendor/lib64/vendor.qti.gnss@1.2.so	libhidlbase.so	PLATFORM	system/libhidl module 'libhidlbase', system/libhidl lineage-22.2 @2bfb10b64fcfa (module names); manifest default.xml:912 (system/libhidl, remote=aosp)
proprietary/vendor/lib64/vendor.qti.gnss@1.2.so	liblog.so	PLATFORM	bionic, LineageOS/android_bionic (manifest default.xml:37); /system/lib64
proprietary/vendor/lib64/vendor.qti.gnss@1.2.so	libm.so	PLATFORM	bionic, LineageOS/android_bionic (manifest default.xml:37)
proprietary/vendor/lib64/vendor.qti.gnss@1.2.so	libutils.so	PLATFORM	bionic libutils, LineageOS/android_bionic (manifest default.xml:37); /system/lib64
proprietary/vendor/lib64/vendor.qti.gnss@1.2.so	vendor.qti.gnss@1.0.so	VENDOR	shipped in this repo as proprietary/vendor/lib64/vendor.qti.gnss@1.0.so
proprietary/vendor/lib64/vendor.qti.gnss@1.2.so	vendor.qti.gnss@1.1.so	VENDOR	shipped in this repo as proprietary/vendor/lib64/vendor.qti.gnss@1.1.so
proprietary/vendor/lib64/vendor.qti.gnss@2.0.so	android.hardware.gnss@1.0.so	PLATFORM	HIDL iface lib, hardware/interfaces lineage-23.2 @13d687a84c83 (.hal present)
proprietary/vendor/lib64/vendor.qti.gnss@2.0.so	libc++.so	PLATFORM	bionic NDK compat lib, LineageOS/android_bionic (manifest default.xml:37); /system/lib64
proprietary/vendor/lib64/vendor.qti.gnss@2.0.so	libc.so	PLATFORM	bionic, LineageOS/android_bionic (manifest default.xml:37); /system/lib64 + apex com.android.runtime/lib64/bionic
proprietary/vendor/lib64/vendor.qti.gnss@2.0.so	libcutils.so	PLATFORM	bionic libcutils, LineageOS/android_bionic (manifest default.xml:37); /system/lib64
proprietary/vendor/lib64/vendor.qti.gnss@2.0.so	libdl.so	PLATFORM	bionic, LineageOS/android_bionic (manifest default.xml:37)
proprietary/vendor/lib64/vendor.qti.gnss@2.0.so	libhidlbase.so	PLATFORM	system/libhidl module 'libhidlbase', system/libhidl lineage-22.2 @2bfb10b64fcfa (module names); manifest default.xml:912 (system/libhidl, remote=aosp)
proprietary/vendor/lib64/vendor.qti.gnss@2.0.so	liblog.so	PLATFORM	bionic, LineageOS/android_bionic (manifest default.xml:37); /system/lib64
proprietary/vendor/lib64/vendor.qti.gnss@2.0.so	libm.so	PLATFORM	bionic, LineageOS/android_bionic (manifest default.xml:37)
proprietary/vendor/lib64/vendor.qti.gnss@2.0.so	libutils.so	PLATFORM	bionic libutils, LineageOS/android_bionic (manifest default.xml:37); /system/lib64
proprietary/vendor/lib64/vendor.qti.gnss@2.0.so	vendor.qti.gnss@1.0.so	VENDOR	shipped in this repo as proprietary/vendor/lib64/vendor.qti.gnss@1.0.so
proprietary/vendor/lib64/vendor.qti.gnss@2.0.so	vendor.qti.gnss@1.1.so	VENDOR	shipped in this repo as proprietary/vendor/lib64/vendor.qti.gnss@1.1.so
proprietary/vendor/lib64/vendor.qti.gnss@2.0.so	vendor.qti.gnss@1.2.so	VENDOR	shipped in this repo as proprietary/vendor/lib64/vendor.qti.gnss@1.2.so
proprietary/vendor/lib64/vendor.qti.gnss@2.1.so	android.hardware.gnss@1.0.so	PLATFORM	HIDL iface lib, hardware/interfaces lineage-23.2 @13d687a84c83 (.hal present)
proprietary/vendor/lib64/vendor.qti.gnss@2.1.so	libc++.so	PLATFORM	bionic NDK compat lib, LineageOS/android_bionic (manifest default.xml:37); /system/lib64
proprietary/vendor/lib64/vendor.qti.gnss@2.1.so	libc.so	PLATFORM	bionic, LineageOS/android_bionic (manifest default.xml:37); /system/lib64 + apex com.android.runtime/lib64/bionic
proprietary/vendor/lib64/vendor.qti.gnss@2.1.so	libcutils.so	PLATFORM	bionic libcutils, LineageOS/android_bionic (manifest default.xml:37); /system/lib64
proprietary/vendor/lib64/vendor.qti.gnss@2.1.so	libdl.so	PLATFORM	bionic, LineageOS/android_bionic (manifest default.xml:37)
proprietary/vendor/lib64/vendor.qti.gnss@2.1.so	libhidlbase.so	PLATFORM	system/libhidl module 'libhidlbase', system/libhidl lineage-22.2 @2bfb10b64fcfa (module names); manifest default.xml:912 (system/libhidl, remote=aosp)
proprietary/vendor/lib64/vendor.qti.gnss@2.1.so	liblog.so	PLATFORM	bionic, LineageOS/android_bionic (manifest default.xml:37); /system/lib64
proprietary/vendor/lib64/vendor.qti.gnss@2.1.so	libm.so	PLATFORM	bionic, LineageOS/android_bionic (manifest default.xml:37)
proprietary/vendor/lib64/vendor.qti.gnss@2.1.so	libutils.so	PLATFORM	bionic libutils, LineageOS/android_bionic (manifest default.xml:37); /system/lib64
proprietary/vendor/lib64/vendor.qti.gnss@2.1.so	vendor.qti.gnss@1.0.so	VENDOR	shipped in this repo as proprietary/vendor/lib64/vendor.qti.gnss@1.0.so
proprietary/vendor/lib64/vendor.qti.gnss@2.1.so	vendor.qti.gnss@1.1.so	VENDOR	shipped in this repo as proprietary/vendor/lib64/vendor.qti.gnss@1.1.so
proprietary/vendor/lib64/vendor.qti.gnss@2.1.so	vendor.qti.gnss@1.2.so	VENDOR	shipped in this repo as proprietary/vendor/lib64/vendor.qti.gnss@1.2.so
proprietary/vendor/lib64/vendor.qti.gnss@2.1.so	vendor.qti.gnss@2.0.so	VENDOR	shipped in this repo as proprietary/vendor/lib64/vendor.qti.gnss@2.0.so
proprietary/vendor/lib64/vendor.qti.gnss@3.0.so	android.hardware.gnss@1.0.so	PLATFORM	HIDL iface lib, hardware/interfaces lineage-23.2 @13d687a84c83 (.hal present)
proprietary/vendor/lib64/vendor.qti.gnss@3.0.so	libc++.so	PLATFORM	bionic NDK compat lib, LineageOS/android_bionic (manifest default.xml:37); /system/lib64
proprietary/vendor/lib64/vendor.qti.gnss@3.0.so	libc.so	PLATFORM	bionic, LineageOS/android_bionic (manifest default.xml:37); /system/lib64 + apex com.android.runtime/lib64/bionic
proprietary/vendor/lib64/vendor.qti.gnss@3.0.so	libcutils.so	PLATFORM	bionic libcutils, LineageOS/android_bionic (manifest default.xml:37); /system/lib64
proprietary/vendor/lib64/vendor.qti.gnss@3.0.so	libdl.so	PLATFORM	bionic, LineageOS/android_bionic (manifest default.xml:37)
proprietary/vendor/lib64/vendor.qti.gnss@3.0.so	libhidlbase.so	PLATFORM	system/libhidl module 'libhidlbase', system/libhidl lineage-22.2 @2bfb10b64fcfa (module names); manifest default.xml:912 (system/libhidl, remote=aosp)
proprietary/vendor/lib64/vendor.qti.gnss@3.0.so	liblog.so	PLATFORM	bionic, LineageOS/android_bionic (manifest default.xml:37); /system/lib64
proprietary/vendor/lib64/vendor.qti.gnss@3.0.so	libm.so	PLATFORM	bionic, LineageOS/android_bionic (manifest default.xml:37)
proprietary/vendor/lib64/vendor.qti.gnss@3.0.so	libutils.so	PLATFORM	bionic libutils, LineageOS/android_bionic (manifest default.xml:37); /system/lib64
proprietary/vendor/lib64/vendor.qti.gnss@3.0.so	vendor.qti.gnss@1.0.so	VENDOR	shipped in this repo as proprietary/vendor/lib64/vendor.qti.gnss@1.0.so
proprietary/vendor/lib64/vendor.qti.gnss@3.0.so	vendor.qti.gnss@1.1.so	VENDOR	shipped in this repo as proprietary/vendor/lib64/vendor.qti.gnss@1.1.so
proprietary/vendor/lib64/vendor.qti.gnss@3.0.so	vendor.qti.gnss@1.2.so	VENDOR	shipped in this repo as proprietary/vendor/lib64/vendor.qti.gnss@1.2.so
proprietary/vendor/lib64/vendor.qti.gnss@3.0.so	vendor.qti.gnss@2.0.so	VENDOR	shipped in this repo as proprietary/vendor/lib64/vendor.qti.gnss@2.0.so
proprietary/vendor/lib64/vendor.qti.gnss@3.0.so	vendor.qti.gnss@2.1.so	VENDOR	shipped in this repo as proprietary/vendor/lib64/vendor.qti.gnss@2.1.so
proprietary/vendor/lib64/vendor.qti.gnss@4.0.so	android.hardware.gnss@1.0.so	PLATFORM	HIDL iface lib, hardware/interfaces lineage-23.2 @13d687a84c83 (.hal present)
proprietary/vendor/lib64/vendor.qti.gnss@4.0.so	libc++.so	PLATFORM	bionic NDK compat lib, LineageOS/android_bionic (manifest default.xml:37); /system/lib64
proprietary/vendor/lib64/vendor.qti.gnss@4.0.so	libc.so	PLATFORM	bionic, LineageOS/android_bionic (manifest default.xml:37); /system/lib64 + apex com.android.runtime/lib64/bionic
proprietary/vendor/lib64/vendor.qti.gnss@4.0.so	libcutils.so	PLATFORM	bionic libcutils, LineageOS/android_bionic (manifest default.xml:37); /system/lib64
proprietary/vendor/lib64/vendor.qti.gnss@4.0.so	libdl.so	PLATFORM	bionic, LineageOS/android_bionic (manifest default.xml:37)
proprietary/vendor/lib64/vendor.qti.gnss@4.0.so	libhidlbase.so	PLATFORM	system/libhidl module 'libhidlbase', system/libhidl lineage-22.2 @2bfb10b64fcfa (module names); manifest default.xml:912 (system/libhidl, remote=aosp)
proprietary/vendor/lib64/vendor.qti.gnss@4.0.so	liblog.so	PLATFORM	bionic, LineageOS/android_bionic (manifest default.xml:37); /system/lib64
proprietary/vendor/lib64/vendor.qti.gnss@4.0.so	libm.so	PLATFORM	bionic, LineageOS/android_bionic (manifest default.xml:37)
proprietary/vendor/lib64/vendor.qti.gnss@4.0.so	libutils.so	PLATFORM	bionic libutils, LineageOS/android_bionic (manifest default.xml:37); /system/lib64
proprietary/vendor/lib64/vendor.qti.gnss@4.0.so	vendor.qti.gnss@1.0.so	VENDOR	shipped in this repo as proprietary/vendor/lib64/vendor.qti.gnss@1.0.so
proprietary/vendor/lib64/vendor.qti.gnss@4.0.so	vendor.qti.gnss@1.1.so	VENDOR	shipped in this repo as proprietary/vendor/lib64/vendor.qti.gnss@1.1.so
proprietary/vendor/lib64/vendor.qti.gnss@4.0.so	vendor.qti.gnss@1.2.so	VENDOR	shipped in this repo as proprietary/vendor/lib64/vendor.qti.gnss@1.2.so
proprietary/vendor/lib64/vendor.qti.gnss@4.0.so	vendor.qti.gnss@2.0.so	VENDOR	shipped in this repo as proprietary/vendor/lib64/vendor.qti.gnss@2.0.so
proprietary/vendor/lib64/vendor.qti.gnss@4.0.so	vendor.qti.gnss@2.1.so	VENDOR	shipped in this repo as proprietary/vendor/lib64/vendor.qti.gnss@2.1.so
proprietary/vendor/lib64/vendor.qti.gnss@4.0.so	vendor.qti.gnss@3.0.so	VENDOR	shipped in this repo as proprietary/vendor/lib64/vendor.qti.gnss@3.0.so
proprietary/vendor/lib64/vendor.qti.hardware.bluetooth_sar@1.0.so	libc++.so	PLATFORM	bionic NDK compat lib, LineageOS/android_bionic (manifest default.xml:37); /system/lib64
proprietary/vendor/lib64/vendor.qti.hardware.bluetooth_sar@1.0.so	libc.so	PLATFORM	bionic, LineageOS/android_bionic (manifest default.xml:37); /system/lib64 + apex com.android.runtime/lib64/bionic
proprietary/vendor/lib64/vendor.qti.hardware.bluetooth_sar@1.0.so	libcutils.so	PLATFORM	bionic libcutils, LineageOS/android_bionic (manifest default.xml:37); /system/lib64
proprietary/vendor/lib64/vendor.qti.hardware.bluetooth_sar@1.0.so	libdl.so	PLATFORM	bionic, LineageOS/android_bionic (manifest default.xml:37)
proprietary/vendor/lib64/vendor.qti.hardware.bluetooth_sar@1.0.so	libhidlbase.so	PLATFORM	system/libhidl module 'libhidlbase', system/libhidl lineage-22.2 @2bfb10b64fcfa (module names); manifest default.xml:912 (system/libhidl, remote=aosp)
proprietary/vendor/lib64/vendor.qti.hardware.bluetooth_sar@1.0.so	liblog.so	PLATFORM	bionic, LineageOS/android_bionic (manifest default.xml:37); /system/lib64
proprietary/vendor/lib64/vendor.qti.hardware.bluetooth_sar@1.0.so	libm.so	PLATFORM	bionic, LineageOS/android_bionic (manifest default.xml:37)
proprietary/vendor/lib64/vendor.qti.hardware.bluetooth_sar@1.0.so	libutils.so	PLATFORM	bionic libutils, LineageOS/android_bionic (manifest default.xml:37); /system/lib64
proprietary/vendor/lib64/vendor.qti.hardware.dsp@1.0.so	libc++.so	PLATFORM	bionic NDK compat lib, LineageOS/android_bionic (manifest default.xml:37); /system/lib64
proprietary/vendor/lib64/vendor.qti.hardware.dsp@1.0.so	libc.so	PLATFORM	bionic, LineageOS/android_bionic (manifest default.xml:37); /system/lib64 + apex com.android.runtime/lib64/bionic
proprietary/vendor/lib64/vendor.qti.hardware.dsp@1.0.so	libcutils.so	PLATFORM	bionic libcutils, LineageOS/android_bionic (manifest default.xml:37); /system/lib64
proprietary/vendor/lib64/vendor.qti.hardware.dsp@1.0.so	libdl.so	PLATFORM	bionic, LineageOS/android_bionic (manifest default.xml:37)
proprietary/vendor/lib64/vendor.qti.hardware.dsp@1.0.so	libhidlbase.so	PLATFORM	system/libhidl module 'libhidlbase', system/libhidl lineage-22.2 @2bfb10b64fcfa (module names); manifest default.xml:912 (system/libhidl, remote=aosp)
proprietary/vendor/lib64/vendor.qti.hardware.dsp@1.0.so	liblog.so	PLATFORM	bionic, LineageOS/android_bionic (manifest default.xml:37); /system/lib64
proprietary/vendor/lib64/vendor.qti.hardware.dsp@1.0.so	libm.so	PLATFORM	bionic, LineageOS/android_bionic (manifest default.xml:37)
proprietary/vendor/lib64/vendor.qti.hardware.dsp@1.0.so	libutils.so	PLATFORM	bionic libutils, LineageOS/android_bionic (manifest default.xml:37); /system/lib64
proprietary/vendor/lib64/vendor.qti.hardware.fm@1.0.so	libc++.so	PLATFORM	bionic NDK compat lib, LineageOS/android_bionic (manifest default.xml:37); /system/lib64
proprietary/vendor/lib64/vendor.qti.hardware.fm@1.0.so	libc.so	PLATFORM	bionic, LineageOS/android_bionic (manifest default.xml:37); /system/lib64 + apex com.android.runtime/lib64/bionic
proprietary/vendor/lib64/vendor.qti.hardware.fm@1.0.so	libcutils.so	PLATFORM	bionic libcutils, LineageOS/android_bionic (manifest default.xml:37); /system/lib64
proprietary/vendor/lib64/vendor.qti.hardware.fm@1.0.so	libdl.so	PLATFORM	bionic, LineageOS/android_bionic (manifest default.xml:37)
proprietary/vendor/lib64/vendor.qti.hardware.fm@1.0.so	libhidlbase.so	PLATFORM	system/libhidl module 'libhidlbase', system/libhidl lineage-22.2 @2bfb10b64fcfa (module names); manifest default.xml:912 (system/libhidl, remote=aosp)
proprietary/vendor/lib64/vendor.qti.hardware.fm@1.0.so	liblog.so	PLATFORM	bionic, LineageOS/android_bionic (manifest default.xml:37); /system/lib64
proprietary/vendor/lib64/vendor.qti.hardware.fm@1.0.so	libm.so	PLATFORM	bionic, LineageOS/android_bionic (manifest default.xml:37)
proprietary/vendor/lib64/vendor.qti.hardware.fm@1.0.so	libutils.so	PLATFORM	bionic libutils, LineageOS/android_bionic (manifest default.xml:37); /system/lib64
proprietary/vendor/lib64/vendor.qti.hardware.qccsyshal@1.0.so	libc++.so	PLATFORM	bionic NDK compat lib, LineageOS/android_bionic (manifest default.xml:37); /system/lib64
proprietary/vendor/lib64/vendor.qti.hardware.qccsyshal@1.0.so	libc.so	PLATFORM	bionic, LineageOS/android_bionic (manifest default.xml:37); /system/lib64 + apex com.android.runtime/lib64/bionic
proprietary/vendor/lib64/vendor.qti.hardware.qccsyshal@1.0.so	libcutils.so	PLATFORM	bionic libcutils, LineageOS/android_bionic (manifest default.xml:37); /system/lib64
proprietary/vendor/lib64/vendor.qti.hardware.qccsyshal@1.0.so	libdl.so	PLATFORM	bionic, LineageOS/android_bionic (manifest default.xml:37)
proprietary/vendor/lib64/vendor.qti.hardware.qccsyshal@1.0.so	libhidlbase.so	PLATFORM	system/libhidl module 'libhidlbase', system/libhidl lineage-22.2 @2bfb10b64fcfa (module names); manifest default.xml:912 (system/libhidl, remote=aosp)
proprietary/vendor/lib64/vendor.qti.hardware.qccsyshal@1.0.so	liblog.so	PLATFORM	bionic, LineageOS/android_bionic (manifest default.xml:37); /system/lib64
proprietary/vendor/lib64/vendor.qti.hardware.qccsyshal@1.0.so	libm.so	PLATFORM	bionic, LineageOS/android_bionic (manifest default.xml:37)
proprietary/vendor/lib64/vendor.qti.hardware.qccsyshal@1.0.so	libutils.so	PLATFORM	bionic libutils, LineageOS/android_bionic (manifest default.xml:37); /system/lib64
proprietary/vendor/lib64/vendor.qti.hardware.qseecom@1.0.so	libc++.so	PLATFORM	bionic NDK compat lib, LineageOS/android_bionic (manifest default.xml:37); /system/lib64
proprietary/vendor/lib64/vendor.qti.hardware.qseecom@1.0.so	libc.so	PLATFORM	bionic, LineageOS/android_bionic (manifest default.xml:37); /system/lib64 + apex com.android.runtime/lib64/bionic
proprietary/vendor/lib64/vendor.qti.hardware.qseecom@1.0.so	libcutils.so	PLATFORM	bionic libcutils, LineageOS/android_bionic (manifest default.xml:37); /system/lib64
proprietary/vendor/lib64/vendor.qti.hardware.qseecom@1.0.so	libdl.so	PLATFORM	bionic, LineageOS/android_bionic (manifest default.xml:37)
proprietary/vendor/lib64/vendor.qti.hardware.qseecom@1.0.so	libhidlbase.so	PLATFORM	system/libhidl module 'libhidlbase', system/libhidl lineage-22.2 @2bfb10b64fcfa (module names); manifest default.xml:912 (system/libhidl, remote=aosp)
proprietary/vendor/lib64/vendor.qti.hardware.qseecom@1.0.so	liblog.so	PLATFORM	bionic, LineageOS/android_bionic (manifest default.xml:37); /system/lib64
proprietary/vendor/lib64/vendor.qti.hardware.qseecom@1.0.so	libm.so	PLATFORM	bionic, LineageOS/android_bionic (manifest default.xml:37)
proprietary/vendor/lib64/vendor.qti.hardware.qseecom@1.0.so	libutils.so	PLATFORM	bionic libutils, LineageOS/android_bionic (manifest default.xml:37); /system/lib64
proprietary/vendor/lib64/vendor.qti.hardware.scve.objecttracker@1.0.so	libc++.so	PLATFORM	bionic NDK compat lib, LineageOS/android_bionic (manifest default.xml:37); /system/lib64
proprietary/vendor/lib64/vendor.qti.hardware.scve.objecttracker@1.0.so	libc.so	PLATFORM	bionic, LineageOS/android_bionic (manifest default.xml:37); /system/lib64 + apex com.android.runtime/lib64/bionic
proprietary/vendor/lib64/vendor.qti.hardware.scve.objecttracker@1.0.so	libcutils.so	PLATFORM	bionic libcutils, LineageOS/android_bionic (manifest default.xml:37); /system/lib64
proprietary/vendor/lib64/vendor.qti.hardware.scve.objecttracker@1.0.so	libdl.so	PLATFORM	bionic, LineageOS/android_bionic (manifest default.xml:37)
proprietary/vendor/lib64/vendor.qti.hardware.scve.objecttracker@1.0.so	libhidlbase.so	PLATFORM	system/libhidl module 'libhidlbase', system/libhidl lineage-22.2 @2bfb10b64fcfa (module names); manifest default.xml:912 (system/libhidl, remote=aosp)
proprietary/vendor/lib64/vendor.qti.hardware.scve.objecttracker@1.0.so	liblog.so	PLATFORM	bionic, LineageOS/android_bionic (manifest default.xml:37); /system/lib64
proprietary/vendor/lib64/vendor.qti.hardware.scve.objecttracker@1.0.so	libm.so	PLATFORM	bionic, LineageOS/android_bionic (manifest default.xml:37)
proprietary/vendor/lib64/vendor.qti.hardware.scve.objecttracker@1.0.so	libutils.so	PLATFORM	bionic libutils, LineageOS/android_bionic (manifest default.xml:37); /system/lib64
proprietary/vendor/lib64/vendor.qti.hardware.scve.panorama@1.0.so	libc++.so	PLATFORM	bionic NDK compat lib, LineageOS/android_bionic (manifest default.xml:37); /system/lib64
proprietary/vendor/lib64/vendor.qti.hardware.scve.panorama@1.0.so	libc.so	PLATFORM	bionic, LineageOS/android_bionic (manifest default.xml:37); /system/lib64 + apex com.android.runtime/lib64/bionic
proprietary/vendor/lib64/vendor.qti.hardware.scve.panorama@1.0.so	libcutils.so	PLATFORM	bionic libcutils, LineageOS/android_bionic (manifest default.xml:37); /system/lib64
proprietary/vendor/lib64/vendor.qti.hardware.scve.panorama@1.0.so	libdl.so	PLATFORM	bionic, LineageOS/android_bionic (manifest default.xml:37)
proprietary/vendor/lib64/vendor.qti.hardware.scve.panorama@1.0.so	libhidlbase.so	PLATFORM	system/libhidl module 'libhidlbase', system/libhidl lineage-22.2 @2bfb10b64fcfa (module names); manifest default.xml:912 (system/libhidl, remote=aosp)
proprietary/vendor/lib64/vendor.qti.hardware.scve.panorama@1.0.so	liblog.so	PLATFORM	bionic, LineageOS/android_bionic (manifest default.xml:37); /system/lib64
proprietary/vendor/lib64/vendor.qti.hardware.scve.panorama@1.0.so	libm.so	PLATFORM	bionic, LineageOS/android_bionic (manifest default.xml:37)
proprietary/vendor/lib64/vendor.qti.hardware.scve.panorama@1.0.so	libutils.so	PLATFORM	bionic libutils, LineageOS/android_bionic (manifest default.xml:37); /system/lib64
proprietary/vendor/lib64/vendor.qti.hardware.tui_comm@1.0.so	libc++.so	PLATFORM	bionic NDK compat lib, LineageOS/android_bionic (manifest default.xml:37); /system/lib64
proprietary/vendor/lib64/vendor.qti.hardware.tui_comm@1.0.so	libc.so	PLATFORM	bionic, LineageOS/android_bionic (manifest default.xml:37); /system/lib64 + apex com.android.runtime/lib64/bionic
proprietary/vendor/lib64/vendor.qti.hardware.tui_comm@1.0.so	libcutils.so	PLATFORM	bionic libcutils, LineageOS/android_bionic (manifest default.xml:37); /system/lib64
proprietary/vendor/lib64/vendor.qti.hardware.tui_comm@1.0.so	libdl.so	PLATFORM	bionic, LineageOS/android_bionic (manifest default.xml:37)
proprietary/vendor/lib64/vendor.qti.hardware.tui_comm@1.0.so	libhidlbase.so	PLATFORM	system/libhidl module 'libhidlbase', system/libhidl lineage-22.2 @2bfb10b64fcfa (module names); manifest default.xml:912 (system/libhidl, remote=aosp)
proprietary/vendor/lib64/vendor.qti.hardware.tui_comm@1.0.so	liblog.so	PLATFORM	bionic, LineageOS/android_bionic (manifest default.xml:37); /system/lib64
proprietary/vendor/lib64/vendor.qti.hardware.tui_comm@1.0.so	libm.so	PLATFORM	bionic, LineageOS/android_bionic (manifest default.xml:37)
proprietary/vendor/lib64/vendor.qti.hardware.tui_comm@1.0.so	libutils.so	PLATFORM	bionic libutils, LineageOS/android_bionic (manifest default.xml:37); /system/lib64
proprietary/vendor/lib64/vendor.qti.hardware.vpp@1.1.so	libc++.so	PLATFORM	bionic NDK compat lib, LineageOS/android_bionic (manifest default.xml:37); /system/lib64
proprietary/vendor/lib64/vendor.qti.hardware.vpp@1.1.so	libc.so	PLATFORM	bionic, LineageOS/android_bionic (manifest default.xml:37); /system/lib64 + apex com.android.runtime/lib64/bionic
proprietary/vendor/lib64/vendor.qti.hardware.vpp@1.1.so	libcutils.so	PLATFORM	bionic libcutils, LineageOS/android_bionic (manifest default.xml:37); /system/lib64
proprietary/vendor/lib64/vendor.qti.hardware.vpp@1.1.so	libdl.so	PLATFORM	bionic, LineageOS/android_bionic (manifest default.xml:37)
proprietary/vendor/lib64/vendor.qti.hardware.vpp@1.1.so	libhidlbase.so	PLATFORM	system/libhidl module 'libhidlbase', system/libhidl lineage-22.2 @2bfb10b64fcfa (module names); manifest default.xml:912 (system/libhidl, remote=aosp)
proprietary/vendor/lib64/vendor.qti.hardware.vpp@1.1.so	liblog.so	PLATFORM	bionic, LineageOS/android_bionic (manifest default.xml:37); /system/lib64
proprietary/vendor/lib64/vendor.qti.hardware.vpp@1.1.so	libm.so	PLATFORM	bionic, LineageOS/android_bionic (manifest default.xml:37)
proprietary/vendor/lib64/vendor.qti.hardware.vpp@1.1.so	libutils.so	PLATFORM	bionic libutils, LineageOS/android_bionic (manifest default.xml:37); /system/lib64
proprietary/vendor/lib64/vendor.qti.hardware.vpp@1.2.so	libc++.so	PLATFORM	bionic NDK compat lib, LineageOS/android_bionic (manifest default.xml:37); /system/lib64
proprietary/vendor/lib64/vendor.qti.hardware.vpp@1.2.so	libc.so	PLATFORM	bionic, LineageOS/android_bionic (manifest default.xml:37); /system/lib64 + apex com.android.runtime/lib64/bionic
proprietary/vendor/lib64/vendor.qti.hardware.vpp@1.2.so	libcutils.so	PLATFORM	bionic libcutils, LineageOS/android_bionic (manifest default.xml:37); /system/lib64
proprietary/vendor/lib64/vendor.qti.hardware.vpp@1.2.so	libdl.so	PLATFORM	bionic, LineageOS/android_bionic (manifest default.xml:37)
proprietary/vendor/lib64/vendor.qti.hardware.vpp@1.2.so	libhidlbase.so	PLATFORM	system/libhidl module 'libhidlbase', system/libhidl lineage-22.2 @2bfb10b64fcfa (module names); manifest default.xml:912 (system/libhidl, remote=aosp)
proprietary/vendor/lib64/vendor.qti.hardware.vpp@1.2.so	liblog.so	PLATFORM	bionic, LineageOS/android_bionic (manifest default.xml:37); /system/lib64
proprietary/vendor/lib64/vendor.qti.hardware.vpp@1.2.so	libm.so	PLATFORM	bionic, LineageOS/android_bionic (manifest default.xml:37)
proprietary/vendor/lib64/vendor.qti.hardware.vpp@1.2.so	libutils.so	PLATFORM	bionic libutils, LineageOS/android_bionic (manifest default.xml:37); /system/lib64
proprietary/vendor/lib64/vendor.qti.hardware.vpp@1.2.so	vendor.qti.hardware.vpp@1.1.so	VENDOR	shipped in this repo as proprietary/vendor/lib64/vendor.qti.hardware.vpp@1.1.so
proprietary/vendor/lib64/vendor.qti.memory.pasrmanager@1.0.so	libc++.so	PLATFORM	bionic NDK compat lib, LineageOS/android_bionic (manifest default.xml:37); /system/lib64
proprietary/vendor/lib64/vendor.qti.memory.pasrmanager@1.0.so	libc.so	PLATFORM	bionic, LineageOS/android_bionic (manifest default.xml:37); /system/lib64 + apex com.android.runtime/lib64/bionic
proprietary/vendor/lib64/vendor.qti.memory.pasrmanager@1.0.so	libcutils.so	PLATFORM	bionic libcutils, LineageOS/android_bionic (manifest default.xml:37); /system/lib64
proprietary/vendor/lib64/vendor.qti.memory.pasrmanager@1.0.so	libdl.so	PLATFORM	bionic, LineageOS/android_bionic (manifest default.xml:37)
proprietary/vendor/lib64/vendor.qti.memory.pasrmanager@1.0.so	libhidlbase.so	PLATFORM	system/libhidl module 'libhidlbase', system/libhidl lineage-22.2 @2bfb10b64fcfa (module names); manifest default.xml:912 (system/libhidl, remote=aosp)
proprietary/vendor/lib64/vendor.qti.memory.pasrmanager@1.0.so	liblog.so	PLATFORM	bionic, LineageOS/android_bionic (manifest default.xml:37); /system/lib64
proprietary/vendor/lib64/vendor.qti.memory.pasrmanager@1.0.so	libm.so	PLATFORM	bionic, LineageOS/android_bionic (manifest default.xml:37)
proprietary/vendor/lib64/vendor.qti.memory.pasrmanager@1.0.so	libutils.so	PLATFORM	bionic libutils, LineageOS/android_bionic (manifest default.xml:37); /system/lib64
proprietary/vendor/lib64/vendor.qti.memory.pasrmanager@1.1.so	libc++.so	PLATFORM	bionic NDK compat lib, LineageOS/android_bionic (manifest default.xml:37); /system/lib64
proprietary/vendor/lib64/vendor.qti.memory.pasrmanager@1.1.so	libc.so	PLATFORM	bionic, LineageOS/android_bionic (manifest default.xml:37); /system/lib64 + apex com.android.runtime/lib64/bionic
proprietary/vendor/lib64/vendor.qti.memory.pasrmanager@1.1.so	libcutils.so	PLATFORM	bionic libcutils, LineageOS/android_bionic (manifest default.xml:37); /system/lib64
proprietary/vendor/lib64/vendor.qti.memory.pasrmanager@1.1.so	libdl.so	PLATFORM	bionic, LineageOS/android_bionic (manifest default.xml:37)
proprietary/vendor/lib64/vendor.qti.memory.pasrmanager@1.1.so	libhidlbase.so	PLATFORM	system/libhidl module 'libhidlbase', system/libhidl lineage-22.2 @2bfb10b64fcfa (module names); manifest default.xml:912 (system/libhidl, remote=aosp)
proprietary/vendor/lib64/vendor.qti.memory.pasrmanager@1.1.so	liblog.so	PLATFORM	bionic, LineageOS/android_bionic (manifest default.xml:37); /system/lib64
proprietary/vendor/lib64/vendor.qti.memory.pasrmanager@1.1.so	libm.so	PLATFORM	bionic, LineageOS/android_bionic (manifest default.xml:37)
proprietary/vendor/lib64/vendor.qti.memory.pasrmanager@1.1.so	libutils.so	PLATFORM	bionic libutils, LineageOS/android_bionic (manifest default.xml:37); /system/lib64
proprietary/vendor/lib64/vendor.qti.memory.pasrmanager@1.1.so	vendor.qti.memory.pasrmanager@1.0.so	VENDOR	shipped in this repo as proprietary/vendor/lib64/vendor.qti.memory.pasrmanager@1.0.so
proprietary/vendor/lib64/vendor.samsung.hardware.bluetooth@2.0.so	android.hardware.bluetooth@1.0.so	PLATFORM	HIDL iface lib, hardware/interfaces lineage-23.2 @13d687a84c83 (.hal present)
proprietary/vendor/lib64/vendor.samsung.hardware.bluetooth@2.0.so	libc++.so	PLATFORM	bionic NDK compat lib, LineageOS/android_bionic (manifest default.xml:37); /system/lib64
proprietary/vendor/lib64/vendor.samsung.hardware.bluetooth@2.0.so	libc.so	PLATFORM	bionic, LineageOS/android_bionic (manifest default.xml:37); /system/lib64 + apex com.android.runtime/lib64/bionic
proprietary/vendor/lib64/vendor.samsung.hardware.bluetooth@2.0.so	libcutils.so	PLATFORM	bionic libcutils, LineageOS/android_bionic (manifest default.xml:37); /system/lib64
proprietary/vendor/lib64/vendor.samsung.hardware.bluetooth@2.0.so	libdl.so	PLATFORM	bionic, LineageOS/android_bionic (manifest default.xml:37)
proprietary/vendor/lib64/vendor.samsung.hardware.bluetooth@2.0.so	libhidlbase.so	PLATFORM	system/libhidl module 'libhidlbase', system/libhidl lineage-22.2 @2bfb10b64fcfa (module names); manifest default.xml:912 (system/libhidl, remote=aosp)
proprietary/vendor/lib64/vendor.samsung.hardware.bluetooth@2.0.so	liblog.so	PLATFORM	bionic, LineageOS/android_bionic (manifest default.xml:37); /system/lib64
proprietary/vendor/lib64/vendor.samsung.hardware.bluetooth@2.0.so	libm.so	PLATFORM	bionic, LineageOS/android_bionic (manifest default.xml:37)
proprietary/vendor/lib64/vendor.samsung.hardware.bluetooth@2.0.so	libutils.so	PLATFORM	bionic libutils, LineageOS/android_bionic (manifest default.xml:37); /system/lib64
proprietary/vendor/lib64/vendor.samsung.hardware.gnss@2.0.so	libc++.so	PLATFORM	bionic NDK compat lib, LineageOS/android_bionic (manifest default.xml:37); /system/lib64
proprietary/vendor/lib64/vendor.samsung.hardware.gnss@2.0.so	libc.so	PLATFORM	bionic, LineageOS/android_bionic (manifest default.xml:37); /system/lib64 + apex com.android.runtime/lib64/bionic
proprietary/vendor/lib64/vendor.samsung.hardware.gnss@2.0.so	libcutils.so	PLATFORM	bionic libcutils, LineageOS/android_bionic (manifest default.xml:37); /system/lib64
proprietary/vendor/lib64/vendor.samsung.hardware.gnss@2.0.so	libdl.so	PLATFORM	bionic, LineageOS/android_bionic (manifest default.xml:37)
proprietary/vendor/lib64/vendor.samsung.hardware.gnss@2.0.so	libhidlbase.so	PLATFORM	system/libhidl module 'libhidlbase', system/libhidl lineage-22.2 @2bfb10b64fcfa (module names); manifest default.xml:912 (system/libhidl, remote=aosp)
proprietary/vendor/lib64/vendor.samsung.hardware.gnss@2.0.so	liblog.so	PLATFORM	bionic, LineageOS/android_bionic (manifest default.xml:37); /system/lib64
proprietary/vendor/lib64/vendor.samsung.hardware.gnss@2.0.so	libm.so	PLATFORM	bionic, LineageOS/android_bionic (manifest default.xml:37)
proprietary/vendor/lib64/vendor.samsung.hardware.gnss@2.0.so	libutils.so	PLATFORM	bionic libutils, LineageOS/android_bionic (manifest default.xml:37); /system/lib64
proprietary/vendor/lib64/vendor.samsung.hardware.hyper-V2-ndk_platform.so	libbinder_ndk.so	PLATFORM	frameworks/native (manifest default.xml:613) libs/binder_ndk; NDK
proprietary/vendor/lib64/vendor.samsung.hardware.hyper-V2-ndk_platform.so	libc++.so	PLATFORM	bionic NDK compat lib, LineageOS/android_bionic (manifest default.xml:37); /system/lib64
proprietary/vendor/lib64/vendor.samsung.hardware.hyper-V2-ndk_platform.so	libc.so	PLATFORM	bionic, LineageOS/android_bionic (manifest default.xml:37); /system/lib64 + apex com.android.runtime/lib64/bionic
proprietary/vendor/lib64/vendor.samsung.hardware.hyper-V2-ndk_platform.so	libdl.so	PLATFORM	bionic, LineageOS/android_bionic (manifest default.xml:37)
proprietary/vendor/lib64/vendor.samsung.hardware.hyper-V2-ndk_platform.so	libm.so	PLATFORM	bionic, LineageOS/android_bionic (manifest default.xml:37)
proprietary/vendor/lib64/vendor.samsung.hardware.thermal@1.0.so	android.hardware.thermal@1.0.so	PLATFORM	HIDL iface lib, hardware/interfaces lineage-23.2 @13d687a84c83 (.hal present)
proprietary/vendor/lib64/vendor.samsung.hardware.thermal@1.0.so	android.hardware.thermal@2.0.so	PLATFORM	HIDL iface lib, hardware/interfaces lineage-23.2 @13d687a84c83 (.hal present)
proprietary/vendor/lib64/vendor.samsung.hardware.thermal@1.0.so	libc++.so	PLATFORM	bionic NDK compat lib, LineageOS/android_bionic (manifest default.xml:37); /system/lib64
proprietary/vendor/lib64/vendor.samsung.hardware.thermal@1.0.so	libc.so	PLATFORM	bionic, LineageOS/android_bionic (manifest default.xml:37); /system/lib64 + apex com.android.runtime/lib64/bionic
proprietary/vendor/lib64/vendor.samsung.hardware.thermal@1.0.so	libcutils.so	PLATFORM	bionic libcutils, LineageOS/android_bionic (manifest default.xml:37); /system/lib64
proprietary/vendor/lib64/vendor.samsung.hardware.thermal@1.0.so	libdl.so	PLATFORM	bionic, LineageOS/android_bionic (manifest default.xml:37)
proprietary/vendor/lib64/vendor.samsung.hardware.thermal@1.0.so	libhidlbase.so	PLATFORM	system/libhidl module 'libhidlbase', system/libhidl lineage-22.2 @2bfb10b64fcfa (module names); manifest default.xml:912 (system/libhidl, remote=aosp)
proprietary/vendor/lib64/vendor.samsung.hardware.thermal@1.0.so	liblog.so	PLATFORM	bionic, LineageOS/android_bionic (manifest default.xml:37); /system/lib64
proprietary/vendor/lib64/vendor.samsung.hardware.thermal@1.0.so	libm.so	PLATFORM	bionic, LineageOS/android_bionic (manifest default.xml:37)
proprietary/vendor/lib64/vendor.samsung.hardware.thermal@1.0.so	libutils.so	PLATFORM	bionic libutils, LineageOS/android_bionic (manifest default.xml:37); /system/lib64
