exy_commit	subject	upstream_sha	sdm670_has	sdm670_commit
536c6dd601b5	[exynos9810] add LDFLAGS	-	unknown	-
ab77fb149203	[exynos9810] video: drop unused SM-N770F driver import	-	unknown	-
9b673ed636fb	[exynos9810] defconfig: re-enable multi-resolution support	-	unknown	-
1e4f11908d10	[9810] fbdev: dpu: support multi-resolution LCD	-	unknown	-
8e2acbcbcacc	video: fbdev: exynos: Implement EXYNOS_GET_EDID ioctl	-	unknown	-
65e84be6ed71	video: fbdev: exynos: Support new multi res ioctls	-	unknown	-
5a639a332902	video: fbdev: exynos: dpu_9810: Update display mode ioctls for T BSP	-	unknown	-
2641df89f537	video: fbdev: exynos: dpu_9810: Implement EXYNOS_GET_VSYNC_CHANGE_TIMELINE ioctl	-	unknown	-
057c505cb082	video: fbdev: exynos: dpu_9810: Support WIN_STATE_MRESOL based multi-resolution change	-	unknown	-
454a36c54bb6	video: fbdev: exynos: dpu_9810: Add missing pointer	-	unknown	-
a5816bdd7755	fbdev: dpu: out of lcd resolution error handling.	-	unknown	-
8e3acf3bf64c	fbdev: dpu: error handling of DECON2 probe without output device	-	unknown	-
ea0ea0d3ad04	fbdev: dpu: fixed compilation error without DP	-	unknown	-
a2919557f0df	fbdev: dpu: remove meaningless interrupt at WB mode	-	unknown	-
fc3d86b7a554	fbdev: dpu: replace displayon sequence.	-	unknown	-
eca195b3a309	[9810] fbdev: dpu: removed decon_get_disp_ss_addr function.	-	unknown	-
faa86d95ba40	fbdev: dpu: add sysfs node of multi resolution log level.	-	unknown	-
3f49e723f03a	fbdev: dpu: add color mode ioctl.	-	unknown	-
392a1b8b78e8	[exynos9810] defconfig: Disable CONFIG_COMPAT_VDSO	-	unknown	-
5cd396dcaaeb	include: uapi: linux: Import Exynos Linaro BSP kernel headers	-	unknown	-
dff86fa1e78e	drm: add picture aspect ratio flags	-	yes	bd79c01966c1
5610ada6efc5	drm: Add aspect ratio parsing in DRM layer	-	yes	6fce4f336392
364bc10f136e	drm/uapi: Add a warning that mode flags must match the xrandr definitions	-	unknown	-
c87cae9c4ae3	drm: Turn DRM_MODE_SUBCONNECTOR_xx definitions into an enum	-	unknown	-
05e231887443	drm: Add a new connector atomic property for link status	-	unknown	-
c72864d9d467	drm: Create a format/modifier blob	-	unknown	-
9365572a54a0	drm: rename u32 in __u32 in uapi	-	unknown	-
bcf121c5c0ba	include: Add videodev2_exynos_media.h to kernel header	-	unknown	-
b1ff1cea6bff	[exynos9810] modem: Fix legacy IPC enum comparisons	-	unknown	-
066b1d0750d8	[BACKPORT] ptrace: Move setting/clearing ptrace_message into ptrace_stop	-	unknown	-
3e7c2426abe7	[exynos9810] boot: dts: Disable 720p resolution	-	unknown	-
f03439fb4add	[exynos9810] video: fbdev: exynos: panel: Import mres for multi resolution support	-	unknown	-
ad4d6fd52f16	ARM64: boot: dts: Exynos9810: Disable dex touchpad support	-	unknown	-
c36e17bb20d8	[exynos9810] sound: codecs: Add workaround for missing left speaker handler	-	unknown	-
2413fc29a73f	[exynos9810] battery_v2: Implement battery props for userspace	-	unknown	-
70dd862aa8c7	[exynos9810] ion: system_heap: prefer order-0 first; avoid high-order reclaim stalls	-	unknown	-
a1bd4f78f3ce	[exynos9810] dts: Add Mali G3D OPPv2 table	-	unknown	-
62122b282e69	[exynos9810] sched: ems: Expand boost groups to 8 + define stable indices	-	unknown	-
c861d1da7860	input: hall: Report SW_LID instead of SW_FLIP	-	unknown	-
58f94a74baa7	input: Sync switch event codes with upstream linux	-	unknown	-
88af40b9020f	[exynos9810] input: remove custom ForceTouch support	-	unknown	-
5377d238fe01	[exynos9810] defconfig: Regenerate all configs	-	unknown	-
63b73a239374	[exynos9810] defconfig: Switch to lmkd+PSI	-	unknown	-
d62f8aee4033	[exynos9810] defconfig: Disable ANDROID_INTF_ALARM_DEV	-	unknown	-
0ecaab30154a	[exynos9810] sensorhub: sx9320: Restore legacy hallic read to silence -EACCES spam	-	unknown	-
d1692f8de212	[exynos9810] PCI: exynos: Don’t log successful clk enable as error	-	unknown	-
7e371f6585b5	[exynos9810] defconfig: Enable CPU_FREQ_TIMES	-	unknown	-
316ad301aad6	[exynos9810] panel: s6e3ha8: guard LPM maptbl index during ALPM->NORMAL handoff	-	unknown	-
285607f6d86f	nl80211: add WPA3 definition for SAE authentication	-	yes	9b7ffd7b43e4
e3c22ea2b21a	"[exynos9810] wifi: bcmdhd: Normalize country code and prevent ""00"" regdom breakage"	-	unknown	-
f3ab322af968	[exynos9810] PCI: exynos: Fix reg_lock leak and guard DW cfg reads	-	unknown	-
fafe98309690	[exynos9810] wifi: bcmdhd: Harden cfgvendor async event payloads	-	unknown	-
e6447712e870	[exynos9810] PCI: exynos: Fix PCIe state handling across suspend/resume	-	unknown	-
a692b92845f6	[exynos9810] wifi: bcmdhd: Send HANGED hang reason as nlattr and NUL-terminate	-	unknown	-
7647ebd7168f	ext4: restore the upstream on-disk superblock layout	-	unknown	-
4de9429482f6	[exynos9810] Drop unused flag CONFIG_MPTCP	-	unknown	-
19fccaeab569	[exynos9810] input: sec_ts: Ignore external display blank events	-	unknown	-
a3d866f31147	[exynos9810] samsung: dp_dma: Expose HDMI audio switch state	-	unknown	-
c1f047b131c9	[exynos9810] panel: skip brightness writes while panel is off	-	unknown	-
574ba9cccc06	[exynos9810] dpu: Downgrade unsupported power mode warning	-	unknown	-
81d37e10d77b	[exynos9810] dpu: Harden DisplayPort EDID reconnect parsing	-	unknown	-
517ff6e1e6c3	[exynos9810] dpu: Drop unsupported 4K DisplayPort modes	-	unknown	-
58a1218523c9	[exynos9810] dpu: Allow WQHD DisplayPort modes with FHD DeX adapter state	-	unknown	-
a188e8049967	[exynos9810] dpu: Program DPP before enabling DECON windows	-	unknown	-
fc521b64f903	[exynos9810] dpu: Skip DisplayPort BTS PM QoS acquire/release	-	unknown	-
4d5c8c85db8a	[exynos9810] iommu: Reject invalid map domains safely	-	unknown	-
3f6a8ddeefa9	[exynos9810] panel: Add green screen recovery control	-	unknown	-
ca43b7ed2d67	[exynos9810] input: sec_ts: Support AOD double tap wake	-	unknown	-
4e3ff5e90482	[exynos9810] input: sec_ts: handle LPM single-tap events for DT2W	-	unknown	-
4be345ec38ad	[exynos9810] defconfig: Enable Nintendo HID support	-	unknown	-
437cc7c3ab63	ion: Map userspace buffers page-aligned	-	unknown	-
2971269610e0	ion: Clear deferred-free pages without bulk vmap	-	unknown	-
266ce7b340ba	namei: Avoid hardened-usercopy boundary for embedded names	-	unknown	-
434a059ba240	drivers: base: Skip firmware suspend cache walk on exynos9810	-	unknown	-
10859a784ef7	fs: Keep superblock shrinker global-only on exynos9810	-	unknown	-
b48811f9463e	alarmtimer: Shorten wakeup hold for imminent alarms	-	unknown	-
9bead529778f	[exynos9810] battery_v2: Limit CPU frequencies while charging	-	unknown	-
17b93a144bbf	kernel: remove stale merge-conflict markers	-	unknown	-
de4814747fb8	mm: remove free_unmap_vmap_area_noflush()	c8eef01e2f98	yes	71aadd046dc6
ec51569e6ad4	mm: remove free_unmap_vmap_area_addr()	9c3acf6043ac	yes	7df9875121df
b611939c2042	mm: refactor __purge_vmap_area_lazy()	0574ecd141df	yes	835db09522b9
140de500fcbe	mm: add vfree_atomic()	bf22e37a6413	yes	3af922c0a0b8
e60fca5a451c	mm: mark all calls into the vmalloc subsystem as potentially sleeping	5803ed292e63	yes	4a4394c37917
225cc0357185	mm: turn vmap_purge_lock into a mutex	f9e09977671b	yes	9fd2c02aae74
69934e633aa5	mm: add preempt points into __purge_vmap_area_lazy()	763b218ddfaf	yes	68b90437585c
9b9a45e5e561	BACKPORT: mm: introduce kv[mz]alloc helpers	-	unknown	-
8d6fc5f1d24d	f2fs: drop local kv[mz]alloc helpers	-	unknown	-
774d40df83fc	mm, vmalloc: properly track vmalloc users	-	unknown	-
9a27f565137b	mm, vmalloc: use __GFP_HIGHMEM implicitly	-	unknown	-
0288339291bd	mm, vmalloc: fix vmalloc users tracking properly	-	unknown	-
74703189bc26	mm/vmalloc.c: don't unconditonally use __GFP_HIGHMEM	-	unknown	-
f8a21c8d4a12	mm: kmemleak: slightly reduce the size of some structures on 64-bit architectures	-	unknown	-
1defcc3ec1c2	mm: kmemleak: factor object reference updating out of scan_block()	-	unknown	-
10f3e4278d05	mm: kmemleak: treat vm_struct as alternative reference to vmalloc'ed objects	-	unknown	-
24598cef0e3c	mm/vmalloc.c: halve the number of comparisons performed in pcpu_get_vm_areas()	-	unknown	-
fb89bcd6a3ba	mm/vmalloc.c: don't reinvent the wheel but use existing llist API	-	unknown	-
2513ebc36df1	vmalloc: fix __GFP_HIGHMEM usage for vmalloc_32 on 32b systems	-	unknown	-
7a690fc01a25	mm: vmalloc: clean up vunmap to avoid pgtable ops twice	-	unknown	-
59f6faa0a6ee	mm: vmalloc: pass proper vm_start into debugobjects	-	unknown	-
2b8a5e458378	mm: provide a fallback for PAGE_KERNEL_EXEC for architectures	-	unknown	-
441d813059d0	vfree: add debug might_sleep()	-	unknown	-
a5d5291136da	BACKPORTED: mm: convert totalram_pages and totalhigh_pages variables to atomic	-	unknown	-
651fc9ffeda5	mm/vmalloc.c: make vmalloc_32_user() align base kernel virtual address to SHMLBA	-	unknown	-
da2b1a676cb8	mm/vmalloc: do not call kmemleak_free() on not yet accounted memory	-	unknown	-
5146017ed20e	mm/vmalloc: pass VM_USERMAP flags directly to __vmalloc_node_range()	-	unknown	-
fb9593e7d769	vmalloc: export __vmalloc_node_range for CONFIG_TEST_VMALLOC_MODULE	-	unknown	-
4cf42717d891	mm/vmalloc: Add flag for freeing of special permsissions	-	unknown	-
7c9b3c4119eb	mm/vmalloc.c: add priority threshold to __purge_vmap_area_lazy()	-	unknown	-
0a115d7aaf34	mm/vmalloc.c: convert vmap_lazy_nr to atomic_long_t	-	unknown	-
a0163349e173	mm/vmalloc.c: keep track of free blocks for vmap allocation	-	unknown	-
540f3de2f8b9	mm/vmap: add DEBUG_AUGMENT_PROPAGATE_CHECK macro	-	unknown	-
476a877176a1	mm/vmap: add DEBUG_AUGMENT_LOWEST_MATCH_CHECK macro	-	unknown	-
5ce0ddaf51e8	fs: Convert remaining users of total{ram,high}_pages to atomic	-	unknown	-
670a736963f7	llist: Provide a safe version for llist_for_each()	-	unknown	-
4bc1bf83d64b	list: introduce list_for_each_entry_from_reverse helper	-	unknown	-
2e71fb11d9a8	provide linux/set_memory.h	-	unknown	-
9a0f87e0e88e	set_memory.h: Provide set_memory_{en,de}crypted() stubs	-	unknown	-
5f0009268556	PARTIAL: x86/memory_failure: Introduce {set, clear}_mce_nospec()	-	unknown	-
252eaf20e864	PARTIAL: x86/mm/cpa: Add set_direct_map_*() functions	-	unknown	-
1f9378f37a88	arm64: Select ARCH_HAS_SET_MEMORY	-	unknown	-
1dc33dbb5e1d	treewide: move set_memory_* functions away from cacheflush.h	-	unknown	-
1922c48238f5	vmalloc: show lazy-purged vma info in vmallocinfo	-	unknown	-
a6a718da0aec	netfilter: x_tables: Fix totalram_pages usage	-	unknown	-
705f6b5a50b6	tcp: introduce tcp_jiffies32	-	unknown	-
b1ea8b0a182f	tcp_westwood: use tcp_jiffies32 instead of tcp_time_stamp	-	unknown	-
d3be2f15b6ee	tcp: make undo_cwnd mandatory for congestion modules	-	unknown	-
4fbdf1c5af08	tcp_westwood: fix tcp_westwood_info() style mistakes	-	unknown	-
02740047e11c	tcp: bic, cubic: use tcp_jiffies32 instead of tcp_time_stamp	-	unknown	-
902dc8a90625	tcp_bbr: use tcp_jiffies32 instead of tcp_time_stamp	-	unknown	-
054bac2411da	tcp: use tcp_jiffies32 to feed probe_timestamp	-	unknown	-
af88cd7df1c2	tcp: use tcp_jiffies32 for rcv_tstamp and lrcvtime	-	unknown	-
267638bc9618	tcp: use tcp_jiffies32 to feed tp->snd_cwnd_stamp	-	unknown	-
d954e76155f8	tcp: use tcp_jiffies32 to feed tp->lsndtime	-	unknown	-
9b5d583077ba	tcp: use tcp_jiffies32 in __tcp_oow_rate_limited()	-	unknown	-
a11938e359c7	tcp: replace misc tcp_time_stamp to tcp_jiffies32	-	unknown	-
20ea2f1a2b30	dccp: do not use tcp_time_stamp	-	unknown	-
74d484967de7	BACKPORT: tcp: tsq: add tsq_flags / tsq_enum	d55a05b5e87e	no	-
3677836504b7	BACKPORT: net: reorganize struct sock for better data locality	-	unknown	-
de0a7a3caae5	BACKPORT: tcp: tsq: move tsq_flags close to sk_wmem_alloc	-	unknown	-
fe327aaab7c1	BACKPORT: tcp: internal implementation for pacing	-	unknown	-
d05cb7e04f84	BACKPORT: tcp: avoid min-RTT overestimation from delayed ACKs	-	unknown	-
92261e8ef32f	BACKPORT: tcp: avoid min RTT bloat by skipping RTT from delayed-ACK in BBR	-	unknown	-
150625e4d7d3	BACKPORT: tcp_bbr: better deal with suboptimal GSO (II)	-	unknown	-
61c8087b07fe	BACKPORT: tcp_bbr: remove bbr->tso_segs_goal	-	unknown	-
be6ba2b17f32	BACKPORT: net-tcp_bbr: set tp->snd_ssthresh to BDP upon STARTUP exit	-	unknown	-
818e925c683d	BACKPORT: tcp_bbr: fix bbr pacing rate for internal pacing	-	unknown	-
b8412a661e0b	BACKPORT: tcp_bbr: add bbr_check_probe_rtt_done() helper	-	unknown	-
059a34d047f7	BACKPORT: tcp_bbr: in restart from idle, see if we should exit PROBE_RTT	-	unknown	-
9975a5dc8807	BACKPORT: tcp_bbr: apply PROBE_RTT cwnd cap even if acked==0	-	unknown	-
ad5a6fd9e2d9	BACKPORT: tcp_bbr: centralize code to set gains	-	unknown	-
091ad26b457a	BACKPORT: net_sched: sch_fq: handle non connected flows	-	unknown	-
0315bda2b9b0	BACKPORT: tcp_bbr: refactor bbr_target_cwnd() for general inflight provisioning	-	unknown	-
dd98146e760b	BACKPORT: tcp_bbr: clarify that bbr_bdp() rounds up in comments	-	unknown	-
059555b023d3	BACKPORT: tcp_bbr: fix quantization code to not raise cwnd if not probing bandwidth	-	unknown	-
831fcec9dd7d	[exynos9810] defconfig: Enable BPF_JIT	-	unknown	-
bd9a9791a999	[exynos9810] defconfig: Enable CONFIG_BLK_CGROUP	-	unknown	-
1c3b123b0ad6	UPSTREAM: security: selinux: allow per-file labeling for bpffs	4ca54d3d3022	yes	09db023b4026
0c01adfa6afb	BACKPORT: bpf: add helper for retrieving current numa node id	-	unknown	-
064eec9d7188	UPSTREAM: bpf: LRU List	-	unknown	-
c8eed4cadded	UPSTREAM: bpf: Add percpu LRU list	-	unknown	-
8ba00d3cfc8d	UPSTREAM: bpf: Refactor codes handling percpu map	-	unknown	-
3ed2e2f029db	BACKPORT: bpf: Add BPF_MAP_TYPE_LRU_HASH	-	unknown	-
6ae7023aafc7	UPSTREAM: bpf: Add BPF_MAP_TYPE_LRU_PERCPU_HASH	-	unknown	-
047751c514da	UPSTREAM: bpf, mlx5: fix mlx5e_create_rq taking reference on prog	-	unknown	-
88d5a0844073	BACKPORT: bpf: add __must_check attributes to refcount manipulating helpers	-	unknown	-
1e60ccc60051	BACKPORT: bpf: drop unnecessary context cast from BPF_PROG_RUN	-	unknown	-
1a1cc1b40591	UPSTREAM: bpf: drop useless bpf_fd member from cls/act	-	unknown	-
ddf82ae7e880	UPSTREAM: bpf: reuse dev_is_mac_header_xmit for redirect	-	unknown	-
630edbc3dc9b	UPSTREAM: bpf: add owner_prog_type and accounted mem to array map's fdinfo	-	unknown	-
d2b6daf7f6c9	UPSTREAM: bpf: allow for mount options to specify permissions	-	unknown	-
c3b2fa149db1	UPSTREAM: bpf, xdp: allow to pass flags to dev_change_xdp_fd	-	unknown	-
fd58a9a068f4	BACKPORT: bpf: Print function name in addition to function id	-	unknown	-
5128fe02b819	UPSTREAM: net/ipv6: allow sysctl to change addr_gen_mode	d35a00b8e33d	yes	1524ee00a2c6
580a9db663e1	BACKPORT: ipv6: implement Segment Routing Header dataplane	1ababeba4a21	no	-
d5d2b3badd77	UPSTREAM: ipv6: sr: add code base for control plane support of SR-IPv6	-	unknown	-
ae16cbe8175e	UPSTREAM: ipv6: sr: add support for SRH encapsulation and injection with lwtunnels	-	unknown	-
18d6a9c0ea43	BACKPORT: ipv6: sr: add core files for SR HMAC support	bf355b8d2c30	no	-
8ad146c39768	UPSTREAM: ipv6: sr: implement API to control SR HMAC structure	-	unknown	-
250e958ad299	UPSTREAM: ipv6: sr: add option to control lwtunnel support	-	unknown	-
ff7270e1c872	UPSTREAM: ipv6: sr: fix NULL pointer dereference when setting encap source address	-	unknown	-
d1b64fd4faff	BACKPORT: bpf: complete LRU hash hlist conversion	4fe8435909fd	yes	82303dd64add
48a81a3cad97	BACKPORT: bpf: correct the perf-event context type	-	unknown	-
299f338c4b31	BACKPORT: bpf: BPF for lightweight tunnel infrastructure	-	unknown	-
40b98b66d425	UPSTREAM: bpf: Add tests and samples for LWT-BPF	-	unknown	-
d1e1dbd886e7	UPSTREAM: kernfs: Declare two local data structures static	-	unknown	-
02542ad0f1da	UPSTREAM: sock: do not set sk_err in sock_dequeue_err_skb	-	unknown	-
381605f08479	UPSTREAM: tcp: allow to enable the repair mode for non-listening sockets	-	unknown	-
38cb7d2d5ded	UPSTREAM: tcp: add cwnd_undo functions to various tcp cc algorithms	-	unknown	-
f31eca5da10a	UPSTREAM: tcp: enhance tcp collapsing	-	unknown	-
e33a8727b73a	BACKPORT: bpf, xdp: drop rcu_read_lock from bpf_prog_run_xdp and move to caller	-	unknown	-
4f7a4a7b2f52	BACKPORT: bpf: Refactor cgroups code in prep for new type	-	unknown	-
aabcdecfa6d0	BACKPORT: bpf: Add new cgroup attach type to enable sock modifications	-	unknown	-
8714e62cb80a	UPSTREAM: bpf: Add support for reading socket family, type, protocol	-	unknown	-
a3a7e46e5e3a	UPSTREAM: ipv4: fib: Export free_fib_info()	-	unknown	-
1f9e033e9592	UPSTREAM: ipv4: fib: Add fib_info_hold() helper	-	unknown	-
f021a9e2f61f	UPSTREAM: ipv4: fib: Convert FIB notification chain to be atomic	-	unknown	-
3509e72109b0	UPSTREAM: ipv4: fib: Allow for consistent FIB dumping	-	unknown	-
f8b4e1c857fe	UPSTREAM: bpf: add various tests around spill/fill of regs	-	unknown	-
dba15732b68f	UPSTREAM: bpf: add initial suite for selftests	-	unknown	-
cdb6435102b8	BACKPORT: bpf: Preserve const register type on const OR alu ops	-	unknown	-
03ec361f7a01	UPSTREAM: bpf: remove type arg from __is_valid_{,xdp_}access	-	unknown	-
cf98d05ddb7e	UPSTREAM: bpf, cls: consolidate prog deletion path	-	unknown	-
75e8610b198e	BACKPORT: bpf: add prog_digest and expose it via fdinfo/netlink	-	unknown	-
ce1d60e32219	BACKPORT: bpf: xdp: Allow head adjustment in XDP prog	-	unknown	-
b9aff199e679	BACKPORT: tools lib bpf: Sync {tools,}/include/uapi/linux/bpf.h	-	unknown	-
b424620461cb	UPSTREAM: bpf: fix regression on verifier pruning wrt map lookups	-	yes	1889d6d9b5e7
47aa977e3ea0	UPSTREAM: bpf, test_verifier: fix a test case error result on unprivileged	-	unknown	-
c0a9ed4eb55b	UPSTREAM: net: xdp: add invalid buffer warning	-	unknown	-
89a40034bdef	UPSTREAM: net: use designated initializers	-	unknown	-
aab63df27391	BACKPORT: bpf: Use u64_to_user_ptr()	-	unknown	-
6942381a69cf	UPSTREAM: bpf: dynamically allocate digest scratch buffer	-	unknown	-
89ebb73db827	UPSTREAM: tcp: do not export tcp_peer_is_proven()	-	unknown	-
658d4222abe0	UPSTREAM: flow dissector: ICMP support	-	unknown	-
f9dc10c88571	UPSTREAM: net: skb_flow_get_be16() can be static	-	unknown	-
8f994f56cb63	UPSTREAM: bpf: rework prog_digest into prog_tag	-	unknown	-
4b1d2608879a	UPSTREAM: ipv6: seg6_genl_set_tunsrc() must check kmemdup() return value	-	unknown	-
73a371f13800	UPSTREAM: net: Specify the owning module for lwtunnel ops	-	yes	89c2588627c2
ac02ef0433e3	BACKPORT: tcp: instrument tcp sender limits chronographs	-	unknown	-
1b37f3768890	UPSTREAM: tcp: instrument how long TCP is busy sending	-	unknown	-
781fb396d98b	BACKPORT: tcp: instrument how long TCP is limited by receive window	-	unknown	-
5e4cc1ecf6b9	UPSTREAM: tcp: instrument how long TCP is limited by insufficient send buffer	-	unknown	-
bfa9d3b32098	BACKPORT: tcp: export sender limits chronographs to TCP_INFO	-	unknown	-
1367447c6a5a	BACKPORT: tcp: SOF_TIMESTAMPING_OPT_STATS option for SO_TIMESTAMPING	-	unknown	-
b10fb202b0b6	UPSTREAM: ipv6: sr: fix several BUGs when preemption is enabled	-	unknown	-
94783ca5462b	UPSTREAM: ipv6: sr: remove cleanup flag and fix HMAC computation	-	unknown	-
174e7127f7a7	BACKPORT: bpf: enable verifier to add 0 to packet ptr	-	unknown	-
5b7ecee765ee	UPSTREAM: ipv6: sr: fix non static symbol warnings	-	unknown	-
4c92f025314d	UPSTREAM: powerpc/bpf: Introduce __PPC_SH64()	-	unknown	-
13ecc4898856	UPSTREAM: bpf: add a longest prefix match trie map implementation	-	unknown	-
3f9cc6ef7b81	UPSTREAM: bpf, trace: make ctx access checks more robust	-	unknown	-
e1ccd5aaa0f2	UPSTREAM: net: xdp: remove unused bfp_warn_invalid_xdp_buffer()	-	unknown	-
ad1918758377	UPSTREAM: bpf: split check_mem_access logic for map values	-	unknown	-
bb633e0d9c2d	BACKPORT: bpf: allow helpers access to map element values	-	unknown	-
bc7122688b42	BACKPORT: bpf: allow adjusted map element values to spill	-	unknown	-
bf98dbca4929	UPSTREAM: bpf: rename ARG_PTR_TO_STACK	-	unknown	-
493b3bf7912f	UPSTREAM: bpf: pass original insn directly to convert_ctx_access	-	unknown	-
02e95a1a746e	UPSTREAM: bpf: allow b/h/w/dw access for bpf's cb in ctx	-	unknown	-
87a061906d17	UPSTREAM: bpf: simplify __is_valid_access test on cb	-	unknown	-
804460388588	UPSTREAM: bpf: enable load bytes helper for filter/reuseport progs	-	unknown	-
79ea143ac94e	UPSTREAM: bpf: allow option for setting bpf_l4_csum_replace from scratch	-	unknown	-
4a9dbd37bbc5	UPSTREAM: bpf, lpm: fix kfree of im_node in trie_update_elem	-	unknown	-
331f246a61ad	UPSTREAM: tcp: new helper function for RACK loss detection	-	unknown	-
6fdbc9dff77a	UPSTREAM: tcp: new helper for RACK to detect loss	-	unknown	-
8f48a64a41de	UPSTREAM: lwt_bpf: bpf_lwt_prog_cmp() can be static	-	unknown	-
f37b4128d3b3	UPSTREAM: bpf: Remove unused but set variable in __bpf_lru_list_shrink_inactive()	-	unknown	-
91722e2c9664	BACKPORT: bpf: add bpf_probe_read_str helper	-	unknown	-
556cc68b63b9	BACKPORT: bpf: enable verifier to better track const alu ops	-	unknown	-
c458bc14db2c	BACKPORT: bpf: add initial bpf tracepoints	-	unknown	-
f9d315aeeb88	UPSTREAM: net/skbuff: Introduce skb_mac_offset()	-	unknown	-
8bc8459d42c1	UPSTREAM: kernfs: handle null pointers while printing node name and path	-	unknown	-
8076ab6d1f10	UPSTREAM: net: Fix checkpatch WARNING: please, no space before tabs	-	unknown	-
502564f9eb0b	UPSTREAM: net: Fix checkpatch whitespace errors	-	unknown	-
8a9364e59674	UPSTREAM: net: Fix checkpatch block comments warnings	-	unknown	-
99d893e984ca	UPSTREAM: tools: Sync {,tools/}include/uapi/linux/bpf.h	-	unknown	-
b1e8f9e58841	BACKPORT: bpf: reduce compiler warnings by adding fallthrough comments	-	unknown	-
1ec4ec848516	UPSTREAM: bpf: kernel header files need to be copied into the tools directory	-	unknown	-
ea419cc7899c	BACKPORT: bpf: mark all registered map/prog types as __ro_after_init	-	unknown	-
e94bc4c0a1e1	BACKPORT: bpf: remove stubs for cBPF from arch code	-	unknown	-
0fa93420be87	BACKPORT: bpf: make jited programs visible in traces	-	unknown	-
778de1c77edb	UPSTREAM: bpf: fix unlocking of jited image when module ronx not set	-	unknown	-
4a58b1468e71	"UPSTREAM: bpf: fix spelling mistake: ""proccessed"" -> ""processed"""	-	unknown	-
d5bcc28ab29c	BACKPORT: net/ipv6: support more tunnel interfaces for EUI64 link-local generation	-	unknown	-
fb94ec1819d4	UPSTREAM: bpf: update the comment about the length of analysis	-	unknown	-
2db3d0752b79	UPSTREAM: bpf: add get_next_key callback to LPM map	-	unknown	-
a6fd224af84f	UPSTREAM: bpf, lpm: fix overflows in trie_alloc checks	-	unknown	-
e28ff79f022f	UPSTREAM: flow disector: ARP support	-	unknown	-
0bfbffdba203	UPSTREAM: flow dissector: check if arp_eth is null rather than arp	-	unknown	-
9e3d83a663f6	UPSTREAM: flow_dissector: Move ARP dissection into a separate function	-	unknown	-
3d7fa6d5a1d9	UPSTREAM: flow_dissector: Fix GRE header error path	-	unknown	-
be3b543d7405	"UPSTREAM: flow_dissector: rename ""proto again"" goto label"	-	unknown	-
1e358df45bd1	UPSTREAM: flow_dissector: Move MPLS dissection into a separate function	-	unknown	-
bf1958c934ca	UPSTREAM: flow_dissector: Move GRE dissection into a separate function	-	unknown	-
343323a92ea3	UPSTREAM: bpf: improve read-only handling	-	unknown	-
674636cf2819	UPSTREAM: lwtunnel: remove unused but set variable	-	unknown	-
f02ed6914a4f	UPSTREAM: net: ipv6: set route type for anycast routes	-	unknown	-
23c3c33845eb	UPSTREAM: bpf: inline htab_map_lookup_elem()	-	unknown	-
b39e74c6d46e	UPSTREAM: tcp: fix SCM_TIMESTAMPING_OPT_STATS for normal skbs	-	unknown	-
b533b5c591f2	BACKPORT: tcp: mark skbs with SCM_TIMESTAMPING_OPT_STATS	-	unknown	-
cfd0907621d4	BACKPORT: bpf: fix hashmap extra_elems logic	-	unknown	-
e3671d3a4394	BACKPORT: bpf: add helper inlining infra and optimize map_array lookup	-	unknown	-
72d47d2d4b29	UPSTREAM: bpf: Fix and simplifications on inline map lookup	-	unknown	-
613b80dcaa9d	BACKPORT: bpf: Add array of maps support	-	unknown	-
f04599695866	BACKPORT: bpf: Add hash of maps support	-	unknown	-
d6f9d9b7c796	UPSTREAM: ipv6: sr: expand skb head only if necessary	-	unknown	-
1fa80886438c	UPSTREAM: ipv6: sr: use dst_cache in seg6_input	-	unknown	-
8dd0534dacac	BACKPORT: bpf, verifier: fix rejection of unaligned access checks for map_value_adj	-	unknown	-
96d6e6dd0668	BACKPORT: bpf: introduce BPF_PROG_TEST_RUN command	-	unknown	-
48ce9a1416bd	UPSTREAM: netfilter: ip6_tables: Remove unneccessary comments	-	unknown	-
bf073cb2dad8	UPSTREAM: skbuff: Extend gso_type to unsigned int.	-	unknown	-
2fccabf4f8ce	BACKPORT: tools/lib/bpf: add support for BPF_PROG_TEST_RUN command	-	unknown	-
26191648d0d4	UPSTREAM: bpf: fix comment typo	-	unknown	-
0327fdf035f3	UPSTREAM: bpf: do not use KMALLOC_SHIFT_MAX	-	unknown	-
9ef90505115b	UPSTREAM: bpf: reference may_access_skb() from __bpf_prog_run()	-	unknown	-
f50d4f252709	BACKPORT: bpf: remove struct bpf_prog_type_list	-	unknown	-
91b903b30407	UPSTREAM: bpf: remove struct bpf_map_type_list	-	unknown	-
b665b7cc5054	UPSTREAM: ipv6: addrconf: fix 48 bit 6lowpan autoconfiguration	-	unknown	-
58d869a3d223	UPSTREAM: ipv6: sr: fix BUG due to headroom too small after SRH push	-	unknown	-
d977d2582ee5	BACKPORT: bpf: fix cb access in socket filter programs on tail calls	-	unknown	-
28766c6fb7bd	BACKPORT: bpf: fix checking xdp_adjust_head on tail calls	-	unknown	-
4b334cfacb5d	UPSTREAM: bpf: remove reference to sock_filter_ext from kerneldoc comment	-	unknown	-
457477169c61	UPSTREAM: net: add netif_is_ovs_port helper	-	unknown	-
1448ded06e9c	UPSTREAM: ipv6: sr: fix out-of-bounds access in SRH validation	-	unknown	-
e76801168538	BACKPORT: bpf: add napi_id read access to __sk_buff	-	unknown	-
4b415ee9cc4f	UPSTREAM: bpf, doc: update bpf maintainers entry	-	unknown	-
75f48698e36a	UPSTREAM: sparc: Split BPF JIT into 32-bit and 64-bit.	-	unknown	-
9324bc704430	UPSTREAM: sparc64: Add eBPF JIT.	-	unknown	-
41f1a9a50be1	UPSTREAM: bpf: Add sparc support to tools and samples.	-	unknown	-
ea373e5dee3a	UPSTREAM: bpf, doc: update list of architectures that do eBPF JIT	-	unknown	-
b6857f81a92c	BACKPORT: bpf: make bpf_xdp_adjust_head support mandatory	-	unknown	-
afbc31a92b8e	UPSTREAM: sparc64: Support cbcond instructions in eBPF JIT.	-	unknown	-
47ed40174acd	BACKPORT: bpf: map_get_next_key to return first key on NULL	-	yes	fcbc8d0e7dbe
41b749328282	BACKPORT: gro_cells: move to net/core/gro_cells.c	-	unknown	-
fd90efeb991d	BACKPORT: net: Generic XDP	-	unknown	-
228584365fac	UPSTREAM: net: move xdp_prog field in RX cache lines	-	unknown	-
74ebe65d7c25	UPSTREAM: bpf, x86_64/arm64: remove old ldimm64 artifacts from jits	-	unknown	-
ab9e594a9381	UPSTREAM: bpf: bpf_lock on kallsysms doesn't need to be irqsave	-	unknown	-
1751590b4d0c	BACKPORT: xdp: add flag to enforce driver mode	-	unknown	-
fe669743040c	BACKPORT: xdp: refine xdp api with regards to generic xdp	-	unknown	-
d4850213ff70	UPSTREAM: bpf: Do not dereference user pointer in bpf_test_finish().	-	unknown	-
d4a568742673	UPSTREAM: bpf: Align packet data properly in program testing framework.	-	unknown	-
8c1e652d2814	UPSTREAM: bpf, arm64: implement jiting of BPF_XADD	-	unknown	-
2c0f31a36b9f	UPSTREAM: test_bpf: Use ULL suffix for 64-bit constants	-	unknown	-
4387a5e3ea77	BACKPORT: bpf: Track alignment of register values in the verifier.	-	unknown	-
6e7f8a2c56c1	BACKPORT: bpf: Do per-instruction state dumping in verifier when log_level > 1.	-	unknown	-
8e237e750df0	UPSTREAM: bpf: Add strict alignment flag for BPF_PROG_LOAD.	-	unknown	-
6a35cb76c844	BACKPORT: bpf: Handle multiple variable additions into packet pointers in verifier.	-	unknown	-
cfc5981b3bb4	BACKPORT: bpf: adjust verifier heuristics	-	yes	577aa83b2896
e918433d3348	UPSTREAM: bpf: fix incorrect pruning decision when alignment must be tracked	-	unknown	-
1609ac6578bc	UPSTREAM: bpf: properly reset caller saved regs after helper call and ld_abs/ind	-	unknown	-
f48d3f3c9ee2	BACKPORT: bpf: fix wrong exposure of map_flags into fdinfo for lpm	-	yes	816cfeb77c01
672604e72ba0	BACKPORT: bpf: add various verifier test cases	-	unknown	-
25a8d3fb5ff1	UPSTREAM: net: socket: fix a typo in sockfd_lookup().	-	unknown	-
fae8c8ba120f	UPSTREAM: flow_dissector: Add enums for encapsulation keys	-	unknown	-
b91c431a5308	UPSTREAM: net/sched: cls_flower: Allow setting encapsulation fields as used key	-	unknown	-
a7dd9c4448f3	BACKPORT: net/sched: cls_flower: Support matching on SCTP ports	-	unknown	-
e3e7826981c1	BACKPORT: net/sched: cls_flower: Add UDP port to tunnel parameters	-	unknown	-
f4e06c4b4083	UPSTREAM: flow_dissector: add mpls support (v2)	-	unknown	-
24e952ed20ac	UPSTREAM: net: flow_dissector: add support for dissection of tcp flags	-	unknown	-
6afb4d838b65	UPSTREAM: net/sched: cls_flower: add missing unbind call when destroying flows	-	unknown	-
ec417ec9152e	BACKPORT: net/sched: cls_flower: Add support for matching on flags	-	unknown	-
9fbd9e80c8fe	BACKPORT: net/sched: cls_flower: Support matching on ICMP type and code	-	unknown	-
279d47e0441b	UPSTREAM: net/sched: cls_flower: Mandate mask when matching on flags	-	unknown	-
3902e4850f5d	BACKPORT: net/sched: cls_flower: Support matching on ARP	-	unknown	-
3ab327323997	UPSTREAM: net/sched: cls_flower: Disallow duplicate internal elements	-	unknown	-
da8eaaee536e	UPSTREAM: net/sched: cls_flower: reduce fl_change stack size	-	unknown	-
5a9767e1a064	UPSTREAM: net/sched: cls_flower: Correct matching on ICMPv6 code	-	unknown	-
2399e2acdf2f	BACKPORT: cls_flower: add support for matching MPLS fields (v2)	-	unknown	-
88ec996e8aae	UPSTREAM: flower: check unused bits in MPLS fields	-	unknown	-
482302771f49	UPSTREAM: net: ipv4: add new RTM_F_FIB_MATCH flag for use with RTM_GETROUTE	-	unknown	-
12088644ea11	BACKPORT: bpf: free up BPF_JMP | BPF_CALL | BPF_X opcode	-	unknown	-
a064cb9c466d	UPSTREAM: bpf: teach verifier to track stack depth	-	unknown	-
bcf2a449c1f8	BACKPORT: bpf: split bpf core interpreter	-	unknown	-
57e3590831b0	BACKPORT: bpf: reconcile bpf_tail_call and stack_depth	-	unknown	-
c22afa5c91cb	UPSTREAM: bpf: track stack depth of classic bpf programs	-	unknown	-
27813444571f	UPSTREAM: bpf: fix stack_depth usage by test_bpf.ko	-	unknown	-
27a1f7213802	BACKPORT: bpf: use different interpreter depending on required stack size	-	unknown	-
e71ecc0f1f97	UPSTREAM: bpf: change x86 JITed program stack layout	-	unknown	-
516ca417b057	UPSTREAM: bpf: take advantage of stack_depth tracking in x64 JIT	-	unknown	-
2fac260c3c8e	UPSTREAM: bpf: Take advantage of stack_depth tracking in sparc64 JIT	-	unknown	-
8e59435d7bd2	UPSTREAM: bpf: Allow CGROUP_SKB eBPF program to access sk_buff	-	unknown	-
b2a68be5e3d4	UPSTREAM: perf, bpf: Add BPF support to all perf_event types	-	unknown	-
18be24dccc61	UPSTREAM: bpf: update perf event helper functions documentation	-	unknown	-
bade768771e8	UPSTREAM: bpf: Introduce bpf_prog ID	-	unknown	-
1e32f545e2a8	BACKPORT: bpf: Introduce bpf_map ID	-	unknown	-
f80f70ab6593	UPSTREAM: bpf: Add BPF_(PROG|MAP)_GET_NEXT_ID command	-	unknown	-
39b9d3a3ed83	UPSTREAM: bpf: Add BPF_PROG_GET_FD_BY_ID	-	unknown	-
3d5d76df396a	BACKPORT: bpf: Add BPF_MAP_GET_FD_BY_ID	-	unknown	-
f0aee008421b	UPSTREAM: powerpc/bpf: Remove redundant check for non-null image	-	unknown	-
1c64b4ccec12	UPSTREAM: powerpc/bpf: Flush the entire JIT buffer	-	unknown	-
17ef5740f61b	BACKPORT: bpf: Add jited_len to struct bpf_prog	-	unknown	-
da36ef9c01aa	UPSTREAM: bpf: Add BPF_OBJ_GET_INFO_BY_FD	-	unknown	-
53d8e39782d1	BACKPORT: bpf: Test for bpf ID	-	unknown	-
5d78d026ff4f	UPSTREAM: bpf: cgroup skb progs cannot access ld_abs/ind	-	yes	edb6da11b95c
638dcf1c92de	UPSTREAM: bpf, arm64: use separate register for state in stxr	-	unknown	-
f5f9d2580bfb	UPSTREAM: bpf: avoid excessive stack usage for perf_sample_data	-	unknown	-
3391586c1961	UPSTREAM: bpf: don't check spilled reg state for non-STACK_SPILLed type slots	-	unknown	-
4cd874083fa4	BACKPORT: bpf: reset id on CONST_IMM transition	-	unknown	-
41bc8b3cdc1a	UPSTREAM: bpf: reset id on spilled regs in clear_all_pkt_pointers	-	unknown	-
09af57c8ea19	BACKPORT: bpf: remove cg_skb_func_proto and use sk_filter_func_proto directly	-	unknown	-
40b7fe500224	UPSTREAM: bpf: add bpf_set_hash helper for tc progs	-	unknown	-
4e0270d41edd	UPSTREAM: bpf, arm64: take advantage of stack_depth tracking	-	unknown	-
a720e08b543f	BACKPORT: bpf: permits narrower load from bpf program context fields	-	unknown	-
75b8bc392275	UPSTREAM: trace: add variant without spacing in trace_print_hex_seq	-	unknown	-
e2b143a1e35f	ANDROID: net: bpf: Allow TC programs to call BPF_FUNC_skb_change_head	-	unknown	-
f69242b1d082	UPSTREAM: bpf: Allow cgroup sock filters to use get_current_uid_gid helper	-	unknown	-
208613d60d72	BACKPORT: net: Add sysctl to toggle early demux for tcp and udp	-	unknown	-
eac8f26eff94	BACKPORT: net/tcp_fastopen: Disable active side TFO in certain scenarios	-	unknown	-
004f6001c296	UPSTREAM: tcp: ULP infrastructure	-	unknown	-
3aa947e40c79	UPSTREAM: tcp: export do_tcp_sendpages and tcp_rate_check_app_limited functions	-	unknown	-
06f8ea442a7d	BACKPORT: tls: kernel TLS support	-	unknown	-
06b40a4873db	UPSTREAM: tls: Documentation	-	unknown	-
b7991ab91fb2	BACKPORT: net: Add IFLA_XDP_PROG_ID	-	unknown	-
eb3f69d84d2b	UPSTREAM: tls: Depend upon INET not plain NET.	-	unknown	-
b6b1ac4054c9	UPSTREAM: tls: update Kconfig	-	unknown	-
0f3b7468ac88	UPSTREAM: bpf: expose prog id for cls_bpf and act_bpf	-	unknown	-
cac3ed261fa6	UPSTREAM: tcp: Add a tcp_filter hook before handle ack packet	-	yes	767826629337
02e7c1f23985	BACKPORT: xdp: pass XDP flags into install handlers	-	unknown	-
58acec9deb21	BACKPORT: xdp: add HW offload mode flag for installing programs	-	unknown	-
bb623117a0d0	BACKPORT: xdp: add reporting of offload mode	-	unknown	-
aa7c50928b42	BACKPORT: bpf: possibly avoid extra masking for narrower load in verifier	-	unknown	-
df4c6eb61b22	UPSTREAM: tcp: fix out-of-bounds access in ULP sysctl	-	unknown	-
c3c6f7d031ad	UPSTREAM: tls: return -EFAULT if copy_to_user() fails	-	unknown	-
dfdf929cea3f	UPSTREAM: tcp: fix null ptr deref in getsockopt(..., TCP_ULP, ...)	-	unknown	-
c9e455dc6893	BACKPORT: bpf: Add syscall lookup support for fd array and htab	-	unknown	-
6207b7b257c0	BACKPORT: bpf: Fix out-of-bound access on interpreters[]	-	unknown	-
baf9c935c8e3	BACKPORT: bpf: BPF support for sock_ops	-	unknown	-
0b56de0ab5e1	UPSTREAM: bpf: Support for per connection SYN/SYN-ACK RTOs	-	unknown	-
a1a72fa9e5c7	UPSTREAM: tcp: add tcp_mss_clamp() helper	-	unknown	-
a6b06e3852ea	BACKPORT: bpf: Support for setting initial receive window	-	unknown	-
18fd5076633b	UPSTREAM: bpf: xdp: Add XDP example for head adjustment	-	unknown	-
87188e5403ba	UPSTREAM: bpf: Add setsockopt helper function to bpf	-	unknown	-
eeed4aa5d804	BACKPORT: bpf: Add TCP connection BPF callbacks	-	unknown	-
c74253716f57	UPSTREAM: bpf: Add support for changing congestion control	-	unknown	-
e02197207e79	UPSTREAM: bpf: Adds support for setting initial cwnd	-	unknown	-
4437764690a2	UPSTREAM: bpf: update tools/include/uapi/linux/bpf.h	-	unknown	-
f391af2dcd2f	UPSTREAM: bpf: fix to bpf_setsockops	-	unknown	-
7ba54a3ce647	UPSTREAM: bpf, net: add skb_mac_header_len helper	-	unknown	-
ef24f3b847b1	BACKPORT: bpf: add bpf_skb_adjust_room helper	-	unknown	-
a1c78b123c77	BACKPORT: bpf: simplify narrower ctx access	-	unknown	-
706452e080cf	UPSTREAM: bpf: export whether tail call has jited owner	-	unknown	-
035a198a5600	UPSTREAM: bpf: extend bpf_trace_printk to support %i	-	unknown	-
d00804db1342	UPSTREAM: net: make sk_ehashfn() static	-	unknown	-
55dc34beefff	UPSTREAM: bpf: Adds support for setting sndcwnd clamp	-	unknown	-
521502262069	UPSTREAM: bpf: add missing break in for the TCP_BPF_SNDCWND_CLAMP case	-	unknown	-
395ad1f929fc	UPSTREAM: net: Update networking MAINTAINERS entry.	-	unknown	-
7a5e4d5baa26	UPSTREAM: socket: add documentation for missing elements	-	unknown	-
4c534b7ce0cf	UPSTREAM: bpf: fix return in bpf_skb_adjust_net	-	unknown	-
08b9b2c4d032	UPSTREAM: net: xdp: support xdp generic on virtual devices	-	unknown	-
34eeec8a0ce4	UPSTREAM: xdp: add bpf_redirect helper function	-	unknown	-
cde177b620c4	UPSTREAM: net: implement XDP_REDIRECT for xdp generic	-	unknown	-
b5cf56142d19	BACKPORT: xdp: add trace event for xdp redirect	-	unknown	-
45b682b9c669	UPSTREAM: bpf: add devmap, a map for storing net device references	-	unknown	-
105f7d4368b7	UPSTREAM: bpf: add bpf_redirect_map helper routine	-	unknown	-
436c3daddd19	BACKPORT: xdp: Add batching support to redirect map	-	unknown	-
40201f48e691	UPSTREAM: net: add notifier hooks for devmap bpf map	-	unknown	-
e813905fcf67	UPSTREAM: bpf: check NULL for sk_to_full_sk() return value	-	unknown	-
efb12e8d5a50	BACKPORT: bpf: fix mixed signed/unsigned derived min/max value bounds	-	yes	bf5b91b782e8
e02537131f2c	UPSTREAM: bpf: dev_map_alloc() shouldn't return NULL	-	unknown	-
c9884f759dba	UPSTREAM: tcp: remove redundant argument from tcp_rcv_established()	-	unknown	-
5e25006aff43	UPSTREAM: ipv6: constify inet6_protocol structures	-	unknown	-
6ae46df4a78c	BACKPORT: kernfs: add an API to get kernfs node from inode number	-	unknown	-
96771277a711	UPSTREAM: kernfs: use idr instead of ida to manage inode number	-	unknown	-
6d72b391a39a	BACKPORT: kernfs: implement i_generation	-	unknown	-
f4e1fe0bc47b	BACKPORT: kernfs: don't set dentry->d_fsdata	-	unknown	-
1334d2242337	UPSTREAM: kernfs: introduce kernfs_node_id	-	unknown	-
5b9e983a8982	BACKPORT: bpf: testing: fix devmap tests	-	unknown	-
cabf67c7b50b	UPSTREAM: bpf: don't indicate success when copy_from_user fails	-	unknown	-
d926e5a59e48	UPSTREAM: bpf: fix bpf_prog_get_info_by_fd to dump correct xlated_prog_len	-	unknown	-
6ee017762dda	refcount_t: Introduce a special purpose refcount type	f405df5de317	yes	b6efcb0394ff
e9c1bdddb9a0	BACKPORT: locking/refcount: Create unchecked atomic_t implementation	-	unknown	-
80cf7e9318d6	UPSTREAM: net: convert sk_filter.refcnt from atomic_t to refcount_t	-	unknown	-
116e0762801b	UPSTREAM: proto_ops: Add locked held versions of sendmsg and sendpage	-	unknown	-
de98aa13bfe2	UPSTREAM: skbuff: Function to send an skbuf on a socket	-	unknown	-
27eaac67f6ca	BACKPORT: strparser: Generalize strparser	-	unknown	-
d7332fd9710d	UPSTREAM: ipv4: fib: Remove unused functions	-	unknown	-
d4d74fae5fa0	UPSTREAM: ipv4: fib: Set offload indication according to nexthop flags	-	unknown	-
2331ce779df1	UPSTREAM: ipv6: set rt6i_protocol properly in the route when it is installed	-	yes	23e983e27aaf
6ccfa97f85d0	UPSTREAM: sock: allocate skbs from optmem	-	unknown	-
536f54a7047f	UPSTREAM: net: add skb_frag_foreach_page and use with kmap_atomic	-	unknown	-
fd4d51f35a94	UPSTREAM: net: fix bogus cast in skb_pagelen() and use unsigned variables	-	unknown	-
ea4f86d9313c	UPSTREAM: sock: skb_copy_ubufs support for compound pages	-	unknown	-
1470ea4cbfc8	BACKPORT: sock: add MSG_ZEROCOPY	-	unknown	-
78e5560d1d6a	BACKPORT: sock: introduce SO_MEMINFO getsockopt	-	unknown	-
f231f49752c2	BACKPORT: net: Introduce SO_INCOMING_NAPI_ID	-	unknown	-
9d1047912f0c	UPSTREAM: net: Define SCM_TIMESTAMPING_PKTINFO on all architectures.	-	unknown	-
4192d980c6ff	BACKPORT: net: add function to retrieve original skb device using NAPI ID	-	unknown	-
05e4636c5fed	UPSTREAM: net: add new control message for incoming HW-timestamped packets	-	unknown	-
f013ca106eda	UPSTREAM: net: introduce SO_PEERGROUPS getsockopt	-	unknown	-
a8793be79cac	UPSTREAM: net: introduce SO_PEERGROUPS getsockopt	-	unknown	-
cbb3e2c598d4	BACKPORT: sock: add SOCK_ZEROCOPY sockopt	-	unknown	-
0e7bf747bef6	BACKPORT: tcp: enhance tcp_collapse_retrans() with skb_shift()	-	unknown	-
02aba285e86d	BACKPORT: sock: enable MSG_ZEROCOPY	-	unknown	-
68a92fc64459	UPSTREAM: sock: MSG_ZEROCOPY notification coalescing	-	unknown	-
f5395b96ddd9	BACKPORT: sock: ulimit on MSG_ZEROCOPY pages	-	unknown	-
6cd91a5eae33	BACKPORT: tcp: enable MSG_ZEROCOPY	-	unknown	-
4fafe38ca3a4	UPSTREAM: bpf: devmap fix mutex in rcu critical section	-	unknown	-
4d2444715687	UPSTREAM: net: comment fixes against BPF devmap helper calls	-	unknown	-
c5925e8894e8	UPSTREAM: net: Make IP alignment calulations clearer.	-	unknown	-
694658ea0d87	BACKPORT: bpf: Remove unused but set variables	-	unknown	-
6f6a6dbda1a4	BACKPORT: bpf/verifier: rework value tracking	-	unknown	-
5cd3503b7aa0	BACKPORT: bpf/verifier: track signed and unsigned min/max values	-	unknown	-
3e015b401ed2	UPSTREAM: bpf/verifier: more concise register state logs for constant var_off	-	unknown	-
4e871045b10d	UPSTREAM: Documentation: describe the new eBPF verifier value tracking behaviour	-	unknown	-
e9b9300da211	UPSTREAM: sock: fix zerocopy panic in mem accounting	-	unknown	-
b33acc6372dc	UPSTREAM: sock: fix zerocopy_success regression with msg_zerocopy	-	unknown	-
7db91014efbc	UPSTREAM: bpf: add BPF_J{LT,LE,SLT,SLE} instructions	-	unknown	-
6db1e00e6afa	UPSTREAM: bpf, x86: implement jiting of BPF_J{LT,LE,SLT,SLE}	-	unknown	-
2cc3374d27ee	UPSTREAM: bpf, arm64: implement jiting of BPF_J{LT, LE, SLT, SLE}	-	unknown	-
c5859b1a3816	UPSTREAM: bpf, sparc64: implement jiting of BPF_J{LT, LE, SLT, SLE}	-	unknown	-
8d1c020f27cc	UPSTREAM: bpf, s390x: implement jiting of BPF_J{LT, LE, SLT, SLE}	-	unknown	-
b57eb0e244fe	UPSTREAM: bpf, ppc64: implement jiting of BPF_J{LT, LE, SLT, SLE}	-	unknown	-
cc7842c49775	UPSTREAM: bpf, nfp: implement jiting of BPF_J{LT,LE}	-	unknown	-
f8316c2ac733	UPSTREAM: bpf: enable BPF_J{LT, LE, SLT, SLE} opcodes in verifier	-	unknown	-
3d8e4745b026	UPSTREAM: net: skb_needs_check() removes CHECKSUM_UNNECESSARY check for tx.	-	unknown	-
d629bce2b45d	UPSTREAM: bpf: fix two missing target_size settings in bpf_convert_ctx_access	-	unknown	-
7f7b5b29fce4	BACKPORT: bpf/verifier: track liveness for pruning	-	unknown	-
862b880dab4b	UPSTREAM: bpf: fix liveness propagation to parent in spilled stack slots	-	unknown	-
470517119557	UPSTREAM: bpf/verifier: increase complexity limit to 128k	-	unknown	-
db2b07a3bb9d	UPSTREAM: bpf: Move check_uarg_tail_zero() upward	-	unknown	-
27a2333ec3f5	UPSTREAM: bpf: Extend check_uarg_tail_zero() checks	-	unknown	-
9da06c4e77b0	UPSTREAM: net: Fix a typo in comment about sock flags.	-	unknown	-
07acc8f64a7e	UPSTREAM: net: early init support for strparser	-	unknown	-
9ec2bf620ecf	UPSTREAM: net: add sendmsg_locked and sendpage_locked to af_inet6	-	unknown	-
a5e6fb367327	UPSTREAM: net: fixes for skb_send_sock	-	unknown	-
8c0e79303a61	UPSTREAM: bpf: introduce new program type for skbs on sockets	-	unknown	-
0279905899f3	UPSTREAM: bpf: export bpf_prog_inc_not_zero	-	unknown	-
d608a4d37d5f	BACKPORT: bpf: sockmap with sk redirect support	-	unknown	-
e7c3d0494487	UPSTREAM: bpf: add access to sock fields and pkt data from sk_skb programs	-	unknown	-
b6b369251ec8	UPSTREAM: bpf: devmap: remove unnecessary value size check	-	unknown	-
4decb970357e	UPSTREAM: bpf: sockmap state change warning fix	-	unknown	-
fce13f7c7900	BACKPORT: bpf: sock_map fixes for !CONFIG_BPF_SYSCALL and !STREAM_PARSER	-	unknown	-
856f611efb48	UPSTREAM: tcp: Export tcp_{sendpage,sendmsg}_locked() for ipv6.	-	unknown	-
4538197e68c3	UPSTREAM: bpf: Update sysctl documentation to list all supported architectures	-	unknown	-
ca935a00fee1	UPSTREAM: bpf: no need to nullify ri->map in xdp_do_redirect	-	unknown	-
d6f9ce927461	UPSTREAM: bpf: don't enable preemption twice in smap_do_verdict	-	unknown	-
e13ffa5b390a	UPSTREAM: bpf: reuse tc bpf prologue for sk skb progs	-	unknown	-
73085e17ac9b	UPSTREAM: bpf: fix a return in sockmap_get_from_fd()	-	unknown	-
5c8cdac0b6ab	UPSTREAM: net: inet: diag: expose sockets cgroup classid	-	unknown	-
ee1ae79dd3d4	UPSTREAM: bpf: fix the printing of ifindex	-	unknown	-
26d7dc073d05	UPSTREAM: xdp: adjust xdp redirect tracepoint to include return error code	-	unknown	-
f1a6ab2d2b68	UPSTREAM: bpf: Fix map-in-map checking in the verifier	-	unknown	-
bb6a3aac7eba	UPSTREAM: bpf: linux/bpf.h needs linux/numa.h	-	unknown	-
86eb4528dd54	BACKPORT: bpf: Allow selecting numa node during map creation	-	unknown	-
709c40f66bfe	FROMGIT: mm/vmalloc.c: move 'area->pages' after if statement	7ea362427c17	yes	6da256232c74
a60873ff5bb4	UPSTREAM: bpf: fix numa_node validation	-	unknown	-
466c6b79f629	BACKPORT: net: fix build error in devmap helper calls	-	unknown	-
71b51e48e41c	UPSTREAM: bpf: make htab inlining more robust wrt assumptions	-	unknown	-
d66962ccb533	UPSTREAM: bpf: inline map in map lookup functions for array and htab	-	unknown	-
9c6b2595bd52	UPSTREAM: bpf: fix double free from dev_map_notification()	-	unknown	-
a9925a8e9985	UPSTREAM: bpf: fix map value attribute for hash of maps	-	unknown	-
686d515957b0	UPSTREAM: bpf: misc xdp redirect cleanups	-	unknown	-
764df97ed07d	UPSTREAM: bpf: minor cleanups for dev_map	-	unknown	-
4643560eff2e	UPSTREAM: bpf: netdev is never null in __dev_map_flush	-	unknown	-
7071bb29d0fc	UPSTREAM: bpf: don't select potentially stale ri->map from buggy xdp progs	-	unknown	-
0cd69d8ba563	UPSTREAM: xdp: remove bpf_warn_invalid_xdp_redirect	-	unknown	-
7c84cd572771	UPSTREAM: xdp: make generic xdp redirect use tracepoint trace_xdp_redirect	-	unknown	-
e330ee221651	UPSTREAM: xdp: remove net_device names from xdp_redirect tracepoint	-	unknown	-
c276f163bf46	UPSTREAM: xdp: get tracepoints xdp_exception and xdp_redirect in sync	-	unknown	-
9ea517058811	UPSTREAM: xdp: remove redundant argument to trace_xdp_redirect	-	unknown	-
da95c5c96923	UPSTREAM: xdp: tracepoint xdp_redirect also need a map argument	-	unknown	-
8d7a8524f14e	UPSTREAM: xdp: make xdp tracepoints report bpf prog id instead of prog_tag	-	unknown	-
db105e6e8bd7	UPSTREAM: xdp: separate xdp_redirect tracepoint in error case	-	unknown	-
99f8a3eecdee	UPSTREAM: xdp: separate xdp_redirect tracepoint in map case	-	unknown	-
35e04e45c7c2	UPSTREAM: net: export some generic xdp helpers	-	unknown	-
402a16bd34b0	UPSTREAM: xdp: implement xdp_redirect_map for generic XDP	-	unknown	-
53b0574a46bc	BACKPORT: bpf: Add mark and priority to sock options that can be set	-	unknown	-
e55fefb56adc	BACKPORT: bpf: convert sockmap field attach_bpf_fd2 to type	-	unknown	-
cbb08ea7a0e8	UPSTREAM: bpf: sockmap, remove STRPARSER map_flags and add multi-map support	-	unknown	-
8d151c94f2f1	UPSTREAM: bpf: sockmap add missing rcu_read_(un)lock in smap_data_ready	-	unknown	-
57a0533165f1	BACKPORT: bpf: harden sockmap program attach to ensure correct map type	-	unknown	-
252045c6712c	UPSTREAM: bpf: sockmap indicate sock events to listeners	-	unknown	-
61a1c4021e3f	UPSTREAM: bpf: sockmap requires STREAM_PARSER add Kconfig entry	-	unknown	-
83b5b05f1cf7	UPSTREAM: bpf: sockmap update/simplify memory accounting scheme	-	unknown	-
12c83c52a7c2	BACKPORT: bpf: enforce TCP only support for sockmap	-	unknown	-
8da877ad768d	UPSTREAM: bpf: sockmap: write_space events need to be passed to TCP handler	9b2e0388bec8	no	-
36b43c191191	BACKPORT: bpf: add support for sockmap detach programs	-	unknown	-
52aec3c023b5	BACKPORT: bpf: avoid preempt enable/disable in sockmap using tcp_skb_cb region	-	unknown	-
dec6edc5ab65	BACKPORT: bpf: remove mark access for SK_SKB program types	-	unknown	-
960f16e86690	UPSTREAM: bpf: require CAP_NET_ADMIN when using sockmap maps	-	unknown	-
ffd04d250d89	UPSTREAM: bpf: require CAP_NET_ADMIN when using devmap	-	unknown	-
8ab490048247	UPSTREAM: bpf: fix oops on allocation failure	-	unknown	-
401d375a79b4	bpf: devmap: fix use-after-free Read in __dev_map_entry_free	2baae3545327	no	-
a665c72d5978	UPSTREAM: net: add LINUX_MIB_PFMEMALLOCDROP counter	-	unknown	-
a6f908583340	bpf: devmap: fix wrong interface selection in notifier_call	f592f804831f	no	-
bc911a25e57f	UPSTREAM: bpf: in __bpf_redirect_no_mac pull mac only if present	e7c87bd6cc4e	no	-
04549a0f0df7	UPSTREAM: bpf: Fix bpf_xdp_event_output	-	unknown	-
1b1fc4cb0312	UPSTREAM: bpf: fix loading of BPF_MAXINSNS sized programs	-	unknown	-
1aafb9837de6	BACKPORT: bpf: don't open-code memdup_user()	-	unknown	-
14c4f0befd3f	UPSTREAM: net: Remove all references to SKB_GSO_UDP.	-	unknown	-
f8c654492e38	UPSTREAM: fs: constify tree_descr arrays passed to simple_fill_super()	-	unknown	-
08d31f952d70	BACKPORT: bpf: allow file modes on backported map types	-	unknown	-
6b1d6e9142d3	UPSTREAM: net: sched: cls_bpf: rename cls_bpf_modify_existing function	-	unknown	-
f02730dfcdcd	UPSTREAM: net: sched: cls_flower: no need to call tcf_exts_change for newly allocated struct	-	unknown	-
9f10775befbd	UPSTREAM: net: sched: cls_bpf: no need to call tcf_exts_change for newly allocated struct	-	unknown	-
9ffe1af09558	BACKPORT: net: Avoid receiving packets with an l3mdev on unbound UDP sockets	-	unknown	-
b327d83996fc	BACKPORT: net: ipv4: add second dif to udp socket lookups	-	unknown	-
59db77a70b7f	BACKPORT: net: ipv4: add second dif to inet socket lookups	-	unknown	-
715c65af4b2f	UPSTREAM: net: ip, diag -- Add diag interface for raw sockets	-	unknown	-
513a95bcf753	UPSTREAM: net: ip, diag: include net/inet_sock.h	-	unknown	-
fddfa29f3734	UPSTREAM: net: ip, raw_diag -- Fix socket leaking for destroy request	-	unknown	-
2559229498c8	UPSTREAM: net: ip, raw_diag -- Use jump for exiting from nested loop	-	unknown	-
c11fb5bd8454	BACKPORT: net: ipv4: add second dif to raw socket lookups	-	unknown	-
038297cf558a	UPSTREAM: net: ipv4: add second dif to multicast source filter	-	unknown	-
7d386c6c69b7	BACKPORT: net: ipv6: add second dif to udp socket lookups	-	unknown	-
c21831895871	BACKPORT: net: ipv6: Add early demux handler for UDP unicast	-	yes	f6c002e7cd85
1c737badecbf	UPSTREAM: net: ipv6: add second dif to raw socket lookups	-	unknown	-
626be5f04310	UPSTREAM: udp: fix SO_BINDTODEVICE	-	unknown	-
cdcdab1b8fc7	UPSTREAM: net/tcp: Fix socket lookups with SO_BINDTODEVICE	-	unknown	-
0f0cff1bbcca	BACKPORT: bpf: add support for sys_enter_* and sys_exit_* tracepoints	-	unknown	-
fa3dd3904f5a	UPSTREAM: ipv6: fix NULL dereference in ip6_route_dev_notify()	-	unknown	-
b6f7c415e6de	UPSTREAM: tcp: Remove the unused parameter for tcp_try_fastopen.	-	unknown	-
066f981ef897	UPSTREAM: net/sock: allow the user to set negative peek offset	-	unknown	-
83af2d09f0d4	BACKPORT: strparser: initialize all callbacks	-	unknown	-
44d16c1f49bf	UPSTREAM: tcp: fix hang in tcp_sendpage_locked()	-	unknown	-
43940656c2e5	UPSTREAM: tcp: fix refcnt leak with ebpf congestion control	-	unknown	-
e3a9e868eac2	UPSTREAM: ipv6: do not set sk_destruct in IPV6_ADDRFORM sockopt	-	unknown	-
9536cf9e68d5	UPSTREAM: net: fix two typos in net_device_ops documentation.	-	unknown	-
a8bf6c6fda3f	UPSTREAM: doc: document MSG_ZEROCOPY	-	unknown	-
88d32230a08d	UPSTREAM: inet_diag: allow protocols to provide additional data	-	unknown	-
16ec7a606963	UPSTREAM: tcp_diag: report TCP MD5 signing keys and addresses	-	unknown	-
69f26a741d47	UPSTREAM: bpf: Inline LRU map lookup	-	unknown	-
1af2d5f57d20	UPSTREAM: bpf: Only set node->ref = 1 if it has not been set	-	unknown	-
945e31ffbde6	UPSTREAM: bpf: devmap, use cond_resched instead of cpu_relax	-	unknown	-
02ef2093d633	UPSTREAM: bpf: make error reporting in bpf_warn_invalid_xdp_action more clear	-	unknown	-
8f860b915a95	UPSTREAM: perf/bpf: fix a clang compilation issue	-	unknown	-
2bdc7435d27b	UPSTREAM: bpf: devmap: pass on return value of bpf_map_precharge_memlock	-	unknown	-
018b0ba391d3	UPSTREAM: bpf: do not disable/enable BH in bpf_map_free_id()	-	unknown	-
e1a978ea8c77	UPSTREAM: bpf: fix ri->map_owner pointer on bpf_prog_realloc	-	unknown	-
c99f74f4e66f	UPSTREAM: bpf: Implement show_options	-	unknown	-
122350480b19	BACKPORT: bpf: lru: Lower the PERCPU_NR_SCANS from 16 to 4	-	unknown	-
16fb8c9bad9f	BACKPORT: bpf: fix bpf_tail_call() x64 JIT	-	yes	5226bb3b9551
f0d7fe6dccd9	UPSTREAM: ipv6: fix net.ipv6.conf.all interface DAD handlers	-	unknown	-
e5534700edf9	UPSTREAM: ipv6: fix net.ipv6.conf.all.accept_dad behaviour for real	-	unknown	-
b5e0788a9292	UPSTREAM: net: fix typo in skbuff.c	-	unknown	-
c2a17b153afe	BACKPORT: bpf: disallow arithmetic operations on context pointer	-	unknown	-
c27443e98f54	UPSTREAM: bpf: fix splat for illegal devmap percpu allocation	-	unknown	-
474bd8559d7c	BACKPORT: bpf: do not test for PCPU_MIN_UNIT_SIZE before percpu allocations	-	unknown	-
cec3e55fc310	UPSTREAM: udp: make some messages more descriptive	-	unknown	-
c412eeb501aa	UPSTREAM: bpf: devmap fix arithmetic overflow in bitmap_size calculation	-	unknown	-
366987b21374	UPSTREAM: bpf: fix off by one for range markings with L{T, E} patterns	-	unknown	-
d7653857594c	UPSTREAM: bpf: fix pattern matches for direct packet access	-	unknown	-
6df092d09deb	UPSTREAM: sock: correct sk_wmem_queued accounting on efault in tcp zerocopy	-	unknown	-
52dec727a5c3	UPSTREAM: bpf: bpf_compute_data uses incorrect cb structure	-	unknown	-
269732c66bfe	BACKPORT: bpf: rename sk_actions to align with bpf infrastructure	-	unknown	-
9957a36692b6	UPSTREAM: bpf: remove SK_REDIRECT from UAPI	-	unknown	-
134d1c266b2f	UPSTREAM: tcp: fix DSACK-based undo on non-duplicate ACK	-	unknown	-
d429c621bd99	UPSTREAM: tls: Use kzalloc for aead_request allocation	61ef6da622aa	no	-
92280b4fe646	UPSTREAM: tcp: remove buggy call to tcp_v6_restore_cb()	3016dad75b48	no	-
6fb8abff82ec	UPSTREAM: bpf: fix corruption on concurrent perf_event_output calls	283ca526a9bd	no	-
e68f198b6bd1	UPSTREAM: bpf, s390x: do not reload skb pointers in non-skb context	6d59b7dbf72e	no	-
0049ad026c38	UPSTREAM: bpf, ppc64: do not reload skb pointers in non-skb context	87338c8e2cbb	no	-
cb2236ce6e0a	UPSTREAM: bpf, sparc: fix usage of wrong reg for load_skb_regs after call	07aee9439454	no	-
c1d1e44a1d5b	UPSTREAM: bpf/verifier: fix bounds calculation on BPF_RSH	4374f256ce81	no	-
d12d24d2ed53	UPSTREAM: bpf: fix incorrect tracking of register size truncation	0c17d1d2c619	no	-
50dbdb9464a0	UPSTREAM: bpf: fix 32-bit ALU op verification	468f6eafa6c4	no	-
c9deeb22ede7	UPSTREAM: bpf: fix missing error return in check_stack_boundary()	-	unknown	-
c46db06a144d	UPSTREAM: bpf: force strict alignment checks for stack pointers	a5ec6ae161d7	no	-
8c05fdc6bbcc	UPSTREAM: bpf: don't prune branches when a scalar is replaced with a pointer	179d1c560299	no	-
3c58becd714c	UPSTREAM: bpf: fix integer overflows	bb7f0f989ca7	no	-
1a657906d2e6	UPSTREAM: skbuff: orphan frags before zerocopy clone	268b79067942	no	-
b2295c197b01	UPSTREAM: net/tls: Fix inverted error codes to avoid endless loop	30be8f8dba1b	no	-
7510dce5bea2	UPSTREAM: net/tls: Only attach to sockets in ESTABLISHED state	d91c3e17f75f	no	-
340b03c55803	UPSTREAM: tls: fix sw_ctx leak	cf6d43ef66f4	no	-
066da99d9712	UPSTREAM: tls: return -EBUSY if crypto_info is already set	877d17c79b66	no	-
ef76e69e4d8e	UPSTREAM: tls: reset crypto_info when do_tls_setsockopt_tx fails	6db959c82eb0	no	-
1fb15d1da5b4	UPSTREAM: bpf, arm64: fix stack_depth tracking in combination with tail calls	a2284d912bfc	no	-
ed8236220645	BACKPORT: bpf: mark dst unknown on inconsistent {s, u}bounds adjustments	6f16101e6a8b	no	-
ac635c4e6f3b	UPSTREAM: ip_gre: remove the incorrect mtu limit for ipgre tap	cfddd4c33c25	no	-
a7dee46c8b5d	UPSTREAM: ip6_gre: remove the incorrect mtu limit for ipgre tap	2c52129a7d74	no	-
4aca776b81e5	UPSTREAM: bpf: sockmap missing NULL psock check	5731a879d03b	no	-
1009ffa70e75	UPSTREAM: bpf: fix memory leak in lpm_trie map_free callback function	9a3efb6b661f	no	-
25655c0981f2	UPSTREAM: bpf: fix rcu lockdep warning for lpm_trie map_free callback	6c5f61023c5b	no	-
7bd17c090118	BACKPORT: bpf: allow xadd only on aligned memory	ca36960211eb	yes	6e9261aac3d8
55c7c8214b9d	UPSTREAM: tls: retrun the correct IV in getsockopt	a1dfa6812b68	no	-
d4f41bf441f2	UPSTREAM: bpf, x64: fix memleak when not converging after image	3aab8884c9eb	no	-
70131e0c54e3	UPSTREAM: tls: fix use-after-free in tls_push_record	a447da7d0041	no	-
4340ee69833b	UPSTREAM: bpf: hash map: decrement counter on error	ed2b82c03dc1	no	-
a6b4ba754761	UPSTREAM: tcp, ulp: add alias for all ulp modules	037b0b86ecf5	no	-
80ec9f38c1f6	UPSTREAM: net/tls: Set count of SG entries if sk_alloc_sg returns -ENOSPC	52ea992cfac3	no	-
22eadf0fbcf5	UPSTREAM: tcp: really ignore MSG_ZEROCOPY if no SO_ZEROCOPY	5cf4a8532c99	no	-
5a024b25ae64	UPSTREAM: tls: don't copy the key out of tls12_crypto_info_aes_gcm_128	7cba09c6d5bc	no	-
6c87372f3acb	UPSTREAM: tls: zero the crypto information from tls_context before freeing	86029d10af18	no	-
1af96eb3c525	UPSTREAM: tls: clear key material from kernel memory when do_tls_setsockopt_conf fails	c844eb46b7d4	no	-
9945e1c3c668	UPSTREAM: bpf: 32-bit RSH verification must truncate input before the ALU op	b799207e1e18	no	-
785b994cb2d9	UPSTREAM: bpf: sockmap, fix leaking maps with attached but not detached progs	-	unknown	-
d4db3d0ceb9c	UPSTREAM: bpf: sockmap, map_release does not hold refcnt for pinned maps	ba6b8de423f8	no	-
c82c069e7da6	UPSTREAM: bpf: fix partial copy of map_ptr when dst is scalar	0962590e5533	no	-
4cabff3606f5	UPSTREAM: bpf: wait for running BPF programs when updating map-in-map	1ae80cf31938	no	-
4dad0cc83e96	UPSTREAM: tls: Add function to update the TLS socket configuration	6d88207fcfdd	no	-
c029af87a0dc	BACKPORT: tls: Fix TLS ulp context leak, when TLS_TX setsockopt is not used.	ff45d820a2df	no	-
8ffb087f3eb1	UPSTREAM: tls: Avoid copying crypto_info again after cipher_type check.	196c31b4b544	no	-
271efdc0cc34	UPSTREAM: tls: don't override sk_write_space if tls_set_sw_offload fails.	ee181e5201e6	no	-
c6b28eb341c9	UPSTREAM: tls: Use correct sk->sk_prot for IPV6	c113187d38ff	no	-
91cc508bc3b5	UPSTREAM: net/tls: Fixed return value when tls_complete_pending_work() fails	150085791afb	no	-
f6dabc74ca7b	UPSTREAM: packet: copy user buffers before orphan or clone	5cd8d46ea156	no	-
bcefa0245edb	UPSTREAM: bpf: correctly set initial window on active Fast Open sender	31aa6503a15b	no	-
56ad8f72492e	UPSTREAM: bpf: bpf_setsockopt: reset sock dst on SO_MARK changes	f4924f24da8c	no	-
3a0901e82eb3	UPSTREAM: bpf: sock recvbuff must be limited by rmem_max in bpf_setsockopt()	c9e4576743ee	no	-
58500d609001	UPSTREAM: bpf: fix lockdep false positive in percpu_freelist	a89fac57b5d0	no	-
1f8604af334c	UPSTREAM: bpf, inode: add support for symlinks and fix mtime/ctime	-	unknown	-
f16221a1cd05	UPSTREAM: bpf: fix use after free in bpf_evict_inode	1da6c4d9140c	no	-
4049d516e890	UPSTREAM: bpf/verifier: when pruning a branch, ignore its write marks	-	unknown	-
b041f6a5d260	UPSTREAM: bpf/verifier: remove varlen_map_value_access flag	-	unknown	-
59ba48da8e9b	UPSTREAM: bpf/verifier: document liveness analysis	-	unknown	-
7245f0d1d4ca	UPSTREAM: bpf: fix liveness marking	-	unknown	-
4eb5cb4445a1	BACKPORT: bpf: reduce verifier memory consumption	638f5b90d460	yes	9c3997601d51
eec0f11a9227	UPSTREAM: bpf: fix verifier memory leaks	1969db47f8d0	no	-
2513572ebccf	UPSTREAM: bpf: fix verifier NULL pointer dereference	8c01c4f896aa	no	-
1a9568c6ecc5	UPSTREAM: bpf: fix stack state printing in verifier log	12a3cc8424fe	no	-
45a18b0806f0	UPSTREAM: bpf: move {prev_,}insn_idx into verifier env	c08435ec7f2b	no	-
cf060bc85edf	UPSTREAM: bpf: move tmp variable into ax register in interpreter	144cd91c4c2b	no	-
ea464ec47384	UPSTREAM: bpf: enable access to ax register also from verifier rewrite	9b73bfdd08e7	no	-
5fa36e593139	UPSTREAM: bpf: restrict map value pointer arithmetic for unprivileged	0d6303db7970	no	-
ed14a499005a	UPSTREAM: bpf: restrict stack pointer arithmetic for unprivileged	e4298d25830a	no	-
e7bee2b7970b	UPSTREAM: bpf: restrict unknown scalars of mixed signed bounds for unprivileged	9d7eceede769	no	-
02a720fd95ca	UPSTREAM: bpf: fix check_map_access smin_value test when pointer contains offset	b7137c4eab85	no	-
a97471f68f0b	BACKPORT: bpf: prevent out of bounds speculation on pointer arithmetic	979d63d50c0c	no	-
6b74508abe61	UPSTREAM: bpf: fix sanitation of alu op with pointer / scalar type from different paths	d3bd7413e0ca	no	-
9b473482c433	UPSTREAM: bpf: fix inner map masking to prevent oob under speculation	9d5564ddcf2a	no	-
381222ad56e3	UPSTREAM: bpf: do not restore dst_reg when cur_state is freed	0803278b0b4d	no	-
8a8a26942740	UPSTREAM: bpf: fix sanitation rewrite in case of non-pointers	3612af783cf5	no	-
039f39b31394	BACKPORT: bpf, arm64: use more scalable stadd over ldxr / stxr loop in xadd	34b8ab091f9e	no	-
7672e0e53383	UPSTREAM: bpf: sockmap, fix use after free from sleep in psock backlog workqueue	bd95e678e0f6	no	-
227dc8257603	UPSTREAM: tcp: fix tcp_set_congestion_control() use from bpf hook	8d650cdedaab	no	-
1b3740ea9f6a	UPSTREAM: bpf: fix use after free in prog symbol exposure	c751798aa224	no	-
8d5e34637349	UPSTREAM: bpf: decrease usercnt if bpf_map_new_fd() fails in bpf_map_get_fd_by_id()	781e62823cb8	no	-
0cd1191f2dc1	UPSTREAM: bpf: drop refcount if bpf_map_new_fd() fails in map_create()	352d20d61141	no	-
3a1523764a1f	BACKPORT: bpf: reject passing modified ctx to helper functions	58990d1ff3f7	no	-
e40433daa14a	UPSTREAM: bpf: Fix passing modified ctx to ld/abs/ind instruction	6d4f151acf9a	no	-
17900f561b4b	UPSTREAM: bpf: Explicitly memset some bpf info structures declared on the stack	5c6f25887963	no	-
d494be92cab5	UPSTREAM: ipv4: Fix raw socket lookup for local traffic	19e4e768064a	yes	4dbefd9d79ca
e1ce7a89f560	UPSTREAM: bpf: add map_lookup_elem_sys_only for lookups from syscall side	c6110222c6f4	no	-
531f031ed7ba	UPSTREAM: bpf, lru: avoid messing with eviction heuristics upon syscall lookup	50b045a8c0cc	no	-
fe24096bb728	tcp: rate limit synflood warnings further	-	unknown	-
c7de1b5a40c1	tcp: tcp_syn_flood_action read port from socket	-	unknown	-
139798d79eb3	BACKPORT: ipv4: Namespaceify tcp_tw_reuse knob	-	unknown	-
d9dfe4a76fb9	BACKPORT: ipv4: Namespaceify tcp_tw_recycle and tcp_max_tw_buckets knob	-	unknown	-
19aba572851c	BACKPORT: ipv4: Namespaceify tcp_max_syn_backlog knob	-	unknown	-
46ceae9c1d1e	BACKPORT: ipv4: Namespaceify tcp_fastopen knob	-	unknown	-
e23ccd218472	ipv4: Remove the 'publish' logic in tcp_fastopen_init_key_once	-	unknown	-
dc6e3d6b467d	BACKPORT: ipv4: Namespaceify tcp_fastopen_key knob	-	unknown	-
2fc266aa42cc	net/tcp_fastopen: Add snmp counter for blackhole detection	-	unknown	-
34d567fb3aa8	BACKPORT: ipv4: Namespaceify tcp_fastopen_blackhole_timeout knob	-	unknown	-
7bae1fbba13b	net/tcp_fastopen: remove obsolete extern	-	unknown	-
9e672484dfc9	UPSTREAM: tcp: add skb-less helpers to retrieve SYN cookie	-	unknown	-
62a03a0650ae	BACKPORT: ipv4: do metrics match when looking up and deleting a route	-	unknown	-
878a5767dc7f	UPSTREAM: tcp: Namespace-ify sysctl_tcp_default_congestion_control	-	unknown	-
73f11156d488	new primitive: vfs_mkobj()	-	unknown	-
6e571e4b764d	device_cgroup: add DEVCG_ prefix to ACC_* and DEV_* constants	-	unknown	-
04553542c403	device_cgroup: prepare code for bpf-based device controller This is non-functional change to prepare the device cgroup code for adding eBPF-based controller for cgroups v2.	-	unknown	-
10fd97b78217	UPSTREAM: tcp: ulp: avoid module refcnt leak in tcp_set_ulp	-	unknown	-
a0e841ae9a5d	UPSTREAM: net: add a UID to use for ULP socket assignment	-	unknown	-
65d7fbd02184	BACKPORT: apparmor: add per cpu work buffers to avoid allocating buffers at every hook	-	unknown	-
21ccd563e213	macro: introduce COUNT_ARGS() macro	-	unknown	-
0eff83ee05b9	f2fs: macro: Switch to COUNT_ARGS macro	-	unknown	-
699c9258a599	cfg80211/nl80211: macro: Switch to COUNT_ARGS macro	-	unknown	-
4491208e0115	UPSTREAM: net: bpf: Make bpf_ktime_get_ns() available to non GPL programs	082b57e3eb09	no	-
a4561b4ae594	BACKPORT: bpf: add bpf_ktime_get_boot_ns()	71d19214776e	no	-
c70bd1f03b95	bpf_lru_list: Read double-checked variable once without lock	6df8fb83301d	no	-
b46450ffae37	bpf: Fix map leak in HASH_OF_MAPS map	1d4e1eab456e	no	-
9b4e979761b3	bpf: Fix off-by-one for area size in creating mask to left	10d2bb2e6b1d	no	-
fa07b1ed4216	bpf: Simplify alu_limit masking for pointer arithmetic	b5871dca250c	no	-
b9b49b915d02	bpf: Add sanity check for upper ptr_limit	1b1597e64e1a	no	-
a4d510c66beb	bpf: Prohibit alu ops for pointer types not defining ptr_limit	f232326f6966	no	-
1f7ad438d61e	"bpf: Fix backport of ""bpf: restrict unknown scalars of mixed signed bounds for unprivileged"""	-	unknown	-
5ec2dfdd4089	bpf: Fix masking negation logic upon negative dst register	b9b34ddbe207	no	-
40df36ab1574	bpf: Move off_reg into sanitize_ptr_alu	6f55b2f2a117	no	-
f84faee95b60	bpf: Ensure off_reg has no mixed signed bounds for all types	24c109bb1537	no	-
9017403bbe32	bpf: Rework ptr_limit into alu_limit and add common error path	b658bbb844e2	no	-
6f832c00b0b2	bpf: Improve verifier error messages for users	a6aaece00a57	no	-
abf3311593f0	bpf: Refactor and streamline bounds check into helper	073815b756c5	no	-
cbfe3a7ad925	bpf: Move sanitize_val_alu out of op switch	f52881933488	no	-
f0bbd8025b5e	bpf: Tighten speculative pointer arithmetic mask	7fedb63a8307	no	-
b751c3da7f00	bpf: Fix leakage of uninitialized bpf stack under speculation	801c6058d14a	no	-
d4fc215bb759	bpf: Wrap aux data inside bpf_sanitize_info container	3d0220f6861d	no	-
1536a2f2984f	bpf: Fix mask direction swap upon off reg sign change	bb01a1bba579	no	-
9e048b0b5888	bpf: No need to simulate speculative domain for immediates	a7036191277f	no	-
ae6ef7ad8475	bpf: Fix the off-by-two error in range markings	2fa7d94afc1a	no	-
3e98d46424b5	bpf: fix truncated jump targets on heavy expansions	050fad7c4534	no	-
8069b7337b6b	bpf: Verifer, adjust_scalar_min_max_vals to always call update_reg_bounds()	294f2fc6da27	no	-
fbf81ed2049e	bpf: Do not use ax register in interpreter on div/mod	c348d806ed1d	no	-
40d4e02bf231	bpf: fix subprog verifier bypass by div/mod by 0 exception	f6b1b3bf0d5f	yes	6e9261aac3d8
51258cbbbeb9	bpf: Fix 32 bit src register truncation on div/mod	e88b2c6e5a4d	no	-
6db5f90ed71b	bpf: Fix truncation handling for mod32 dst reg wrt zero	9b00f1b78809	no	-
98c349735ff3	bpf: Address KCSAN report on bpf_lru_list	ee9fd0ac3017	no	-
511a143dd98d	BACKPORT: bpf: Add name, load_time, uid and map_ids to bpf_prog_info	-	unknown	-
e990affe4dcb	BACKPORT: bpf: Add map_name to bpf_map_info	-	unknown	-
6a3a0e719833	bpf: Change bpf_obj_name_cpy() to better ensure map's name is init by 0	-	unknown	-
eb521d2259c7	BACKPORT: bpf: Use char in prog and map name	-	unknown	-
c4863b606e84	BACKPORT: bpf: add skb_load_bytes_relative helper	-	unknown	-
517b06325dc4	BACKPORT: bpf: encapsulate verifier log state into a structure	-	unknown	-
0ddf56d89007	BACKPORT: bpf: Rename bpf_verifer_log	-	unknown	-
484a3712b7cd	BACKPORT: bpf: btf: Introduce BPF Type Format (BTF)	-	unknown	-
cf9333db5f16	bpf: Update logging functions to work with BTF	-	unknown	-
0c5f895694ef	bpf: btf: Validate type reference	-	unknown	-
d869d6d4a488	bpf: btf: Check members of struct/union	-	unknown	-
96811d87aa7b	bpf: btf: Add pretty print capability for data with BTF type info	-	unknown	-
291edbdd9c1e	BACKPORT: bpf: btf: Add BPF_BTF_LOAD command	-	unknown	-
ef7c0a07d544	bpf: btf: Add BPF_OBJ_GET_INFO_BY_FD support to BTF fd	-	unknown	-
5b5f2dd9b15d	BACKPORT: bpf: btf: Clean up btf.h in uapi	-	unknown	-
1e8f552970bf	bpf: btf: Avoid WARN_ON when CONFIG_REFCOUNT_FULL=y	-	unknown	-
53886c4f7590	bpf: Fix compiler warning on info.map_ids for 32bit platform	-	unknown	-
2d7350c37cf4	bpf: btf: Change how section is supported in btf_header	-	unknown	-
1ee1ed5897aa	bpf: btf: Check array->index_type	-	unknown	-
66d1dc4af1e3	bpf: btf: Remove unused bits from uapi/linux/btf.h	-	unknown	-
aabc89fbae59	bpf: btf: Avoid variable length array	-	unknown	-
26dc197dce1e	bpf: btf: avoid -Wreturn-type warning	-	unknown	-
c564da9a61f7	bpf: btf: Check array t->size	-	unknown	-
23de35eac55c	bpf: btf: Ensure t->type == 0 for BTF_KIND_FWD	-	unknown	-
0c4a777e7fbe	bpf: btf: Fix bitfield extraction for big endian	-	unknown	-
24aae8c2169b	bpf: btf: Clean up BTF_INT_BITS() in uapi btf.h	-	unknown	-
045d3e6a9679	bpf: btf: Ensure the member->offset is in the right order	-	unknown	-
d5d630e68202	bpf: fix bpf_skb_load_bytes_relative pkt length check	-	unknown	-
7248795cb8b0	bpf: btf: Fix end boundary calculation for type section	-	unknown	-
345e1282ff3e	bpf: btf: Fix a missing check bug	8af03d1ae2e1	no	-
026d68f46fa0	bpf, btf: fix a missing check bug in btf_parse	4a6998aff82a	no	-
4f08ed27d492	bpf: fix BTF limits	a0791f0df7d2	no	-
b335d21e4441	bpf/btf: Fix BTF verification of enum members in struct/union	da6c7faeb103	no	-
1a8b8fd464e3	bpf: btf: fix truncated last_member_type_id in btf_struct_resolve	a37a32583e28	no	-
e00c40bbd2f4	BACKPORT: net: bpf: rename ndo_xdp to ndo_bpf	-	unknown	-
aba6e62026d6	BACKPORT: bpf: offload: add infrastructure for loading programs for a specific netdev	-	unknown	-
b6fd34535b32	bpf: offload: rename the ifindex field	-	unknown	-
86d4a3ab7e8d	BACKPORT: bpf: Check attach type at prog load time	-	unknown	-
3ec9af786689	BACKPORT: bpf: introduce BPF_PROG_QUERY command	-	unknown	-
ed5d784d9001	BACKPORT: bpf: Hooks for sys_bind	-	unknown	-
496c11460936	BACKPORT: net: Introduce __inet_bind() and __inet6_bind	-	unknown	-
2c9a33a16d6d	BACKPORT: bpf: Hooks for sys_connect	-	unknown	-
8f38ebdde0bf	BACKPORT: bpf: Post-hooks for sys_bind	-	unknown	-
b312e85608dc	kernel: bpf: devmap: Create __dev_map_alloc_node	-	unknown	-
36c5dbee92fe	BACKPORT: xdp: Add devmap_hash map type for looking up devices by hashed index	-	unknown	-
cf45a0335d71	BACKPORT: devmap: Allow map lookups from eBPF	-	unknown	-
7fa5b4be98c5	bpf: Hooks for sys_sendmsg	-	unknown	-
8e27c02c5a92	BACKPORT: bpf: enforce return code for cgroup-bpf programs	-	unknown	-
885dc807926c	BACKPORT: bpf: fix unconnected udp hooks	-	unknown	-
85f22be63284	bpf, lpm: Fix check prefixlen before walking trie	9b75dbeb36fc	no	-
f485e58f9a52	bpf: Add map and need_defer parameters to .map_fd_put_ptr()	20c20bd11a07	no	-
6702ed7b3fa7	syscall: Fake uname to 4.19.325 for bpfloader/netd	-	unknown	-
2e2b7bbb0529	bpf: btf: refactor btf_int_bits_seq_show()	-	unknown	-
be74df990a7e	bpf: btf: Break up btf_type_is_void()	-	unknown	-
18e6a77ed306	BACKPORT: bpf: split verifier and program ops	-	unknown	-
38e9f3efcf0f	BACKPORT: bpf, cgroup: implement eBPF-based device controller for cgroup v2	-	unknown	-
d73a98059291	BACKPORT: bpf: remove the verifier ops from program structure	-	unknown	-
c655f601c20d	bpf: sockmap, add sock close() hook to remove socks	-	unknown	-
299b7c1a8326	BACKPORT: bpf/tracing: allow user space to query prog array on the same tp	-	unknown	-
bd52cd5203cd	bpf/tracing: fix kernel/events/core.c compilation error	-	unknown	-
9da07fb2f9c1	BACKPORT: bpf: introduce BPF_RAW_TRACEPOINT	-	unknown	-
8264c2c657b6	BACKPORT: bpf: Add base proto function for cgroup-bpf programs	-	unknown	-
f878c63d07a9	BACKPORT: flow_dissector: implements flow dissector BPF hook	-	unknown	-
dab9e5a8d761	BACKPORT: bpf: Sysctl hook	-	unknown	-
c86dd789dc7d	BACKPORT: bpf: create tcp_bpf_ulp allowing BPF to monitor socket TX/RX data	-	unknown	-
5c2436c974c5	bpf: fix pointer offsets in context for 32 bit	-	unknown	-
994964fada25	bpf: fix bpf_prog_array_copy_to_user() issues	-	unknown	-
a5114df016c2	bpf: avoid rcu_dereference inside bpf_event_mutex lock region	-	unknown	-
9f66257a8fa0	bpf: set maximum number of attached progs to 64 for a single perf tp	-	unknown	-
56b9f4a1fd85	bpf/tracing: fix a deadlock in perf_event_detach_bpf_prog	-	unknown	-
0e41779ef7cf	BACKPORT: bpf: introduce new bpf cpu map type BPF_MAP_TYPE_CPUMAP	-	unknown	-
9983e99db629	bpf: add helper for copying attrs to struct bpf_map	-	unknown	-
561c97fe8f78	bpf: add ability to charge bpf maps memory dynamically	-	unknown	-
29249873a46a	bpf: introduce cgroup storage maps	-	unknown	-
67ddd9296262	bpf: pass a pointer to a cgroup storage using pcpu variable	-	unknown	-
0a8506306524	bpf: include errno.h from bpf-cgroup.h	-	unknown	-
cb303772a2dc	BACKPORT: bpf: allocate cgroup storage entries on attaching bpf programs	-	unknown	-
131e18bd7a20	bpf: extend bpf_prog_array to store pointers to the cgroup storage	-	unknown	-
337321ebd146	bpf/verifier: introduce BPF_PTR_TO_MAP_VALUE	-	unknown	-
011081afe70f	bpf: introduce the bpf_get_local_storage() helper function	-	unknown	-
f6bb9492b38a	bpf: implement bpf_get_current_cgroup_id() helper	-	unknown	-
bf2d4446a247	bpf: permit CGROUP_DEVICE programs accessing helper bpf_get_current_cgroup_id()	-	unknown	-
0076260adb31	bpf: extend cgroup bpf core to allow multiple cgroup storage types	-	unknown	-
dbac063b506b	bpf: Add PTR_TO_SOCKET verifier type	-	unknown	-
929cca55d82c	bpf: offload: ignore namespace moves	-	unknown	-
6c05b2b888db	bpf: offload: don't require rtnl for dev list manipulation	-	unknown	-
44c5a2988a18	nsfs: generalize ns_get_path() for path resolution with a task	-	unknown	-
7a73ceed8854	nsfs: unobfuscate	-	unknown	-
bfecfceebed0	bpf: offload: report device information for offloaded programs	-	unknown	-
4900ca432bcf	bpf: offload: free program id when device disappears	-	unknown	-
3fb05133f7c9	bpf: offload: allow netdev to disappear while verifier is running	-	unknown	-
88bba35c1596	bpf: rename bpf_dev_offload -> bpf_prog_offload	-	unknown	-
104b9e0cbbad	bpf: offload: factor out netdev checking at allocation time	-	unknown	-
8f6dd8b96fe5	bpf: add map_alloc_check callback	-	unknown	-
bbe122ccacc6	bpf: offload: add map offload infrastructure	-	unknown	-
5f3e5a62946e	bpf: offload: report device information about offloaded maps	-	unknown	-
432b09e7c2c9	bpf_obj_do_pin(): switch to vfs_mkobj(), quit abusing ->mknod()	-	unknown	-
700f17ad5936	BACKPORT: bpf: btf: Add pretty print support to the basic arraymap	-	unknown	-
5845f4bbd4f4	bpf: btf: Introduce BTF ID	-	unknown	-
72bd9b945419	bpf: move instruction printing into a separate file	-	unknown	-
f6ab52c06aaa	BACKPORT: bpf: do not allow root to mangle valid pointers	82abbf8d2fc4	no	-
3e3c964f0bb3	bpf/verifier: disallow pointer subtraction	dd066823db2a	no	-
9580a125c4c0	BACKPORT: bpf: move verifier logging into the environment	b9193c1b61dd	no	-
2fbc37ad569c	bpf: rename bpf_compute_data_end into bpf_compute_data_pointers	-	unknown	-
05fffbd576bd	bpf: add meta pointer for direct access	-	unknown	-
a096fd8e3d46	bpf: also improve pattern matches for meta access	-	unknown	-
906bb646929d	bpf: print liveness info to verifier log	-	unknown	-
0999e9b3882e	bpf: cleanup register_is_null()	-	unknown	-
e4eec0cd428f	bpf: introduce function calls (verification)	-	unknown	-
295bcc213ddd	bpf: add support for bpf_call to interpreter	-	unknown	-
a283d6f314cd	bpf: fix net.core.bpf_jit_enable race	-	unknown	-
a84dae741f99	bpf: x64: add JIT support for multi-function programs	-	unknown	-
2de3edcfeab5	bpf: Add bpf_patch_call_args prototype to include/linux/bpf.h	-	unknown	-
a3fce8d2ace1	stop using '%pK' for /proc/kallsyms pointer values	-	unknown	-
06910dd01baf	/proc/module: use the same logic as /proc/kallsyms for address exposure	-	unknown	-
6c969485e926	bpf: allow for correlation of maps and helpers in dump	-	unknown	-
69c870153410	bpf: annotate bpf_insn_print_t with __printf	-	unknown	-
3a16b1ff92aa	bpf: Remove struct bpf_verifier_env argument from print_bpf_insn	-	unknown	-
4cd726529aeb	bpf/verifier: refine retval R0 state for bpf_get_stack helper	-	unknown	-
6a1b81b5b122	bpf: Add iterator for spilled registers	-	unknown	-
3d4955f10ca0	bpf: Generalize ptr_or_null regs check	-	unknown	-
13f77e3dd23e	bpf: Macrofy stack state copy	-	unknown	-
e5d3faf16ad7	bpf: introduce ARG_PTR_TO_MEM_OR_NULL	-	unknown	-
f51cd0cf3630	bpf, verifier: detect misconfigured mem, size argument pair	-	unknown	-
1c6d00ffb225	BACKPORT: bpf: properly enforce index mask to prevent out-of-bounds speculation	-	unknown	-
52073762e2e1	bpf: Add reference tracking to verifier	-	unknown	-
c3598c3f9e09	bpf: decouple btf from seq bpf fs dump and enable more maps	-	unknown	-
13070297cdf3	bpf, x64: fix memleak when not converging on calls	-	unknown	-
0592bc312876	bpf: fix maximum stack depth tracking logic	-	unknown	-
c4732fc3cbae	bpf: unify main prog and subprog	-	unknown	-
aee386a7506c	bpf: centre subprog information fields	-	unknown	-
185d65cfe3f7	bpf: Add gpl_compatible flag to struct bpf_prog_info	-	unknown	-
6a78f2a7360b	bpf: get kernel symbol addresses via syscall	-	unknown	-
5e4f4b84eb05	bpf: get JITed image lengths of functions via syscall	-	unknown	-
4901ec44261a	bpf: Append prog->aux->name in bpf_get_prog_name()	-	unknown	-
67e8f49b3f50	bpf: Expose check_uarg_tail_zero()	-	unknown	-
89793a518d38	bpf: fix bpf_prog_get_info_by_fd to return 0 func_lens for unpriv	-	unknown	-
0581c8e90bad	bpf: btf: Add BTF_KIND_FUNC and BTF_KIND_FUNC_PROTO	-	unknown	-
5994ebe36366	bpf: Introduce bpf_func_info	-	unknown	-
248525c5c11a	bpf: btf: support proper non-jit func info	-	unknown	-
fb9cf01af29e	bpf: don't leave partial mangled prog in jit_subprogs error path	-	unknown	-
9f5fac09410e	BACKPORT: bpf: Add bpf_line_info support	-	unknown	-
0a7e5e522745	bpf: Create a new btf_name_by_offset() for non type name use case	-	unknown	-
e085c5bdcb2f	bpf: fix a compilation error when CONFIG_BPF_SYSCALL is not defined	-	unknown	-
9b535b12014c	bpf: btf: Rename btf_key_id and btf_value_id in bpf_map_info	-	unknown	-
b8d6cb7a758a	bpf: introduce per-cpu cgroup local storage	-	unknown	-
f6cb4be7c0e0	bpf: Define cgroup_bpf_enabled for CONFIG_CGROUP_BPF=n	-	unknown	-
360888ec5b44	bpf: pass struct btf pointer to the map_check_btf() callback	-	unknown	-
26fc45f8a753	bpf: add bpffs pretty print for cgroup local storage maps	-	unknown	-
32e22a4740e6	bpf: btf: fix struct/union/fwd types with kind_flag	-	unknown	-
095967361250	bpf: enable cgroup local storage map pretty print with kind_flag	-	unknown	-
bc15156f752b	bpf: introduce bpf_spin_lock	-	unknown	-
e9ba4792bdc9	BACKPORT: bpf: expose full sockets to skb programs	aad2eeaf4697	no	-
4087d4790a28	bpf: Add helper to retrieve socket in BPF	-	unknown	-
a9da482fb845	BACKPORT: bpf: allocate the verifier log buffer dynamically	-	unknown	-
713580bdc40a	xfrm: add documentation for xfrm device offload api	-	unknown	-
d3fb556dde19	sk_buff: add skb extension infrastructure	-	unknown	-
b4822f46db26	xdp: base API for new XDP rx-queue info concept	-	unknown	-
61762ba5e3ed	net: avoid including xdp.h in filter.h	-	unknown	-
ffa0b0f511e6	xdp: move struct xdp_buff from filter.h to xdp.h	-	unknown	-
3248c4788eb0	xdp: generic XDP handling of xdp_rxq_info	-	unknown	-
29ea4cfb26aa	bpf: Extend the sk_lookup() helper to XDP hookpoint.	-	unknown	-
711c76f29296	bpf: Support socket lookup in CGROUP_SOCK_ADDR progs	-	unknown	-
72cac410ea61	bpf: Add struct bpf_tcp_sock and BPF_FUNC_tcp_sock	-	unknown	-
cd10fc1be017	bpf: add writable context for raw tracepoints	-	unknown	-
85caa62009f0	bpf: allow map helpers access to map values directly	-	unknown	-
089602ea122c	bpf/verifier: add ARG_PTR_TO_UNINIT_MAP_VALUE	-	unknown	-
421d16e46735	bpf: Introduce ARG_PTR_TO_{INT,LONG} arg types	-	unknown	-
b08355d47db6	bpf: introduce BPF_F_LOCK flag	-	unknown	-
bdccf56adce7	BACKPORT: bpf: Introduce bpf sk local storage	-	unknown	-
7f27f3b5e61c	net: socket: add __sys_getsockopt() helper; remove in-kernel call to syscall	-	unknown	-
d7b2a1b01363	net: socket: add __sys_setsockopt() helper; remove in-kernel call to syscall	-	unknown	-
f97ff2e5e8fa	bpf: implement getsockopt and setsockopt hooks	-	unknown	-
4687ee85dca6	bpf: sockmap, refactor sockmap routines to work with hashmap	-	unknown	-
27e7e9a24111	bpf: sockmap, add hash map support	-	unknown	-
ab599713b52a	sockmap: convert refcnt to an atomic refcnt	-	unknown	-
61e9ae3e0a5b	net: do_tcp_sendpages flag to avoid SKBTX_SHARED_FRAG	-	unknown	-
c769381e2f5f	sock: fix sg page frag coalescing in sk_alloc_sg	144fe2bfd236	no	-
6f5dca5bb20f	sock: make static tls function alloc_sg generic sock helper	-	unknown	-
a5df200ba88d	net: generalize sk_alloc_sg to work with scatterlist rings	-	unknown	-
5725140f0c3b	lib/scatterlist: add sg_init_marker() helper	-	unknown	-
18d3eaf0958f	bpf: sockmap: fix typos	-	unknown	-
7f867d74f160	bpf: Set mac_len in bpf_skb_change_head	84316ca4e100	no	-
81d2c4fc8df2	bpf: Do not WARN in bpf_warn_invalid_xdp_action()	2cbad989033b	no	-
faf27b426884	bpf: make sure skb->len != 0 when redirecting to a tunneling device	07ec7b502800	no	-
89d389471374	bpf: pull before calling skb_postpull_rcsum()	54c3f1a81421	no	-
b45d2c84d87e	bpf: sockmap, convert bpf_compute_data_pointers to bpf_*_sk_skb	-	unknown	-
993f49608c23	bpf, sockmap: convert to generic sk_msg interface	-	unknown	-
310aaf5a0aa7	bpf: always allocate at least 16 bytes for setsockopt hook	-	unknown	-
b39c19f7b965	bpf: Don't return EINVAL from {get,set}sockopt when optlen > PAGE_SIZE	-	unknown	-
fc50bf683a51	bpf: avoid page-sized cgroup sockopt usercopy checks	-	unknown	-
f3626f4dbcd2	bpf: Add bpf_verifier_vlog() and bpf_verifier_log_needed()	-	unknown	-
f720d96f8abc	bpf: allow helpers to return PTR_TO_SOCK_COMMON	-	unknown	-
5b379b7d223f	bpf: implement MAP_GET_NEXT_KEY command for LPM_TRIE map	-	unknown	-
2e1c1dda1d5e	bpf: fix kernel page fault in lpm map trie_get_next_key	-	unknown	-
62fc72cb6a5c	bpf: Fix exact match conditions in trie_get_next_key()	-	unknown	-
e80707eae7eb	BACKPORT: bpf: Fix out-of-bounds write in trie_get_next_key()	-	unknown	-
9a1eaf3b020d	bpf: lpm_trie: check left child of last leftmost node for NULL	-	unknown	-
d138bfefca89	bpf: write back the verifier log buffer as it gets filled	-	unknown	-
0db07682d31b	BACKPORT: mm: Introduce kvcalloc()	-	unknown	-
d8d5b928cd58	UPSTREAM: bpf: Implement map_delete_elem for BPF_MAP_TYPE_LPM_TRIE	-	unknown	-
bbce4825b0e3	UPSTREAM: bpf: Optimize lpm trie delete	-	unknown	-
ad24564449d5	BACKPORT: bpf, lpm: fix lookup bug in map_delete_elem	-	unknown	-
f01ff4b794d6	UPSTREAM: bpf: do not retain flags that are not tied to map lifetime	-	unknown	-
46ca605b032a	UPSTREAM: bpf: allow . char as part of the object name	-	unknown	-
8e10cb5000c0	BACKPORT: bpf: add specification for BTF Var and DataSec kinds	ac4082b77e07	no	-
e5dc33106a1d	UPSTREAM: bpf: kernel side support for BTF Var and DataSec	-	unknown	-
9d95d6040598	UPSTREAM: bpf: fix NULL deref in btf_type_is_resolve_source_only	-	unknown	-
57579a4772eb	UPSTREAM: bpf: rename stack trace map operations	-	unknown	-
81831d664062	UPSTREAM: bpf: add cg_skb_is_valid_access for BPF_PROG_TYPE_CGROUP_SKB	-	unknown	-
404c5376bd56	BACKPORT: bpf: add skb->tstamp r/w access from tc clsact and cg skb progs	-	unknown	-
0b9ee674a0c9	BACKPORT: bpf: allow BPF read access to qdisc pkt_len	-	unknown	-
667b3ef56be6	BACKPORT: bpf: allow BPF programs access skb_shared_info->gso_segs field	-	unknown	-
c86175c60ba0	UPSTREAM: bpf: fix access to skb_shared_info->gso_segs	-	unknown	-
ef89576b71b9	BACKPORT: bpf: Add gso_size to __sk_buff	-	unknown	-
0b5cf07ad014	UPSTREAM: net: sock: Change tx_queue_mapping in sock_common to unsigned short	-	unknown	-
58db440d4182	UPSTREAM: bpf: add skb->queue_mapping write access from tc clsact	-	unknown	-
7b1c5c0a4417	UPSTREAM: mm,fork: introduce MADV_WIPEONFORK	-	unknown	-
4c9eb2967adb	syscall: Increase bpf fake uname to 5.4.186	-	unknown	-
5bff7235e802	syscall: Only spoof uname for root	-	unknown	-
57160164039c	treewide: convert totalram_pages users to helper	-	unknown	-
6322d105279a	[exynos9810] defconfig: Enable kprobes for BPF events	-	unknown	-
79ad32c5c614	uprobes: Default UPROBES_EVENTS to Y	-	unknown	-
7f27b11bbae4	perf/core: Rename CONFIG_[UK]PROBE_EVENT to CONFIG_[UK]PROBE_EVENTS	-	unknown	-
2d6869d3a4ce	arm64: Add uprobe support	-	unknown	-
ccba324207bf	UPSTREAM: bpf: add program side {rd, wr}only support for maps	-	unknown	-
1bfa1b1233fd	UPSTREAM: bpf: disable and restore preemption in __BPF_PROG_RUN_ARRAY	-	unknown	-
198cd4d2a7bf	BACKPORT: bpf: undo prog rejection on read-only lock failure	-	unknown	-
af25b29b0441	UPSTREAM: bpf: enforce correct alignment for instructions	-	unknown	-
e9d9ba089e4a	UPSTREAM: sock: Make sk_protocol a 16-bit value	-	unknown	-
fc29c560d45f	stddef.h: Introduce sizeof_field()	-	unknown	-
51574a9d2eb5	lib/scatterlist: Introduce sgl_alloc() and sgl_free()	-	unknown	-
a2fb22894288	BACKPORT: net_sched: sch_fq: properly set sk->sk_pacing_status	-	unknown	-
c97e139e28b6	BACKPORT: cpuset: Allow v2 behavior in v1 cgroup	-	unknown	-
9e34f17bba7c	BACKPORT: cgroup: Add mount flag to enable cpuset to use v2 behavior in v1 cgroup	-	unknown	-
d734023f6673	UPSTREAM: bpf/verifier: improve register value range tracking with ARSH	-	unknown	-
9aae7701b983	UPSTREAM: bpf: Fix incorrect verifier simulation of ARSH under ALU32	0af2ffc93a4b	no	-
f6ae71c8eff9	UPSTREAM: fs: add do_epoll_*() helpers; remove internal calls to sys_epoll_*()	-	unknown	-
d8bcd1ad1922	BACKPORT: open: add close_range()	-	unknown	-
e896f590b9d6	BACKPORT: close_range: add CLOSE_RANGE_UNSHARE	-	unknown	-
495ac52546da	BACKPORT: arch: wire-up close_range()	-	unknown	-
c6218bf6370d	UPSTREAM: fs, close_range: add flag CLOSE_RANGE_CLOEXEC	-	unknown	-
2ba33cfdb1a8	UPSTREAM: close_range: unshare all fds for CLOSE_RANGE_UNSHARE | CLOSE_RANGE_CLOEXEC	-	unknown	-
7f191adf5ed1	UPSTREAM: file: fix close_range() for unshare+cloexec	-	unknown	-
03607342485c	UPSTREAM: file: simplify logic in __close_range()	-	unknown	-
8226eef3923d	UPSTREAM: alloc_fdtable(): change calling conventions.	1d3b4bec3ce5	no	-
80d3af28d525	UPSTREAM: fs: fd tables have to be multiples of BITS_PER_LONG	1c24a186398f	no	-
8ef8fce3e062	UPSTREAM: fs: fix fd table size alignment properly	d888c83fcec7	no	-
a2ff6de1b096	UPSTREAM: close_range(): fix the logics in descriptor table trimming	678379e1d4f7	no	-
398b42578fcb	BACKPORT: epoll: convert internal api to timespec64	-	unknown	-
2dbc3c55d49e	UPSTREAM: epoll: add syscall epoll_pwait2	-	unknown	-
7bea7dea3ed7	BACKPORT: epoll: wire up syscall epoll_pwait2	-	unknown	-
b1c819ca9d37	BACKPORT: epoll: fix compat syscall wire up of epoll_pwait2	-	unknown	-
6d49c8fde02e	BACKPORT: mm/memfd: add an F_SEAL_FUTURE_WRITE seal to memfd	ab3948f58ff8	no	-
884a32cf6d23	BACKPORT: mm, memfd: fix COW issue on MAP_PRIVATE and F_SEAL_FUTURE_WRITE mappings	05d351102dbe	no	-
147df03b202b	[exynos9810] defconfig: Enable BPF TC actions	-	unknown	-
7e48cb7a9b65	BACKPORT: bpf: improve verifier branch analysis	4f7b3e82589e	no	-
d1bad87d50fb	BACKPORT: bpf: teach verifier about BPF_JSET	927547f2a47e	no	-
4c6bb73206de	BACKPORT: bpf: refactor verifier min/max code for condition jump	a72dafafbd5f	no	-
f698fefe6862	BACKPORT: bpf: allocate 0x06 to new eBPF instruction class JMP32	d405c7407a54	no	-
4464d4c4f006	BACKPORT: bpf: verifier support JMP32	092ed0968bb6	no	-
9d0f0f9daeb5	BACKPORT: bpf: disassembler support JMP32	56cbd82ef0b3	no	-
21f4143acfa9	BACKPORT: bpf: interpreter support for JMP32	503a8865a477	no	-
6acabf9e4c4c	BACKPORT: bpf: JIT blinds support JMP32	a7b76c885769	no	-
49a0b3552e90	BACKPORT: bpf: improve verifier liveness marks	2f18f62ee164	no	-
6d5523035c4d	BACKPORT: bpf: teach verifier to recognize zero initialized stack	cc2b14d51053	no	-
8b756c3b967a	BACKPORT: bpf/verifier: per-register parent pointers	679c782de14b	no	-
f49ac91aa189	BACKPORT: bpf/verifier: fix verifier instability	a9c676bc8fc5	no	-
8d63cabd2ffe	BACKPORT: bpf: remove incorrect 'verifier bug' warning	fd84f73e4887	no	-
de20b9c1d644	BACKPORT: bpf: add verifier stats and log_level bit 2	4b5a913aa9e4	no	-
1d1e2cdffd25	BACKPORT: bpf: improve verification speed by droping states	8cd957ed6d6e	no	-
95f5d6e49710	BACKPORT: bpf: improve verification speed by not remarking live_read	4e63c1db881b	no	-
0cae1ff4163a	BACKPORT: bpf: verbose jump offset overflow check	c51b7904d795	no	-
10ab1037890a	BACKPORT: bpf: increase complexity limit and maximum program size	aabe3fd44fd0	no	-
ad36c91b24a6	BACKPORT: bpf: increase verifier log limit	6a21f5b4cd9e	no	-
d4012fd8663a	BACKPORT: bpf: remove duplicate liveness propagation loop	068621a2c9e0	no	-
72c435763978	BACKPORT: bpf: refactor propagate_liveness to eliminate code redundance	5543fc09f3b1	no	-
85740213da42	BACKPORT: bpf: factor register and stack liveness propagation	d2c0d02545c7	no	-
54e7061ba89b	"BACKPORT: bpf: refactor ""check_reg_arg"" to eliminate code redundancy"	574c6d22822c	no	-
5fd8029a05b4	BACKPORT: bpf: verifier: Allocate idmap scratch in verifier env	2fdc29572f70	no	-
e826f496f9ae	BACKPORT: bpf: remove global variables	14bccb9d0c29	no	-
efb6f9078992	BACKPORT: bpf: drop bpf_verifier_lock	524e03dc3e93	no	-
5ca84f1e5114	BACKPORT: bpf: fix out of bounds backwards jmps due to dead code removal	1e538aee8dbb	no	-
cb68014680f9	BACKPORT: bpf: bump jmp sequence limit	94ec5529f50c	no	-
86db438efba9	BACKPORT: bpf: cleanup explored_states	b6929b09f936	no	-
2184753ba75f	BACKPORT: bpf: split explored_states	94c47dbc2ca7	no	-
041a241ed6da	BACKPORT: bpf: convert explored_states to hash table	820fab441906	no	-
2baa093add31	BACKPORT: bpf: Inherit expanded/patched seen count from old aux data	d203b0fd863a	no	-
b99e19e205bd	BACKPORT: bpf: verifier: mark verified-insn with sub-register zext flag	5327ed3d44b7	no	-
eee13b09ab4f	BACKPORT: bpf: verifier: mark patched-insn with sub-register zext flag	b325fbca4b13	no	-
c279d8a392d3	BACKPORT: bpf: introduce new mov32 variant for explicit zero extension	7d134041a896	no	-
e14c42ba3c8b	BACKPORT: bpf: verifier: insert zero extension from analysis results	a4b1d3c1ddf6	no	-
0f2f142a59cc	BACKPORT: bpf: add BPF_F_ANY_ALIGNMENT	e9ee9efc0d17	no	-
48db7160dc80	BACKPORT: bpf: add BPF_F_TEST_RND_HI32 program load flag	c240eff63a1c	no	-
4c46c41fd238	BACKPORT: tools: bpf: sync BPF_F_TEST_RND_HI32 UAPI	9ce33e337fac	no	-
5412427fa5c2	BACKPORT: bpf: verifier: randomize high 32 bits for test flag	d6c2308c742a	no	-
de41dac2b266	BACKPORT: bpf: handle 32-bit zext during constant blinding	ede7c460b1da	no	-
0f7b3322c5b3	BACKPORT: bpf: introduce bounded loops	f63702f075e4	no	-
e3576ea08b41	BACKPORT: bpf: track spill/fill of constants	f7cf25b2026d	no	-
0373d802eb60	BACKPORT: bpf: precise scalar_value tracking	8d51074857c4	no	-
1d9bebb59a33	BACKPORT: bpf: interpreter support BPF_ALU | BPF_ARSH	2dc6b100f928	no	-
9febe90fa0ef	BACKPORT: bpf: verifier remove the rejection on BPF_ALU | BPF_ARSH	c49f7dbd4f9c	no	-
e43d2fd24b6c	BACKPORT: selftests: bpf: update testcases for BPF_ALU | BPF_ARSH	c099f3f413f3	no	-
5cf75cad7ee5	BACKPORT: bpf: fix BPF_ALU32 | BPF_ARSH on BE arches	75672dda27bd	no	-
d91919ef9a61	BACKPORT: bpf: introduce verifier internal test flag	10d274e880eb	no	-
09f7a29fc7c6	BACKPORT: bpf: Provide better register bounds after jmp32 instructions	581738a681b6	no	-
72b5ddcd09b0	BACKPORT: bpf: Undo incorrect __reg_bound_offset32 handling	f2d67fec0b43	no	-
8d510a4724c4	BACKPORT: bpf: Fix tnum constraints for 32-bit comparisons	604dca5e3af1	no	-
7d679421bd1a	BACKPORT: bpf: remove unreachable scalar verifier branches	afbe1a5b79cd	no	-
5ff34f0f2226	BACKPORT: bpf: extend is_branch_taken to registers	fb8d251ee2a6	no	-
6aec989a63c3	BACKPORT: bpf: fix precision tracking in presence of bpf2bpf calls	6754172c208d	no	-
33fc22efbcce	BACKPORT: bpf: Fix precision tracking for unbounded scalars	f54c7898ed1c	no	-
fdee4c3201df	BACKPORT: bpf: Simplify reg_set_min_max_inv handling	0fc31b10cfb7	no	-
7c1610ab45be	BACKPORT: bpf: fix buggy r0 retval refinement for tracing helpers	7793f3e3d029	no	-
5e9fe59ca649	BACKPORT: bpf: verifier: refactor adjust_scalar_min_max_vals	07cd263148a5	no	-
3629789abcc7	BACKPORT: bpf: verifier: avoid clamping umin in do_refine_retval_range	100605035e15	no	-
93bb5a11dc0f	BACKPORT: bpf: verifier: track explicit ALU32 bounds	3f50f132d840	no	-
94d49939eb6d	BACKPORT: bpf: verifier: refine 32-bit bounds in do_refine_retval_range	fa123ac022e4	no	-
5cf9b9523720	BACKPORT: bpf: limit caller stack for tail-call subprograms	7f6e4312e15a	no	-
855e9f93a42f	BACKPORT: bpf: fix register shifts in interpreter	28131e9d9333	no	-
46ac644eb045	BACKPORT: bpf: propagate precision in ALU/ALU64 operations	a3b666bfa9c9	no	-
3e90d2578b53	BACKPORT: bpf: preserve register precision when pruning	71b547f56124	no	-
06647dd72138	BACKPORT: bpf: Fix precision tracking for BPF_ALU | BPF_TO_BE | BPF_END	291d044fd51f	no	-
12f03e4905b6	BACKPORT: bpf: add syscall side map freeze support	87df15de441b	no	-
5c5a4840cfab	BACKPORT: bpf: use atomic64_t for map reference counts	1e0bd5a091e5	no	-
cc0d8dce7543	BACKPORT: bpf: Convert bpf_prog refcnt to atomic64_t	85192dbf4de0	no	-
aef50a6abc0e	BACKPORT: bpf: Add mmap() support for BPF_MAP_TYPE_ARRAY	fc9702273e2e	yes	f8e84d7a9417
46e452df8879	BACKPORT: bpf: Make array_map_mmap static	b2e2f0e6a6f9	no	-
a23fbea7e4f7	BACKPORT: mm: Implement no-MMU variant of vmalloc_user_node_flags	ed81745a4c96	no	-
f7664a1c3d9f	BACKPORT: bpf: prevent writable remap of read-only maps	1f6cb19be2e2	no	-
85df2c098a90	BACKPORT: bpf: Fix bug in mmap() implementation for BPF array map	333291ce5055	no	-
33b710effa6f	BACKPORT: bpf: Prevent mmap()'ing read-only maps as writable	dfeb376dd4cb	no	-
eba968b02142	BACKPORT: bpf: implement lookup-free direct value access for maps	d8eca5bbb2be	no	-
3f5ddaae28ad	BACKPORT: tools: bpf: sync BPF_PSEUDO_MAP_VALUE UAPI	d8eca5bbb2be	no	-
e856b1659ec6	BACKPORT: bpf: Track contents of read-only maps as scalars	a23740ec43ba	no	-
433dd03cdce8	BACKPORT: bpf: Fix toctou on read-only maps constant scalar tracking	353050be4c19	no	-
c08e6d789148	BACKPORT: bpf: add queue and stack maps	75f0cd04fb89	no	-
fee8f5411206	BACKPORT: bpf: fix direct packet write into pop/peek helpers	d55b2af1360e	no	-
e10885217a5d	BACKPORT: bpf: fix leaking uninitialized memory on pop/peek helpers	078a5dc3c256	no	-
b0045c041c7e	BACKPORT: bpf: fix integer overflow in queue_stack_map	8c49f61c33d7	no	-
1b238c542e86	BACKPORT: bpf: expose push, pop, and peek to more programs	8dadb52e94e5	no	-
09c22ed17a0f	BACKPORT: bpf: add MAP_LOOKUP_AND_DELETE_ELEM syscall	c39089f5540b	no	-
41d8bf24b22e	BACKPORT: tools: bpf: sync queue/stack map UAPI	75f0cd04fb89	no	-
44a8ea4409b9	BACKPORT: bpf: Fix error return code in map_lookup_and_delete_elem()	7f645462ca01	no	-
310c1151a126	BACKPORT: bpf: Fix map permissions check	1ea0f9120c8c	no	-
6706476c7096	BACKPORT: bpf: fix bpf_map_peek_elem_proto callback	471b8828a259	no	-
8be7debed6b5	BACKPORT: bpf: Avoid deadlock when using queue and stack maps from NMI	3d68217ab418	no	-
84c8ef4b4162	BACKPORT: bpf: Zero-fill re-used per-cpu map element	d3bec0138bfb	no	-
cd9791406bd1	BACKPORT: bpf: Fix leakage under speculation on mispredicted branches	9183671af6db	no	-
52bf80d69402	BACKPORT: bpf: Clear zext_dst of dead insns	45c709f8c71b	no	-
1aee3e8978e4	BACKPORT: bpf: Add oversize check before call kvcalloc()	0e6491b55970	no	-
d384ac816f53	BACKPORT: bpf: prevent bpf_map_area_alloc argument overflow	7dd5d437c258	no	-
4bbc08ee6fc6	BACKPORT: bpf: Simplify __cgroup_bpf_attach	03b84ed567ab	no	-
f192294806fa	BACKPORT: bpf: Remove unused new_flags in hierarchy_allows_attach()	1d8825c64dd1	no	-
7579ec1785c6	BACKPORT: bpf: Support replacing cgroup-bpf program in MULTI mode	cdc8c2eb0d14	no	-
29135e845421	BACKPORT: bpf: fix context access in tracing progs on 32 bit archs	d00ea856126f	no	-
3dcf599b50ee	BACKPORT: bpf: Allow narrow loads with offset > 0	13038f0a3560	no	-
72253ff7fbbc	BACKPORT: bpf: fix narrower loads on s390	aa408ca4ac22	no	-
80d5c15910df	BACKPORT: bpf: Fix possible out of bound write in narrow load handling	d7af7e497f03	no	-
379715268361	BACKPORT: bpf: prepare line info for typed BTF diagnostics	d9762e84ede3	no	-
e730d8cc79d2	UPSTREAM: bpf: Process in-kernel BTF	0ea711f071e5	no	-
ee76a7ebef3d	BACKPORT: bpf: Add attach_btf_id attribute to program load	fbbf42c2867a	no	-
071bfa5bc2ee	BACKPORT: bpf: Implement accurate raw_tp context access via BTF	a5b35e8402d5	no	-
526aa08f5316	BACKPORT: bpf: Attach raw_tp program with BTF via type name	334629e7d574	no	-
7223a1ed36fe	BACKPORT: bpf: Add support for BTF pointers to interpreter	4f1f18c2c28e	no	-
46bd33883a6e	BACKPORT: bpf: Add support for BTF pointers to x86 JIT	6549c1f68636	no	-
30dfc7e38f87	BACKPORT: bpf: Check types of arguments passed into helpers	d33ae2e971b9	no	-
1344c5b72e3e	BACKPORT: bpf: Fix bpf_attr.attach_btf_id check	2aadf2b9c29c	no	-
18f7ef44aec9	BACKPORT: bpf: Prepare btf_ctx_access for non raw_tp use case	da61ffe88079	no	-
8f4b3358c610	UPSTREAM: bpf: Enforce 'return 0' in BTF-enabled raw_tp programs	7e918972ae9d	no	-
c5902746cd65	BACKPORT: bpf: Replace prog_raw_tp+btf_id with prog_tracing	c1c0c01d8b00	no	-
5b18ca4a656b	BACKPORT: bpf: Switch BPF probe insns to bpf_probe_read_kernel	45839a289af3	no	-
ec273b4ea736	BACKPORT: bpf: Account for insn->off when doing bpf_probe_read_kernel	86c34a2302f4	no	-
7ace0da94189	BACKPORT: bpf: Make use of probe_user_write in probe write helper	eb1b66887472	no	-
d5cc8354a7d0	UPSTREAM: uaccess: Add strict non-pagefault kernel-space read function	09bcb8600a44	no	-
dddb8c0eafe8	BACKPORT: bpf: Add probe_read_{user,kernel}{,_str} helpers	31cfb5f7d21d	no	-
152824e10244	BACKPORT: maccess: rename strncpy_from_unsafe_user	9e4a4c6a8745	no	-
a2e96b3cb873	BACKPORT: bpf: Extend base helpers with probe reads and current task	200434a77101	no	-
60d64f0d6849	BACKPORT: net: add reuseport IDs and expose reuseport_lock	d2d0363c4b7f	no	-
57ab06cd8199	BACKPORT: bpf: Introduce BPF_MAP_TYPE_REUSEPORT_SOCKARRAY	49e85aa5eda1	no	-
fd61089033a3	BACKPORT: bpf: Introduce BPF_PROG_TYPE_SK_REUSEPORT	2dbb9b9e6df6	no	-
4ca4f1a7269b	BACKPORT: bpf: Enable BPF_PROG_TYPE_SK_REUSEPORT in reuseport selection	8217ca653ec6	no	-
5d13b2092111	UPSTREAM: net/core: Document reuseport_add_sock() bind_inany argument	37f3c421e8f0	no	-
5c9145a5f47b	BACKPORT: bpf: allow narrow sk_reuseport_md field loads	2c238177bd7f	no	-
168780b3f8d0	BACKPORT: bpf: Add BPF_CGROUP_INET_SOCK_RELEASE hook	f5836749c9c0	no	-
0bdde40532b8	BACKPORT: bpf: support raw tracepoints in modules	a38d1107f937	no	-
41f35f93628e	UPSTREAM: bpf: mark bpf_event_notify and bpf_event_init as static	390e99cfdda1	no	-
14703cd4b024	BACKPORT: bpf: Fix bpf_put_raw_tracepoint()'s use of __module_address()	12cc126df82c	no	-
f0fb55a4b0bc	kernel: Bump spoof version to 5.10.239	7b031620e760	no	-
5b7109203bbc	BACKPORT: bpf: Implement BPF ring buffer and verifier support for it	457f44363a88	no	-
3483558b03be	BACKPORT: bpf: fix bpf_ringbuf_output() UAPI return type	b0659d8a950d	no	-
124cb6b83f3a	UPSTREAM: bpf: Enforce BPF ringbuf size to be the power of 2	517bbe1994a3	no	-
cca48d84aceb	UPSTREAM: bpf, ringbuf: Deny reserve of buffers larger than ringbuf	4b81ccebaeee	no	-
83eca943be88	UPSTREAM: bpf: protect read-only ringbuf pages from writable mmap	04ea3086c4d7	no	-
16bc5c321e39	UPSTREAM: bpf: Fix ringbuf helper function compatibility	5b029a32cfe4	no	-
011adfb823e5	BACKPORT: bpf: Expose socket storage to BPF_PROG_TYPE_CGROUP_SOCK	f7c6cb1d9728	no	-
335a269f85b7	BACKPORT: bpf: allow socket_filter programs to use bpf_prog_test_run	-	unknown	-
82ae055e3980	BACKPORT: bpf: add new BPF_BTF_GET_NEXT_ID syscall command	-	unknown	-
a4fdadd30ead	BACKPORT: bpf: Add generic support for lookup batch op	-	unknown	-
67fb05c226bb	BACKPORT: bpf: Add generic support for update and delete batch ops	-	unknown	-
764e41da77ea	BACKPORT: bpf: Add batch ops to all htab bpf map	-	unknown	-
c3e54b853a44	BACKPORT: bpf: Fix memory leaks in generic update/delete batch ops	-	unknown	-
0e65428d8481	BACKPORT: bpf: avoid default bucket lock in htab batch ops	-	unknown	-
f9e766e1bf7e	BACKPORT: bpf: Fix a potential deadlock with bpf_map_do_batch	-	unknown	-
b41daf4b83e5	BACKPORT: perf: add perf_get_event() for struct file	-	unknown	-
bba56ff7fdef	BACKPORT: bpf: introduce bpf subcommand BPF_TASK_FD_QUERY	-	unknown	-
04eaf108adec	BACKPORT: bpf: Introduce pinnable bpf_link abstraction	-	unknown	-
432033a47b3e	BACKPORT: bpf: Add bpf_link_new_file that doesn't install FD	-	unknown	-
8d005fb6f1dd	BACKPORT: bpf: Abstract away entire bpf_link clean up procedure	-	unknown	-
e46d0046274f	BACKPORT: bpf: Make bpf_link_fops static	-	unknown	-
ce8e52cdb0c3	BACKPORT: bpf: Factor out cgroup storages operations	-	unknown	-
fad17d6c1e5d	BACKPORT: bpf: map attach types to program types	-	unknown	-
9a6553ca664c	BACKPORT: bpf: Implement bpf_link-based cgroup BPF program attachment	-	unknown	-
a7808c8acd97	BACKPORT: bpf: support program replacement in active cgroup links	-	unknown	-
302928847208	UPSTREAM: bpf: Fix leak in LINK_UPDATE and enforce empty old_prog_fd	-	unknown	-
20dcf6b76354	BACKPORT: bpf: Refactor bpf_link update handling	f9d041271cf4	no	-
78c25e560fcb	UPSTREAM: bpf: Fix returned error sign when link doesn't support updates	-	unknown	-
b979947e9287	BACKPORT: bpf, cgroup: allow querying device programs	ebc614f68736	no	-
5d9f46a928f4	BACKPORT: bpf: Allocate ID for bpf_link	a3b80e107894	no	-
0a09558809d5	BACKPORT: bpf: Support GET_FD_BY_ID and GET_NEXT_ID for bpf_link	2d602c8cf40d	no	-
0433d512a01b	BACKPORT: bpf: Add support for BPF_OBJ_GET_INFO_BY_FD for bpf_link	f2e10bff16a0	no	-
47ad60f3bc95	BACKPORT: bpf: Fix use-after-free of bpf_link when priming half-fails	138c67677ff5	no	-
507a4bd8ef4a	BACKPORT: bpf: fix raw_tp link_info buffer bounds	b474959d5afd	no	-
f53f22a39479	[exynos9810] sched: separate performance-critical and PSI flags	-	unknown	-
a8ea5f07828b	[exynos9810] tick: store hotplug CPU stats in nanoseconds	-	unknown	-
875e1b2f8fa2	[exynos9810] cpufreq: release policy after PM QoS update	-	unknown	-
cfb36e89cb27	[exynos9810] BACKPORT: psi: use recorded state for cgroup moves	d583d360a620	no	-
59354fdc83d6	[exynos9810] mm: reduce CMA isolation failure log overhead	-	unknown	-
7cac381472f3	[exynos9810] mmc: make the QoS workqueue reclaim-safe	-	unknown	-
544b27cd5fed	[exynos9810] hotplug: enable safe core sparing	-	unknown	-
e134832f262d	[exynos9810] BACKPORT: zram: convert to hotplug state machine	1dd6c834fa4a	no	-
c9656347ca24	[exynos9810] hotplug: apply user mode requests immediately	-	unknown	-
ae9ab1275bbe	[exynos9810] hotplug: debounce automatic mode transitions	-	unknown	-
55d49d06bf26	[exynos9810] hotplug: avoid disabled transition logging work	-	unknown	-
919f2952ee99	[exynos9810] cpufreq: resolve ACME targets before queueing	-	unknown	-
95a93408712f	[exynos9810] tracing: replace production trace_printk users	-	unknown	-
c5966ddb2d1a	[exynos9810] bcmdhd: preserve saved PCI state on suspend	-	unknown	-
36edb090c712	[exynos9810] cpufreq: honor DTS limits with hotplug	-	unknown	-
8a4670054f5c	fs: sdfat: Enable utf8 mode for exFAT iocharset=utf8 mounts	-	unknown	-
a2955f44d252	[exynos9810] net: wireless: bcmdhd_101_16: Don't require userspace to set MFP params	-	unknown	-
fef7e55af2cb	BACKPORT: bpf: Enable retrieval of socket cookie for bind/post-bind hook	0e53d9e5e820	no	-
6de4325af472	"Revert ""[exynos9810] sound: codecs: Add workaround for missing left speaker handler"""	-	unknown	-
a6ef93cba72c	[exynos9810] ABOX: wait for firmware after tickle	-	unknown	-
5378e1899ab0	BACKPORT: kbuild: Disable -Wdefault-const-init-unsafe	d0afcfeb9e38	no	-
b5a3485f67c6	BACKPORT: bpf: Accept sock_common for sk storage helpers	592a3498648a	no	-
356dcda6b4e3	BACKPORT: bpf: Allow sk lookup helpers in cgroup skb	d56c2f95adb3	no	-
6fb138c01801	BACKPORT: bpf: Support PTR_TO_MEM{,_OR_NULL} register spilling	744ea4e3885e	no	-
ba35089debb3	BACKPORT: bpf: fix stacksafe exploration when comparing states	fd05e57bb35a	no	-
59a445471705	BACKPORT: bpf: verifier: make sure callees do not prune callers	7640ead93924	no	-
6e5a4f58ce23	BACKPORT: bpf: fix callees pruning callers	eea1c227b9e9	no	-
6230f728af27	BACKPORT: xdp: Handle device unregister for devmap_hash map type	ce197d83a9fc	no	-
9988a21cb5bd	BACKPORT: xdp: Fix cleanup on map free for devmap_hash map type	071cdecec57f	no	-
b2f90b584a24	arm64: kprobe: protect/rename few definitions to be reused by uprobe	-	unknown	-
8c10772d26eb	BACKPORT: arm64: kgdb_step_brk_fn: ignore other's exception	b66c9870e974	no	-
f68abb5f06f0	arm64: Handle TRAP_TRACE for user mode as well	-	unknown	-
1851fe51bfe0	arm64: Handle TRAP_BRKPT for user mode as well	-	unknown	-
232a931fd0ca	BACKPORT: arm64: introduce mm context flag to keep 32 bit task information	06beb72fbe23	no	-
6f15e9fc0351	BACKPORT: bpf: Allow rewriting to ports under ip_unprivileged_port_start	772412176fb9	no	-
abe0f9cf5e40	BACKPORT: bpf: Factor out visit_func_call_insn() in check_cfg()	efdb22de7dcd	no	-
1cb29d8b7e3b	BACKPORT: bpf: Factor out verbose_invalid_scalar()	bc2591d63fc9	no	-
3dc7cf7a4db3	BACKPORT: bpf: Refactor check_func_call() to allow callbacks	1435137573f9	no	-
07217fe0234b	BACKPORT: bpf: Return the subprogram number from add_subprog()	282a0f46d6cd	no	-
bfc3fab18829	BACKPORT: bpf: Add bpf_for_each_map_elem() helper	69c087ba6225	no	-
1a648b38d989	BACKPORT: bpf: Add hashtab support for bpf_for_each_map_elem() helper	314ee05e2fc6	no	-
448ac4f6fbdf	BACKPORT: bpf: Add arraymap support for bpf_for_each_map_elem() helper	06dcdcd4b9e8	no	-
8b07586832f0	BACKPORT: bpf: Mark PTR_TO_FUNC register initially with zero offset	d400a6cf1c8a	no	-
89fb7ae9e5f5	BACKPORT: bpf: Generally fix helper register offset check	6788ab23508b	no	-
c05a86e4c246	BACKPORT: bpf, arm64: Use emit_addr_mov_i64() for BPF_PSEUDO_FUNC	e4a41c2c1fa9	no	-
ecd684d14b50	BACKPORT: bpf: Fix JIT blinding with pointers to BPF subprogs	4b6313cf99b0	no	-
6d57ed3faca9	BACKPORT: bpf: Reject helper writes to PTR_TO_MAP_KEY	7b3552d3f9f6	no	-
f0594da5c718	BACKPORT: bpf: Fix reference state for synchronous callbacks	9d9d00ac29d0	no	-
87bc85303fa0	BACKPORT: bpf: Fix memory leaks in __check_func_call	eb86559a691c	no	-
9026f310c243	BACKPORT: bpf: Enable pid/tgid/comm in cgroup hooks	834ebca8456c	no	-
1d51f136ac78	BACKPORT: bpf: Track socket references across pointer casts	1b986589680a	no	-
b6f35ea8174b	BACKPORT: bpf: Add bpf_get_listener_sock() helper	dbafd7ddd623	no	-
9157f6612912	BACKPORT: bpf: Print ref_obj_id only for reference types	cba368c1f01c	no	-
e738548a4b37	BACKPORT: bpf: Track references based on acquire helpers	0f3adc288df8	no	-
3acfd7b02ea2	BACKPORT: bpf: Check invalid helper-memory registers early	0d004c020b55	no	-
39cee167c5c4	BACKPORT: bpf: Make BTF pointer type checking generic	d7b9454a4f63	no	-
b02b4ace4052	BACKPORT: bpf: Make reference tracking generic	02f7c9585d1e	no	-
ea3f54132e5e	BACKPORT: bpf: Make context access checking generic	feec70401672	no	-
aaf844fa39b4	BACKPORT: bpf: Set helper raw mode close to its use	a2bbe7cc9075	no	-
8a7f0aea8a4b	BACKPORT: bpf: Check spin-lock argument type in check_func_arg	c18f0b6aee2a	no	-
2e2d2dda09f6	BACKPORT: bpf: Hoist nullable helper argument checks	fd1b0d604c56	no	-
41841ff11821	BACKPORT: bpf: Use a table for helper argument checks	f79e7ea57173	no	-
ba19089fb4b9	BACKPORT: tools lib: Share the kernel ctype implementation	3052ba56bcb5	no	-
aa90ced7d466	BACKPORT: tools lib: Adopt shared zalloc helpers	7f7c536f23e6	no	-
01437a3c8a60	BACKPORT: bpf: btf: Sync bpf.h and btf.h to tools/	3bd86a8409fc	no	-
6f2c574f965e	BACKPORT: bpf: btf: Add read-only BTF support to libbpf	8a138aed4a80	no	-
cfba5515fd7d	BACKPORT: bpf: btf: Export types and names by offset	92b57121ca79	no	-
d088cc9e4284	BACKPORT: bpf: btf: Change tools/lib/bpf/btf to LGPL	74682128c6e4	no	-
ea90beae3cce	BACKPORT: libbpf: Relicense as LGPL-2.1 OR BSD-2-Clause	1bc38b8ff6cc	no	-
6d648ea24867	BACKPORT: tools/bpf: Support FUNC and FUNC_PROTO BTF kinds	78a2540e8945	no	-
89b9d46a9ac8	BACKPORT: tools/libbpf: Export BTF type count	9c651127445c	no	-
b9ad0af77004	BACKPORT: tools/libbpf: Support bigger BTF data sizes	5aab392c55c9	no	-
753ae1e5fe62	BACKPORT: bpf, libbpf: Support BTF Var and DataSec	1713d68b3bf0	no	-
decd8ddc5973	BACKPORT: libbpf: Add btf__parse_elf API	e6c64855fd7a	no	-
282640a16994	BACKPORT: libbpf: Add helpers for working with BTF types	ef20a9b27c66	no	-
6de57bcab720	BACKPORT: libbpf: Use the common BTF helpers	b03bc6853c0e	no	-
8a953036e3b5	BACKPORT: kbuild: Add vmlinux BTF generation option	e83b9f55448a	yes	72fcb214e091
9dd9b06133f6	BACKPORT: btf: Embed and expose vmlinux BTF data	341dfcf8d78e	no	-
816b2852a28a	BACKPORT: bpf: Support llvm-objcopy for vmlinux BTF	90ceddcb4950	no	-
dee22f93829f	BACKPORT: bpf: Prevent .BTF section elimination	65c204398928	no	-
d7b603054c46	BACKPORT: bpf: Add resolve_btfids host tool	fbbb68de80a4	no	-
e42fe4677e9c	BACKPORT: bpf: Build resolve_btfids before kernel link	33a57ce0a54d	no	-
3d15eacf22d0	BACKPORT: bpf: Add BTF_ID_LIST/BTF_ID/BTF_ID_UNUSED macros	5a2798ab32ba	no	-
c6acbd9e4f69	BACKPORT: bpf: Fix disabled CONFIG_DEBUG_INFO_BTF builds	079ef53673f2	no	-
0c621bc8d329	BACKPORT: bpf: Fix cross-build BTF ID assembly	11bb2f7a4590	no	-
0cbb0ac52ed9	BACKPORT: bpf: Resolve BTF IDs in the vmlinux image	c9a0f3b85e09	no	-
98e76da4b0b4	BACKPORT: bpf: Remove runtime helper BTF ID resolution	138b9a0511c7	no	-
3414e81677fd	BACKPORT: bpf: Add global BTF ID lists	0f12e584b241	no	-
a9beaae1b0a9	BACKPORT: btf: Add BTF_ID_LIST_SINGLE macro	27774b7073b5	no	-
74c4b38fb149	BACKPORT: bpf: Add array support to btf_struct_access	7e3617a72df3	no	-
ad6644e872a8	BACKPORT: bpf: Avoid storing modifier in info->btf_id	275517ff452a	no	-
a747430c5118	BACKPORT: bpf: Support bitfield reads in btf_struct_access	976aba002fcb	no	-
056b34535f26	BACKPORT: bpf: Split the internal BTF size resolver	6298399bfc10	no	-
70cca8a27d45	BACKPORT: bpf: Return array element IDs from BTF size resolution	69ff30479270	no	-
722c43305386	BACKPORT: bpf: Return resolved type IDs from BTF size resolution	887c31a39c49	no	-
66d93c63ca2b	BACKPORT: bpf: Support variable length array in tracing programs	9c5f8a1008a1	no	-
c6e90418cf74	BACKPORT: bpf: Remove recursion call in btf_struct_access	dafe58fc1917	no	-
3f74d272dbff	BACKPORT: bpf: Factor btf_struct_access function	1c6d28a6ac56	no	-
79dc19475585	BACKPORT: bpf: Add btf_struct_ids_match function	faaf4a790d93	no	-
5dcf7d6e1921	BACKPORT: bpf: Add BTF_SET_START/END macros	eae2e83e6263	no	-
8c3fd08c056d	BACKPORT: bpf: Allow BTF IDs per function argument	9436ef6e862b	no	-
30854768de1b	BACKPORT: bpf: Add PTR_TO_BTF_ID_OR_NULL support	b121b341e598	no	-
deeb201a7c17	BACKPORT: bpf: Add bpf_skc_to_tcp6_sock() helper	af7ec1383361	no	-
5be32fe2f4da	BACKPORT: bpf: Add more bpf_skc_to_*() TCP helpers	478cfbdf5f13	no	-
3b5b733d3e4c	BACKPORT: bpf: Add bpf_skc_to_udp6_sock() helper	0d4fad3e57df	no	-
5a33b411ffdd	BACKPORT: bpf: Compute bpf_skc_to_*() BTF IDs at build time	bc4f0548f683	no	-
9831c0b1853b	BACKPORT: bpf: Bpf_skc_to_* helpers require a NULL check on sk	8c33dadc3e0e	no	-
04793ba6113e	BACKPORT: bpf: Enforce IDs for all nullable register types	93c230e3f5bd	no	-
67f93e079b2c	BACKPORT: bpf: Run BPF programs with preemption disabled	6cab5e90ab2b	no	-
b7ce4fdd2b7c	BACKPORT: bpf: Check that programs run with preemption disabled	568f196756ad	no	-
1f4edc03f715	BACKPORT: bpf: Add skc_lookup_tcp helper	edbf8c01de5a	no	-
357779b98d2f	BACKPORT: net: bpf: Do not leak timewait and request sockets	2e012c748236	no	-
98cbae840b79	BACKPORT: bpf: Provide bpf_prog_run_pin_on_cpu() helper	3c58482a382b	no	-
612c9186b3ef	BACKPORT: bpf: Use pinned execution at simple call sites	3d9f773cf287	no	-
55058e8e1f8d	BACKPORT: bpf: Make btf_sock_ids global	fce557bcef11	no	-
a29bbea50262	BACKPORT: bpf: Move PTR_TO_BTF_ID check to check_reg_type()	a968d5e277f1	no	-
9286a472f199	BACKPORT: bpf: Enable bpf_skc_to_* casts for networking programs	1df8f55a37bd	no	-
5908c7400000	BACKPORT: bpf: Let bpf_sk_release accept BTF socket pointers	a5fa25adf03d	no	-
4b54d7a8d3e5	BACKPORT: bpf: Use BTF sock_common pointers for sk storage	592a3498648a	no	-
10c7e49a7e1f	BACKPORT: bpf: Introduce pseudo_btf_id	4976b718c355	no	-
e9a9585e7dfd	BACKPORT: bpf: Introduce bpf_per_cpu_ptr()	eaa6bcb71ef6	no	-
eacd8009db84	BACKPORT: bpf: Introduce bpf_this_cpu_ptr()	63d9b80dcf2c	no	-
e1de887c3357	BACKPORT: bpf: Make pseudo BTF data-section ID signed	f16e631333a8	no	-
165536d849fa	BACKPORT: bpf: fix missing prototype warnings	116bfa96a255	no	-
e2b43883b387	BACKPORT: bpf: Annotate context types	91cc1a99740e	no	-
42492f9d1617	BACKPORT: bpf: fix BTF verification of enums	9eea98497951	no	-
7b906e7473f9	BACKPORT: bpf: Compare BTF function argument types	8c1b6e69dcc1	no	-
1b0029dd2473	BACKPORT: bpf: Introduce function-by-function verification	51c39bb1d5d1	no	-
d8dabe43d5ad	BACKPORT: bpf: add __weak hook for allocating executable memory	dc002bb62f10	no	-
021d5d03011a	BACKPORT: arm64/bpf: keep JIT programs out of module memory	91fc957c9b1d	no	-
fc7eb8bfb358	BACKPORT: arm64/bpf: Remove 128MB limit for BPF JIT programs	b89ddf4cca43	no	-
4584c969f6ff	BACKPORT: bpf: Add bpf_arch_text_poke() helper	5964b2000f28	no	-
bfcabab0bb05	BACKPORT: bpf: enable program stats	492ecee892c2	no	-
cf2861acba94	BACKPORT: bpf: expose program stats via bpf_prog_info	5f8f8b93aeb8	no	-
2ca794db306d	BACKPORT: bpf: fix u64_stats_init() usage in bpf_prog_alloc()	4b9113045b17	no	-
f836f1698c45	BACKPORT: bpf: Align struct bpf_prog_stats	84a081f60db6	no	-
5ab406ffb73f	BACKPORT: bpf: Introduce BPF trampoline	fec56f5890d9	no	-
48379a885387	BACKPORT: bpf: Attach tracing programs to other BPF programs	5b92a28aae4d	no	-
3790d57ca3d2	BACKPORT: bpf: Simplify text-poke type handling	b553a6ec5700	no	-
ee6a45c1e44d	BACKPORT: bpf: Introduce dynamic program extensions	be8704ff07d2	no	-
0f6f57a2bc6e	BACKPORT: bpf: Make btf_check_func_type_match() static	2bf0eb9b3b0d	no	-
00251af85f2d	BACKPORT: bpf: Propagate expected_attach_type for freplace	03f87c0b45b1	no	-
9baca42824b5	BACKPORT: bpf: Provide vmlinux BTF accessor	76654e67f3a0	no	-
e37c63329cd5	BACKPORT: bpf: btf: support 128 bit integer type	b1e8818cabf4	no	-
61ebb02bb922	BACKPORT: bpf: Add generic BTF rendering	31d0bc81637d	no	-
52940f41332d	BACKPORT: bpf: Add bpf_snprintf_btf helper	c4d0bfb45068	no	-
5547567e6215	BACKPORT: bpf: Fix NULL error in bpf_btf_printf_prepare	abbaa433de07	no	-
7838d295fc8d	BACKPORT: bpf: Implement an interface to register bpf_iter targets	ae24345da54e	no	-
a5655a2c669c	BACKPORT: bpf: Allow loading of a bpf_iter program	15d83c4d7cef	no	-
eaab0105518d	BACKPORT: bpf: Support bpf tracing/iter programs for BPF_LINK_CREATE	de4e05cac46d	no	-
186504bac65f	BACKPORT: bpf: Support bpf tracing/iter programs for BPF_LINK_UPDATE	2057c92bc927	no	-
26af9fefb85e	BACKPORT: bpf: Implement bpf_seq_read() for bpf iterator	fd4f12bc38c3	no	-
d5c1e33d3952	BACKPORT: bpf: Create anonymous bpf iterator	ac51d99bf81c	no	-
8a84abecaac4	BACKPORT: bpf: Create file bpf iterator	367ec3e4834c	no	-
b0cf0e82649f	BACKPORT: bpf: Implement common macros/helpers for target iterators	e5158d987b72	no	-
c24486e8f3a1	BACKPORT: bpf: Add bpf_map iterator	6086d29def80	no	-
b128fb74de54	"BACKPORT: bpf: Change btf_iter func proto prefix to ""bpf_iter_"""	21aef70eade2	no	-
f57a616d1140	BACKPORT: bpf: Add comments to interpret bpf_prog return values	2e3ed68bfcd9	no	-
5216affcf28c	BACKPORT: bpf: net: Refactor bpf_iter target registration	15172a46fa27	no	-
08d0948cb616	BACKPORT: bpf: Change func bpf_iter_unreg_target() signature	ab2ee4fcb9d6	no	-
14e1e5aff5c3	BACKPORT: bpf: Enable bpf_iter targets registering ctx argument types	3c32cc1bceba	no	-
81b4c98dc149	BACKPORT: vsprintf: Do not have bprintf dereference pointers	841a915d20c7	no	-
0811cb0023d5	BACKPORT: vsprintf: Preserve non-dereferenced bprintf pointers	1e6338cfb50e	no	-
77c43bcb4290	BACKPORT: vsprintf: Advance past rendered pointer terminators	62165600ae73	no	-
6550054b9018	BACKPORT: bpf: Add bpf_seq_printf and bpf_seq_write helpers	492e639f0c22	no	-
48df458395ac	BACKPORT: bpf: Handle spilled PTR_TO_BTF_ID on the stack	1d68f22b3d53	no	-
1924f8612cbe	BACKPORT: bpf: Complete %pks and %pus printer support	b2a5212fb634	no	-
609cbc2dd72d	BACKPORT: bpf: Use strict kernel reads in bpf_seq_printf	b36e62eb8521	no	-
85debfce2adf	BACKPORT: bpf: Support 'X' in bpf_seq_printf	c06b02295798	no	-
d7b46b7b57e6	BACKPORT: bpf: Allow %pB in BPF printf helpers	2df6bb5493f8	no	-
3426c71bbef1	BACKPORT: bpf: Add bpf_seq_printf_btf helper	eb411377aed9	no	-
8b95e9936565	BACKPORT: bpf: Permit pointer stack arguments to helpers	cd17d38f8b28	no	-
c1a74d8045c8	BACKPORT: bpf: Use dedicated bpf_trace_printk event	ac5a72ea5c89	no	-
0745306ab8de	BACKPORT: bpf: Factorize BPF printf helpers	d9c9e4db186a	no	-
3744aab60e53	BACKPORT: bpf: Add constant string argument type	fff13c4bb646	no	-
391d22fa874e	BACKPORT: bpf: Add bpf_snprintf helper	7b15523a989b	no	-
0c8b03b6d75f	BACKPORT: bpf: Report impossible snprintf format lookup failure	8e8ee109b02c	no	-
84ff507b65b3	BACKPORT: bpf: Drop redundant constant-string map checks	a8fad73e3334	no	-
56cfdae914ff	BACKPORT: bpf: Lock trace-print buffer before formatting	38d26d89b31d	no	-
db8b29e8f6b6	BACKPORT: seq_file: Add seq_bprintf()	76d6a13383b8	no	-
a250a2bef6cd	BACKPORT: bpf: Use bstr_printf for formatted output	48cac3f4a96d	no	-
a99672f8d873	BACKPORT: bpf: Add nested bprintf buffers	e2d5b2bb769f	no	-
ead2ba99587a	BACKPORT: bpf: Clarify bprintf buffer naming	8afcc19fbf08	no	-
3876b1697288	BACKPORT: bpf: Name the bprintf nesting limit	0af02eb2a7d7	no	-
c934ca89da9a	BACKPORT: bpf: Support %c in bprintf formatter	3478cfcfcddf	no	-
2b9c56594efe	BACKPORT: bpf: Share the formatted-output argument limit	335ff4990cf3	no	-
5d021d69ea55	BACKPORT: bpf: Add task and task/file iterator targets	eaaacd23910f	no	-
a718b6cc6282	BACKPORT: bpf: Fix bpf_iter's task iterator logic	c70f34a8ac66	no	-
9a57a5f407ed	BACKPORT: bpf: Fix pos computation for bpf_iter seq_ops->start()	3f9969f2c040	no	-
db11c65b3b5a	BACKPORT: bpf: Add bpf_prog iterator	a228a64fc1e4	no	-
538be27e35c8	BACKPORT: bpf: Use get_file_rcu() for task_file iterator	cf28f3bbfca0	no	-
18b752d61e6b	BACKPORT: bpf: Bound objects visited by iterator reads	e679654a704e	no	-
2b6568c1f907	BACKPORT: bpf: Skip duplicated task_file descriptor tables	203d7b054fc7	no	-
b0c13acbe239	BACKPORT: bpf: Permit rescheduling for safe iterator targets	cf83b2d2e2b6	no	-
74d81ea61f20	BACKPORT: file: Implement task_lookup_next_fd_rcu()	e9a53aeb5e0a	no	-
f4debef2b011	BACKPORT: bpf: Use task_lookup_next_fd_rcu() in task iterator	66ed594409a1	no	-
d344e0f5847d	BACKPORT: bpf: Save task_file iterator stopping point	69ca310f3416	no	-
714cac839537	BACKPORT: bpf: Use thread_group_leader()	a61daaf351da	no	-
bf5854c03a2a	BACKPORT: bpf: Support readonly/readwrite buffers in verifier	afbf21dce668	no	-
e5ecfb3dc433	BACKPORT: bpf: Implement bpf iterator for map elements	a5cbe05a6673	no	-
0fc2e5b75324	BACKPORT: bpf: Implement bpf iterator for hash maps	d6c4503cc296	no	-
4cadece0b2b4	BACKPORT: bpf: Implement bpf iterator for array maps	d3cc2ab546ad	no	-
c2a18a10a13c	BACKPORT: bpf: Change uapi for bpf iterator map elements	5e7b30205cef	no	-
dd858c0f9c80	BACKPORT: bpf: Implement link_query for bpf iterators	6b0a249a301e	no	-
1066ed660e7e	BACKPORT: bpf: Implement link_query callbacks in map element iterators	b76f22269028	no	-
f60a711edfce	BACKPORT: bpf: Make bpf_link_info.iter similar to bpf_iter_link_info	b0c9eb378179	no	-
f73c6c7e84ed	BACKPORT: bpf: Do not use bucket_lock for hashmap iterator	dc0988bbe1bd	no	-
34bf41afa74a	BACKPORT: bpf: Add d_path helper	6e22ab9da793	no	-
4f72caab91f1	BACKPORT: bpf: Add security hooks to d_path allowlist	a8a717963fe5	no	-
0da0b7fbeec1	BACKPORT: bpf: Introduce task_vma bpf_iter	3a7b35b899de	no	-
69548c3e8ad7	BACKPORT: bpf: Allow bpf_d_path in bpf_iter program	3d06f34aa896	no	-
2271d7fbf831	BACKPORT: ipv6: Advance route iterator position in next()	4fc427e05158	no	-
1d95fc737b8a	BACKPORT: net: Add netlink and IPv6 route BPF iterators	138d0be35b14	no	-
6259cab0dd16	BACKPORT: bpf: Use precomputed BTF IDs for iterators	951cf368bcb1	no	-
755f689b5ef7	BACKPORT: ipv6: Preserve route iterator position in start()	6617dfd44014	no	-
658acd7286c1	BACKPORT: bpf: Reject zero BTF IDs for iterator contexts	d36216429ff3	no	-
b982dab1d5c6	BACKPORT: bpf: arm64: Add multi-function JIT support	db496944fdaa	no	-
450a6419c4ea	BACKPORT: bpf: arm64: Initialize extra-pass image size	5ee7f784cd32	no	-
1f5bca1b5d2b	BACKPORT: bpf: Support 64-bit BPF function-call offsets	2162fed49fa8	no	-
845f4b809439	BACKPORT: bpf: Add generic JIT function-address lookup	e2c95a61656d	no	-
691aae95af27	BACKPORT: bpf: arm64: Resolve subprogram calls through aux	8c11ea5ce13d	no	-
a8501f3e0c8f	BACKPORT: bpf: arm64: Provide JITed line information	37ab566c178d	no	-
c1fd755ec41f	BACKPORT: arm64: bpf: JIT JMP32 instructions	654b65a04880	no	-
09229e014838	BACKPORT: bpf: Count exception entries for subprograms	c4c0bdc0d2d0	no	-
bf425599523b	BACKPORT: bpf: arm64: Add BPF exception tables	800834285361	no	-
ccb37b7a3f31	BACKPORT: arm64: bpf: Fix branch offset in JIT	32f6865c7aa3	no	-
ff0c49574c9b	BACKPORT: bpf: Add NOSPEC instruction for Spectre v4	f5e81d111750	no	-
56a3a98348b1	BACKPORT: bpf: Fix speculative store-bypass leakage	2039f26f3aca	no	-
8094d79890a2	BACKPORT: bpf: arm64: Size the prologue before the body	68e4f238b0e9	no	-
1d8ecdf85c52	BACKPORT: bpf: arm64: Feed byte offsets to line info	dda7596c109f	no	-
ad01b77a08da	BACKPORT: bpf: arm64: Clear stale JITed length	10f3b29c65bb	no	-
9f078cfeb59a	BACKPORT: bpf: Add BPF_FUNC_jiffies64	5576b991e9c1	no	-
66ee0a06b448	BACKPORT: bpf: Allow tracing programs to use bpf_jiffies64()	72e2b2b66f9c	no	-
2d8f8be4da25	BACKPORT: bpf: Adding helper function bpf_getsockops	cd86d1fd2102	no	-
445dc2e06ac7	BACKPORT: bpf: Bpf_{g,s}etsockopt for struct bpf_sock_addr	beecf11bc218	no	-
f4c66308437f	BACKPORT: bpf: Retrieve SOL_SOCKET options from sock_addr	bcd6f4a8beda	no	-
ad41fcf82c41	BACKPORT: bpf: Don't leak memory when sockopt optlen is zero	4be34f3d0731	no	-
ab28ca584445	BACKPORT: net: bpf: Support AF_UNSPEC in tcp_iter_state	b08d4d3b6c04	no	-
cda3bd7bd39e	BACKPORT: net: bpf: Implement BPF iterator for TCP	52d87d5f6418	no	-
3ef2f10485cb	BACKPORT: net: bpf: Support AF_UNSPEC in udp_iter_state	9e8ca27afab6	no	-
a2d0818709df	BACKPORT: net: bpf: Implement BPF iterator for UDP	5788b3a07fc5	no	-
be9e490160ad	BACKPORT: tcp: seq_file: Refactor net and family matching	ad2d61376a05	no	-
86904dabe53b	BACKPORT: bpf: tcp: Identify BPF TCP seq_file by operations	62001372c2b6	no	-
882a5ebcbb98	BACKPORT: tcp: seq_file: Add listening_get_first()	b72acf4501d7	no	-
d46c8e3aba05	BACKPORT: bpf: tcp: Batch iterator sockets and lock each sock	04c7820b776f	no	-
1cf9402d636a	BACKPORT: tcp: Only initialize congestion control once	8919a9b31eb4	no	-
e2eeb29d84aa	BACKPORT: tcp: Always initialize BPF-selected congestion control	e7b10a4dd1b1	no	-
84d37c6fa5be	BACKPORT: tcp: Always reinitialize congestion control changes	29a949325c6c	no	-
21c3c51b1f8f	BACKPORT: tcp: Remove unused flags from BPF setsockopt	5cdc744caab7	no	-
a3883c71928b	BACKPORT: tcp: Simplify congestion-control load=false case	5050bef8736f	no	-
50d965884404	BACKPORT: tcp: Preserve congestion-control initialization	be5d1b61a2ad	no	-
001e3f3516f8	BACKPORT: bpf: tcp: Support sockopt helpers in iterator	3cee6fb8e69e	no	-
5006229e68aa	BACKPORT: bpf: tcp: Use sock_gen_put in TCP iterator	580031ff9952	no	-
4acfe46570a8	BACKPORT: bpf: Add socket-storage map iterator	5ce6e77c7edf	no	-
8e5327e55e44	BACKPORT: bpf: Use RCU for socket-storage iterator	c69d2ddb2072	no	-
8a6e82933e78	BACKPORT: bpf: Hold socket-storage map during iteration	3c5f6e698b5c	no	-
844487cbda2b	BACKPORT: bpf: Check writable socket-storage access	52bd05eb7c88	no	-
da68fc6a722b	BACKPORT: net: Simplify socket-psock initialization	7b219da43f94	no	-
6b9c28ed2219	BACKPORT: bpf: Merge sockmap and sockhash updates	38e12f908a5e	no	-
5fafa20176f2	BACKPORT: bpf: Call sockmap syscall update directly	13b79d3ffbb8	no	-
81a50bcb0642	BACKPORT: bpf: Resolve native sockmap value types	912f442cfb1f	no	-
35d6f6ee65b1	BACKPORT: bpf: Allow sockmap updates from BPF	0126240f448d	no	-
f3e8e5f0bdb9	BACKPORT: net: Allow iterating sockmap and sockhash	0365351524d7	no	-
b7ba7b40263e	BACKPORT: bpf: Enable map_update_elem from bpf_iter	6550f2dddfab	no	-
73e6ccae2a5e	BACKPORT: bpf: Add locking annotations to sockmap iterator	f58423aeab28	no	-
b16fbd37d975	BACKPORT: bpf: Hold sockmap during iterator file lifetime	f0d2b2716d71	no	-
917f81afa928	BACKPORT: bpf: Add UNIX domain socket iterator	2c860a43dd77	no	-
8ed31b1e149b	BACKPORT: bpf: tcp: Avoid fast socket lock in iterator	9378096e8a65	no	-
8fec1bd5f0ed	BACKPORT: bpf: Clear subreg_def for global returns	45159b27637b	no	-
a5c6528bbbc8	BACKPORT: bpf: Initialize iterator target metadata	17d8beda277a	no	-
f366c13f7e24	BACKPORT: bpf: Remove map-key ALU sanitation	80847a71b270	no	-
6fbf57fc4d19	BACKPORT: bpf, offload: Prepare after pseudo resolution	ceb11679d9fc	no	-
f4cfe2103a9d	BACKPORT: bpf: Preallocate verifier patch metadata	75f0fc7b48ad	no	-
35abebed9352	BACKPORT: bpf: Stop caching pseudo-function subprog index	3990ed4c4266	no	-
11e4fbdf956a	BACKPORT: bpf: Make per-CPU pointers read-only	34d3a78c681e	no	-
b3cbc36acf0f	BACKPORT: bpf: Reject invalid nullable pointer arithmetic	-	unknown	-
4aff33c3582f	BACKPORT: bpf: Fix global functions from EXT programs	f858c2b2ca04	no	-
629f173d2465	BACKPORT: bpf: Fix request_sock leak in lookup helpers	3046a827316c	no	-
b40fd88f8ad5	BACKPORT: bpf: Hold array map during iterator lifetime	f76fa6b33805	no	-
cfa693b80212	BACKPORT: bpf: Hold hash map during iterator lifetime	ef1e93d2eeb5	no	-
1b7a75cbf217	BACKPORT: bpf: Fix speculative stack-store pointer leak	e4f4db47794c	no	-
98ceb9e512db	BACKPORT: bpf: Resolve global-subprog context arguments	d384dce281ed	no	-
63ed6c093276	BACKPORT: bpf: Raise the default JIT memory limit	10ec8ca8ec1a	no	-
a658c2dc20d5	BACKPORT: bpf: Validate d_path helper pointers	f46fab0e36e6	no	-
a4d44be5399c	BACKPORT: bpf: Enforce callback R0 precision	0acd03a5bd18	no	-
3dc77a82d129	BACKPORT: bpf: Annotate BTF show format functions	b3470da314fd	no	-
9208e05fe08f	BACKPORT: bpf: Fix nested tracepoints with per-CPU data	9594dc3c7e71	no	-
43ce5eafe74f	BACKPORT: bpf: Fix bpf_event_output re-entry	768fb61fcc13	no	-
ac9370e8c598	BACKPORT: bpf: Fix signed 64-to-32 bounds propagation	388e2c0b9783	no	-
19824d9a99d1	BACKPORT: bpf: Fix signed bounds propagation after mov32	3cf2b61eb067	no	-
c73839f8ba8a	BACKPORT: bpf: Clamp socket buffer options safely	04c350b1ae6b	no	-
938e81eede47	BACKPORT: bpf: Bound ringbuf helper pointers	64620e0a1e71	no	-
982fca967200	BACKPORT: bpf: Separate ringbuf allocation memory	a672b2e36a64	no	-
9a4abc416cb6	BACKPORT: bpf: Use VM_MAP for ringbuf	b293dcc473d2	no	-
f71e581c9eb2	BACKPORT: bpf: Add schedule points in batch ops	75134f16e7dd	no	-
6b60ebd5c161	BACKPORT: bpf: Fix jmp32 JEQ/JNE simulation	a12ca6277eca	no	-
b2c95a25f926	BACKPORT: bpf: Lock find_vpid() in task FD query	83c10cc362d9	no	-
d001681755ec	BACKPORT: bpf: Balance per-CPU freelist nodes	4b45cd81f737	no	-
bcd4d8539792	BACKPORT: bpf: Preserve storage spin locks on copy	836e49e103df	no	-
0bbbc855e8c1	BACKPORT: bpf: Move zero-length checks into redirect	114039b34201	no	-
1f7345f52870	BACKPORT: bpf: Preserve register parent and liveness	71f656a50176	no	-
bc2630fb52af	BACKPORT: btf: Reset mode before resolving DATASEC vars	9b459804ff99	no	-
7d85c9d07ffd	BACKPORT: bpf: Allow NULL getsockopt optval	00e74ae08638	no	-
5f161969f7b2	BACKPORT: bpf: Ignore invalid oversized sockopt output	29ebbba7d461	no	-
f982e4b939f3	BACKPORT: bpf/btf: Accept dotted function names	9724160b3942	no	-
9388967b0016	BACKPORT: bpf: Respect VRF bindings in socket lookup	9a5cb79762e0	no	-
d22b1b327c5a	BACKPORT: bpf: Clear the probe_addr for uprobe	5125e757e62f	no	-
f62fb81eed4f	BACKPORT: bpf: cpumap: Fix update memory leak	436901649731	no	-
2ba1027dbf32	BACKPORT: bpf, cpumap: Wait for kthread startup	640a604585aa	no	-
b2eaa675de63	BACKPORT: bpf: Fix overrunning ringbuf reservations	cfa1a2329a69	no	-
ff887884efdb	BACKPORT: bpf: Fix signed DEVMAP delete indices	ab244dd7cf4c	no	-
d9e85949002e	BACKPORT: bpf: Handle LPM trie update flags	eae6a075e953	no	-
927aee9c15a9	BACKPORT: bpf: Check negative skb minimum offsets	9ecc4d858b92	no	-
2591171e2e11	BACKPORT: bpf: Fix unsigned 64-to-32 bounds propagation	b9979db83401	no	-
803f650a3766	BACKPORT: bpf: Disallow BPF_LOG_KERNEL log level for bpf(BPF_BTF_LOAD)	866de4074443	no	-
6353a74daa4c	BACKPORT: bpf: Don't promote bogus looking registers after null check.	e60b0d12a95d	no	-
5e093c50dd75	BACKPORT: bpf: Adjust BPF stack helper functions to accommodate skip > 0	ee2a098851bf	no	-
1385733dce8d	BACKPORT: bpf: Fix KASAN use-after-free Read in compute_effective_progs	4c46091ee985	no	-
8e73668c673a	BACKPORT: bpf: Synchronize scalar bounds after ALU	3844d153a41a	no	-
c644b471b790	BACKPORT: bpf, cgroup: Fix kernel BUG in purge_effective_progs	7d6620f107ba	no	-
ddf1ef2f029c	BACKPORT: bpf: Fix wrong reg type conversion in release_reference()	f1db20814af5	no	-
85346d56eedd	BACKPORT: bpf: add missing header file include	f3dd0c53370e	no	-
8ad5cb2824ba	BACKPORT: bpf: Fix narrow-load mask width	0613d8ca9ab3	no	-
501e3d861608	BACKPORT: bpf: ensure main program has an extable	0108a4e9f358	no	-
d0fcebdd3446	BACKPORT: bpf: Disable preemption in bpf_event_output	d62cc390c2e9	no	-
a6764d3d1211	BACKPORT: bpf: Reject variable offset alu on PTR_TO_FLOW_KEYS	22c7fa171a02	no	-
140cf0b74789	BACKPORT: bpf: Annotate BTF show callbacks	2454075f8e29	no	-
335f2a7fdbc2	BACKPORT: bpf: Fix a segment issue when downgrading gso_size	fa5ef655615a	no	-
0a0c6b96b3c7	BACKPORT: bpf: Use xchg for sockmap deletion	45a4521dcbd9	no	-
784da27522ce	BACKPORT: bpf: Synchronize before freeing sockmap	2bb90e5cc90e	no	-
4e281d368d7d	BACKPORT: bpf: Lock sockets during sockmap teardown	7e81a3530206	no	-
8ed55b5a11ca	BACKPORT: bpf: Avoid sleeping under sockmap RCU lock	db6a5018b6e0	no	-
adb27d9ea35c	BACKPORT: bpf: Synchronize before freeing sockhash	0b2dc83906cf	no	-
6789008fe8fb	BACKPORT: bpf: Fix sockmap ingress size accounting	81aabbb9fb7b	no	-
5741d39735d9	BACKPORT: bpf: Keep sockmap verdict under RCU	93dd5f185916	no	-
2510226f8504	BACKPORT: bpf: Reacquire psock for stream verdicts	8025751d4d55	no	-
97df18f1263b	BACKPORT: bpf: Support SK_PASS on sockmap RX path	51199405f967	no	-
7bccfde929a2	BACKPORT: bpf: Trust RX memory check on SK_PASS	cfea28f890cf	no	-
0da47ac9197b	BACKPORT: bpf: Fast-track sockmap SK_PASS ingress	9ecbfb06a078	no	-
80e53b117abb	BACKPORT: bpf: Defer sockmap write ownership	29545f4977cf	no	-
ad6dffd36193	BACKPORT: bpf: Preserve queued sockmap redirects	9047f19e7ccb	no	-
8127daf6f7e2	BACKPORT: bpf: Preserve sockmap skb ownership	10d58d006356	no	-
2f1bb450baff	BACKPORT: bpf: Account sockmap ingress skb memory	0b17ad25d8d1	no	-
1cd8b8471224	BACKPORT: bpf: Preserve partial sockmap receive progress	c9c89dcd872e	no	-
df30ddc81c4c	BACKPORT: bpf: Transfer sockmap receive ownership	36cd0e696a83	no	-
9f6abef14ba7	BACKPORT: bpf: Schedule sockmap ingress by truesize	70796fb751f1	no	-
0b078cca3be5	BACKPORT: bpf: Preserve self-redirect receive accounting	2443ca66676d	no	-
18812120e394	BACKPORT: bpf: Linearize sockmap ingress skbs	4363023d2668	no	-
fe9462750a34	BACKPORT: bpf: Drop locks from sockmap free paths	90db6d772f74	no	-
919a44c4bb64	BACKPORT: bpf: Free sockhash elements during teardown	33a7c831565c	no	-
60079e69bf9d	BACKPORT: bpf: Synchronize sockhash teardown	75e68e5bf2c7	no	-
f12c0fd802c7	BACKPORT: bpf: Hold sockets during sockmap free	0a182f8d6074	no	-
c760c87aff98	BACKPORT: bpf: Keep sockmap acquisition preemptible	13d2618b48f1	no	-
c62864d5138d	BACKPORT: bpf: Preserve replaced sockmap links	75e072a390da	no	-
d591e4df00f4	BACKPORT: tcp_bpf: Fix send verdict concurrency	cd9733f5d75c	no	-
c5714d32f62a	BACKPORT: bpf: Fix repeated sockmap uncharge	84472b436e76	no	-
d57858307c45	BACKPORT: bpf: Fix double-uncharge of sockmap messages	2486ab434b2c	no	-
c839a0149a61	BACKPORT: bpf: Fix sockmap forward allocation accounting	8ec95b94716a	no	-
32206abc848d	BACKPORT: bpf: Avoid repeated sock_put on sockmap data	7a9841ca0252	no	-
b177955ebca1	BACKPORT: bpf: Preserve ingress redirects across apply_bytes	a351d6087bf7	no	-
1761e7596250	BACKPORT: bpf: Preserve partial ingress redirects	9072931f020b	no	-
75b4eb8c0e27	BACKPORT: tcp_bpf: Fix sendmsg return value	fe1910f9337b	no	-
8571774b50aa	BACKPORT: tcp_bpf: Fix redirect memory uncharge	ca70b8baf2bd	no	-
80d5ab6a6717	BACKPORT: tcp_bpf: Charge receive buffers on ingress	54f89b3178d5	no	-
5a206070078f	BACKPORT: tcp_bpf: Account ingress redirect rmem	d888b7af7c14	no	-
744440ff4096	BACKPORT: bpf: sockmap, restore sk_write_space when psock gets dropped	186bcc3dcd10	no	-
4047509f256d	BACKPORT: bpf: Read sockmap ingress before receive queue	e7a5f1f1cd00	no	-
55b573486adc	BACKPORT: skmsg: Remove unused sk_psock_stop() declaration	ff9614b81be6	no	-
de5533f4e7b6	BACKPORT: bpf: Fix sockmap ingress receive race	c5d2177a72a1	no	-
74f96fbf484e	BACKPORT: bpf: Attach sockmap programs before proto selection	38207a5e8123	no	-
02ba5f1ba389	BACKPORT: bpf: Re-evaluate proto ops after sockmap removal	c0d95d3380ee	no	-
b8ff33282b93	BACKPORT: bpf: Fix sockmap parser return codes	5b2c5540b811	no	-
c1a456d54d8f	BACKPORT: bpf: Fix double prog put in sockmap link	218d747a4142	no	-
855b0ca1c1bd	BACKPORT: bpf: Handle zero-length sockmap receive	d900f3d20cc3	no	-
021042d0ae3f	BACKPORT: bpf, sockmap: Handle fin correctly	901546fd8f9c	no	-
c04fa61b8591	BACKPORT: bpf, sockmap: Fix map type error in sock_map_del_link	7e96ec0e6605	no	-
c83ae627bdc3	BACKPORT: bpf, sockmap: Fix bug that strp_done cannot be called	809e4dc71a0f	no	-
29f55f07e571	BACKPORT: skmsg: Skip zero length skb in sk_msg_recvmsg	f0c180256937	no	-
7908affa14d1	BACKPORT: bpf: fix recursive lock when verdict program return SK_PASS	8ca2a1eeadf0	no	-
eea6182bb4a6	BACKPORT: bpf: sockmap: Move generic sockmap hooks from BPF TCP	f747632b608f	no	-
cfe2a5e749db	BACKPORT: skmsg: Lock ingress_skb when purging	37f0e514db66	no	-
eb12818910a9	BACKPORT: skmsg: Introduce a spinlock to protect ingress_msg	b01fd6e802b6	no	-
09966e8e71ac	BACKPORT: skmsg: Avoid lock_sock() in sk_psock_backlog()	799aa7f98d53	no	-
a6423c7f119b	BACKPORT: bpf, sockmap: Fix incorrect fwd_alloc accounting	144748eb0c44	no	-
dcfcc393ef4b	BACKPORT: sock_map: Fix a potential use-after-free in sock_map_close()	aadb2bb83ff7	no	-
30c28796d3f6	BACKPORT: skmsg: Fix a memory leak in sk_psock_verdict_apply()	0cf6672b23c8	no	-
178581307742	BACKPORT: bpf, sockmap: Zap ingress queues after stopping strparser	343597d558e7	no	-
3c332950aa75	BACKPORT: bpf, sockmap: Remove cached skb during cleanup	476d98018f32	no	-
ccc662daa14a	BACKPORT: bpf, sockmap: Fix memleak on ingress msg enqueue	9635720b7c88	no	-
6122717910ae	BACKPORT: bpf, sockmap: Remove unhash handler for BPF sockmap usage	b8b8315e39ff	no	-
07da31fe8f5e	BACKPORT: bpf, sockmap: Free rejected charged ingress messages	938d3480b92f	no	-
82cef1d6bc1b	BACKPORT: bpf, sock_map: Move cancel_work_sync() out of sock lock	8bbabb3fddcd	no	-
a6963821abe0	BACKPORT: bpf, sockmap: Prevent recursive close callbacks	5b4a79ba65a1	no	-
88aa315aa89b	BACKPORT: bpf, sockmap: Convert schedule_work into delayed_work	29173d07f798	no	-
479192115416	BACKPORT: sock_map: avoid race between sock_map_close and sk_psock_put	4b4647add7d3	no	-
ea3792f23742	BACKPORT: bpf: Gate sockmap deletes like updates	98e948fb60d4	no	-
3123de4c1c8e	BACKPORT: sock_map: Add a cond_resched() in sock_hash_free()	b1339be951ad	no	-
1997bd2e99bd	BACKPORT: bpf: sockmap, add bpf_msg_apply_bytes() helper	2a100317c9eb	no	-
82468a948d83	BACKPORT: bpf: sockmap, add msg_cork_bytes() helper	91843d540a13	no	-
13ed4a883bb5	BACKPORT: bpf: sk_msg program helper bpf_sk_msg_pull_data	015632bb30da	no	-
57ca204f9dc3	BACKPORT: bpf: fix several offset tests in bpf_msg_pull_data	5b24109b0563	no	-
f7dab1f46c50	BACKPORT: bpf: fix msg data after bpf_msg_pull_data shift	0e06b227c522	no	-
9b586aa80fe3	BACKPORT: bpf: fix bpf_msg_pull_data ring wrap shift	2e43f95dd8ee	no	-
4a8416f824f7	BACKPORT: bpf: fix bpf_msg_pull_data shift start offset	a8cf76a9023b	no	-
9b13c09cec4b	BACKPORT: bpf: Fix bpf_msg_pull_data()	9db39f4d4f94	no	-
b6111b5aa12d	BACKPORT: bpf: use __GFP_COMP while allocating page	4c3d795cb012	no	-
6d42097617ff	BACKPORT: bpf: Make sk_msg_elem_used() handle a full ring	8734a162c13b	no	-
2fb2e442e5a2	BACKPORT: bpf: sk_msg program helper bpf_msg_push_data	6fff607e2f14	no	-
c4b42ee5309b	BACKPORT: bpf: helper to pop data from messages	7246d8ed4dcc	no	-
c00fe9eb1e10	BACKPORT: bpf: Fix SK_MSG helper bounds accounting	6562e29cf6f0	no	-
d4bf0ecf8431	BACKPORT: bpf: Sockmap/tls, fix pop data SK_DROP return code	7361d44896ff	no	-
4e8cb4033551	BACKPORT: bpf, sockmap: msg_pop_data can incorrecty set an sge length	3e104c238162	no	-
c9ce06ed2dd3	BACKPORT: skmsg: Lose offset info in sk_psock_skb_ingress	7303524e04af	no	-
83f72336b523	BACKPORT: bpf: Do not try bpf_msg_push_data with len 0	4a11678f6838	no	-
b837e1398f83	BACKPORT: bpf, sockmap: Fix partial sk_msg_alloc() leak	9c34e38c4a87	no	-
47880f33fde9	BACKPORT: bpf: Update sk_msg curr after SG changes	bb9aefde5bba	no	-
98296ad741c7	BACKPORT: bpf, sockmap: Several fixes to bpf_msg_push_data	15ab0548e310	no	-
d9fd0a5365e3	BACKPORT: bpf, sockmap: Several fixes to bpf_msg_pop_data	5d609ba26247	no	-
076c2c95fdbc	BACKPORT: bpf, sockmap: Fix sk_msg_reset_curr	955afd57dc4b	no	-
d661cb4dd8df	BACKPORT: bpf: Sharing bpf runtime stats with BPF_ENABLE_STATS	d46edd671a14	no	-
43329fbfecc9	BACKPORT: bpf: Add support for forced LINK_DETACH command	73b11c2ab072	no	-
cbd9fd84276c	BACKPORT: bpf: Mutex protect used_maps array and count	984fe94f9475	no	-
a245395bb65e	BACKPORT: bpf: Add BPF_PROG_BIND_MAP syscall	ef15314aa5de	no	-
a58d49b84c68	BACKPORT: bpf: Deref map in BPF_PROG_BIND_MAP when it's already used	1028ae406999	no	-
817c0b045642	BACKPORT: bpf: link: Refuse non-O_RDWR flags in BPF_OBJ_GET	25fc94b2f02d	no	-
f20199e05bec	BACKPORT: bpf: Refactor perf_event_set_bpf_prog() input	652c1b17b85b	no	-
e97d43e0ca3e	BACKPORT: bpf: Implement minimal BPF perf link	b89fbfbb854c	no	-
7a45a9768472	BACKPORT: bpf: Guard event->prog in bpf_overflow_handler	594286b7574c	no	-
c3e95a25fa4a	BACKPORT: bpf: Add ambient BPF runtime context stored in current	c7603cfa04e7	no	-
f2ac1fa3d97b	BACKPORT: bpf: Refactor BPF_PROG_RUN into a function	fb7dd8bca013	no	-
bfc2b9c98b43	BACKPORT: bpf: Refactor BPF_PROG_RUN_ARRAY macros into functions	7d08c2c91171	no	-
56e9ad332b16	BACKPORT: bpf: Add bpf_cookie support to perf links	82e6b1eee6a8	no	-
1437683027c2	BACKPORT: bpf: Enable IP argument for get_func_ip	1e37392cccde	no	-
284ea3f19aad	BACKPORT: bpf: Add get_func_ip for tracing programs	9b99edcae5c8	no	-
25cf2ff20cba	BACKPORT: bpf: Add get_func_ip for kprobe programs	9ffd9f3ff719	no	-
6c3edb8754b5	BACKPORT: bpf: Fix pointer cast warning	16c5900ba776	no	-
e9f035f6b686	BACKPORT: bpf: Add bpf_get_attach_cookie() helper	7adfc6c9b315	no	-
7ff4e062a48d	BACKPORT: bpf: support BPF_PROG_QUERY for BPF_FLOW_DISSECTOR	118c8e9ae629	no	-
6dd41d10b2d6	BACKPORT: bpf/flow_dissector: Enforce a global flow dissector	a11c397c43d5	no	-
5dd6ebe0d592	BACKPORT: flow_dissector: Drop BPF prog ref on netns cleanup	5cf65922bb15	no	-
9e16cb6a7b84	BACKPORT: flow_dissector: Pull locking up from prog attach callback	171526f6fee8	no	-
341aa6f99421	BACKPORT: net: Introduce netns_bpf for BPF programs attached to netns	a3fd7ceee054	no	-
a87e84e5e885	BACKPORT: flow_dissector: Move out netns_bpf prog callbacks	b27f7bb590ba	no	-
fa8750c1719c	BACKPORT: bpf: Add link-based BPF program attachment to netns	7f045a49fee0	no	-
7eaf832e9608	BACKPORT: bpf, cgroup: Return ENOLINK for detached link updates	0c047ecbb7ba	no	-
4c8748af1fd6	BACKPORT: flow_dissector: Pull BPF assignment up to bpf-netns	3b7016996c4c	no	-
7e6f191a4613	BACKPORT: bpf, netns: Keep attached programs in bpf_prog_array	695c12147a40	no	-
bde6f84ab684	BACKPORT: bpf, netns: Keep a list of attached bpf_link objects	ab53cad90eb1	no	-
28b4ff789472	BACKPORT: bpf, netns: Fix use-after-free in pernet exit callback	2576f87066dc	no	-
b6802760203d	BACKPORT: bpf: Validate flow-dissector BPF_PROG_ATTACH flags	1b514239e859	no	-
e4e5252e2be9	BACKPORT: bpf: Validate flow-dissector BPF_PROG_DETACH flags	4ac2add65974	no	-
b45df5be0f40	BACKPORT: bpf, netns: Handle multiple link attachments	ce3aa9cc5109	no	-
b97438a9aa3a	BACKPORT: flow_dissector: Use socket netns when skb has no device	d0e13a1488ad	no	-
c833fcc06c98	BACKPORT: macvtap: Probe transport header after setting skb->dev	8c76e77f9069	no	-
df320c82fb39	BACKPORT: bpf: Enable more helpers for cgroup program types	0456ea170cd6	no	-
5355b08f1f07	BACKPORT: bpf: Fix bpf_base_func_proto for CGROUP_NET=n	6890896bd765	no	-
551832802457	BACKPORT: udp: correct reuseport selection with connected sockets	acdcecc61285	no	-
89d789d873c0	BACKPORT: udp: Copy has_conns in reuseport_grow().	f2b2c55e5128	no	-
d8dd17d8554a	BACKPORT: udp: Improve load balancing for SO_REUSEPORT.	efc6b6f6c311	no	-
3c770f6157cf	BACKPORT: udp: Avoid uninitialized reuseport socket reads	fd2ddef04359	no	-
fb845220009d	BACKPORT: udp: Update reuse->has_conns under reuseport_lock.	69421bf98482	no	-
4a46904e3862	BACKPORT: bpf: Introduce SK_LOOKUP program and attach type	e9ddbb7707ff	no	-
18e62df05f36	BACKPORT: inet: Extract helper for selecting socket from reuseport group	80b373f74f9e	no	-
b64c6998f9e3	BACKPORT: inet: Run SK_LOOKUP BPF program on socket lookup	1559b4aa1db4	no	-
72c3fddfefc2	BACKPORT: inet6: Extract helper for selecting reuseport socket	5df6531292b5	no	-
0b10000207e4	BACKPORT: inet6: Run SK_LOOKUP BPF program on socket lookup	1122702f0267	no	-
db46e273f492	BACKPORT: udp: Extract helper for selecting socket from reuseport group	7629c73a1466	no	-
93bca81c8a3f	BACKPORT: udp: Run SK_LOOKUP BPF program on socket lookup	72f7e9440e9b	no	-
0daf19c1bde6	BACKPORT: udp6: Extract helper for selecting reuseport socket	2a08748cd384	no	-
27239ec34279	BACKPORT: udp6: Run SK_LOOKUP BPF program on socket lookup	6d4201b1386b	no	-
a3586faa5a95	BACKPORT: bpf: Sync linux/bpf.h to tools/	a352b32ae969	no	-
f80d6446212c	BACKPORT: bpf, netns: Fix build without CONFIG_INET	343ead287dde	no	-
7d05ebb4c15f	BACKPORT: udp, bpf: Ignore connections after BPF sk lookup	c64c9c282a9a	no	-
89a263a7fdd1	BACKPORT: bpf: Plug hole in struct bpf_sk_lookup_kern	d66423fbe11e	no	-
509e11eba3b6	BACKPORT: bpf: support input __sk_buff context in BPF_PROG_TEST_RUN	b0b9395d865e	no	-
28a8a81267e4	BACKPORT: bpf: prohibit ctx_{in,out} in non-skb test runs	947e8b595b82	no	-
e5ad3613e756	BACKPORT: bpf: Add PROG_TEST_RUN support for sk_lookup programs	7c32e8f8bc33	no	-
d84b213e1329	BACKPORT: bpf: Make remote_port field in bpf_sk_lookup 16-bit wide	9a69e2b385f4	no	-
e8ac9c7f7ee4	BACKPORT: net: set SOCK_RCU_FREE before inserting socket into hashtable	871019b22d1b	no	-
8ca7deb722c4	BACKPORT: udp: Set SOCK_RCU_FREE earlier in udp_lib_get_port().	5c0b485a8c61	no	-
83c5ac4ae264	BACKPORT: bpf: XDP_REDIRECT enable use of cpumap	9c270af37bb6	no	-
ea44daeac308	BACKPORT: bpf: cpumap xdp_buff to skb conversion and allocation	1c601d829ab0	no	-
57003572174b	BACKPORT: bpf: cpumap fix potential lost wake-up problem	31749468c3f9	no	-
34e0532d7c73	BACKPORT: bpf: cpumap: use GFP_KERNEL for entry allocation	7fc17e909edf	no	-
f168f6b31956	BACKPORT: cpumap: Avoid warning with CONFIG_DEBUG_PER_CPU_MAPS	bc23d0e3f717	no	-
c5cdd245ea11	BACKPORT: devmap: Formalize map value as a named struct	7f1c04269fe7	no	-
52ce3670120a	BACKPORT: cpumap: Formalize map value as a named struct	644bfe51fa49	no	-
e2762212611d	BACKPORT: bpf: Add support to attach bpf program to a devmap entry	fbee97feed9b	no	-
cf00d7c386f0	BACKPORT: bpf: finally expose xdp_rxq_info to XDP bpf-programs	02dd3291b2f0	no	-
8cb3ae15dc98	BACKPORT: xdp: Add xdp_txq_info to xdp_buff	64b59025c15b	no	-
84cf656f9afd	BACKPORT: bpf: Reset data_meta before running devmap entry programs	26afa0a4eb3f	no	-
99651b7e2cdd	BACKPORT: bpf: Devmap adjust uapi for attach bpf program	281920b7e0b3	no	-
9d9d6be162ba	BACKPORT: bpf: cpumap: Attach an eBPF program to map entries	9216477449f3	no	-
d7c5eb83503e	BACKPORT: bpf: cpumap: Fix possible rcpu kthread hung	c576b9c77bea	no	-
af0116acb4fa	BACKPORT: bpf: cpumap: Support XDP_REDIRECT in entry programs	28b1520ebf81	no	-
fc8980714fec	BACKPORT: bpf, test: reject map-entry XDP programs	5e21bb4e8125	no	-
335dcafb2b84	BACKPORT: xdp: Support expected program when attaching XDP	92234c8f15c8	no	-
19ce6ace41bb	BACKPORT: xdp: support simultaneous driver and hw XDP attachment	a25717d2b604	no	-
27c560179112	BACKPORT: bpf, xdp: Maintain attached XDP programs in net_device	7f0a838254bd	no	-
8ab7cd3d0166	BACKPORT: bpf, xdp: Extract common XDP attachment logic	d4baa9368a5e	no	-
2c0b7fe73b69	BACKPORT: bpf, xdp: Add bpf_link-based XDP attachment API	aa8d3a716b59	no	-
72a2e5915e5b	BACKPORT: bpf: Fix build without CONFIG_NET for BPF XDP link	310ad7970a0d	no	-
27b22191025a	BACKPORT: bpf, xdp: Implement LINK_UPDATE for BPF XDP link	026a4c28e1db	no	-
f4b732b03ddd	BACKPORT: bpf: Implement BPF XDP link introspection APIs	c1931c9784eb	no	-
6987e94642a8	BACKPORT: bpf: Add support for forced LINK_DETACH command	73b11c2ab072	no	-
c6c94208e186	BACKPORT: bpf: Fix XDP attach/detach with UPDATE_IF_NOEXIST	068d9d1eba72	no	-
1006e4134025	BACKPORT: bpf: xdp: Fix XDP mode without explicit flags	c8a36f1945b2	no	-
2efe868f3a5a	BACKPORT: kernel/bpf/verifier: Fix build when NET is not enabled	49a2a4d4163f	no	-
ec2e12632a77	BACKPORT: xdp, net: Fix use-after-free in bpf_xdp_link_release	5acc7d3e8d34	no	-
aafe2362f2e1	BACKPORT: bpf: Fix OOB read when printing XDP link fdinfo	d6371c76e20d	no	-
d74dca8ef6f1	BACKPORT: xdp: check prog type before updating BPF link	382778edc826	no	-
01636f81ab3a	BACKPORT: bpf: report RCU QS in cpumap kthread	00bf63122459	no	-
bf516851c45b	BACKPORT: bpf: Add get{peer, sock}name attach types for sock_addr	1b66d253610c	no	-
c15f06e63553	BACKPORT: scsi: iscsi: Avoid getpeername under spinlock	bcf3a2953d36	no	-
99fd36ae466e	BACKPORT: inet: remove races in inet{6}_getname()	9dfc685e0262	no	-
395331932011	BACKPORT: fs: dlm: avoid getpeername in error_report	4c3d90570bcc	no	-
27ac083f317b	BACKPORT: bpf: Clean up sockmap related Kconfigs	887596095ec2	no	-
af8725ec77da	BACKPORT: skmsg: Get rid of struct sk_psock_parser	5a685cd94b21	no	-
2493d8a83b60	BACKPORT: bpf: Compute data_end dynamically with JIT code	16137b09a66f	no	-
1cf802e31c98	BACKPORT: skmsg: Move sk_redir from TCP_SKB_CB to skb	e3526bb92a20	no	-
368897bbd1b8	BACKPORT: skmsg: Use GFP_KERNEL in sk_psock_create_ingress_msg()	190179f65ba8	no	-
f2860aad3c7d	BACKPORT: bpf, sockmap: Allow skipping sk_skb parser program	ef5659280eb1	no	-
cdb2111c812f	BACKPORT: sock_map: Introduce BPF_SK_SKB_VERDICT	a7ba4558e69a	no	-
080e34a277b4	BACKPORT: sock: Introduce sk->sk_prot->psock_update_sk_prot()	8a59f9d1e3d4	no	-
6638b97927ff	BACKPORT: skmsg: Pass psock pointer to psock_update_sk_prot()	51e0158a5432	no	-
985a584392c9	BACKPORT: udp: Implement ->read_sock() for sockmap	d7f571188ecf	no	-
3e6e2d947e8f	BACKPORT: skmsg: Extract common receive and wait helpers	2bc793e3272a	no	-
f59745ec313c	BACKPORT: bpf: Add sockmap hooks for UDP sockets	edc6741cc660	no	-
8ceda3232379	BACKPORT: udp: Implement udp_bpf_recvmsg() for sockmap	1f5be6b3b063	no	-
754b5530e4f1	BACKPORT: sock_map: Update sock type checks for UDP	122e6c79efe1	no	-
118b68a0d852	BACKPORT: skmsg: Improve udp_bpf_recvmsg() accuracy	9f2470fbc4cb	no	-
f0bba18c349a	BACKPORT: udp: Fix a memory leak in udp_read_sock()	e00a5c331bf5	no	-
948fdfd5fade	BACKPORT: skmsg: Clear skb redirect pointer before dropping it	30b9c54a707d	no	-
6ac4508162b2	BACKPORT: skmsg: Teach sk_psock_verdict_apply() to return errors	1581a6c1c329	no	-
4bc565127270	BACKPORT: udp: Validate checksum in udp_read_sock()	099f896f498a	no	-
94da7707ba34	BACKPORT: bpf, sockmap: Do not ignore orig_len parameter	60ce37b03917	no	-
ec5829a58dd5	BACKPORT: bpf, sockmap: Return zero for zero-length recvmsg	d900f3d20cc3	no	-
4eb603c7e502	BACKPORT: bpf, sockmap, udp: set inuse_idx for proc stats	54ea2f49fd94	no	-
cbdfdf5252b4	BACKPORT: bpf: Separate sockmap and qdisc skb control blocks	e0dc3b93bd7b	no	-
fc71dc5bbd0a	BACKPORT: bpf, sockmap: Fix aliased sk_skb data_end access	b2c4618162ec	no	-
2d9316801144	BACKPORT: net: Rename ->stream_memory_read to ->sock_is_readable	7b50ecfcc6cd	no	-
f21c5b24c37d	BACKPORT: skmsg: Extract and reuse sk_msg_is_readable()	fb4e0a5e73d4	no	-
497a746958ab	BACKPORT: net: Implement ->sock_is_readable() for UDP and AF_UNIX	af493388950b	no	-
abea5381a52a	BACKPORT: net, sk_msg: Annotate lockless access to sk_prot on clone	b8e202d1d1d0	no	-
395c75624653	BACKPORT: net, sk_msg: Clear sk_user_data pointer on clone if tagged	f1ff5ce2cd5e	no	-
0a2bc012f3ee	BACKPORT: net, sk_msg: Don't use RCU_INIT_POINTER on sk_user_data	7a1ca97269ee	no	-
a272cbc7e913	BACKPORT: tcp_bpf: Don't let child inherit parent protocol ops	e80251555f0b	no	-
b79f220e2d7b	BACKPORT: bpf: Add BPF_SOCK_OPS_TCP_LISTEN_CB	f333ee0cdb27	no	-
86aea324dc62	BACKPORT: bpf: Sync bpf.h to tools/	060a7fccd394	no	-
2b1361c90194	BACKPORT: bpf, sockmap: Allow inserting listening TCP sockets	8ca30379a401	no	-
400da6de91bf	BACKPORT: bpf, sockmap: Check all TCP BPF protos on listener clone	ddce1e091757	no	-
73bf46b97f2a	BACKPORT: bpf, sockmap: Improved check for empty queue	405df89dd52c	no	-
11633eac64ca	BACKPORT: bpf, sockmap: Re-evaluate proto ops on map removal	c0d95d3380ee	no	-
801f9c23d982	BACKPORT: bpf, sockmap: Fix forward_alloc warning on child teardown	d8616ee2affc	no	-
bac58893cab5	BACKPORT: bpf, sockmap: Prevent recursive map callbacks	5b4a79ba65a1	no	-
83bcb6de0800	BACKPORT: bpf: net: Avoid copying reuseport sk_user_data on clone	f3dda7a679df	no	-
1ef19de13f87	BACKPORT: bpf: net: Avoid incorrect bpf_sk_reuseport_detach call	c9a368f1c0fb	no	-
ba66f78fdfd3	BACKPORT: net: fix refcount bug in sk_psock_get (2)	2a0133723f9e	no	-
1b306f02850d	BACKPORT: bpf, sockmap: TCP data stall on recv before accept	ea444185a6bf	no	-
7ffd1d95eec7	BACKPORT: bpf, sockmap: Wake up polling after data copy	6df7f764cd3c	no	-
10a2d1b5722a	BACKPORT: bpf, sockmap: Correct copied_seq handling	e5c6de5fa025	no	-
2a7f504b38b6	BACKPORT: strparser: Add read_sock callback	0532a79efd68	no	-
3aed69489066	BACKPORT: bpf: Fix wrong copied_seq calculation	36b62df5683c	no	-
b4b6bb53afda	BACKPORT: bpf: Disable non stream socket for strparser	5459cce6bf49	no	-
72367a0c6f41	BACKPORT: net: Introduce net.ipv4.tcp_migrate_req.	f9ac779f881c	no	-
93bd27a3ad43	BACKPORT: tcp: Add num_closed_socks to struct sock_reuseport.	5c040eaf5d17	no	-
0758daa6fb7c	BACKPORT: tcp: Keep TCP_CLOSE sockets in the reuseport group.	333bb73f620e	no	-
cb85688b1ba5	BACKPORT: tcp: Add reuseport_migrate_sock() to select a new listener.	1cd62c21572c	no	-
8058ab5ed5e5	BACKPORT: tcp: Migrate sockets in accept queues.	54b92e841937	no	-
1fb7497c9ae6	BACKPORT: tcp: Migrate requests while retransmitting SYN+ACKs.	c905dee62232	no	-
9ae030100e9c	BACKPORT: tcp: Migrate requests when receiving the final ACK.	d4f2c86b2b7e	no	-
f72e05bcc663	BACKPORT: bpf: Add socket cookie to SK_REUSEPORT programs	e061047684af	no	-
717c0aac6258	BACKPORT: bpf: Support socket migration by eBPF.	d5e4ddaeb6ab	no	-
11c102c45ef5	BACKPORT: tcp: Add stats for socket migration.	55d444b310c6	no	-
9465e64b801f	BACKPORT: tcp: Fix data-races around sysctl_tcp_migrate_req.	4177f545895b	no	-
2766af3d1029	BACKPORT: soreuseport: Fix socket selection for SO_INCOMING_CPU	b261eda84ec1	no	-
38b2872e54fc	BACKPORT: tcp/dccp: Don't use timer_pending() in reqsk_queue_unlink().	e8c526f2bdf1	no	-
6718a1e20c92	BACKPORT: tcp: Fix use-after-free of nreq in reqsk_timer_handler().	c31e72d021db	no	-
d22f9bb277fe	BACKPORT: tcp: call sk_data_ready() after listener migration	3864c6ba1e04	no	-
5235bb2532fd	BACKPORT: tcp: Avoid TCP syncookie rejected by SO_REUSEPORT socket	40a1227ea845	no	-
32cdd1fd57da	BACKPORT: bpf: Fix integer overflow involving bucket_size	c4eb1f403243	no	-
e3c59d462d13	BACKPORT: bpf: Do mark_chain_precision for ARG_CONST_ALLOC_SIZE_OR_ZERO	2fc31465c537	no	-
be5ea5cb5c61	BACKPORT: bpf: Pass map file to .map_update_batch directly	3af43ba4c601	no	-
bafbe2d57758	BACKPORT: bpf: Sync pending IRQ work before freeing ring buffer	4e9077638301	no	-
52e75c7ae041	BACKPORT: bpf: net: Set sk_bpf_storage back to NULL for cloned sk	f12dd75959b0	no	-
ec1b0d4e1366	BACKPORT: bpf: Fix out of bounds memory access in bpf_sk_storage	85749218e3a6	no	-
96f7d98f660b	BACKPORT: bpf: Improve bucket_log calculation logic	88d6f130e563	no	-
a9c5c7176516	BACKPORT: bpf: Use hlist_add_head_rcu for socket storage	70b971118e07	no	-
fdc79787253a	BACKPORT: bpf: Fix UAF in sock clone early bailouts	7cbd0c4cebe4	no	-
683be423574c	BACKPORT: bpf: x86: Factor out emission of ModR/M for *(reg + off)	11c11d0751fc	no	-
4660c7bf7c3b	BACKPORT: bpf: x86: Factor out emission of REX byte	74007cfc1f71	no	-
d0374ecdca42	BACKPORT: bpf: x86: Factor out a lookup table for some ALU opcodes	e5f02caccfae	no	-
7bf5537b4651	BACKPORT: bpf: Rename BPF_XADD for other atomic operations	91c960b00566	no	-
4c58ef12da8f	BACKPORT: bpf: Move BPF_STX reserved-field check into verifier	c5bcb5eb4db6	no	-
d3f79b8ce950	BACKPORT: bpf: Add BPF_FETCH field / create atomic_fetch_add instruction	5ca419f2864a	no	-
fd3f1b9ac784	BACKPORT: bpf: Add instructions for atomic_[cmp]xchg	5ffa25502b5a	no	-
a7ea3db59123	BACKPORT: bpf: Pull out a macro for interpreting atomic ALU operations	462910670e4a	no	-
aa4b80c54c06	BACKPORT: bpf: Add bitwise atomic instructions	981f94c3e921	no	-
370c72ebacce	BACKPORT: bpf: Propagate stack bounds in BPF_FETCH atomics	37086bfdc737	no	-
11d92c779a8f	BACKPORT: bpf, x86: Fix BPF_FETCH atomic and/or/xor with r0 as src	b29dd96b905f	no	-
e28a3689f999	BACKPORT: bpf: Account for BPF_FETCH in insn_has_def32()	83a2881903f3	no	-
5b1287b85e14	BACKPORT: bpf: Explicitly zero-extend R0 after 32-bit cmpxchg	39491867ace5	no	-
187a1b1cd7e3	BACKPORT: bpf: Fix a spelling typo in bpf_atomic_alu_string disasm	d6fe1cf89026	no	-
94a851e07af7	BACKPORT: bpf, x86: Fix bpf mapping of atomic fetch implementation	ced185824c89	no	-
9dde81a76215	BACKPORT: bpf: Fix kernel address leakage in atomic fetch	7d3baf0afa3a	no	-
442b515aee84	BACKPORT: bpf: Fix kernel address leakage in atomic cmpxchg's r0 aux reg	a82fe085f344	no	-
b219d9b48a11	BACKPORT: bpf: use per htab salt for bucket hash	c0203475765f	no	-
de606935ba0f	BACKPORT: bpf: allow zero-initializing hash map seed	96b3b6c9091d	no	-
8661d7fade02	BACKPORT: bpf: Introduce BPF_F_PRESERVE_ELEMS for perf event array	792caccc4526	no	-
cd9ac59e8849	BACKPORT: bpf: Add map_meta_equal map ops	f4d05259213f	no	-
cb35726f50ad	BACKPORT: bpf: Relax max_entries check for most of the inner map types	134fede4eecf	no	-
f6495b26203b	BACKPORT: bpf: Allow for map-in-map with dynamic inner array map entries	4a8f87e60f6d	no	-
0fa8dacc3014	BACKPORT: bpf: save binary build ID and offset in stackmap	615755a77b24	no	-
a752abd43eb8	BACKPORT: bpf: change prototype for stack_map_get_build_id_offset	5f4126327494	no	-
6c1ce24936d8	BACKPORT: bpf: enable stackmap with build_id in nmi context	bae77c5eb5b2	no	-
dfc5901a1789	BACKPORT: bpf: avoid -Wmaybe-uninitialized warning	dc3b8ae9d271	no	-
b4bfc33a42a5	BACKPORT: bpf: fix panic in stack_map_get_build_id() on i386 and arm32	beaf3d1901f4	no	-
8754459ac804	BACKPORT: bpf: don't assume build-id length is always 20 bytes	0b698005a9d1	no	-
48c706362479	BACKPORT: bpf: zero out build_id for BPF_STACK_BUILD_ID_IP	4af396ae4836	no	-
f26d661f3d8f	BACKPORT: bpf: fix lockdep false positive in stackmap	3defaf2f15b2	no	-
34cd859c8502	BACKPORT: bpf/stackmap: Fix deadlock with rq_lock in bpf_get_stack()	eac9153f2b58	no	-
16d64f2e6b1c	BACKPORT: bpf: Iterate all PT_NOTE sections for build ID	b33164f2bd1c	no	-
5bcd2dc1b315	BACKPORT: bpf: Move stack_map_get_build_id into lib	bd7525dacd7e	no	-
9756f1dbc590	BACKPORT: buildid: only consider GNU notes for build ID parsing	a010d79b6683	no	-
8ff6c5f6a45a	BACKPORT: bpf: add bpf_get_stack helper	c195651e565a	no	-
3f84e1b76dfd	BACKPORT: bpf: add bpf_skb_adjust_room mode BPF_ADJ_ROOM_MAC	14aa31929b72	no	-
150636c7d00f	BACKPORT: bpf: add bpf_skb_adjust_room flag BPF_F_ADJ_ROOM_FIXED_GSO	2278f6cc151a	no	-
81011bdec151	BACKPORT: bpf: add bpf_skb_adjust_room encap flags	868d523535c2	no	-
761f9ee3c727	BACKPORT: bpf: add layer 2 encap support to bpf_skb_adjust_room	58dfc900faff	no	-
7b7d756689cc	BACKPORT: bpf: Fix up bpf_skb_adjust_room helper's skb csum setting	836e66c218f3	no	-
479103af03e4	BACKPORT: bpf: Add csum_level helper for fixing up csum levels	7cdec54f9713	no	-
eb0eb07583e8	BACKPORT: bpf: Add bpf_skb_adjust_room flag BPF_F_ADJ_ROOM_ENCAP_L2_ETH	d01b59c9ae94	no	-
8f028f04771f	BACKPORT: bpf/flow_dissector: pass input flags to BPF program	086f95682114	no	-
52ea965d74a5	BACKPORT: bpf: Add classid helper only based on skb->sk	b426ce83baa7	no	-
8146e6239dc7	BACKPORT: bpf: Add bpf_ktime_get_coarse_ns helper	d05512618056	no	-
f79a6674141c	BACKPORT: bpf: Add BPF-helper for MTU checking	34b2021cc616	no	-
fd6732908ade	BACKPORT: bpf: BPF-helper for MTU checking add length input	e5e35e754c28	no	-
f740512537a2	BACKPORT: bpf: Introduce helper bpf_get_task_stack()	fa28dcb82a38	no	-
a9b38dcfdbd2	BACKPORT: bpf: Fix build without CONFIG_STACKTRACE	046cc3dd9a25	no	-
28f03ec1b3e5	BACKPORT: bpf: Refcount task stack in bpf_get_task_stack	06ab134ce8ec	no	-
0693a6533884	BACKPORT: bpf: Refine retval for bpf_get_task_stack helper	fd0b88f73f53	no	-
a53af7c31ba1	BACKPORT: bpf: Guard against NULL pt_regs in bpf_get_task_stack()	b992f01e6615	no	-
60983674c7fc	BACKPORT: bpf: Add crosstask check to __bpf_get_stack	b8e3a87a627b	no	-
b3037a1375a0	BACKPORT: bpf: support cloning sk storage on accept()	8f51dfc73bf1	no	-
b1819e88a276	BACKPORT: perf: Expose get/put_callchain_entry()	d141b8bc5773	no	-
9941e495077b	BACKPORT: bpf: add support for BPF_SOCK_OPS_BASE_RTT	e6546ef6d86d	no	-
a1168833d468	BACKPORT: bpf: Add access to snd_cwnd and others in sock_ops	f19397a5c656	no	-
f76fd8bc771d	BACKPORT: bpf: Make SOCK_OPS_GET_TCP size independent	a33de3973488	no	-
8bf47564ea26	BACKPORT: bpf: Make SOCK_OPS_GET_TCP struct independent	34d367c59233	no	-
9d50f14fd76f	BACKPORT: bpf: Support passing args to sock_ops bpf function	de525be2ca27	no	-
1d79f995b6d3	BACKPORT: bpf: Adds field bpf_sock_ops_cb_flags to tcp_sock	b13d88072172	no	-
37786f4fe5ab	BACKPORT: bpf: Add sock_ops RTO callback	f89013f66d0f	no	-
998b8ab70b6d	BACKPORT: bpf: Add support for reading sk_state and more	44f0e43037d3	no	-
1ec033300db2	BACKPORT: bpf: Add write access to tcp_sock and sock fields	b73042b8a28e	no	-
ae8574bcabcf	BACKPORT: bpf: Add sock_ops R/W access to tclass	6f9bd3d731aa	no	-
c1d4e691edcd	BACKPORT: bpf: Add BPF_SOCK_OPS_RETRANS_CB	a31ad29e6a30	no	-
03289ea292dd	BACKPORT: bpf: Add BPF_SOCK_OPS_STATE_CB	d44874910a26	no	-
130a501fb9f2	BACKPORT: bpf: Add sock_ops R/W access to ipv4 tos	6f5c39fa5cd4	no	-
5b7267a704e5	BACKPORT: bpf: add perf event notificaton support for sock_ops	a5a3a828cd00	no	-
0210559bf448	BACKPORT: bpf: Refactor sock_ops_convert_ctx_access	9b1f3d6e5af2	no	-
d38071cac290	BACKPORT: bpf: allow clearing all sock_ops callback flags	725721a6506e	no	-
562652917d2c	BACKPORT: bpf: export bpf_sock for BPF_PROG_TYPE_SOCK_OPS prog type	1314ef561102	no	-
2effbf13ee69	BACKPORT: bpf: Run BPF_CGROUP_SOCK_OPS callback on every RTT	23729ff23186	no	-
6116ccba0461	BACKPORT: bpf: split shared bpf_tcp_sock and bpf_sock_ops implementation	2377b81de527	no	-
d408a138d9cd	BACKPORT: bpf: add dsack_dups/delivered{, _ce} to bpf_tcp_sock	0357746d1e40	no	-
9347c3fa1f08	BACKPORT: bpf: add icsk_retransmits to bpf_tcp_sock	c2cb5e82a720	no	-
53149c212910	BACKPORT: bpf: avoid unused variable warning in tcp_bpf_rtt()	bef8e2639242	no	-
8a5f0d71f20d	BACKPORT: bpf: sock_ops ctx access may stomp registers in corner case	fd09af010788	no	-
d4a08b33f8fa	BACKPORT: bpf: Fix sock_ops sk access register stomping	84f44df664e9	no	-
1dcc1fafefb9	BACKPORT: tcp: bpf: Add TCP_BPF_DELACK_MAX setsockopt	2b8ee4f05d4f	no	-
13892e7d42e7	BACKPORT: tcp: bpf: Add TCP_BPF_RTO_MIN for bpf_setsockopt	ca584ba07086	no	-
e575b131bc43	BACKPORT: tcp: record received TOS value in the request socket	e9b12edc133b	no	-
d22b39573533	BACKPORT: ip: pass tos into ip_build_and_send_pkt()	de033b7d1568	no	-
0724d4fb0cf4	BACKPORT: tcp: reflect tos value received in SYN to the socket	ac8f1710c12b	no	-
d982c002ee2c	BACKPORT: tcp: Reflect full IPv4 TOS and IPv6 traffic class	861602b57730	no	-
62b6a8f20fb7	BACKPORT: tcp: Set ECT0 bit in tos/tclass for synack when BPF needs ECN	407c85c7ddd6	no	-
1b555fc459b6	BACKPORT: tcp: Retain ECT bits for tos reflection	8ef44b6fe49d	no	-
cbb22c3df3c6	BACKPORT: tcp: Use BPF timeout setting for SYN ACK RTO	-	unknown	-
454b3a10a62b	BACKPORT: tcp: adjust tail loss probe timeout	bb4d991a28cc	no	-
38316d0db316	BACKPORT: tcp: track total bytes delivered with ECN CE marks	e21db6f69a95	no	-
dc295d4297c9	BACKPORT: tcp: add dsack blocks received stats	7e10b6554ff2	no	-
3ceb62fb749c	BACKPORT: bpf: perf event change needed for subsequent bpf helpers	97562633bcba	no	-
96453692c149	BACKPORT: bpf: Add bpf_perf_event_read_value helper	908432ca84fc	no	-
4a1ac2ab0566	BACKPORT: bpf: add helper bpf_perf_prog_read_value	4bebdc7a85aa	no	-
123006072fc4	BACKPORT: bpf: add bpf_skb_cgroup_id helper	cb20b08ead40	no	-
fa3a26ce539f	BACKPORT: bpf: Introduce bpf_skb_ancestor_cgroup_id helper	7723628101aa	no	-
87d3082216ca	BACKPORT: bpf: Introduce bpf_sysctl_get_name helper	808649fb787d	no	-
157c46f45178	BACKPORT: bpf: Introduce bpf_sysctl_get_current_value helper	1d11b3016cec	no	-
3414e095b9f4	BACKPORT: bpf: Introduce bpf_sysctl_{get,set}_new_value helpers	4e63acdff864	no	-
329bd173dd2d	BACKPORT: bpf: Introduce bpf_strtol and bpf_strtoul helpers	d7a4cb9b6705	no	-
404804d08480	BACKPORT: bpf: Allow bpf_perf_event_read_value in all BPF programs	b80b033bedae	no	-
c04ed0675438	BACKPORT: bpf: Add bpf_read_branch_records() helper	fff7b64355ea	no	-
a6469f630ae5	BACKPORT: bpf: Added new helper bpf_get_ns_current_pid_tgid	b4490c5c4e02	no	-
915e10666455	BACKPORT: bpf: Add netns cookie and enable it for bpf cgroup hooks	f318903c0bf4	no	-
ee1511bbc2b6	BACKPORT: bpf: Enable cgroup ID helpers for cgroup hooks	0f09abd105da	no	-
5e38620351d0	BACKPORT: bpf: Introduce bpf_sk_{, ancestor_}cgroup_id helpers	f307fa2cb4c9	no	-
35f15dac6a8e	BACKPORT: bpf: adding bpf_xdp_adjust_tail helper	b32cc5b9a346	no	-
61e32ff6b2de	BACKPORT: bpf: make generic xdp compatible w/ bpf_xdp_adjust_tail	198d83bb3bec	no	-
cbb46d103287	BACKPORT: bpf: Make test-run aware of data_end changes	587b80cce95b	no	-
094431ce43f4	BACKPORT: bpf: fix xdp_generic for bpf_adjust_tail usecase	f761312023a1	no	-
11cb57f15949	BACKPORT: bpf: add helper for getting xfrm states	12bed760a78d	no	-
897c86a548bd	BACKPORT: ipv6: Count interface receive statistics on the ingress netdev	bdb7cc643fc9	no	-
8bf37539fc66	BACKPORT: bpf: Add FIB forwarding lookup helper	87f5fc7e48dd	no	-
f45d812c1f25	BACKPORT: bpf: Add mtu checking to FIB forwarding helper	4f74fede40df	no	-
4ab4195f682b	BACKPORT: bpf: Drop mpls from bpf_fib_lookup	fa898d769b26	no	-
fc06b38827a0	BACKPORT: bpf: Verify flags in bpf_fib_lookup	9ce64f192d16	no	-
2bd1d2002bf4	BACKPORT: bpf: Return -EAFNOSUPPORT for unsupported FIB families	bcece5dc40b9	no	-
2b42f988466b	BACKPORT: bpf: Clear unused tunnel and XFRM state fields	1fbc2e0cfcf9	no	-
ccd8c3913ac7	BACKPORT: bpf: flowlabel in bpf_fib_lookup should be flowinfo	bd3a08aaa9a3	no	-
387fd53afca7	BACKPORT: bpf: Change bpf_fib_lookup to return lookup status	4c79579b44b1	no	-
2f584d26d7b2	BACKPORT: bpf: add bpf helper bpf_skb_ecn_set_ce	f7c917ba11a6	no	-
8a15949e67d9	BACKPORT: bpf: Expose bpf_skb_ecn_set_ce to SCHED_ACT	315a202987dd	no	-
d51eb652017f	BACKPORT: bpf: add helper to check for a valid SYN cookie	399040847084	no	-
40d370acb070	BACKPORT: bpf: Fix IPv6 FIB forwarding check	56f0f84e69c7	no	-
ebe3b00d3481	BACKPORT: bpf: add bpf_tcp_gen_syncookie helper	70d66244317e	no	-
7738deaa7bfe	BACKPORT: bpf: fix error check in bpf_tcp_gen_syncookie	0741be358d5a	no	-
0d922d25dc87	BACKPORT: bpf: Add bpf_xdp_output() helper	d831ee84bfc9	no	-
8c4857e671e4	BACKPORT: bpf: Accept socket-common BTF pointers in syncookie helpers	c0df236e1394	no	-
103accb5d8db	BACKPORT: bpf: Add redirect_neigh helper as redirect drop-in	b4ab31414970	no	-
fdfdcc2fd8c2	BACKPORT: bpf: Add redirect_peer helper	9aa1206e8f48	no	-
4f02b93cd241	BACKPORT: bpf: Always return target ifindex in bpf_fib_lookup	d1c362e1dd68	no	-
d7a785a8b4a2	BACKPORT: bpf: Allow redirect_neigh to take a nexthop	ba452c9e996d	no	-
b36cf35d7783	BACKPORT: bpf: Fix bpf_fib_lookup helper MTU check for SKB ctx	2c0a10af688c	no	-
bacc38dcfb87	BACKPORT: bpf: Return MTU from bpf_fib_lookup	e1850ea9bd9e	no	-
742652745164	BACKPORT: bpf: Drop MTU check when doing TC-BPF redirect to ingress	5f7d57280c19	no	-
f83ad48d4439	BACKPORT: bpf: implement bpf_send_signal() helper	8b401f9ed244	no	-
318a65e70f02	BACKPORT: bpf: Validate signals early in bpf_send_signal	e1afb70252a8	no	-
5e756db3ff88	BACKPORT: bpf: Add bpf_send_signal_thread() helper	8482941f0906	no	-
95bca56baec8	BACKPORT: bpf: Fix deadlock with rq_lock in bpf_send_signal()	1bc7896e9ef4	no	-
1ed483a264c9	BACKPORT: bpf: Add a bpf_sock_from_file helper	4f19cab76136	no	-
3eb0a9186352	BACKPORT: arm64: insn: add encoders for atomic operations	fa1114d9eba5	no	-
5438fe5fcd0a	BACKPORT: bpf, arm64: Support more atomic operations	1902472b4fa9	no	-
2d910c920115	BACKPORT: bpf: Add cmd alias BPF_PROG_RUN	5d67f349590d	no	-
20672d94c573	BACKPORT: bpf: Implement get_current_task_btf and RET_PTR_TO_BTF_ID	3ca1032ab7ab	no	-
f7a25d754cd5	BACKPORT: bpf: Add bpf_task_pt_regs() helper	dd6e10fbd9fb	no	-
d37a435c07bf	[exynos9810] defconfig: Enable vmlinux BTF for AOSP BPF programs	-	unknown	-
5dcdd2ab6d78	BACKPORT: kbuild: Add skip_encoding_btf_enum64 option to pahole	-	unknown	-
91a0b49ca2e4	BACKPORT: perf/core: Prepare perf_event.h for new types: 'perf_kprobe' and 'perf_uprobe'	65074d43fc77	no	-
d316fb88b9b0	BACKPORT: perf/headers: Sync new perf_event.h with the tools/include/uapi version	0d8dd67be013	no	-
b139cfff96a1	BACKPORT: perf/core: Implement the 'perf_kprobe' PMU	e12f03d7031a	no	-
f748b63316b3	BACKPORT: perf/core: Implement the 'perf_uprobe' PMU	33ea4b24277b	no	-
be59a597dbf7	BACKPORT: perf/core: Fix perf_kprobe_init()	5da13ab8b0dc	no	-
11f5ffad9d1a	BACKPORT: perf/core: Fix perf_uprobe_init()	0eadcc7a7bc0	no	-
a35a1221f4fe	BACKPORT: perf/core: Need CAP_SYS_ADMIN to create k/uprobe with perf_event_open()	32e6e967fb36	no	-
332749970a46	BACKPORT: tracing: Fix bad use of igrab in trace_uprobe.c	0c92c7a3c5d4	no	-
b8b06e330c1a	BACKPORT: tracing/perf: Use strndup_user() instead of buggy open-coded version	83540fbc8812	no	-
9cc1651975ad	BACKPORT: tracing: Fix race in perf_trace_buf initialization	6b1340cc00ed	no	-
743901673fef	BACKPORT: tracing/uprobes: Check the return value of kstrdup() for tu->filename	8c7224245557	no	-
dcd161698068	[exynos9810] defconfig: Enable UPROBE_EVENTS for UprobeStats	-	unknown	-
bff4be212973	BACKPORT: dma-buf: Rename debugfs symbols	89f9dba365e1	no	-
b90ee5d15b13	BACKPORT: dma-buf: give each buffer a full-fledged inode	ed63bb1d1f84	no	-
08d190f1da6e	BACKPORT: dma-buf: add DMA_BUF_SET_NAME ioctls	bb2bb9030425	no	-
819aeea06793	BACKPORT: dma-buf: free dmabuf->name in dma_buf_release()	d1f37226431f	no	-
bb08e15effa0	BACKPORT: dma-buf: Fix SET_NAME ioctl uapi	a5bff92eaac4	no	-
8d1d931aab8a	BACKPORT: dma-buf: Move dma_buf_release() from fops to dentry_ops	4ab59c3c638c	no	-
df9c5b8319d6	BACKPORT: dmabuf: use spinlock to access dmabuf->name	6348dd291e36	no	-
7e93ac0afe0f	BACKPORT: bpf: Add dmabuf iterator	76ea95534995	no	-
a818f37d3993	UPSTREAM: bpf: Fix truncated dmabuf iterator reads	234483565dbb	no	-
43b999b8c3bc	BACKPORT: capabilities: Introduce CAP_PERFMON to kernel and user space	980737282232	no	-
667e0cd40150	BACKPORT: gpu/trace: add a gpu total memory usage tracepoint	bbd9d05618a6	no	-
b6502a10f7f2	[exynos9810] gpu: mali: Enable standard GPU memory tracepoint	-	unknown	-
7cd3d170e43b	BACKPORT: gpu: mali: Report per-UID GPU work periods	-	unknown	-
5d9af74f785b	syscall: Advertise BPF ABI 5.15.178 to Android	-	unknown	-
27d2551f17d1	UPSTREAM: netfilter: xt_conntrack: Support bit-shifting for CONNMARK & MARK targets.	-	unknown	-
e5b1b009b3cf	UPSTREAM: netfilter: xt_connmark: Add bit mapping for bit-shift operation.	-	unknown	-
ad8865db8663	UPSTREAM: netfilter: xt_connmark: do not cast xt_connmark_tginfo1 to xt_connmark_tginfo2	-	unknown	-
d8f54439965e	UPSTREAM: netfilter: xt_connmark: fix list corruption on rmmod	-	unknown	-
d5232d086b0e	BACKPORT: netfilter: xt_connmark: reject invalid shift parameters	1b47026fb4b3	no	-
88a7f62f2d3f	BACKPORT: PM / wakeup: Refactor wakeup source creation	0d105d0f2538	no	-
d36231c0e786	BACKPORT: PM / wakeup: Use register() in wakelock.c	2434aea58e65	no	-
0c6f8a9a50ad	BACKPORT: PM / wakeup: Show wakeup sources stats in sysfs	c8377adfa781	no	-
a9c21d0d10de	BACKPORT: PM / wakeup: Fix sysfs registration error path	ae367b793640	no	-
877078295032	BACKPORT: PM / wakeup: Register wakeup class kobj after device is added	2ca3d1ecb8c4	no	-
de83e17ff3ec	BACKPORT: PM / wakeup: Unexport wakeup_source_sysfs_{add,remove}()	78c0f050847c	no	-
fa2d6d560fdb	BACKPORT: PM: sleep: wakeup: Skip sysfs remove if device is not there	87de6594dc45	no	-
db4d1fafd445	[exynos9810] PM / wakeup: Export legacy wakeup sources in sysfs	-	unknown	-
f8661bfe0407	BACKPORT: PM/sleep: Expose suspend stats in sysfs	2c8db5bef9fb	no	-
5ae74b07b89d	BACKPORT: PM: sleep: stats: Use array of suspend step names	bc88528cda2e	no	-
5a6cb7840aa6	[exynos9810] battery_v2: Gate charging CPU cap on temperature	-	unknown	-
7e62d1e32963	BACKPORT: crypto: testmgr - Allow different compression results	336073840a87	no	-
49a423d770b9	UPSTREAM: crypto: testmgr - fix sizeof() on COMP_BUF_SIZE	22a8118d3293	no	-
083f0c886afa	BACKPORT: lib: zstd: Add kernel-specific API	cf30f6a5f0c6	no	-
7f4178e8fe70	BACKPORT: lib: zstd: Upgrade to version 1.4.10	e0c1b49f5b67	no	-
f6abd57fae2e	UPSTREAM: lib: zstd: Add cast to silence clang's -Wbitwise-instead-of-logical	0a8ea235837c	no	-
263c52e85c36	UPSTREAM: lib: zstd: Fix unused variable warning	ae8d67b2117f	no	-
52ed80f28382	UPSTREAM: lib: zstd: Don't inline functions in zstd_opt.c	1974990cca43	no	-
431c7d9d8a3b	UPSTREAM: lib: zstd: Don't add -O3 to cflags	7416cdc9b9c1	no	-
ab1144a5aea5	UPSTREAM: zstd: Fixing mixed module-builtin objects	637a642f5ca5	no	-
35a1ae238879	UPSTREAM: zstd: Move zstd-common module exports to zstd_common_module.c	4782c725c153	no	-
c95f363d9686	BACKPORT: zstd: Import upstream v1.5.2	2aa14b1ab2c4	no	-
615f38c623e2	BACKPORT: zstd: Import upstream v1.5.7	65d1f5507ed2	no	-
5a30cf59330c	BACKPORT: bpf: remove useless version check for prog load	6c4fc209fcf9	no	-
f4cb49f3084c	BACKPORT: ANDROID: fuse: Move functions in preparation for fuse-bpf	88b7179fcdb5	no	-
435bb390114e	BACKPORT: ANDROID: fuse-bpf: Add request UAPI	57f3ff964899	no	-
e82cf882f1d3	BACKPORT: ANDROID: bpf: Add FUSE program type verifier	57f3ff964899	no	-
d1c43a040e50	BACKPORT: ANDROID: fuse-bpf: Add object lifetime state	57f3ff964899	no	-
5bc77b5b941f	BACKPORT: ANDROID: fuse-bpf: Own root program and path	57f3ff964899	no	-
021499e96a40	BACKPORT: ANDROID: fuse: Carry BPF request metadata	57f3ff964899	no	-
462a37becb45	BACKPORT: ANDROID: fuse-bpf: Add request dispatcher	57f3ff964899	no	-
55d79ed8f2a8	BACKPORT: ANDROID: fuse-bpf: Add backing inode identity	57f3ff964899	no	-
04db905cb97f	BACKPORT: ANDROID: fuse-bpf: Resolve lookup reply fds	57f3ff964899	no	-
0d8f5f8f6a58	BACKPORT: ANDROID: fuse-bpf: Fix request dispatcher	57f3ff964899	no	-
90d81d6b357b	BACKPORT: ANDROID: fuse-bpf: Add lookup backing helpers	57f3ff964899	no	-
1246d4fcee00	BACKPORT: ANDROID: fuse-bpf: Route lookup and revalidation	57f3ff964899	no	-
331706830f20	BACKPORT: ANDROID: fuse-bpf: Preserve final dispatch errors	57f3ff964899	no	-
f83e432ae342	BACKPORT: ANDROID: fuse-bpf: Route open and release	57f3ff964899	no	-
ed409e286013	BACKPORT: ANDROID: fuse-bpf: Move release to final file put	26fdb5f5bfb6	no	-
001e41c3276e	BACKPORT: ANDROID: fuse-bpf: Guard classic release state	b496cc311544	no	-
fbaf6a964690	BACKPORT: fs: Export rw_verify_area for FUSE-BPF	-	unknown	-
774bdfd72c91	BACKPORT: ANDROID: fuse-bpf: Harden backing open and dispatch	57f3ff964899	no	-
64ddfca1e287	BACKPORT: ANDROID: fuse-bpf: Route synchronous read and write	6be5b06e4195	no	-
6bdef1ad53a8	BACKPORT: ANDROID: fuse-bpf: Isolate lower-only handles	-	unknown	-
936daf1fe038	BACKPORT: ANDROID: fuse-bpf: Route flush and fsync	6be5b06e4195	no	-
35890c08a95c	BACKPORT: ANDROID: fuse-bpf: Contain lower file cache paths	-	unknown	-
b724cc737f10	BACKPORT: ANDROID: fuse-bpf: Stabilize backing paths	-	unknown	-
0914a4e78ca5	BACKPORT: ANDROID: fuse-bpf: Route inode metadata queries	6be5b06e4195	no	-
ffbc4f8806a1	BACKPORT: ANDROID: fuse-bpf: Support FUSE_STATFS	de92205dacdb	no	-
9b125b85ac23	BACKPORT: ANDROID: fuse-bpf: Contain unported inode operations	-	unknown	-
a715e7318117	BACKPORT: bpf: Track context buffer pairs	-	unknown	-
91f581789ac1	BACKPORT: ANDROID: fuse-bpf: Enforce argument bounds	-	unknown	-
68ffa7e38bc8	BACKPORT: ANDROID: fuse-bpf: Restore safe daemon fallback	-	unknown	-
186c5cdf2d46	BACKPORT: ANDROID: fuse-bpf: Fix postfilter status handling	-	unknown	-
8c00449e647d	BACKPORT: ANDROID: fuse-bpf: Route setattr to backing inodes	57f3ff964899	no	-
d220f0d71646	BACKPORT: ANDROID: fuse-bpf: Route read-only xattrs	6be5b06e4195	no	-
7c6d7b86d37b	BACKPORT: ANDROID: fuse-bpf: Route xattr mutations	6be5b06e4195	no	-
5306c517e760	BACKPORT: ANDROID: fuse-bpf: Route lower readdir	57f3ff964899	no	-
d32cef2d3b4c	BACKPORT: ANDROID: fuse-bpf: Route symlink operations	57f3ff964899	no	-
0fdfbcad2d5f	ANDROID: fuse-bpf: Roll back failed lower creates	-	unknown	-
4663032f8bd2	BACKPORT: ANDROID: fuse-bpf: Route node creation	57f3ff964899	no	-
b4d9f5115cfd	BACKPORT: ANDROID: fuse-bpf: Route atomic create and open	57f3ff964899	no	-
64c3c2605d17	BACKPORT: ANDROID: fuse-bpf: Route unlink and rmdir	57f3ff964899	no	-
a18d468e489d	BACKPORT: ANDROID: fuse-bpf: Route hardlinks	57f3ff964899	no	-
9b638b00f0dd	BACKPORT: ANDROID: fuse-bpf: Route ordinary rename	57f3ff964899	no	-
831b06690d51	BACKPORT: ANDROID: fuse-bpf: Route noreplace rename	57f3ff964899	no	-
a15c182a3118	BACKPORT: ANDROID: fuse-bpf: Route exchange rename	57f3ff964899	no	-
15a7bd676275	BACKPORT: ANDROID: fuse-bpf: Route lower llseek	57f3ff964899	no	-
4b2b12148e2b	BACKPORT: ANDROID: fuse-bpf: Route lower fallocate	57f3ff964899	no	-
b357ab68ae65	BACKPORT: ANDROID: fuse-bpf: Route lower copy_file_range	57f3ff964899	no	-
698a4f928ff9	BACKPORT: ANDROID: fuse-bpf: Route lower mmap	57f3ff964899	no	-
150c66292849	ANDROID: fuse-bpf: Route lower POSIX file locks	-	unknown	-
83c39eeabe66	BACKPORT: ANDROID: fuse-bpf: Add partial flock support	914d854f8575	no	-
712014d68c1a	BACKPORT: ANDROID: fuse-bpf: Add partial ioctl support	cbd4c981f298	no	-
2e402893d6d6	BACKPORT: ANDROID: fuse-bpf: Check inode not null	9859126ade40	no	-
b5f202c75ea5	BACKPORT: ANDROID: fuse-bpf: Add bpf to negative fuse_dentry	44df0b00ba90	no	-
749d89394cb9	BACKPORT: ANDROID: fuse-bpf: Use stored bpf for create_open	f1ba38450822	no	-
39f9e592f54c	BACKPORT: ANDROID: fuse-bpf: Align data structs for 32-bit kernels	7a7749b840c1	no	-
d9cc8c117f4f	BACKPORT: ANDROID: fuse-bpf: Ignore readaheads unless they go to the daemon	67e07e3a663f	no	-
69a10a1b2a22	BACKPORT: ANDROID: fuse-bpf: Do not change bpf program in lookups	aba5f5754be4	no	-
557648c321b9	BACKPORT: ANDROID: fuse-bpf: Follow mounts in lookups	0add751dfb19	no	-
26b029780671	BACKPORT: ANDROID: fuse-bpf: Fix readdir for getdents	3dd5c48b9e06	no	-
0c9215861eaf	BACKPORT: ANDROID: fuse-bpf: Ensure bpf field can never be nulled	b5f38513624c	no	-
78ca0ea4bd88	BACKPORT: ANDROID: fuse-bpf: Add /sys/fs flags for fuse-bpf version	7a1cca7dbd8e	no	-
09d34b969a22	BACKPORT: ANDROID: fuse-bpf: Accept extended userspace lookups	f5f4199c102a	no	-
347b8fbef438	BACKPORT: ANDROID: fuse-bpf: Complete readdir filtering	57f3ff964899	no	-
19b941505357	ANDROID: fuse-bpf: Do not forget zero-lookup inodes	-	unknown	-
70ab54163d8a	ANDROID: fuse-bpf: Capture lookup replacement files atomically	-	unknown	-
693716310f27	[exynos9810] defconfig: Enable FUSE-BPF request filtering	-	unknown	-
8ca1f5701cca	[exynos9810] defconfig: Regenerate configs	-	unknown	-
b6ffe748dd7b	[exynos9810] defconfig: Disable CONFIG_SDCARD_FS	-	unknown	-
1216e0d9712e	BACKPORT: bpf: fix potential error return	c4441ca86afe	no	-
c8bd6450d1b9	BACKPORT: bpf: Check validity of link->type in bpf_link_show_fdinfo()	8421d4c8762b	no	-
a025dfc73b43	BACKPORT: bpf: Defer the free of inner map when necessary	876673364161	no	-
35af44bc824b	BACKPORT: bpf: Set uattr->batch.count as zero before batched update or deletion	06e5c999f102	no	-
d7cc53d1c4f9	BACKPORT: bpf: use kvzmalloc to allocate BPF verifier environment	434247637c66	no	-
e1a2f811cc56	BACKPORT: bpf: Check percpu map value size first	1d244784be6b	no	-
e9babcb1de53	BACKPORT: bpf: Add MEM_RDONLY for helper args that are pointers to rdonly mem.	216e3cd2f28d	no	-
bc1f0754a884	BACKPORT: bpf: Take return from set_memory_ro() into account with bpf_prog_lock_ro()	7d2cc63eca0c	no	-
81b6d752167c	BACKPORT: bpf: Mark bpf_spin_{lock,unlock}() helpers with notrace correctly	178c54666f9c	no	-
d321dbcf7055	BACKPORT: bpf: Fix bpf_strtol and bpf_strtoul helpers for 32bit	cfe69c50b055	no	-
924046a87dd9	BACKPORT: bpf: Fix DEVMAP_HASH overflow check on 32-bit arches	281d464a34f5	no	-
dc8556dce429	BACKPORT: bpf: Fix hashtab overflow check on 32-bit arches	6787d916c2cf	no	-
4d0f27f54b03	BACKPORT: bpf: Fix stackmap overflow check on 32-bit arches	7a4b21250bf7	no	-
7d519e05fe3e	BACKPORT: bpf: Add struct for bin_args arg in bpf_bprintf_prepare	78aa1cc94043	no	-
7a8b103309a9	BACKPORT: bpf: Do cleanup in bpf_bprintf_cleanup only when needed	f19a4050455a	no	-
f30c5b836cf5	BACKPORT: bpf: Remove trace_printk_lock	e2bb9e01d589	no	-
7c8eb9b1163e	BACKPORT: list: Add hlist_unhashed_lockless()	c54a2744497d	no	-
f7268740fd33	BACKPORT: bpf: Annotate data races in bpf_local_storage	0a09a2f933c7	no	-
001730e39762	BACKPORT: bpf: Fix potential race in tail call compatibility check	54713c85f536	no	-
0bad2f02cdf1	BACKPORT: bpf: bpf_fib_lookup should not return neigh in NUD_FAILED state	1fe4850b34ab	no	-
2cdd9116ccb8	BACKPORT: bpf: Support dual-stack sockets in bpf_tcp_check_syncookie	2e8702cc0cfa	no	-
c196ca88d2fa	ANDROID: bpf: do not fail to load if log is full	973c7a0d8a38	no	-
7e6c137de5de	BACKPORT: bpf, sockmap: Reject sk_msg egress redirects to non-TCP sockets	b80e31baa436	no	-
967f0617b577	BACKPORT: bpf: Fix a possible task gone issue with bpf_send_signal[_thread]() helpers	bdb7fdb0aca8	no	-
75284402496e	BACKPORT: bpf: Skip task with pid=1 in send_signal_common()	a3d81bc1eaef	no	-
19134bd436c7	BACKPORT: sock: redo the psock vs ULP protection check	e34a07c0ae39	no	-
d13ea670dddf	[exynos9810] sched: ems: Expand SchedTune boost groups to 10	-	unknown	-
f69c7ee69d30	BACKPORT: bpf, lwt: Fix crash when using bpf_skb_set_tunnel_key() from bpf_xmit lwt hook	b02d196c44ea	no	-
444e8a000bd0	BACKPORT: net: sched: cls_bpf: Undo tcf_bind_filter in case of an error	26a22194927e	no	-
076710bd88db	BACKPORT: lwt: Fix return values of BPF xmit ops	29b22badb7a8	no	-
7029f968fde6	BACKPORT: bpf, test_run: Fix alignment problem in bpf_prog_test_run_skb()	d3fd203f36d4	no	-
8281d03e16b1	BACKPORT: udp: re-score reuseport groups when connected sockets are present	f0ea27e7bfe1	no	-
6db5295cecb4	BACKPORT: tcp: uniform the set up of sockets after successful connection	27204aaa9dc6	no	-
4bd212bf77e7	[exynos9810] arm64: dts: Fix starlte HSI2C3 pin ownership	-	unknown	-
3c8824b0c4e7	[exynos9810] defconfig: Enable CFQ group I/O scheduling	-	unknown	-
d2ec292ffd08	BACKPORT: binder: detect oneway transaction spam	261e7818f06e	yes	01ad2bbbd5a3
8f50d9eb049e	BACKPORT: binder: report oneway spam to userspace	a7dc1e6f99df	no	-
79426cb46966	BACKPORT: binder: return EFAULT for spam-detection ioctl	ced081a436d2	no	-
4f5531544939	BACKPORT: binder: free oneway-spam completion work	1aa3aaf8953c	no	-
5a82a1082d45	BACKPORT: binder: prepare shared internals for binderfs	3ad20fe393b3	no	-
c286cded153a	BACKPORT: binder: add BinderFS support for 4.9	3ad20fe393b3	no	-
d1e7ad6534da	[exynos9810] defconfig: Enable BinderFS	-	unknown	-
19fe54d5e25d	BACKPORT: selinux: allow per-file labelling for binderfs	7a4b51947475	no	-
036c755cddd5	BACKPORT: binder: use binderfs devices when configured	ca2864c6e896	no	-
4a06e92a58ae	BACKPORT: binder: add binder_proc logging to binderfs	4feb80faf428	no	-
f909e73502f4	[exynos9810] selinux: Drop inode security polling workaround	-	unknown	-
7e50ded11d2d	[exynos9810] selinux: Stop logging normal genfs lookup misses	-	unknown	-
1855dc2045c8	BACKPORT: bpf: Add support for batched ops in LPM trie maps	f56387c534cc	no	-
7b4944078d16	BACKPORT: bpf: Add batched ops support for percpu array	f008d732ab18	no	-
77974f416717	BACKPORT: bpf: Add BTF_KIND_FLOAT to uapi	8fd886911a6a	no	-
292c39161aeb	BACKPORT: bpf: Add BTF_KIND_FLOAT support	b1828f0b0482	no	-
117dacf25d7b	BACKPORT: bpf: verifier: Use target program's type for access verifications	7e40781cc8b7	no	-
3879d33b5341	BACKPORT: bpf: change logging calls from verbose() to bpf_log() and use log pointer	efc68158c429	no	-
bde699fa5582	BACKPORT: bpf: verifier: refactor check_attach_btf_id()	f7b12b6fea00	no	-
36ce47789d7a	BACKPORT: bpf: Move prog->aux->linked_prog and trampoline into bpf_link on attach	3aac1ead5eb6	no	-
c8578dccaba4	BACKPORT: bpf: Support attaching freplace programs to multiple attach points	4a1e7c0c63e0	no	-
701d13d2a2d6	BACKPORT: bpf: Fix context type resolving for extension programs	43bc2874e779	no	-
2c39df5755c4	BACKPORT: bpf: Allow trampoline re-attach for tracing and lsm programs	f3a95075549e	no	-
c6e8e376c368	BACKPORT: bpf: Prepare bpf_prog_put() to be called from irq context.	d809e134be7a	no	-
029e4093a188	BACKPORT: bpf: Factor out bpf_spin_lock into helpers.	c1b3fed319d3	no	-
2272aff7a420	BACKPORT: bpf: decouple btf from seq bpf fs dump and enable more maps	e8d2bec04579	no	-
0d4a90f470f7	BACKPORT: hrtimer: Store running timer in hrtimer_clock_base	3f0b9e8eec72	no	-
736671409462	BACKPORT: hrtimer: Make room in 'struct hrtimer_cpu_base'	da21c5a58a7f	no	-
ea123397bc21	BACKPORT: hrtimer: Make the hrtimer_cpu_base::hres_active field unconditional, to simplify the code	28bfd18bf3da	no	-
3cb45f27a7cb	BACKPORT: hrtimer: Use accesor functions instead of direct access	851cff8caf4d	no	-
1aadd98f9f8f	BACKPORT: hrtimer: Make the remote enqueue check unconditional	07a9a7eae86a	no	-
49fe68945d50	BACKPORT: hrtimer: Make hrtimer_cpu_base.next_timer handling unconditional	eb27926ba052	no	-
9fe1c0e173aa	BACKPORT: hrtimer: Make hrtimer_reprogramm() unconditional	11a9fe069e34	no	-
babf7252e13f	BACKPORT: hrtimer: Make hrtimer_force_reprogramm() unconditionally available	ebba2c723f38	no	-
0b68a58910d8	BACKPORT: hrtimer: Unify hrtimer removal handling	61bb4bcb79c7	no	-
1c767857110f	BACKPORT: hrtimer: Unify remote enqueue handling	14c803419de6	no	-
97c007529ec5	BACKPORT: hrtimer: Make remote enqueue decision less restrictive	2ac2dccce9d1	no	-
0e2338f22515	BACKPORT: hrtimer: Remove the 'base' parameter from hrtimer_reprogram()	3ec7a3ee9f15	no	-
22a309935838	BACKPORT: hrtimer: Factor out __hrtimer_start_range_ns()	138a6b7ae4de	no	-
1be8a780f6aa	BACKPORT: hrtimer: Factor out __hrtimer_next_event_base()	ad38f596d8e4	no	-
d3d19b1558f4	BACKPORT: hrtimer: Use irqsave/irqrestore around __run_hrtimer()	dd934aa8ad1f	no	-
755d2e7a1f01	BACKPORT: hrtimer: Add clock bases and hrtimer mode for softirq context	98ecadd4305d	no	-
2c3ab8405d6a	BACKPORT: hrtimer: Prepare handling of hard and softirq based hrtimers	c458b1d10203	no	-
8381dabde508	BACKPORT: hrtimer: Implement support for softirq based hrtimers	5da70160462e	no	-
612687afbb1b	BACKPORT: hrtimer: Implement SOFT/HARD clock base selection	42f42da41b54	no	-
70bafc8620d2	BACKPORT: bpf: Introduce bpf timers.	b00628b1c7d5	no	-
273b4dd1b732	BACKPORT: bpf: Add map side support for bpf timers.	68134668c17f	no	-
9d55b94e8f5d	BACKPORT: bpf: Prevent pointer mismatch in bpf_timer_init.	3e8ce29850f1	no	-
021299bc6133	BACKPORT: bpf: Remember BTF of inner maps.	40ec00abf1cc	no	-
b3c2739066b9	BACKPORT: bpf: Relax verifier recursion check.	86fc6ee6e246	no	-
fab0b8410829	BACKPORT: bpf: Implement verifier support for validation of async callbacks.	bfc6bb74e4f1	no	-
4f4a9903c700	BACKPORT: bpf: Teach stack depth check about async callbacks.	7ddc80a476c2	no	-
a908540bda06	BACKPORT: bpf: Fix inner map state pruning regression.	34d11a440c61	no	-
748102c028c7	BACKPORT: bpf: Forbid bpf_ktime_get_coarse_ns and bpf_timer_* in tracing progs	5e0bc3082e2e	no	-
6b42924e30c0	BACKPORT: bpf: Fix verifier support for validation of async callbacks	a5bebc4f00de	no	-
c9e6ea2549a8	BACKPORT: bpf: Fix crash due to incorrect copy_map_value	a8abb0c3dc1e	no	-
c04068aeb578	BACKPORT: bpf: Fix a bpf_timer initialization issue	5eaed6eedbe9	no	-
c584484ee2ed	BACKPORT: bpf: Don't reinit map value in prealloc_lru_pop	275c30bcee66	no	-
ce676396c6c7	BACKPORT: bpf: Fix max stack depth check for async callbacks	5415ccd50a86	no	-
bf766aa41dea	BACKPORT: bpf: Fix subprog idx logic in check_max_stack_depth	ba7b3e7d5f90	no	-
559eee372694	BACKPORT: bpf: Check map->usercnt after timer->timer is assigned	fd381ce60a2d	no	-
831d3eaee720	BACKPORT: bpf: Fix racing between bpf_timer_cancel_and_free and bpf_timer_cancel	0281b919e175	no	-
4cc5701b00cf	BACKPORT: tcp: Use a struct to represent a saved_syn	70a217f1976f	no	-
89014c976a6e	BACKPORT: tcp: Add saw_unknown to struct tcp_options_received	7656d6845589	no	-
0ee2af35b905	BACKPORT: bpf: tcp: Add bpf_skops_established()	72be0fe6ba76	no	-
d2852947eae7	BACKPORT: bpf: tcp: Add bpf_skops_parse_hdr()	00d211a4ea6f	no	-
4d161a754796	BACKPORT: bpf: tcp: Add bpf_skops_hdr_opt_len() and bpf_skops_write_hdr_opt()	331fca4315ef	no	-
c46c19870629	BACKPORT: bpf: tcp: Allow bpf prog to write and parse TCP header option	0813a841566f	no	-
dcf26f80377e	BACKPORT: bpf: tcp: Do not limit cb_flags when creating child sk from listen sk	82f45c6c4a70	no	-
e91e0c9c2452	BACKPORT: bpf: Introduce bpfptr_t user/kernel pointer.	cdf7fb0a9f3d	no	-
740126dad53a	BACKPORT: bpf: Introduce bpf_sys_bpf() helper and program type.	79a7f8bdb159	no	-
5bb9d94a7746	BACKPORT: bpf: Prepare bpf syscall to be used from kernel and user space.	af2ac3e13e45	no	-
1394e7556cda	BACKPORT: bpf: Make btf_load command to be bpfptr_t compatible.	c571bd752e91	no	-
914f49540b52	BACKPORT: bpf: Introduce fd_idx	387544bfa291	no	-
0b1d21c45d4e	BACKPORT: bpf: Add bpf_btf_find_by_name_kind() helper.	3d78417b60fb	no	-
89986d52b803	BACKPORT: bpf: Add bpf_sys_close() helper.	3abea089246f	no	-
7b97f8d3b7fb	BACKPORT: BPF: Fix bad pointer dereference in bpf_sys_bpf().	e2dcac2f58f5	no	-
7abe86faf229	BACKPORT: bpf: Restrict bpf_sys_bpf to CAP_PERFMON	14b20b784f59	no	-
67e481ec62b9	BACKPORT: bpf: Add in-kernel split BTF support	951bb64621b8	no	-
ae25ca2f3a61	BACKPORT: kbuild: Build kernel module BTFs when enabled	5f9ae91f7c0d	no	-
153075dfe81a	BACKPORT: bpf: btf: Add struct bpf_btf_info	62dab84c81a4	no	-
7cd6cfb67e81	BACKPORT: bpf: Assign ID to vmlinux BTF and return extra info	5329722057d4	no	-
f918f5e44a22	BACKPORT: notifier: Add robust blocking notifier calls	70d932985757	no	-
1e57fde93218	BACKPORT: module: Properly propagate MODULE_STATE_COMING failure	59cc8e0a906e	no	-
aea6908621c0	BACKPORT: bpf: Load and verify kernel module BTFs	36e68442d1af	no	-
5ed4fa34b06b	BACKPORT: bpf: Compile out module BTF parser when disabled	7112d127984b	no	-
bbf17b6d0114	BACKPORT: bpf: Sanitize BTF data pointer after module load	607c543f939d	no	-
f1eb9617d26b	BACKPORT: bpf: Keep module BTF data size after load	2fe8890848c7	no	-
d8d0c394b162	BACKPORT: kbuild: Skip external module BTF without vmlinux	e732b538f455	no	-
a58ec867819e	BACKPORT: bpf: Allow empty module BTFs	bcc5e6162d66	no	-
984b8799ca4b	BACKPORT: bpf: Remove hard-coded vmlinux BTF assumption	22dc4a0f5ed1	no	-
db9b20198a0c	BACKPORT: bpf: Allow module BTF when attaching programs	290248a5b7d8	no	-
de407dc50a4f	BACKPORT: bpf: Support BPF ksym variables in kernel modules	541c3bad8dc5	no	-
62abbb2f8ad2	BACKPORT: bpf: Search module BTFs by name and kind	3d78417b60fb	no	-
5ff0077032e2	BACKPORT: bpf: Support access to BPF map fields	41c48f3a9823	no	-
6f11c86c92bb	BACKPORT: bpf: Generalize and split local storage	f836a56e84ff	no	-
0475d5694a93	BACKPORT: bpf: Implement local storage for inodes	8ea636848aca	no	-
68c98f0dbfa2	BACKPORT: bpf: Implement local storage for tasks	4cf1bc1f1045	no	-
3315da4f9970	BACKPORT: security: Refactor declaration of LSM hooks	98e828a0650f	no	-
eb8726624efa	BACKPORT: bpf: Add BPF LSM program support	ae24082331d9	no	-
5f7f5b7fecc1	BACKPORT: bpf: inet_diag: Dump socket local storage	5682d393b40e	no	-
3eeb96c32bfa	BACKPORT: ipv6: sr: Add seg6local lightweight tunnel support	b04c80d3a7e2	no	-
4bac054bc19d	BACKPORT: bpf: Add IPv6 Segment Routing support	fe94cc290f53	no	-
f74a4d193d8d	BACKPORT: bpf: Add IP encapsulation and rerouting to LWT	3e0bd37ce0e4	no	-
ffd71779f16d	BACKPORT: media: rc: Add BPF LIRC mode 2 decoding	f4364dcfc86d	no	-
c49c98ee5ce7	BACKPORT: bpf: Add struct_ops and TCP congestion control	27ae7997a661	no	-
8a2c5c379e05	BACKPORT: bpf: Add kernel function calls	e5069b9c23b3	no	-
f787c74339cb	BACKPORT: xdp: Add AF_XDP sockets and XSK maps	68e8b849b221	no	-
be80765f2f94	BACKPORT: bpf, xdp: Add generic dispatcher plumbing	75ccbef6369e	no	-
6f1d61ebee79	BACKPORT: bpf: Complete program and link introspection	85d33df357b6	no	-
7633d6f4f59e	BACKPORT: bpf: Complete socket context metadata	aa65d6960a98	no	-
d3f853feb789	BACKPORT: bpf: Complete helper availability	07be4c4a3e7a	no	-
1f85fb24ef92	BACKPORT: bpf: Add TC socket assignment	cf7fbe660f2d	no	-
3ccb98f0bb8e	BACKPORT: bpf, sockmap: Add SK_SKB room adjustment	18ebe16d1049	no	-
be6e1a7fc093	BACKPORT: bpf, flow_dissector: Complete raw context support	089b19a9204f	no	-
1001493c6649	BACKPORT: bpf: Complete program test-run support	f42ee093be29	no	-
87374a85ab4f	BACKPORT: bpf: Complete tunnel and network namespace flags	77a5196a804e	no	-
4b83bd936b60	BACKPORT: btf: Add global extern linkage value	166750bc1dd2	no	-
a470e33cd6dd	BACKPORT: xdp: Add redirect-map broadcast support	e624d4ed4aa8	no	-
f0cedc3ccda4	BACKPORT: bpf: Complete generic XDP map redirects	fe21cb91ae7b	no	-
bee7d38ad969	BACKPORT: xdp: Complete packet head and tail adjustment	f95f0f95cfb7	no	-
aabd7d84ff84	BACKPORT: bpf: Synchronize the in-tree UAPI header copy	-	unknown	-
3b2281414394	BACKPORT: bpf: Support lookup and delete on hash maps	3e87f192b405	no	-
275d6887acb4	BACKPORT: bpf: Honor socket-ops base RTT in TCP NV	e6546ef6d86d	no	-
cc97f89575e9	BACKPORT: bpf: Lock cgroup bind hooks for socket options	427167c0b064	no	-
5455ca6fe096	BACKPORT: bpf: Allow more maps in sleepable programs	638e4b825d52	no	-
c93c189f1955	BACKPORT: bpf: Allow variable-offset stack access	01f810ace9ed	no	-
20a09ba8e83b	BACKPORT: bpf: Do not mark speculative-only instructions seen	fe9a5ca7e370	no	-
dad0d86a0cf3	BACKPORT: bpf: Fix ALU mask tightening under state pruning	e042aa532c84	no	-
86a927bb4412	BACKPORT: bpf: Share cgroup storage between programs	7d9c3427894f	no	-
32e2884df688	BACKPORT: bpf: Increase cgroup storage value size	33b57e0cc78e	no	-
18a1bf523212	BACKPORT: bpf: Finish BTF UAPI header synchronization	948dc8c99a22	no	-
3afa47d6b0ab	BACKPORT: bpf: Complete bpf_sock_addr access widths	600c70bad659	no	-
40ff521d1d02	BACKPORT: bpf: Emit BPF TCP state enum into BTF	97a19caf1b1f	no	-
0d5e75a2cbef	BACKPORT: xdp: Clear stale devmap redirect state	e624d4ed4aa8	no	-
381113911dce	BACKPORT: bpf: Complete scalar ALU32 verifier tracking	3a71dc366d4a	no	-
f75924fdb3a1	BACKPORT: bpf: Enforce the exact tail-call limit	b61a28cf11d6	no	-
bf2e46f8c24a	BACKPORT: seg6: Harden SRH validation for BPF	bb986a50421a	no	-
64bee4168b64	BACKPORT: bpf: Synchronize trampoline image reuse	05d57f1793fb	no	-
31553802a935	BACKPORT: bpf: Guard verifier cleanup after OOM	f59bbfc2f609	no	-
a87e7bdd2b03	BACKPORT: bpf: Complete 32-bit verifier bound propagation	6c6935419e2f	no	-
cbf5dba26b75	BACKPORT: bpf: Avoid hash element-size overflows	e1868b9e36d0	no	-
bf29f8b58761	BACKPORT: bpf: Protect bpffs map iteration with RCU	ce880cb825fc	no	-
de806f89d57b	BACKPORT: btf: Skip empty sysfs BTF exports	e23bb04b0c93	no	-
f9c1f9e6dbe8	BACKPORT: bpf: Check saved credentials for raw dumps	160251842cd3	no	-
7a42046bf283	BACKPORT: bpf: Finish scalar branch and pruning fixes	ee114dd64c00	no	-
5a616efa4810	BACKPORT: bpf: Suppress false ringbuf kmemleak report	ccff81e1d028	no	-
0776f88107e1	BACKPORT: xdp: Annotate redirect-map entries for RCU	782347b6bcad	no	-
a3cd65b285bc	BACKPORT: bpf: Harden program allocation and teardown	5896351ea936	no	-
874f8fd72881	BACKPORT: bpf: Harden map and verifier runtime paths	9b38c4056b27	no	-
eeaa7612c364	BACKPORT: bpf: Complete verifier precision propagation	b233920c97a6	no	-
3efc98ecd39e	BACKPORT: bpf: Finish map syscall behavior	16f07c551e3a	no	-
6fd5d443dea7	BACKPORT: bpf: Speed up LPM trie prefix matching	8d75839b843a	no	-
069374cd435d	BACKPORT: bpf: Harden networking helper inputs	6dfb970d3dbd	no	-
e6dac10d6099	BACKPORT: bpf: Hide syscall tracepoints when disabled	9185a610f8f7	no	-
5a4f044f2237	BACKPORT: bpf: Close metadata and filter lifetime races	eefca20eb20c	yes	02f7e4101092
9f3c91ab9228	BACKPORT: bpf: Complete helper RCU coverage	694cea395fde	no	-
799a083c45f5	BACKPORT: bpf: Preserve verifier aux data on rejection	59089a189e3a	no	-
dba9bc7404a8	BACKPORT: sock_map: Lift datagram state restriction	0c48eefae712	no	-
5258fa7d6c4d	BACKPORT: bpf: Fix flow dissector and trampoline linkage	086f95682114	no	-
b6d094128229	BACKPORT: net: Add socket binding by interface index	f5dd3d0c9638	no	-
40a60987a65a	BACKPORT: net: Expose socket option helpers to BPF	dfde1d7dee9b	no	-
ba6cfd463efe	BACKPORT: bpf: Complete socket option helper support	1e215300f138	no	-
a1206cdd66e8	BACKPORT: tcp: bpf: Optionally save the SYN MAC header	267cf9fa43d1	no	-
65b101e7d994	BACKPORT: bpf: Fix builds without CONFIG_INET	a7dcdf6ea1b2	no	-
9e1d9253eecc	BACKPORT: bpf: Validate modify-return attachments	6ba43b761c41	no	-
58be412001c5	BACKPORT: bpf: Synchronize helper documentation fixes	0ac16296ffc6	no	-
017ad69b973a	BACKPORT: tracepoint: Add may-exist registration for BPF	9913d5745bd7	no	-
73a6a4136257	BACKPORT: bpf: Gate legacy probe reads by architecture	0ebeea8ca8a4	no	-
e4c9387c545c	BACKPORT: bpf: Fix modern compiler and no-proc builds	d26c0cc53950	no	-
ea8ae298e003	BACKPORT: bpf: Always defer link destruction	31f23a6a181c	no	-
1a4aabf16e1b	BACKPORT: bpf: Fix module notifier return values	0340a6b7fb76	no	-
c274bc3d7c22	BACKPORT: trace: Allow CAP_PERFMON to query BPF programs	031258da0595	no	-
197811e274c1	BACKPORT: bpf: Synchronize diagnostics and comments	0142dddcbe96	no	-
2d4cd6e26949	BACKPORT: bpf: Use legacy fall-through annotation	-	unknown	-
f0c61236bf44	[exynos9810] selftests/bpf: Add Android build targets	-	unknown	-
c71273a903e0	[exynos9810] selftests/bpf: Import Linux 5.15.178 verifier corpus	-	unknown	-
327c6f485249	[exynos9810] selftests/bpf: Fix Android verifier build headers	-	unknown	-
7e4770f022b7	BACKPORT: bpf: Do not JIT BPF-to-BPF programs twice	9facc336876f	no	-
b1e4e9d5e361	BACKPORT: bpf: fix off-by-one error in adjust_subprog_starts	afd594240806	no	-
2856f1d9acb8	BACKPORT: bpf: Make dst_port field in struct bpf_sock 16-bit wide	4421a582718a	no	-
8e11d4a22c99	BACKPORT: bpf: Remove redundant synchronize_rcu.	bba1dc0b55ac	no	-
61154ed8e07e	BACKPORT: bpf: Allow reads from uninit stack	6715df8d5d24	no	-
81e3c6310d2f	BACKPORT: bpf: Propagate scalar ranges through register assignments.	75748837b7e5	no	-
dfb88b1cb7c6	BACKPORT: bpf: Fix register equivalence tracking.	e688c3db7ca6	no	-
a5dae9c2b53b	BACKPORT: bpf: Support for pointers beyond pkt_end.	6d94e741a8ff	no	-
d41cf9ea364b	BACKPORT: bpf: Allow selecting reuseport socket from a SOCKMAP/SOCKHASH	9fed9000c5c6	no	-
208db6828f97	BACKPORT: bpf, sockmap: Return socket cookie on lookup from syscall	c1cdf65da060	no	-
1dda3721ed47	BACKPORT: bpf, sockmap: Let all kernel-land lookup values in SOCKMAP/SOCKHASH	1d59f3bcee35	no	-
286a224ee9a5	BACKPORT: bpf: Allow bpf_map_lookup_elem for SOCKMAP and SOCKHASH	64d85290d79c	no	-
60b605b6599a	BACKPORT: bpf: Check the other end of slot_type for STACK_SPILL	27113c59b6d0	no	-
801f12aca317	BACKPORT: bpf: Support <8-byte scalar spill and refill	354e8f1970f8	no	-
dc67e831bfe2	BACKPORT: bpf: Allow stack reads beyond tracked scalar size	f30d4968e9ae	no	-
cab535f0726f	BACKPORT: bpf: Fix incorrect state pruning for <8B spill/fill	345e004d0233	no	-
f5fde326d543	BACKPORT: bpf: Fix verifier id tracking of scalars on spill	713274f1f2c8	no	-
6668f7eff636	BACKPORT: bpf: mark registers in all frames after pkt/null checks	c6a9efa1d835	no	-
7217a5a9082e	BACKPORT: bpf: Permit map_ptr arithmetic with opcode add and offset 0	7c6967326267	no	-
ff0ad45e2625	BACKPORT: bpf: implement ld_abs/ld_ind in native bpf	e0cea7ce988c	no	-
fa3b988cee13	BACKPORT: bpf: Add abnormal return checks	09b28d76eac4	no	-
f38799155851	BACKPORT: bpf: make unknown opcode handling more robust	5e581dad4fec	no	-
876bcea16cda	BACKPORT: bpf: disallow direct packet access for unpriv in cg_skb	ab21c1b5f799	no	-
2362cd509c64	BACKPORT: bpf: convert temp arrays to kvcalloc	71dde681a8ce	no	-
5a507f5b48ca	[exynos9810] bcmdhd: Disable PCIe runtime PM	-	unknown	-
defc95a2feae	BACKPORT: rtmutex: Use waiter::task instead of current in remove_waiter()	3bfdc63936dd	no	-
f48dcba08a9b	BACKPORT: locking/rtmutex: Skip remove_waiter() when waiter is not enqueued	40a25d59e85b	no	-
ab7f756117e4	[exynos9810] defconfig: Disable CONFIG_USER_NS	-	unknown	-
53857045b9f2	[exynos9810] selftests/bpf: Fix Android verifier compatibility	-	unknown	-
7f6ca00150fc	BACKPORT: kbuild: clang: Allow CLANG_TRIPLE without CROSS_COMPILE	-	unknown	-
3b2302ac410d	BACKPORT: tools/resolve_btfids: Build with host flags	0e3a1c902ffb	no	-
f52b4ac0d5e4	[exynos9810] wifi: bcmdhd: Arm cold reset after repeated SET_SSID timeouts	-	unknown	-
1d23cb3c5f66	[exynos9810] dpu: Fix EDID ownership, bounds and ioctl errors	-	unknown	-
fc3cb01ea194	[exynos9810] Revert HDMI crash workarounds after the EDID fix	-	unknown	-
5a8f1eb44b3b	[exynos9810] panel: Recover the panel during boot	-	unknown	-
ffc5f2dee8fc	BACKPORT: ANDROID: fuse-bpf: Preserve mount context in backing lookups	-	unknown	-
4c59569f8fd7	fixup! f2fs: split f2fs_d_compare() from f2fs_match_name()	-	unknown	-
ec017c1e7b23	[exynos9810] defconfig: Enable Unicode casefolding	-	unknown	-
a95b75f06ef1	[exynos9810] build: Add standalone Samsung boot image packaging	-	unknown	-
60a7de072b91	UPSTREAM: userfaultfd: document _IOR/_IOW	e067eba5871c	no	-
1407b116e224	UPSTREAM: userfaultfd: correct the write-protect feature comment	a4605a61d642	no	-
5ffce4a09a81	UPSTREAM: userfaultfd: convert BUG() to WARN_ON_ONCE()	8474901a33d8	no	-
fad9a6a81aa6	UPSTREAM: userfaultfd: use vma_is_anonymous	a94720bf821d	no	-
b8c1a73930c9	UPSTREAM: userfaultfd: Split the find_userfault() routine	6dcc27fd3943	no	-
689b8b8af003	UPSTREAM: userfaultfd: report events other than page faults	9cd75c3cd4c3	no	-
63cc7b2e71d5	UPSTREAM: userfaultfd: report all available features to userland	656031445d5a	no	-
44e384d4a0ab	BACKPORT: userfaultfd: non-cooperative: Add fork() event	893e26e61d04	no	-
b508bac1feae	UPSTREAM: userfaultfd: dup_userfaultfd: use mm_count instead of mm_users	d3aadc8ed4cb	no	-
e01da31fec16	UPSTREAM: userfaultfd: non-cooperative: add mremap() event	72f87654c696	no	-
15bc8e04eaeb	UPSTREAM: userfaultfd: optimize mremap_userfaultfd_complete()	90794bf19dc1	no	-
5956ea93be1a	UPSTREAM: userfaultfd: add madvise() event for MADV_DONTNEED request	05ce77249d50	no	-
483fcb769410	UPSTREAM: userfaultfd: avoid MADV_DONTNEED race condition	0594f58dbd95	no	-
fe566e2232e9	UPSTREAM: userfaultfd: wake userfaults after UFFDIO_UNREGISTER	09fa5296a40d	no	-
372b8197c632	UPSTREAM: hugetlb: add copy_huge_page_from_user	fa4d75c1de13	no	-
e988f46067f3	UPSTREAM: hugetlb: add hugetlb_mcopy_atomic_pte for userfaultfd support	8fb5debc5fcd	no	-
880ea49bde40	UPSTREAM: hugetlb: add __mcopy_atomic_hugetlb for huge page UFFDIO_COPY	60d4d2d2b40e	no	-
c6c3a65de2dd	UPSTREAM: hugetlb: fix __mcopy_atomic_hugetlb retry/error processing	810a56b943e2	no	-
0409ccca4d11	UPSTREAM: userfaultfd: hugetlbfs: add userfaultfd hugetlb hook	1a1aad8a9b7b	no	-
f0f30b4639c2	UPSTREAM: hugetlb: allow registration of ranges containing huge pages	cab350afcbc9	no	-
b035fbd0d8aa	UPSTREAM: userfaultfd: hugetlbfs: add userfaultfd_hugetlb test	9903bd7b73ef	no	-
c2591e004960	BACKPORT: hugetlb: userfaultfd_huge_must_wait for hugepmd ranges	369cd2121be4	no	-
4cc3fc773cf1	BACKPORT: userfaultfd: hugetlbfs: gup: support VM_FAULT_RETRY	87ffc118b54d	no	-
dcef321715cf	UPSTREAM: hugetlb: reserve count on error in __mcopy_atomic_hugetlb	21205bf8f77b	no	-
980d15e97e5e	UPSTREAM: userfaultfd: hugetlbfs: UFFD_FEATURE_MISSING_HUGETLBFS	163e11bc4f6e	no	-
9114ddb3b20f	UPSTREAM: userfaultfd: introduce vma_can_userfault	ba6907db6de1	no	-
c3b17a0b3f37	BACKPORT: shmem: add shmem_mcopy_atomic_pte for userfaultfd support	4c27fe4c4c84	yes	3de7f8451928
319c5ceed0af	BACKPORT: userfaultfd: shmem: introduce vma_is_shmem	b0506e488da5	no	-
3c0a9ce7a20a	UPSTREAM: userfaultfd: shmem: add tlbflush.h header for microblaze	95cc09d66f52	no	-
8081a8a7a73f	UPSTREAM: shmem: use shmem_mcopy_atomic_pte for shared memory	26071cedc519	no	-
a4fd4b118d4a	BACKPORT: shmem: add userfaultfd hook for shared memory faults	cfda05267f7b	no	-
ef1e0d65ccf3	UPSTREAM: userfaultfd: shmem: allow registration of shared memory ranges	cac673292b9b	no	-
7fba943f016a	UPSTREAM: hugetlb: add UFFDIO_COPY support for shared mappings	1c9e8def43a3	no	-
ee51682349fb	UPSTREAM: userfaultfd: hugetlbfs: UFFD_FEATURE_MISSING_SHMEM	47dd924508f5	no	-
091ba1b2ae51	UPSTREAM: userfaultfd: shmem: add userfaultfd_shmem test	419624daf0e8	no	-
4c6dbc001d92	UPSTREAM: shmem: lock the page before adding it to pagecache	9cc90c664a65	no	-
99739c021cf3	UPSTREAM: shmem: avoid a lockup resulting from corrupted page->flags	a425d3584e7e	no	-
059cdca5b6cd	UPSTREAM: shmem: avoid leaking blocks and used blocks in UFFDIO_COPY	cb658a453b93	no	-
b43aef4ec55d	BACKPORT: userfaultfd: rename *EVENT_MADVDONTNEED to *EVENT_REMOVE	d811914d8757	no	-
bbb33e09c212	BACKPORT: userfaultfd: non-cooperative: add event for memory unmaps	897ab3e0c49e	no	-
3a3746eeefc5	UPSTREAM: userfaultfd_copy: return -ENOSPC in case mm has gone	96333187ab16	no	-
e9357b031a71	UPSTREAM: userfaultfd: return ENOENT for incompatible copy VMAs	27d02568f529	no	-
97b90ca4136c	UPSTREAM: userfaultfd: non-cooperative: robustness check	9a69a829f9b6	no	-
bd4ae22dced0	UPSTREAM: userfaultfd: release all ctx in dup_userfaultfd_complete	8c9e7bb7a41f	no	-
ecf25a94bbe4	UPSTREAM: userfaultfd: non-cooperative: fix fork fctx->new memleak	7eb76d457fd7	no	-
4fadc5a2f63d	UPSTREAM: userfaultfd: add madvise() event for MADV_REMOVE request	a6bf53eba98e	no	-
1bac53f8fe0d	BACKPORT: userfaultfd: revalidate VMAs during MADV_DONTNEED	70ccb92fdd90	no	-
76f59c11e731	UPSTREAM: userfaultfd: remove wrong comment from userfaultfd_ctx_get()	2378cd6181ed	no	-
9fe6ec27d9ce	UPSTREAM: userfaultfd: report actual registered features in fdinfo	045098e94495	no	-
f6af13d35ccb	BACKPORT: userfaultfd: shmem: handle coredumping in handle_userfault()	64c2b20301f6	no	-
8e5f39103508	UPSTREAM: fs/userfaultfd.c: drop dead code	f93ae3646209	no	-
3f5c8aa6ddec	UPSTREAM: userfaultfd: notify about unmap of destination during mremap	b22823719302	no	-
efae61dcae72	UPSTREAM: userfaultfd_zeropage: return -ENOSPC in case mm has gone	9d95aa4bada2	no	-
c0035fd64589	UPSTREAM: userfaultfd: non-cooperative: flush event_wqh at release time	5a18b64e3f02	no	-
47ff17e886fc	UPSTREAM: hugetlb: remove superfluous page unlock in VM_SHARED case	5af10dfd0afc	no	-
ed47413583c7	UPSTREAM: userfaultfd: return ESRCH when the target mm is gone	e86b298bebf7	no	-
a23b55122ea2	UPSTREAM: mm/mremap: fail map duplication attempts for private mappings	dba58d3b8c50	no	-
a06de546304c	UPSTREAM: userfaultfd: advertise ZEROPAGE for shmem VMAs	ce53e8e6f2cb	no	-
888c514b4941	BACKPORT: shmem: introduce shmem_inode_acct_block	0f0796945614	yes	9815b0fcec67
41cc9ac7e1c3	BACKPORT: shmem: add shmem_mfill_zeropage_pte for userfaultfd support	8d1039634206	no	-
db6eb639a64c	UPSTREAM: userfaultfd: mcopy_atomic: introduce mfill_atomic_pte helper	3217d3c79b5d	no	-
fe41ca801e4b	UPSTREAM: userfaultfd: shmem: wire up shmem_mfill_zeropage_pte	8fb44e5403ca	no	-
478d3b6c7ea5	BACKPORT: mm: userfaultfd: add feature to request for a signal delivery	2d6d6f5a09a9	no	-
8a9ebf480d46	BACKPORT: userfaultfd: provide pid in userfault msg	9d4ac934829a	no	-
8c554e9b6054	UPSTREAM: userfaultfd: provide pid in userfault msg - add feat union	a36985d31a65	no	-
0a4abefd8482	BACKPORT: userfaultfd: closing the uffd without triggering SIGBUS	656710a60e36	no	-
087468196341	BACKPORT: userfaultfd: non-cooperative: fix fork use after free	384632e67e08	no	-
493863d16736	UPSTREAM: hugetlb: prevent UFFDIO_COPY to fill beyond the end of i_size	1e3921471354	no	-
8fc2f2c55136	BACKPORT: userfaultfd: clear the VMA context on fork event failure	0cbb4b4f4c44	no	-
a1fc993d9cd9	BACKPORT: hugetlb: fix userfaultfd_huge_must_wait() pte access	1e2c043628c7	no	-
e37c51f5018d	UPSTREAM: userfaultfd: clear VMA flags on fork event failure	31e810aa1033	no	-
9940b4d908f0	UPSTREAM: userfaultfd: return ENOENT on atomic user-copy failure	9e368259ad98	no	-
3e6b09c34dc4	UPSTREAM: shmem: allocate anonymous memory for MAP_PRIVATE shmem	5b51072e97d5	no	-
cedabbf7b1f8	UPSTREAM: userfaultfd: shmem: add i_size checks	e2a50c1f6414	no	-
376bd31c896c	UPSTREAM: shmem: UFFDIO_COPY: set the page dirty if VM_WRITE is not set	dcf7fe9d8976	no	-
d5f2acfd8dc2	UPSTREAM: userfaultfd: require writable shmem and hugetlb VMAs	29ec90660d68	yes	3de7f8451928
b07d07e8f011	UPSTREAM: userfaultfd: check registration before VM_MAYWRITE	01e881f5a1fc	no	-
2562cd54ab3e	BACKPORT: userfaultfd: add madvise() event for MADV_FREE request	230ca982ba69	no	-
9c024897964d	BACKPORT: userfaultfd: adapt fault and VMA hooks to 4.9	-	unknown	-
e3eada3cb721	UPSTREAM: userfaultfd: restrict fork events to CAP_SYS_PTRACE	3c1c24d91ffd	no	-
31cc59b1e411	UPSTREAM: shmem: disable IRQs while locking userfaultfd page counts	94b7cc01da5a	no	-
363403ee2ce0	UPSTREAM: userfaultfd: release page in error path to avoid BUG_ON	7ed9d238c7db	no	-
98a005594dd8	UPSTREAM: hugetlb: fix reservation underflow during UFFDIO_COPY	d84cf06e3dd8	no	-
62d6ffb0111f	BACKPORT: userfaultfd/sysctl: add vm.unprivileged_userfaultfd	d8cb10ac5311	no	-
22747d11b692	BACKPORT: userfaultfd: add UFFD_USER_MODE_ONLY	f57a9988238b	no	-
4ee72c2c0d4c	UPSTREAM: userfaultfd: allow unprivileged user-mode-only faults	d0d4730ac2e4	no	-
9bbddd748050	UPSTREAM: mremap: remove LATENCY_LIMIT to reduce TLB flushes	b189467083a0	no	-
c1a4e224dfd7	UPSTREAM: mm: speed up mremap by 20x on large regions	3c49ca70817e	no	-
02689e0bb285	BACKPORT: mremap: take the rmap write lock when moving page tables	97113eb39fa7	no	-
5b08bd969f4f	BACKPORT: hugetlb: pass vma into huge_pte_alloc() and huge_pmd_share()	b92dc1bfd52e	no	-
35231d76fa2e	BACKPORT: hugetlb/userfaultfd: forbid huge pmd sharing when uffd enabled	ab6a0d00a63f	no	-
36328350edc0	BACKPORT: hugetlb: unshare PMDs for userfaultfd registration	267bda5c9993	no	-
10a07035a7e7	BACKPORT: userfaultfd: add minor fault registration mode	82a150ec394f	no	-
2b90527ba583	UPSTREAM: userfaultfd: disable PMD sharing for minor-fault VMAs	19fbec4445b6	no	-
195e5cafde3e	BACKPORT: userfaultfd: serialize mapping events with atomic copies	28fa3d739ee1	no	-
aa2278c7b5fb	BACKPORT: hugetlb: only compile UFFD helpers if config enabled	0e6e243e1d9a	no	-
e54ed5fed1da	UPSTREAM: userfaultfd: check mmap_changing after hugetlb retries	67695f18d559	no	-
8276eae6b80c	BACKPORT: userfaultfd: add UFFDIO_CONTINUE ioctl	14ea86439aba	no	-
b3d64a7f6229	BACKPORT: userfaultfd/hugetlbfs: Fix minor fault page leak	65c594894fa7	no	-
de6215d23c1d	BACKPORT: mm/mremap: add MREMAP_DONTUNMAP to mremap()	e346b3813067	no	-
e80ec4ff73eb	UPSTREAM: mm: Fix MREMAP_DONTUNMAP accounting on VMA merge	dadbd85f2afc	no	-
b1395a3ab5e1	UPSTREAM: userfaultfd: fix remap event with MREMAP_DONTUNMAP	d15649260661	no	-
05fa5602b9ee	BACKPORT: mremap: check memory commitment for MREMAP_DONTUNMAP	ad8ee77ea9db	no	-
a446c58f8ed3	UPSTREAM: mm: Extend MREMAP_DONTUNMAP to non-anonymous mappings	24363849b494	no	-
7bf242258f3f	UPSTREAM: mm/mremap: don't account pages in vma_to_resize()	fdbef6149135	no	-
22c341e4f2be	BACKPORT: userfaultfd: wp: add UFFDIO_COPY_MODE_WP	e043c4f5888c	no	-
33178cb68c73	BACKPORT: ANDROID: userfaultfd: add MMAP_TRYLOCK mode for COPY/ZEROPAGE	954fa80da114	no	-
510049e63eeb	BACKPORT: userfaultfd: wp: add helper for writeprotect check	1df319e0b4de	no	-
463d2c107e16	BACKPORT: ANDROID: userfaultfd: abort on mmap lock contention	dbf7b9226fbb	no	-
fa6c97822041	BACKPORT: userfaultfd: combine shmem copy and zeropage helpers	f7e89f242f0d	no	-
cf4a9c5cfe43	BACKPORT: userfaultfd/shmem: support minor fault registration for shmem	6867a29320b7	no	-
de8543b3d176	BACKPORT: userfaultfd/shmem: advertise shmem minor fault support	37aa962fe33a	no	-
660ab0e04048	BACKPORT: userfaultfd/shmem: support UFFDIO_CONTINUE for shmem	c9a4579a9f53	no	-
5c51c1f27a10	BACKPORT: userfaultfd: use the common shmem PTE installer	dd19279e941b	no	-
540b679ae537	BACKPORT: userfaultfd: fix UFFDIO_CONTINUE ioctl request definition	3fe04bff5151	no	-
23b7f129372e	BACKPORT: userfaultfd: don't retake mmap_sem to emulate NOPAGE	ef429ee7409a	no	-
f75397804369	BACKPORT: mm: introduce FAULT_FLAG_INTERRUPTIBLE	c270a7eedcf2	no	-
25e01c55260e	BACKPORT: mm/userfaultfd: honor FAULT_FLAG_KILLABLE in fault path	3e69ad081c18	no	-
3b8b7b157794	UPSTREAM: shmem: use page_mapping() for UFFDIO_CONTINUE	93b0d9178743	no	-
7a9460ebfba6	BACKPORT: userfaultfd: change mmap_changing to atomic	a759a909d42d	no	-
7871cdacba83	BACKPORT: userfaultfd: prevent concurrent API initialization	22e5fe2a2a27	no	-
7e8d3609be70	BACKPORT: hugetlb: preserve cached page mappings in UFFDIO_CONTINUE	ab74ef708dc5	no	-
ebed483ba802	BACKPORT: mm/mremap: fix unaccount of memory on vma_merge() failure	954652b9f33b	no	-
9c1ff78626a9	[exynos9810] defconfig: Enable userfaultfd	-	unknown	-
f708fe4dbb57	BACKPORT: userfaultfd: retain trylock mode across huge-page retries	-	unknown	-
9a6971536a35	BACKPORT: userfaultfd: preserve 4.9 memcg charge ordering	-	unknown	-
fd46c17c4866	[exynos9810] defconfig: Regenerate configs	-	unknown	-
f7f24703e9ea	selftests: vm: cover Android userfaultfd requirements	-	unknown	-
82aca390d199	BACKPORT: bpf, capability: Introduce CAP_BPF	a17b53c4a4b5	no	-
bca02018e7d0	BACKPORT: bpf: Implement CAP_BPF	2c78ee898d8f	no	-
b0e1089448b1	BACKPORT: bpf: Preserve CAP_SYS_ADMIN for networking programs	b338cb921e67	no	-
72cd6066df9f	BACKPORT: capabilities: Introduce CAP_CHECKPOINT_RESTORE	124ea650d307	no	-
5a9b37fd30e8	BACKPORT: pid_namespace: Allow checkpoint restore for ns_last_pid	b9a3db92e1a1	no	-
ec4b9048289c	BACKPORT: proc: Allow checkpoint restore to follow map_files	12886f8ab10c	no	-
69b09df69449	BACKPORT: prctl: Allow local CAP_SYS_ADMIN changing exe_file	4d28df6152aa	no	-
f02bd5254a42	BACKPORT: prctl_set_mm: Move capability checks out of validation	11bbd8b416f8	no	-
a0e8c6e64ef1	BACKPORT: prctl: Allow local CAP_CHECKPOINT_RESTORE for exe_file	ebd6de681238	no	-
40306d047e4b	BACKPORT: prctl: Return EPERM for exe link permission failures	227175b2c914	no	-
2490b7869c5e	selftests: capabilities: Cover Android capability backports	-	unknown	-
dfb83574fad5	ANDROID: fuse-bpf: Guard the backing lookup exit label	-	unknown	-
366511fc76e2	ANDROID: fuse-bpf: Handle casefolded backing dentries	-	unknown	-
52fe075490ac	selftests: fuse: Cover casefolded backing directories	-	unknown	-
c8b2d2af17be	ANDROID: refcount: Fix linkage of out-of-line helpers	-	unknown	-
554b84a02e00	ANDROID: f2fs: Restore compression context reference types	-	unknown	-
4495fc5deda2	BACKPORT: lib: update LZ4 compressor module	4e1a33b105dd	yes	b3937f55c725
b81d3b749b5d	BACKPORT: lib/decompress_unlz4: Use the new LZ4 API	e23d54e48346	no	-
96ac2bba8a7f	BACKPORT: crypto: Convert LZ4 users to the new library API	73a15ac6d541	no	-
77786f3116a6	BACKPORT: pstore, squashfs: Convert to the new LZ4 API	d21b5ff12df4	no	-
843a44ec8f8c	BACKPORT: lib/lz4: remove back-compat wrappers	69c78423b8f4	no	-
92c9dea7dc58	BACKPORT: lib/lz4: Make decompression tables static const	8cb5d7482810	no	-
3978d91ff5c3	BACKPORT: lib/lz4: update LZ4 decompressor module	2209fda323e2	no	-
dc0148feafab	BACKPORT: lz4: do not export static symbol	b08918fb3f27	no	-
d656b30a84c4	BACKPORT: lib/lz4: Document deliberate bitwise boolean operations	e8ec04938c44	no	-
a58dd2de021e	BACKPORT: lz4: fix kernel decompression speed	b1a3e75e466d	no	-
a8560e54a170	BACKPORT: lib/lz4: explicitly support in-place decompression	89b158635ad7	no	-
29972241c52d	BACKPORT: lz4: Make the prefix decoder static	7fde9d6e839d	no	-
50ead13c5f94	BACKPORT: lz4: fix LZ4_decompress_safe_partial read out of bound	eafc0a02391b	no	-
6edce1237ab1	BACKPORT: zsmalloc: Fix page migration races during deferred free	2505a981114d	no	-
ada5d0c9970d	BACKPORT: sched/psi: Fix sampling after long idle periods	3dfbe25c27ea	yes	daf47cd4bfaa
b8c12cd737f0	BACKPORT: psi: Fix a division error in psi poll()	c3466952ca15	yes	03f11616d0db
e920275288fa	BACKPORT: sched/psi: Fix OOB write when writing 0 bytes to PSI files	6fcca0fa4811	yes	c3a19cdca620
327f75d23027	BACKPORT: sched/psi: Fix use-after-free in ep_remove_wait_queue()	c2dbe32d5db5	no	-
138179e5ccba	BACKPORT: mm: introduce MADV_COLD	9c276cc65a58	no	-
3bfa719fe704	BACKPORT: mm: change PAGEREF_RECLAIM_CLEAN with PAGE_REFRECLAIM	8940b34a4e08	no	-
47d10743ccd7	BACKPORT: mm: introduce MADV_PAGEOUT	1a4e58cce84e	no	-
e7751e04e9d1	BACKPORT: mm: factor out common parts between MADV_COLD and MADV_PAGEOUT	d616d5126503	no	-
61fb90b366a6	BACKPORT: mm: fix trying to reclaim unevictable lru page when calling madvise_pageout	820729629730	no	-
3c4e99013995	BACKPORT: mm: do not allow MADV_PAGEOUT for CoW pages	12e967fd8e4e	no	-
479049fc58b1	BACKPORT: mm: validate pmd after splitting	ce2684254bd4	no	-
311afff1b8db	BACKPORT: mm: fix madivse_pageout mishandling on non-LRU page	58d426a7ba92	no	-
51dc6879d436	BACKPORT: mm: close theoretical race where stale TLB entries could linger	383c4613c67c	no	-
07a57436a751	BACKPORT: mm/madvise: pass mm to do_madvise	0726b01e7045	no	-
736ccc4e7868	BACKPORT: mm/madvise: introduce process_madvise() syscall: an external memory hinting API	ecb8ac8b1f14	no	-
c4ce5d100501	BACKPORT: mm/madvise: fix memory leak from process_madvise	450677dcb0cc	no	-
9efe38a2c53d	BACKPORT: mm/madvise: remove racy mm ownership check	a68a0262abda	no	-
f4564c808a3b	BACKPORT: mm/madvise: replace ptrace attach requirement for process_madvise	96cfe2c0fd23	no	-
2a0b443ea6d0	BACKPORT: mm: madvise: return correct bytes advised with process_madvise	5bd009c7c9a9	no	-
1b9a5a73fc22	BACKPORT: cgroup: Keep accurate count of tasks in each css_set	73a7242a06ff	no	-
da169b3e8c55	BACKPORT: cgroup: implement __cgroup_task_count() helper	aade7f9efba0	no	-
14364154bee7	BACKPORT: cgroup: keep track of number of descent cgroups	0679dee03c6d	no	-
1e54fb430fa3	BACKPORT: cgroup: protect cgroup->nr_(dying_)descendants by css_set_lock	4dcabece4c3a	no	-
eed582f85f0c	BACKPORT: locking/lockdep: Factor out the find_held_lock() helper function	41c2c5b86a5e	no	-
1a34a7a99a02	BACKPORT: locking/lockdep: Factor out the validate_held_lock() helper function	e969970be033	no	-
57dbd53a0638	BACKPORT: cgroup: cgroup v2 freezer	76f969e8948d	no	-
5df235333669	BACKPORT: cgroup: prevent spurious transition into non-frozen state	cb2c4cd87874	no	-
29175e5fa1de	BACKPORT: cgroup: get rid of cgroup_freezer_frozen_exit()	96b9c592def5	no	-
69ef6bf7b93a	BACKPORT: cgroup: never call do_group_exit() with task->frozen bit set	f2b31bb59824	no	-
3f303fc3d89b	BACKPORT: signal: unconditionally leave the frozen state in ptrace_stop()	05b289263772	no	-
85d1ba5a3921	BACKPORT: cgroup: freezer: call cgroup_enter_frozen() with preemption disabled in ptrace_stop()	937c6b27c73e	no	-
b09ea9e07b09	BACKPORT: cgroup: freezer: fix frozen state inheritance	97a61369830a	no	-
7c52e6f696a9	BACKPORT: cgroup: freezer: don't change task and cgroups status unnecessarily	742e8cd3e1ba	no	-
ee8a477b712d	BACKPORT: binder: BINDER_FREEZE ioctl	432ff1e91694	no	-
e5dba8a19d08	BACKPORT: binder: BINDER_GET_FROZEN_INFO ioctl	ae28c1be1e54	no	-
3a3a38abf573	BACKPORT: binder: fix freeze race	b564171ade70	no	-
bfa3903b5f34	cgroup: Allocate PSI state before publishing new groups	-	unknown	-
5f6dabed96b8	selftests: vm: Cover Android process reclaim backports	-	unknown	-
ccb1fb397630	selftests: binder: Cover cached app freezer transactions	-	unknown	-
e818381eb67f	[exynos9810] fimc-is2: Free frame storage outside the spinlock	-	unknown	-
c1f4f76aef6e	[exynos9810] fimc-is2: Defer library spinlock cleanup	-	unknown	-
74b2f258866b	BACKPORT: sched/uclamp: Add CPU's clamp buckets refcounting	69842cba9ace	no	-
c86bfd9a4ae3	BACKPORT: sched/uclamp: Add bucket local max tracking	60daf9c19410	no	-
64895384e5f0	BACKPORT: sched/uclamp: Enforce last task's UCLAMP_MAX	e496187da710	no	-
2ece0aa41dee	BACKPORT: sched/uclamp: Add system default clamps	e8f14172c6b1	no	-
641a44c43bbb	BACKPORT: sched/core: Allow sched_setattr() to use the current policy	1d6362fa0cfc	no	-
bfb69594b22a	BACKPORT: sched/uclamp: Extend sched_setattr() to support utilization clamping	a509a7cd7974	no	-
4ef240909600	BACKPORT: sched/uclamp: Reset uclamp values on RESET_ON_FORK	a87498ace58e	no	-
708424868e70	BACKPORT: sched/uclamp: Set default clamps for RT tasks	1a00d999971c	no	-
a2d0003b101b	BACKPORT: sched/cpufreq, sched/uclamp: Add clamps for FAIR and RT tasks	982d9cdc22c9	no	-
29c3a0630917	BACKPORT: sched/uclamp: Add uclamp_util_with()	9d20ad7dfc9a	no	-
59738ba16b29	BACKPORT: cgroup: add cgroup_parse_float()	a5e112e6424a	no	-
ed50d477d59a	BACKPORT: sched/uclamp: Extend CPU's cgroup controller	2480c093130f	no	-
05b775d0616d	BACKPORT: sched/uclamp: Propagate parent clamps	0b60ba2dd342	no	-
9ab42af2d295	BACKPORT: sched/uclamp: Propagate system defaults to the root group	7274a5c1bbec	no	-
dcecfbeeb900	BACKPORT: sched/uclamp: Use TG's clamps to restrict TASK's clamps	3eac870a3247	no	-
2a55cd657f77	BACKPORT: sched/uclamp: Update CPU's refcount on TG's clamp changes	babbe170e053	no	-
73675ef9325d	BACKPORT: sched/uclamp: Always use 'enum uclamp_id' for clamp_id values	0413d7f33e60	no	-
cebfd9fc5d20	BACKPORT: sched/core: Fix uclamp ABI bug, clean up and robustify sched_read_attr() ABI logic and code	1251201c0d34	no	-
90aa91da9ed3	BACKPORT: sched/core: Fix compilation error when cgroup not selected	e3b8b6a0d12c	no	-
41c1c5647ae4	BACKPORT: sched/uclamp: Fix incorrect condition	6e1ff0773f49	no	-
9852c6caf9b7	BACKPORT: sched/uclamp: Fix overzealous type replacement	7763baace1b7	no	-
01abe0bedc2d	BACKPORT: sched/uclamp: Remove uclamp_util()	59fe675248ff	no	-
1cde8a31a6ad	BACKPORT: sched/uclamp: Make uclamp util helpers use and return UL values	686516b55e98	no	-
70b95802146b	BACKPORT: sched/uclamp: Rename uclamp_util_with() into uclamp_rq_util_with()	d2b58a286e89	no	-
e93ac7d08043	BACKPORT: sched/uclamp: Fix a bug in propagating uclamp value in new cgroups	7226017ad37a	no	-
19d0766f0305	BACKPORT: sched/core: Fix size of rq::uclamp initialization	dcd6dffb0a75	no	-
c1fbbb029e90	BACKPORT: sched/uclamp: Reject negative values in cpu_uclamp_write()	b562d1406499	no	-
c45d2eca38a8	BACKPORT: sched/core: Fix reset-on-fork from RT with uclamp	eaf5a92ebde5	no	-
774d0245e00c	BACKPORT: sched: Fix out-of-bound access in uclamp	6d2f8909a5fa	no	-
351e1c06dafd	BACKPORT: sched/uclamp: Fix initialization of struct uclamp_rq	d81ae8aac85c	no	-
45170da68469	BACKPORT: sched/uclamp: Protect uclamp fast path code with static key	46609ce22703	no	-
210aad3e1353	BACKPORT: sched/uclamp: Fix wrong implementation of cpu.uclamp.min	0c18f2ecfcc2	no	-
43e56cbc78aa	BACKPORT: sched/uclamp: Fix locking around cpu_util_update_eff()	93b73858701f	no	-
dcac11f9d6fc	BACKPORT: sched/uclamp: Ignore max aggregation if rq is idle	3e1493f46390	no	-
54c146060e46	BACKPORT: sched/uclamp: Fix a deadlock when enabling uclamp static key	e65855a52b47	no	-
71463af8ca75	BACKPORT: sched/uclamp: Fix uclamp_tg_restrict()	0213b7083e81	no	-
b5a9e57ed175	BACKPORT: sched/uclamp: Fix rq->uclamp_max not set on first enqueue	315c4f884800	no	-
035c7dab607d	ANDROID: sched/core: Add a latency-sensitive flag to uclamp	ad7dd648fc7d	no	-
7a60357da458	ANDROID: sched/core: Move SchedTune task API into UtilClamp wrappers	f609a2239f83	no	-
3fd5977ad985	ANDROID: init: kconfig: Only allow sched tune if !uclamp	777da39ce117	no	-
3d3946a898f4	BACKPORT: sched/uclamp: Add uclamp support to energy_compute()	af24bde8df20	no	-
7927351518f5	[exynos9810] sched/cpufreq: Normalize boost before clamps	-	unknown	-
bbdfb6be2043	[exynos9810] sched: Connect EMS to utilization clamping	-	unknown	-
7eaf648fe670	BACKPORT: sched/debug: Add task uclamp values to SCHED_DEBUG procfs	96e74ebf8d59	no	-
fd2c4a2f5726	BACKPORT: sched/debug: Fix requested task uclamp values shown in procfs	ad32bb41fca6	no	-
72258324df6c	sched/uclamp: Protect latency group access on Linux 4.9	-	unknown	-
813a92f62045	ANDROID: Re-use SUGOV_RT_MAX_FREQ to control uclamp rt behavior	f503db11786d	no	-
f5d73dedca73	[exynos9810] defconfig: Enable utilization clamping	-	unknown	-
d857d00db308	sched/debug: Protect effective clamp group lifetime	-	unknown	-
5b36c3722c83	selftests: sched: Cover utilization clamping backport	-	unknown	-
f42292cb28b8	BACKPORT: sched/fair: Make EAS wakeup placement consider uclamp restrictions	1d42509e475c	no	-
2f6a2cced862	[exynos9810] sched/rt: Build load tracking without RT groups	-	unknown	-
21985d5eb498	[exynos9810] sched/rt: Guard the group-only load attachment	-	unknown	-
442c78ee278e	[exynos9810] defconfig: Disable RT group scheduling	-	unknown	-
bd31684f5141	selftests: sched: Cover RT tasks in uclamp groups	-	unknown	-
be51b7407f65	BACKPORT: mm/memcontrol: exclude @root from checks in mem_cgroup_low	34c810579273	no	-
ace1646e2ab7	BACKPORT: mm, memcg: reset memory.low during memcg offlining	63677c745d63	no	-
68e5123ab210	BACKPORT: mm: rename page_counter's count/limit into usage/max	bbec2e15170a	no	-
c17076e92f16	BACKPORT: mm: memory.low hierarchical behavior	230671533d64	no	-
c136ec578e9b	BACKPORT: mm: treat memory.low value inclusive	5f93ad67436b	no	-
668d2f04e40d	BACKPORT: mm/docs: describe memory.low refinements	7854207fe954	no	-
f9574c09df5a	BACKPORT: mm/vmscan: more restrictive condition for retry in do_try_to_free_pages	d6622f6365db	no	-
68ff75da8168	BACKPORT: memcg: introduce memory.min	bf8d5d52ffe8	no	-
d2048014a83a	BACKPORT: mm: fix null pointer dereference in mem_cgroup_protected	df2a41967765	no	-
fe1a3a244e24	BACKPORT: mm, memcg: proportional memory.{low,min} reclaim	9783aa9917f8	no	-
e80059d8788a	BACKPORT: mm, memcg: make scan aggression always exclude protection	1bc63fb1272b	no	-
c4af3ba11320	BACKPORT: mm: memcontrol: fix memory.low proportional distribution	503970e42325	no	-
678d8b506087	BACKPORT: mm: memcontrol: clean up and document effective low/min calculations	bc50bcc6e00b	no	-
d4249b005718	BACKPORT: mm: memcontrol: recursive memory.low protection	8a931f801340	no	-
e0b421ef152f	BACKPORT: mm, memcg: prevent memory.low load/store tearing	f86b810c2610	no	-
cc80cfeb9246	BACKPORT: mm, memcg: prevent memory.min load/store tearing	c3d532008661	no	-
afcf90cf49e4	BACKPORT: mm: memcontrol: handle div0 crash race condition in memory.low	cd324edce598	no	-
ad58f1e4bf6a	BACKPORT: mm/page_counter.c: fix protection usage propagation	a6f23d14ec7d	no	-
38b6ff4a3d12	BACKPORT: mm/page_counter: fix various data races at memsw	6e4bd50f3888	no	-
fffbb611ed9c	BACKPORT: mm, memcg: avoid stale protection values when cgroup is above protection	22f7496f0b90	no	-
ef5510c87b75	BACKPORT: mm, memcg: prevent mem_cgroup_protected store tearing	b3a7822e5e75	no	-
fa8a9acc0e0e	BACKPORT: mm/memcontrol.c: prevent missed memory.low load tears	03960e33187a	no	-
558f881ed8ab	BACKPORT: mm, memcg: decouple e{low,min} state mutations from protection checks	45c7f7e1ef17	no	-
4936b7e2c3c7	BACKPORT: mm: page_counter: mitigate consequences of a page_counter underflow	9317d0fffeb4	no	-
f409d7211cd8	BACKPORT: mm: memcontrol: fix occasional OOMs due to proportional memory.low reclaim	f56ce412a59d	no	-
866a8e90e24a	BACKPORT: mm,vmscan: fix divide by zero in get_scan_count	32d4f4b782bb	no	-
fdab0dedcab7	BACKPORT: mm/page_counter: remove an incorrect call to propagate_protected_usage()	46a53371f3fd	no	-
745ae258c294	BACKPORT: mm: memcg: fix stale protection of reclaim target memcg	adb8213014b2	no	-
d38f71d56461	BACKPORT: mm: don't avoid high-priority reclaim on unreclaimable nodes	a2d7f8e46188	yes	41a40165c197
1c225cfcb958	BACKPORT: mm: don't avoid high-priority reclaim on memcg limit reclaim	688035f729dc	yes	c383d089f750
ab3cb159a974	selftests: cgroup: Cover recursive memory protection	-	unknown	-
7d6d0f5c373f	BACKPORT: locking/rwsem-xadd: Add killable versions of rwsem_down_read_failed()	83ced169d9a0	no	-
a034b95ad24a	BACKPORT: locking/rwsem-spinlock: Add killable versions of __down_read()	0aa1125fa8bc	no	-
4748a92c6ce9	BACKPORT: locking/arch, alpha: Add __down_read_killable()	8c74392a8db9	no	-
5ab985307cf9	BACKPORT: locking/arch, ia64: Add __down_read_killable()	c0905115a55c	no	-
126b22b2d43a	BACKPORT: locking/arch, s390: Add __down_read_killable()	a61ba2c8a48f	no	-
4dcdc732776c	BACKPORT: locking/arch, x86: Add __down_read_killable()	19c60923010b	no	-
895a741b7d4a	BACKPORT: locking/rwsem: Add down_read_killable()	76f8507f7a64	no	-
2e700093ca33	mm, oom: Share address-space reaping with process_mrelease	-	unknown	-
e987691659c0	BACKPORT: mm: introduce process_mrelease system call	884a7e5964e0	no	-
030886f39a44	BACKPORT: mm/oom_kill.c: prevent a race between process_mrelease and exit_mmap	337546e83fc7	no	-
11c19a7b0938	BACKPORT: oom-reaper: use madvise_dontneed() logic to decide if unmap the VMA	235190738aba	yes	7ade3748ac52
e0c1326972d7	mm, oom: defer final teardown after process_mrelease	-	unknown	-
996b9f83a3fa	BACKPORT: mm: wire up syscall process_mrelease	dce491039628	no	-
2c78b1ed7bde	BACKPORT: mm/page_alloc: add trace event for totalreserve_pages calculation	15766485e4a5	no	-
baa585f67e0e	selftests: vm: Cover process_mrelease and process exit races	-	unknown	-
