status	commit	subject	conflicted_files
SKIPDEV	536c6dd601b5f6116badaea0ba8e17ca2373f269	[exynos9810] add LDFLAGS
SKIPDEV	ab77fb1492038bcf2403dcdd83573e89b3625a30	[exynos9810] video: drop unused SM-N770F driver import
SKIPDEV	9b673ed636fb24a9a39759b2a6dda1d6575c7a37	[exynos9810] defconfig: re-enable multi-resolution support
SKIPDEV	1e4f11908d103872be8517a5f6d8816e3a813cf5	[9810] fbdev: dpu: support multi-resolution LCD
SKIPDEV2	8e2acbcbcacc068dd3de23792f27e038a9a36021	video: fbdev: exynos: Implement EXYNOS_GET_EDID ioctl
SKIPDEV2	65e84be6ed7128c382a6a1bc400a7f7ccae8b92e	video: fbdev: exynos: Support new multi res ioctls
SKIPDEV2	5a639a3329021efdec60adf21189233860c6d503	video: fbdev: exynos: dpu_9810: Update display mode ioctls for T BSP
SKIPDEV2	2641df89f5370c28c08991f63c3ef34587b22b3f	video: fbdev: exynos: dpu_9810: Implement EXYNOS_GET_VSYNC_CHANGE_TIMELINE ioctl
SKIPDEV2	057c505cb0824168390e2fde8bfe07faa3fb25db	video: fbdev: exynos: dpu_9810: Support WIN_STATE_MRESOL based multi-resolution change
SKIPDEV2	454a36c54bb6ded00732f5a6bedb8b37a799d160	video: fbdev: exynos: dpu_9810: Add missing pointer
SKIPDEV2	a5816bdd7755658fd0e108eacef6d0422d968284	fbdev: dpu: out of lcd resolution error handling.
SKIPDEV2	8e3acf3bf64c55fe987abcd1f136395371f30c8f	fbdev: dpu: error handling of DECON2 probe without output device
SKIPDEV2	ea0ea0d3ad04a44a9488aeb5ca176eba2851c4a0	fbdev: dpu: fixed compilation error without DP
SKIPDEV2	a2919557f0dfb2482692c097bd027d73f5289da9	fbdev: dpu: remove meaningless interrupt at WB mode
SKIPDEV2	fc3d86b7a554d11733a1b60bde38e07ce1a1a15b	fbdev: dpu: replace displayon sequence.
SKIPDEV	eca195b3a3091700b7494ee1ac9d012862565c9a	[9810] fbdev: dpu: removed decon_get_disp_ss_addr function.
SKIPDEV2	faa86d95ba40a28a9d7f1b9591c8fb4bf4330e8a	fbdev: dpu: add sysfs node of multi resolution log level.
SKIPDEV2	3f49e723f03a50e6ca05cc841039d038d3ba2af7	fbdev: dpu: add color mode ioctl.
SKIPDEV	392a1b8b78e8d97804d84fe487859237fe999bb0	[exynos9810] defconfig: Disable CONFIG_COMPAT_VDSO
CONFLICT	5cd396dcaaeb7cc2549d916ad0ed1f1c547679dd	include: uapi: linux: Import Exynos Linaro BSP kernel headers	include/uapi/linux/videodev2_exynos_media.h
CLEAN	dff86fa1e78e1603f85818f7b58278ccfc379ee3	drm: add picture aspect ratio flags	
CONFLICT	5610ada6efc5025b6be8c147b88ed9b4ea4deb0a	drm: Add aspect ratio parsing in DRM layer	drivers/gpu/drm/drm_modes.c
CLEAN	364bc10f136eda358509f9bf3b0972766e552d80	drm/uapi: Add a warning that mode flags must match the xrandr definitions	
CLEAN	c87cae9c4ae376f8367f9ac702dc91f6422582aa	drm: Turn DRM_MODE_SUBCONNECTOR_xx definitions into an enum	
CONFLICT	05e2318874431cf08fb4467b424426f1e4b9ad2f	drm: Add a new connector atomic property for link status	include/uapi/drm/drm_mode.h
CLEAN	c72864d9d4670cf57bea492707aeeea7c0298a9a	drm: Create a format/modifier blob	
CLEAN	9365572a54a0a0c13f528a99989daad4cf45ea17	drm: rename u32 in __u32 in uapi	
CONFLICT	bcf121c5c0ba348dfcadd143eb2aa8d725ff0139	include: Add videodev2_exynos_media.h to kernel header	include/uapi/linux/Kbuild
SKIPDEV	b1ff1cea6bfffc3dda1d17365a5f80cce4b3fb7f	[exynos9810] modem: Fix legacy IPC enum comparisons
CLEAN	066b1d0750d825c7d277dcdfd50787b1bd31d7ed	[BACKPORT] ptrace: Move setting/clearing ptrace_message into ptrace_stop	
SKIPDEV	3e7c2426abe70b45eb755be66080cc3ffffe01d7	[exynos9810] boot: dts: Disable 720p resolution
SKIPDEV	f03439fb4addae9e72a19d399c34392d6c7107c1	[exynos9810] video: fbdev: exynos: panel: Import mres for multi resolution support
CONFLICT	ad4d6fd52f1669c4f7e86fa731f0fe7cf5735d58	ARM64: boot: dts: Exynos9810: Disable dex touchpad support	arch/arm64/boot/dts/exynos/exynos9810-crownlte_eur_open_26.dts arch/arm64/boot/dts/exynos/exynos9810-star2lte_eur_open_26.dts arch/arm64/boot/dts/exynos/exynos9810-starlte_eur_open_26.dts
SKIPDEV	c36e17bb20d8e2c114f5d440fb3aa95ae4ad1543	[exynos9810] sound: codecs: Add workaround for missing left speaker handler
SKIPDEV	2413fc29a73f70e5663b4294a71cceb2b3f7b52b	[exynos9810] battery_v2: Implement battery props for userspace
SKIPDEV	70dd862aa8c7053cee0b21b99a67613b3246704f	[exynos9810] ion: system_heap: prefer order-0 first; avoid high-order reclaim stalls
SKIPDEV	a1bd4f78f3ce3e7fa2e10ccf0f1e51cb4ac42ecb	[exynos9810] dts: Add Mali G3D OPPv2 table
SKIPDEV	62122b282e697fc01e7ac1a5d715033981d91aa4	[exynos9810] sched: ems: Expand boost groups to 8 + define stable indices
CONFLICT	c861d1da786034b63e2b5ea7f5ed0cbf2edf5336	input: hall: Report SW_LID instead of SW_FLIP	drivers/input/keyboard/hall_ic.c
CONFLICT	58f94a74baa71d941cd02fe38f1c6dd67b828f87	input: Sync switch event codes with upstream linux	drivers/input/keyboard/certify_hall_ic.c drivers/input/touchscreen/sec_ts/sec_ts.c drivers/input/touchscreen/sec_ts/y771/sec_ts.c drivers/input/touchscreen/stm/fts7/fts_ts.c drivers/input/touchscreen/stm/fts_ts.c drivers/input/wacom/wacom_i2c.c include/uapi/linux/input-event-codes.h
SKIPDEV	88af40b9020fe265b781026a4de66ee6ebd52b95	[exynos9810] input: remove custom ForceTouch support
SKIPDEV	5377d238fe014da25595577a357c64ab6a72e7d2	[exynos9810] defconfig: Regenerate all configs
SKIPDEV	63b73a239374f5943cba49ebf01b70e5e2899847	[exynos9810] defconfig: Switch to lmkd+PSI
SKIPDEV	d62f8aee40330e391e3d91f80390d405b57b54ca	[exynos9810] defconfig: Disable ANDROID_INTF_ALARM_DEV
SKIPDEV	0ecaab30154aed7b41a82273efc71f5e017f3b82	[exynos9810] sensorhub: sx9320: Restore legacy hallic read to silence -EACCES spam
SKIPDEV	d1692f8de212752030eb5fa29e6b539df28c19a5	[exynos9810] PCI: exynos: Don’t log successful clk enable as error
SKIPDEV	7e371f6585b5dc78b00b727971dcc45708a89885	[exynos9810] defconfig: Enable CPU_FREQ_TIMES
SKIPDEV	316ad301aad642f2df881a030f272a31124f5595	[exynos9810] panel: s6e3ha8: guard LPM maptbl index during ALPM->NORMAL handoff
CONFLICT	285607f6d86fc6dda99b8cbd1f07ac90ce699bed	nl80211: add WPA3 definition for SAE authentication	include/uapi/linux/nl80211.h net/wireless/nl80211.c
SKIPDEV	e3c22ea2b21abcf4f56543cf29e5b6ec834aaffe	[exynos9810] wifi: bcmdhd: Normalize country code and prevent "00" regdom breakage
SKIPDEV	f3ab322af968c4a3de73cf228a4dda328514ae40	[exynos9810] PCI: exynos: Fix reg_lock leak and guard DW cfg reads
SKIPDEV	fafe983096904421fd5fcbf3310d812b8ffdcafd	[exynos9810] wifi: bcmdhd: Harden cfgvendor async event payloads
SKIPDEV	e6447712e870e7c4ce37e6303c93d46246c64058	[exynos9810] PCI: exynos: Fix PCIe state handling across suspend/resume
SKIPDEV	a692b92845f63aa11dd746926501ed9f6b9dcf20	[exynos9810] wifi: bcmdhd: Send HANGED hang reason as nlattr and NUL-terminate
CONFLICT	7647ebd7168f1d188001cdcbd06a3541616f3428	ext4: restore the upstream on-disk superblock layout	fs/ext4/ext4.h fs/ext4/super.c fs/ext4/sysfs.c
SKIPDEV	4de9429482f6120df8f96fc517fa54bdb7a0567f	[exynos9810] Drop unused flag CONFIG_MPTCP
SKIPDEV	19fccaeab569745dda721d9beec219257478e363	[exynos9810] input: sec_ts: Ignore external display blank events
SKIPDEV	a3d866f31147c5a023d99e535da0ffa3bf839229	[exynos9810] samsung: dp_dma: Expose HDMI audio switch state
SKIPDEV	c1f047b131c95acb7404a4006f23cbe77d6f6a07	[exynos9810] panel: skip brightness writes while panel is off
SKIPDEV	574ba9cccc06e0b49d0051cae5237d4549b3ae28	[exynos9810] dpu: Downgrade unsupported power mode warning
SKIPDEV	81d37e10d77b7dc4485327bc6085a5ae362bdcab	[exynos9810] dpu: Harden DisplayPort EDID reconnect parsing
SKIPDEV	517ff6e1e6c3df300e0487e07989730acaa74958	[exynos9810] dpu: Drop unsupported 4K DisplayPort modes
SKIPDEV	58a1218523c94d792d08f558c7a54f304acbe6e2	[exynos9810] dpu: Allow WQHD DisplayPort modes with FHD DeX adapter state
SKIPDEV	a188e804996799dbad1b2a5154bb584f7d90ef82	[exynos9810] dpu: Program DPP before enabling DECON windows
SKIPDEV	fc521b64f903959e1790d9a2f69528a4bc0da192	[exynos9810] dpu: Skip DisplayPort BTS PM QoS acquire/release
SKIPDEV	4d5c8c85db8a8ef0793a4c65059496a33a7473ad	[exynos9810] iommu: Reject invalid map domains safely
SKIPDEV	3f6a8ddeefa9a45dfc8fbf3ee92ea5f211dc7c7f	[exynos9810] panel: Add green screen recovery control
SKIPDEV	ca43b7ed2d670e217d0cf4320edbb93de5b0c9dc	[exynos9810] input: sec_ts: Support AOD double tap wake
SKIPDEV	4e3ff5e90482e5eb35c3dcc16e08943774db9159	[exynos9810] input: sec_ts: handle LPM single-tap events for DT2W
SKIPDEV	4be345ec38adab11fe40868959f75628f3fabae8	[exynos9810] defconfig: Enable Nintendo HID support
CONFLICT	437cc7c3ab63523660f83f2840bd9435a05cf0a3	ion: Map userspace buffers page-aligned	drivers/staging/android/ion/ion_heap.c
CLEAN	2971269610e06c77425c96d677070e5c80392eac	ion: Clear deferred-free pages without bulk vmap	
CLEAN	266ce7b340ba18cb843c5b693f53efa675a69e59	namei: Avoid hardened-usercopy boundary for embedded names	
CLEAN	434a059ba240feb9b6bf3ddfe5c528951e8c183d	drivers: base: Skip firmware suspend cache walk on exynos9810	
CLEAN	10859a784ef7f000213dc24657c2b9179e89508d	fs: Keep superblock shrinker global-only on exynos9810	
CONFLICT	b48811f9463ee5976f18a88dbad6c69d057dd64b	alarmtimer: Shorten wakeup hold for imminent alarms	kernel/time/alarmtimer.c
SKIPDEV	9bead529778fea84624219efc53987a1b26f0104	[exynos9810] battery_v2: Limit CPU frequencies while charging
CONFLICT	17b93a144bbf4eb3c33c0ee262fa9438c99c192c	kernel: remove stale merge-conflict markers	drivers/gpu/arm/b_r26p0/platform/devicetree/Kbuild drivers/md/dm-flakey.c drivers/md/dm-raid1.c drivers/md/raid10.c fs/btrfs/disk-io.h
CLEAN	de4814747fb88b8b3fc3491290ddfb51d64e9eac	mm: remove free_unmap_vmap_area_noflush()	
CLEAN	ec51569e6ad4b12f2105a37e1faa0c4ebe643bde	mm: remove free_unmap_vmap_area_addr()	
CONFLICT	b611939c2042bb625448d7014e86b2852706da4a	mm: refactor __purge_vmap_area_lazy()	mm/vmalloc.c
CLEAN	140de500fcbef569f0445f43d380cc2406ef2a1a	mm: add vfree_atomic()	
CLEAN	e60fca5a451c8e9bf75fad9d8d86475e67475fe6	mm: mark all calls into the vmalloc subsystem as potentially sleeping	
CONFLICT	225cc0357185ca9d989e3868329c178061857bd4	mm: turn vmap_purge_lock into a mutex	mm/vmalloc.c
CONFLICT	69934e633aa55074f22debb04ae88fe060ce807d	mm: add preempt points into __purge_vmap_area_lazy()	mm/vmalloc.c
CLEAN	9b9a45e5e56165396b65b6866d3c5abf6e05752f	BACKPORT: mm: introduce kv[mz]alloc helpers	
CLEAN	8d6fc5f1d24d0ac634283902e31788160e35693e	f2fs: drop local kv[mz]alloc helpers	
CLEAN	774d40df83fcdfd2494f635a99135e1b3b9ca815	mm, vmalloc: properly track vmalloc users	
CONFLICT	9a27f565137b389f0f3c3167bce29d969438ddcb	mm, vmalloc: use __GFP_HIGHMEM implicitly	kernel/fork.c
CLEAN	0288339291bde33bd9232e1a74aa4f8dae9b134f	mm, vmalloc: fix vmalloc users tracking properly	
CLEAN	74703189bc266d47ac9749dba810f7cbb9a16fcc	mm/vmalloc.c: don't unconditonally use __GFP_HIGHMEM	
CLEAN	f8a21c8d4a1280a2041efe7b804ecfd0a07f547d	mm: kmemleak: slightly reduce the size of some structures on 64-bit architectures	
CLEAN	1defcc3ec1c2eb9f4bd0cd7c27b3dd406c9b465d	mm: kmemleak: factor object reference updating out of scan_block()	
CLEAN	10f3e4278d0548426700f5067b84ccde1e5ad225	mm: kmemleak: treat vm_struct as alternative reference to vmalloc'ed objects	
CLEAN	24598cef0e3cf5ca3184951cfc66ad7428435ccf	mm/vmalloc.c: halve the number of comparisons performed in pcpu_get_vm_areas()	
CLEAN	fb89bcd6a3bab405fd604075d364728a842d71c6	mm/vmalloc.c: don't reinvent the wheel but use existing llist API	
CLEAN	2513ebc36df1d7bcf44213fa2426a14028bb0605	vmalloc: fix __GFP_HIGHMEM usage for vmalloc_32 on 32b systems	
CLEAN	7a690fc01a25877980fabba7e3000444e072e191	mm: vmalloc: clean up vunmap to avoid pgtable ops twice	
CLEAN	59f6faa0a6ee5efff3d3de2d85cf2ba2dee6ccb4	mm: vmalloc: pass proper vm_start into debugobjects	
CLEAN	2b8a5e4583780f2f9e336b3b04384a9fc79a01e4	mm: provide a fallback for PAGE_KERNEL_EXEC for architectures	
CLEAN	441d813059d033b23e9f1c65d86b089586fe2e13	vfree: add debug might_sleep()	
CLEAN	a5d5291136da4589adf7d0ef9e6b0d8a756ee418	BACKPORTED: mm: convert totalram_pages and totalhigh_pages variables to atomic	
CLEAN	651fc9ffeda5338e6f157d948a7a3b7869d3892e	mm/vmalloc.c: make vmalloc_32_user() align base kernel virtual address to SHMLBA	
CLEAN	da2b1a676cb869e49bdfa48c421e2740c4f5684c	mm/vmalloc: do not call kmemleak_free() on not yet accounted memory	
CLEAN	5146017ed20e78d3dcc5dc1a23692ca9f5fd1574	mm/vmalloc: pass VM_USERMAP flags directly to __vmalloc_node_range()	
CLEAN	fb9593e7d769a2de5006dfd6ec5a62734b6861dc	vmalloc: export __vmalloc_node_range for CONFIG_TEST_VMALLOC_MODULE	
CONFLICT	4cf42717d891062b4a583aefc96209bf7baf0268	mm/vmalloc: Add flag for freeing of special permsissions	include/linux/vmalloc.h
CONFLICT	7c9b3c4119eb7f79aa518ff59a4e7f18f2da50a2	mm/vmalloc.c: add priority threshold to __purge_vmap_area_lazy()	mm/vmalloc.c
CLEAN	0a115d7aaf34bbdc6a20631131b264c18a9b2327	mm/vmalloc.c: convert vmap_lazy_nr to atomic_long_t	
CONFLICT	a0163349e17373974cba4a3e73ac23db2b57adbc	mm/vmalloc.c: keep track of free blocks for vmap allocation	mm/vmalloc.c
CLEAN	540f3de2f8b9465e1ae24f477b33a14420b743b3	mm/vmap: add DEBUG_AUGMENT_PROPAGATE_CHECK macro	
CLEAN	476a877176a1fabec582e52aa1581779e9540f97	mm/vmap: add DEBUG_AUGMENT_LOWEST_MATCH_CHECK macro	
CLEAN	5ce0ddaf51e813ad34cc22a70b3c14dd2173a39a	fs: Convert remaining users of total{ram,high}_pages to atomic	
CLEAN	670a736963f7d5d6f4907e0e8a80e1d980937989	llist: Provide a safe version for llist_for_each()	
CLEAN	4bc1bf83d64b2fd955fc58e6b4b5a8b2143752f9	list: introduce list_for_each_entry_from_reverse helper	
CLEAN	2e71fb11d9a815e30eaac1f4988d6e49dbda211f	provide linux/set_memory.h	
CLEAN	9a0f87e0e88ef9d08923acdca976ca6611e71005	set_memory.h: Provide set_memory_{en,de}crypted() stubs	
CLEAN	5f00092685563244b5ae7fd5364f4eda99eb1461	PARTIAL: x86/memory_failure: Introduce {set, clear}_mce_nospec()	
CONFLICT	252eaf20e86423ad200e520b07e02626a569332a	PARTIAL: x86/mm/cpa: Add set_direct_map_*() functions	arch/Kconfig
CLEAN	1f9378f37a88abf708f8bcca36a6278ee930bd4d	arm64: Select ARCH_HAS_SET_MEMORY	
CLEAN	1dc33dbb5e1d73e48f1a9bd2cf0bc279c6cd823a	treewide: move set_memory_* functions away from cacheflush.h	
CLEAN	1922c48238f532f09e4fcbf603bfe21ac8932e30	vmalloc: show lazy-purged vma info in vmallocinfo	
CLEAN	a6a718da0aec2782ac11be5d897e7a2c05655fa4	netfilter: x_tables: Fix totalram_pages usage	
CLEAN	705f6b5a50b618d30b48a51692791348e89d9edd	tcp: introduce tcp_jiffies32	
CLEAN	b1ea8b0a182fecc149731bd4e4f8d4f0a5c62570	tcp_westwood: use tcp_jiffies32 instead of tcp_time_stamp	
CLEAN	d3be2f15b6ee6d57a335ce3de793ca159a9c749a	tcp: make undo_cwnd mandatory for congestion modules	
CLEAN	4fbdf1c5af08d63e993a43afac066ccc5c74bde6	tcp_westwood: fix tcp_westwood_info() style mistakes	
CLEAN	02740047e11ce44dda37d790bc3f799fb5d89e86	tcp: bic, cubic: use tcp_jiffies32 instead of tcp_time_stamp	
CLEAN	902dc8a9062547b4a682bce61908b309a5945249	tcp_bbr: use tcp_jiffies32 instead of tcp_time_stamp	
CLEAN	054bac2411dadfc03d089d1a07ea08013abb56f8	tcp: use tcp_jiffies32 to feed probe_timestamp	
CLEAN	af88cd7df1c2fd4b698141ce5891081aa80d950b	tcp: use tcp_jiffies32 for rcv_tstamp and lrcvtime	
CLEAN	267638bc96183ad1022c444292e0d89f20cda8ed	tcp: use tcp_jiffies32 to feed tp->snd_cwnd_stamp	
CLEAN	d954e76155f8df26e190bb09037ea2f25115bc20	tcp: use tcp_jiffies32 to feed tp->lsndtime	
CLEAN	9b5d583077ba5afc296571327c854990be3fd3dc	tcp: use tcp_jiffies32 in __tcp_oow_rate_limited()	
CLEAN	a11938e359c70c7cca15f1ba4d1cc52ff96b343f	tcp: replace misc tcp_time_stamp to tcp_jiffies32	
CLEAN	20ea2f1a2b30d9e8183054ac2ac796c3ba9434c5	dccp: do not use tcp_time_stamp	
CONFLICT	74d484967de72e0ea947cd3203375ebc4f71a1cf	BACKPORT: tcp: tsq: add tsq_flags / tsq_enum	include/linux/tcp.h
CLEAN	3677836504b7f4e2a12233b62ee92f1225bdf880	BACKPORT: net: reorganize struct sock for better data locality	
CLEAN	de0a7a3caae54e03becd224a9f42193f37263e4f	BACKPORT: tcp: tsq: move tsq_flags close to sk_wmem_alloc	
CLEAN	fe327aaab7c1e017c134063ad861b8ba4e15e5ec	BACKPORT: tcp: internal implementation for pacing	
CLEAN	d05cb7e04f84a8bf878e3893505befbfafd39c2f	BACKPORT: tcp: avoid min-RTT overestimation from delayed ACKs	
CLEAN	92261e8ef32f211c15f07e18875073abba54b9aa	BACKPORT: tcp: avoid min RTT bloat by skipping RTT from delayed-ACK in BBR	
CLEAN	150625e4d7d39c2018de5dda8cbc32fee38ccc95	BACKPORT: tcp_bbr: better deal with suboptimal GSO (II)	
CLEAN	61c8087b07feb4c0d50d072f1eaa1b3c62360220	BACKPORT: tcp_bbr: remove bbr->tso_segs_goal	
CLEAN	be6ba2b17f32f43d6c93509b21f815d181dc8356	BACKPORT: net-tcp_bbr: set tp->snd_ssthresh to BDP upon STARTUP exit	
CLEAN	818e925c683d023eb1a159a0a7f238488d1e5f72	BACKPORT: tcp_bbr: fix bbr pacing rate for internal pacing	
CLEAN	b8412a661e0ba8a1af96d19fcf90408d0d4dd612	BACKPORT: tcp_bbr: add bbr_check_probe_rtt_done() helper	
CLEAN	059a34d047f76cce0e07713261cd57bce014a55b	BACKPORT: tcp_bbr: in restart from idle, see if we should exit PROBE_RTT	
CLEAN	9975a5dc8807545b0d7da1e86845f079f67825ae	BACKPORT: tcp_bbr: apply PROBE_RTT cwnd cap even if acked==0	
CLEAN	ad5a6fd9e2d92eafff38b149eda4511442dddc7b	BACKPORT: tcp_bbr: centralize code to set gains	
CLEAN	091ad26b457a65521ef1056b9c96a80269b2899d	BACKPORT: net_sched: sch_fq: handle non connected flows	
CLEAN	0315bda2b9b081f5d444f6145efb9e442bc6f2ad	BACKPORT: tcp_bbr: refactor bbr_target_cwnd() for general inflight provisioning	
CLEAN	dd98146e760b9e9f4c5e9f99907bb8dec55abcc6	BACKPORT: tcp_bbr: clarify that bbr_bdp() rounds up in comments	
CLEAN	059555b023d3e16d34da179b67ad13b0051ca1e5	BACKPORT: tcp_bbr: fix quantization code to not raise cwnd if not probing bandwidth	
SKIPDEV	831fcec9dd7d169f387f91a91284869d29359f17	[exynos9810] defconfig: Enable BPF_JIT
SKIPDEV	bd9a9791a999a51899b2aff89fbff9a732144353	[exynos9810] defconfig: Enable CONFIG_BLK_CGROUP
CONFLICT	1c3b123b0ad6b97999dbd92ec13f332f8149ed13	UPSTREAM: security: selinux: allow per-file labeling for bpffs	security/selinux/hooks.c
CLEAN	0c01adfa6afb22b63f1cde96ed68911c5a82c2ca	BACKPORT: bpf: add helper for retrieving current numa node id	
CLEAN	064eec9d7188c291a44ddfc632533873dc51bfce	UPSTREAM: bpf: LRU List	
CLEAN	c8eed4caddede82f0b729c64a7b421eac824abaf	UPSTREAM: bpf: Add percpu LRU list	
CLEAN	8ba00d3cfc8d48e52bd5d916f5b984a53abf05d2	UPSTREAM: bpf: Refactor codes handling percpu map	
CONFLICT	3ed2e2f029dba69f61f7635f4c52c3baced415d0	BACKPORT: bpf: Add BPF_MAP_TYPE_LRU_HASH	kernel/bpf/hashtab.c
CLEAN	6ae7023aafc7b075c4df4b092a1b8bfc680f5b3d	UPSTREAM: bpf: Add BPF_MAP_TYPE_LRU_PERCPU_HASH	
CLEAN	047751c514da0bbe0ac0b43bff7ebb0546069171	UPSTREAM: bpf, mlx5: fix mlx5e_create_rq taking reference on prog	
CLEAN	88d5a0844073bc723c1c67f8224c6e653f2e2efc	BACKPORT: bpf: add __must_check attributes to refcount manipulating helpers	
CLEAN	1e60ccc600519b0588f31f4d2d5c6dd6a2a6d1da	BACKPORT: bpf: drop unnecessary context cast from BPF_PROG_RUN	
CLEAN	1a1cc1b40591f34eb9bce2955075c1528c1f21dc	UPSTREAM: bpf: drop useless bpf_fd member from cls/act	
CONFLICT	ddf82ae7e880afe906b881d0ee8d2d64c84d9a45	UPSTREAM: bpf: reuse dev_is_mac_header_xmit for redirect	net/core/filter.c
CLEAN	630edbc3dc9be82cfbb2483aa4a34f2fffeacfc9	UPSTREAM: bpf: add owner_prog_type and accounted mem to array map's fdinfo	
CLEAN	d2b6daf7f6c94a20c23c35fdf7096e541d3a091b	UPSTREAM: bpf: allow for mount options to specify permissions	
CLEAN	c3b2fa149db1b09c21a7aeff298721fb2dc54ea7	UPSTREAM: bpf, xdp: allow to pass flags to dev_change_xdp_fd	
CLEAN	fd58a9a068f4c62aafdf5d198d34e3c61a85c2a2	BACKPORT: bpf: Print function name in addition to function id	
CONFLICT	5128fe02b8198c21aa71efabeb4eadebd75293da	UPSTREAM: net/ipv6: allow sysctl to change addr_gen_mode	include/linux/ipv6.h net/ipv6/addrconf.c
CONFLICT	580a9db663e15f0b112cdf1cfb802561360e1c14	BACKPORT: ipv6: implement Segment Routing Header dataplane	include/linux/ipv6.h net/ipv6/addrconf.c
CLEAN	d5d2b3badd776d25750a0371487d695b335dadda	UPSTREAM: ipv6: sr: add code base for control plane support of SR-IPv6	
CLEAN	ae16cbe8175eefd7efbc9b2090854281403dd3d8	UPSTREAM: ipv6: sr: add support for SRH encapsulation and injection with lwtunnels	
CONFLICT	18d6a9c0ea436cb29768c882f3cc2d46ed91b011	BACKPORT: ipv6: sr: add core files for SR HMAC support	net/ipv6/addrconf.c
CLEAN	8ad146c39768b12fa11fbcef716ab4300803b168	UPSTREAM: ipv6: sr: implement API to control SR HMAC structure	
CLEAN	250e958ad2991fc51ca88230241ba276ab81d98f	UPSTREAM: ipv6: sr: add option to control lwtunnel support	
CLEAN	ff7270e1c8725688421f136af626f9c2c57fadfd	UPSTREAM: ipv6: sr: fix NULL pointer dereference when setting encap source address	
CLEAN	d1b64fd4faff83057ad5aab00af701c4c53cf1a7	BACKPORT: bpf: complete LRU hash hlist conversion	
CLEAN	48a81a3cad97516d60184ca96decec93d02b5a49	BACKPORT: bpf: correct the perf-event context type	
CONFLICT	299f338c4b311e659853a1220a14b213e17485de	BACKPORT: bpf: BPF for lightweight tunnel infrastructure	net/core/Makefile
CLEAN	40b98b66d425091831ec21827169972fbb7cf0be	UPSTREAM: bpf: Add tests and samples for LWT-BPF	
CLEAN	d1e1dbd886e7615b8afcdbce351f341fc8de871a	UPSTREAM: kernfs: Declare two local data structures static	
CLEAN	02542ad0f1da56b20298c700b0722061dc64a966	UPSTREAM: sock: do not set sk_err in sock_dequeue_err_skb	
CLEAN	381605f08479fe581dc07b72b46ddce1a775c63f	UPSTREAM: tcp: allow to enable the repair mode for non-listening sockets	
CLEAN	38cb7d2d5dedb8e67bc28570c4d51251c75c59a4	UPSTREAM: tcp: add cwnd_undo functions to various tcp cc algorithms	
CLEAN	f31eca5da10af1d3bb7356fdfdfeab0a909c042b	UPSTREAM: tcp: enhance tcp collapsing	
CLEAN	e33a8727b73aa82c06f71dc80981463ef04d2371	BACKPORT: bpf, xdp: drop rcu_read_lock from bpf_prog_run_xdp and move to caller	
CLEAN	4f7a4a7b2f52bf44fa9ea1c95a622c6a53609baa	BACKPORT: bpf: Refactor cgroups code in prep for new type	
CLEAN	aabcdecfa6d088b2a17f61dafa506a2c0b800c25	BACKPORT: bpf: Add new cgroup attach type to enable sock modifications	
CLEAN	8714e62cb80a69e4255150c8d8a1b3b688fc0193	UPSTREAM: bpf: Add support for reading socket family, type, protocol	
CLEAN	a3a7e46e5e3a230bab58b4481160218281f68dc3	UPSTREAM: ipv4: fib: Export free_fib_info()	
CLEAN	1f9e033e9592880ca10f44fcd05ad14a1ce63960	UPSTREAM: ipv4: fib: Add fib_info_hold() helper	
CLEAN	f021a9e2f61fbe5cc64f1cd454afddacaade29e2	UPSTREAM: ipv4: fib: Convert FIB notification chain to be atomic	
CLEAN	3509e72109b0c63ae23ef6b3e25d01e3c532e991	UPSTREAM: ipv4: fib: Allow for consistent FIB dumping	
CLEAN	f8b4e1c857febc89b4c891e57eedb09fe61a49c4	UPSTREAM: bpf: add various tests around spill/fill of regs	
CLEAN	dba15732b68f939558b9d8dbc5b79b086460ac20	UPSTREAM: bpf: add initial suite for selftests	
CLEAN	cdb6435102b87cbba8b1f680550bc09feb47c263	BACKPORT: bpf: Preserve const register type on const OR alu ops	
CLEAN	03ec361f7a01bfbe2b3bb1893232fde9781c2934	UPSTREAM: bpf: remove type arg from __is_valid_{,xdp_}access	
CLEAN	cf98d05ddb7e9c69eb84bda40ff4917f422212ca	UPSTREAM: bpf, cls: consolidate prog deletion path	
CLEAN	75e8610b198ebe191e52071483df4f4507e0dbc7	BACKPORT: bpf: add prog_digest and expose it via fdinfo/netlink	
CLEAN	ce1d60e322192ae2d1e5fe5bf7ba7990764fc520	BACKPORT: bpf: xdp: Allow head adjustment in XDP prog	
CLEAN	b9aff199e67937a41c6282cfcbc2d69b1c02ce0d	BACKPORT: tools lib bpf: Sync {tools,}/include/uapi/linux/bpf.h	
CLEAN	b424620461cbe24145c2f37cd2db66b78e59144c	UPSTREAM: bpf: fix regression on verifier pruning wrt map lookups	
CLEAN	47aa977e3ea020fd6a18cfd7f36054193983838f	UPSTREAM: bpf, test_verifier: fix a test case error result on unprivileged	
CLEAN	c0a9ed4eb55b59b9dde8325248a1e64538bb7751	UPSTREAM: net: xdp: add invalid buffer warning	
CLEAN	89a40034bdef0f0686b6a0fe353fe12a395cc218	UPSTREAM: net: use designated initializers	
CLEAN	aab63df27391d00156dfb46085f81b6680fb6463	BACKPORT: bpf: Use u64_to_user_ptr()	
CLEAN	6942381a69cfa33c1a461083c7cfbaa44dac7613	UPSTREAM: bpf: dynamically allocate digest scratch buffer	
CLEAN	89ebb73db82709107ab7d388332aae57d078fd95	UPSTREAM: tcp: do not export tcp_peer_is_proven()	
CLEAN	658d4222abe07d45dbcf2a8dd4dacba1b89a55fe	UPSTREAM: flow dissector: ICMP support	
CLEAN	f9dc10c8857105a1f6c5bba936f3d9e3aa086fb1	UPSTREAM: net: skb_flow_get_be16() can be static	
CLEAN	8f994f56cb6307443e815b4241209b7ccaafd0e2	UPSTREAM: bpf: rework prog_digest into prog_tag	
CLEAN	4b1d2608879ac7e5823453a679f0cd0fd4965994	UPSTREAM: ipv6: seg6_genl_set_tunsrc() must check kmemdup() return value	
CLEAN	73a371f138008354b25da2f98706794713ecd52c	UPSTREAM: net: Specify the owning module for lwtunnel ops	
CONFLICT	ac02ef0433e359568195582cb01fccf48155d5e4	BACKPORT: tcp: instrument tcp sender limits chronographs	include/net/tcp.h
CLEAN	1b37f3768890317b675438b35afc53a205dd2012	UPSTREAM: tcp: instrument how long TCP is busy sending	
CLEAN	781fb396d98b1e3afff739e58c3923a6631811c6	BACKPORT: tcp: instrument how long TCP is limited by receive window	
CLEAN	5e4cc1ecf6b9293750c16d1dc32b207310a7e3c2	UPSTREAM: tcp: instrument how long TCP is limited by insufficient send buffer	
CLEAN	bfa9d3b32098dc6bddccbe00722013ed527a5e62	BACKPORT: tcp: export sender limits chronographs to TCP_INFO	
CLEAN	1367447c6a5afcc4cb2b1c7de1c50b5435cbe13e	BACKPORT: tcp: SOF_TIMESTAMPING_OPT_STATS option for SO_TIMESTAMPING	
CLEAN	b10fb202b0b6435a6f7dc8b53c1853d7b8b80dd6	UPSTREAM: ipv6: sr: fix several BUGs when preemption is enabled	
CLEAN	94783ca5462bbc16a1282f8326fd33d9a8091aa3	UPSTREAM: ipv6: sr: remove cleanup flag and fix HMAC computation	
CLEAN	174e7127f7a74fd86e5b0a8a48e375e6befc8d3e	BACKPORT: bpf: enable verifier to add 0 to packet ptr	
CLEAN	5b7ecee765ee7d37cd16142378836b55e00935fe	UPSTREAM: ipv6: sr: fix non static symbol warnings	
CLEAN	4c92f025314d11807b001950d3daa30e117db9ca	UPSTREAM: powerpc/bpf: Introduce __PPC_SH64()	
CLEAN	13ecc4898856092fd0e3d1542a174e03ad0b2df8	UPSTREAM: bpf: add a longest prefix match trie map implementation	
CLEAN	3f9cc6ef7b8103aaa0dfd1f45a626d2045ddb645	UPSTREAM: bpf, trace: make ctx access checks more robust	
CLEAN	e1ccd5aaa0f2bbc96eb56e9dba9c94ee014a8a8c	UPSTREAM: net: xdp: remove unused bfp_warn_invalid_xdp_buffer()	
CLEAN	ad191875837718f9ef91d1dacfe1dfc9893b779d	UPSTREAM: bpf: split check_mem_access logic for map values	
CLEAN	bb633e0d9c2de1de6eacaf83449ccab555a3a6f6	BACKPORT: bpf: allow helpers access to map element values	
CLEAN	bc7122688b428eafed9e5f32fc84e0f50d2472db	BACKPORT: bpf: allow adjusted map element values to spill	
CLEAN	bf98dbca49296edcaacd1d3af7b55f41409aea02	UPSTREAM: bpf: rename ARG_PTR_TO_STACK	
CLEAN	493b3bf7912fac94ab7acb8410866104aac08104	UPSTREAM: bpf: pass original insn directly to convert_ctx_access	
CLEAN	02e95a1a746e8e7536783a6380bc30554b8513c1	UPSTREAM: bpf: allow b/h/w/dw access for bpf's cb in ctx	
CLEAN	87a061906d17dce6f27f6bd8c229aa5b884b8be0	UPSTREAM: bpf: simplify __is_valid_access test on cb	
CLEAN	804460388588c2c1fef2a6c9e7b933b70268cbc7	UPSTREAM: bpf: enable load bytes helper for filter/reuseport progs	
CLEAN	79ea143ac94e3ce9f66981a5adeee204cb2a2c94	UPSTREAM: bpf: allow option for setting bpf_l4_csum_replace from scratch	
CLEAN	4a9dbd37bbc5713248797d7f556c394ec4af476b	UPSTREAM: bpf, lpm: fix kfree of im_node in trie_update_elem	
CLEAN	331f246a61adcdeb3f54cb39fa1817c7890f4c03	UPSTREAM: tcp: new helper function for RACK loss detection	
CLEAN	6fdbc9dff77a5d286b1b8f73bea3b7549bfadac2	UPSTREAM: tcp: new helper for RACK to detect loss	
CLEAN	8f48a64a41de735783b4ee8982f28098b13f3360	UPSTREAM: lwt_bpf: bpf_lwt_prog_cmp() can be static	
CLEAN	f37b4128d3b32906303bedb2daf1270114b88e12	UPSTREAM: bpf: Remove unused but set variable in __bpf_lru_list_shrink_inactive()	
CLEAN	91722e2c9664d9af92ada61e19ab68d2cd4a3106	BACKPORT: bpf: add bpf_probe_read_str helper	
CLEAN	556cc68b63b94f9bfd3ac0495e568dbc86ccca60	BACKPORT: bpf: enable verifier to better track const alu ops	
CLEAN	c458bc14db2cbf57c60fc0f978efacd317fddab1	BACKPORT: bpf: add initial bpf tracepoints	
CLEAN	f9d315aeeb888a6857b0d41c5d75ab2be40f81cf	UPSTREAM: net/skbuff: Introduce skb_mac_offset()	
CLEAN	8bc8459d42c1bb2b03b0fef5fa5eaf74862f1437	UPSTREAM: kernfs: handle null pointers while printing node name and path	
CLEAN	8076ab6d1f1082c040dbc8caf04a8a423d55c002	UPSTREAM: net: Fix checkpatch WARNING: please, no space before tabs	
CLEAN	502564f9eb0bf7d6473586bd0f4d8f564e690a31	UPSTREAM: net: Fix checkpatch whitespace errors	
CLEAN	8a9364e59674ef9f6af8300a7e7cbb957d8350e5	UPSTREAM: net: Fix checkpatch block comments warnings	
CLEAN	99d893e984cae781fb6fce135f87d06abc21e755	UPSTREAM: tools: Sync {,tools/}include/uapi/linux/bpf.h	
CLEAN	b1e8f9e588417ab09f70b16c72af4f7c6c600896	BACKPORT: bpf: reduce compiler warnings by adding fallthrough comments	
CLEAN	1ec4ec8485167dd7ae9a25af3e5b475c721edb51	UPSTREAM: bpf: kernel header files need to be copied into the tools directory	
CLEAN	ea419cc7899c6aa1f031721c08a430f54b0380e0	BACKPORT: bpf: mark all registered map/prog types as __ro_after_init	
CLEAN	e94bc4c0a1e15589877c526c7c33947afb425083	BACKPORT: bpf: remove stubs for cBPF from arch code	
CLEAN	0fa93420be8761d7284734ccc5fcb3a989e58767	BACKPORT: bpf: make jited programs visible in traces	
CLEAN	778de1c77edbfa76f239617229d1bf12ddcb0aad	UPSTREAM: bpf: fix unlocking of jited image when module ronx not set	
CLEAN	4a58b1468e71d707c2021674e53e377901ad1e6c	UPSTREAM: bpf: fix spelling mistake: "proccessed" -> "processed"	
CONFLICT	d5bcc28ab29cf67e6ac793aa5d55bf5f32c404e4	BACKPORT: net/ipv6: support more tunnel interfaces for EUI64 link-local generation	net/ipv6/addrconf.c
CLEAN	fb94ec1819d4f51e60e892f4fd4cb367507a1351	UPSTREAM: bpf: update the comment about the length of analysis	
CLEAN	2db3d0752b79ce9d2b2c5b6ef14734cef481a4bb	UPSTREAM: bpf: add get_next_key callback to LPM map	
CLEAN	a6fd224af84f8b04e6347064142d7bd44635e2d9	UPSTREAM: bpf, lpm: fix overflows in trie_alloc checks	
CLEAN	e28ff79f022f82e779bff11c5a7f7b726c777113	UPSTREAM: flow disector: ARP support	
CLEAN	0bfbffdba203bdbfd7646fb0d4d4980f1cac9939	UPSTREAM: flow dissector: check if arp_eth is null rather than arp	
CLEAN	9e3d83a663f65efe9e23165eda421ab736753f70	UPSTREAM: flow_dissector: Move ARP dissection into a separate function	
CLEAN	3d7fa6d5a1d9223cae9deb7479ca7f5649030eae	UPSTREAM: flow_dissector: Fix GRE header error path	
CLEAN	be3b543d740524757f772cda232ba6c46febf498	UPSTREAM: flow_dissector: rename "proto again" goto label	
CLEAN	1e358df45bd1d24ce6b14e89791fa801d0c9c239	UPSTREAM: flow_dissector: Move MPLS dissection into a separate function	
CLEAN	bf1958c934ca560cc622117a432eb032ed160c17	UPSTREAM: flow_dissector: Move GRE dissection into a separate function	
CLEAN	343323a92ea3b736969fb3c73b4f745f0fb07a2d	UPSTREAM: bpf: improve read-only handling	
CLEAN	674636cf2819d7c129b4c64ebd37178501eede7a	UPSTREAM: lwtunnel: remove unused but set variable	
CLEAN	f02ed6914a4f0af2dbf3bd34fdfd8eb80a656051	UPSTREAM: net: ipv6: set route type for anycast routes	
CLEAN	23c3c33845eb20abda09be9b0f48c95b8501997f	UPSTREAM: bpf: inline htab_map_lookup_elem()	
CLEAN	b39e74c6d46ec524579132c32904d5493320023a	UPSTREAM: tcp: fix SCM_TIMESTAMPING_OPT_STATS for normal skbs	
CLEAN	b533b5c591f226c555253b56a6d1577108f84c36	BACKPORT: tcp: mark skbs with SCM_TIMESTAMPING_OPT_STATS	
CLEAN	cfd0907621d4dcd6ff99966f505c1eef1993a01a	BACKPORT: bpf: fix hashmap extra_elems logic	
CLEAN	e3671d3a43947020cc04b195cff33c10e668ef68	BACKPORT: bpf: add helper inlining infra and optimize map_array lookup	
CLEAN	72d47d2d4b29eec105a81a4688b3a97d17b62f2a	UPSTREAM: bpf: Fix and simplifications on inline map lookup	
CLEAN	613b80dcaa9de3d91b365f681949d7e59d8e66df	BACKPORT: bpf: Add array of maps support	
CLEAN	f04599695866e2294b0f5fe02728fdf0dda018d6	BACKPORT: bpf: Add hash of maps support	
CLEAN	d6f9d9b7c796d3cc75a340ea1bcaeaa1f0bce421	UPSTREAM: ipv6: sr: expand skb head only if necessary	
CLEAN	1fa80886438c97e5c8db93495054c73fe1755b45	UPSTREAM: ipv6: sr: use dst_cache in seg6_input	
CLEAN	8dd0534dacac0850955ad0bdbd5cdc4f173e2b21	BACKPORT: bpf, verifier: fix rejection of unaligned access checks for map_value_adj	
CLEAN	96d6e6dd06688d0a9a31834b819adf13de7e7373	BACKPORT: bpf: introduce BPF_PROG_TEST_RUN command	
CLEAN	48ce9a1416bdada6379ce4043fbf5e006822cb42	UPSTREAM: netfilter: ip6_tables: Remove unneccessary comments	
CLEAN	bf073cb2dad8d595902d849e56230fc1337ecc37	UPSTREAM: skbuff: Extend gso_type to unsigned int.	
CLEAN	2fccabf4f8ce03b8885b389b944ed74d5d52f51e	BACKPORT: tools/lib/bpf: add support for BPF_PROG_TEST_RUN command	
CLEAN	26191648d0d46b13fb49dcdeb429e6e33dc05e11	UPSTREAM: bpf: fix comment typo	
CLEAN	0327fdf035f3d741661b208c69d53556642a9a97	UPSTREAM: bpf: do not use KMALLOC_SHIFT_MAX	
CLEAN	9ef90505115b306f387eaed3562a56163fd3d54b	UPSTREAM: bpf: reference may_access_skb() from __bpf_prog_run()	
CLEAN	f50d4f252709f919872e3f87879a1d4a81b260e3	BACKPORT: bpf: remove struct bpf_prog_type_list	
CLEAN	91b903b3040730caa8beff4596354b9c2b781daf	UPSTREAM: bpf: remove struct bpf_map_type_list	
CLEAN	b665b7cc5054432868dc81af152b8013145a766c	UPSTREAM: ipv6: addrconf: fix 48 bit 6lowpan autoconfiguration	
CLEAN	58d869a3d22358ac52a1752093d1efe36123c92c	UPSTREAM: ipv6: sr: fix BUG due to headroom too small after SRH push	
CLEAN	d977d2582ee52a0dc76bd0f646433b20bfa0ad58	BACKPORT: bpf: fix cb access in socket filter programs on tail calls	
CLEAN	28766c6fb7bdbadd925005434847cd4a9efe9edf	BACKPORT: bpf: fix checking xdp_adjust_head on tail calls	
CLEAN	4b334cfacb5d2079a74960151a347b6d925e007c	UPSTREAM: bpf: remove reference to sock_filter_ext from kerneldoc comment	
CLEAN	457477169c616d9cf3e9b3192f964e3b66bd25ad	UPSTREAM: net: add netif_is_ovs_port helper	
CLEAN	1448ded06e9cd4a68e4f5195cb2839fced5b979d	UPSTREAM: ipv6: sr: fix out-of-bounds access in SRH validation	
CLEAN	e76801168538889be958a192ee9093a4fcfbc9a7	BACKPORT: bpf: add napi_id read access to __sk_buff	
CLEAN	4b415ee9cc4f245dfc560a3307e78db4bc37cdca	UPSTREAM: bpf, doc: update bpf maintainers entry	
CLEAN	75f48698e36abe83e492f5b5fa0ead2d3112dc63	UPSTREAM: sparc: Split BPF JIT into 32-bit and 64-bit.	
CLEAN	9324bc70443040433c7e06d0bfa91799c267cfb2	UPSTREAM: sparc64: Add eBPF JIT.	
CLEAN	41f1a9a50be1250c71fe87704ae1771bfb1d60f1	UPSTREAM: bpf: Add sparc support to tools and samples.	
CLEAN	ea373e5dee3a9a693cc4658f3df34590050ee35e	UPSTREAM: bpf, doc: update list of architectures that do eBPF JIT	
CLEAN	b6857f81a92c0b2957274840a502c6984a9f0985	BACKPORT: bpf: make bpf_xdp_adjust_head support mandatory	
CLEAN	afbc31a92b8e42b7396be7c266c6f1b8a0494bc2	UPSTREAM: sparc64: Support cbcond instructions in eBPF JIT.	
CLEAN	47ed40174acdd408a675fca0c2dcdb7d1223b7e4	BACKPORT: bpf: map_get_next_key to return first key on NULL	
CLEAN	41b7493282820078de634135e7340854e38ef6f0	BACKPORT: gro_cells: move to net/core/gro_cells.c	
CONFLICT	fd90efeb991d7cd75539917f45292c9183b7ba2e	BACKPORT: net: Generic XDP	include/linux/netdevice.h
CONFLICT	228584365faceef92b7a246e883a0d0aeea0493a	UPSTREAM: net: move xdp_prog field in RX cache lines	include/linux/netdevice.h
CLEAN	74ebe65d7c252aeee489fc511d0d01052cec7425	UPSTREAM: bpf, x86_64/arm64: remove old ldimm64 artifacts from jits	
CLEAN	ab9e594a93817eb2d186840430ce92b2ae75c049	UPSTREAM: bpf: bpf_lock on kallsysms doesn't need to be irqsave	
CLEAN	1751590b4d0c4eb17fd8fd9835ba36e6e76aa58e	BACKPORT: xdp: add flag to enforce driver mode	
CONFLICT	fe669743040c1ac99c12e7e94247d30423d5bc52	BACKPORT: xdp: refine xdp api with regards to generic xdp	include/linux/netdevice.h
CLEAN	d4850213ff70e1c1351ceb4726af191666b7b4e6	UPSTREAM: bpf: Do not dereference user pointer in bpf_test_finish().	
CLEAN	d4a56874267345fd91266a5d9e33e8761a701866	UPSTREAM: bpf: Align packet data properly in program testing framework.	
CLEAN	8c1e652d28142a815f7679370f361e7671517bcb	UPSTREAM: bpf, arm64: implement jiting of BPF_XADD	
CLEAN	2c0f31a36b9fbb66400d6efff78010865cc5332f	UPSTREAM: test_bpf: Use ULL suffix for 64-bit constants	
CLEAN	4387a5e3ea77595233739403a759592565e264bf	BACKPORT: bpf: Track alignment of register values in the verifier.	
CLEAN	6e7f8a2c56c1cf0b6724a9b242e62e481c23144b	BACKPORT: bpf: Do per-instruction state dumping in verifier when log_level > 1.	
CLEAN	8e237e750df04b0089d0d9c27aa408507f111c35	UPSTREAM: bpf: Add strict alignment flag for BPF_PROG_LOAD.	
CLEAN	6a35cb76c844f8fc0266ec0990ead2a7ec3d525f	BACKPORT: bpf: Handle multiple variable additions into packet pointers in verifier.	
CLEAN	cfc5981b3bb4abbabfd522eacee71d7b8cda994e	BACKPORT: bpf: adjust verifier heuristics	
CLEAN	e918433d33483e5f840d472e0e720af43e10e304	UPSTREAM: bpf: fix incorrect pruning decision when alignment must be tracked	
CLEAN	1609ac6578bce3fa60ab0e00a780eabd15218f41	UPSTREAM: bpf: properly reset caller saved regs after helper call and ld_abs/ind	
CLEAN	f48d3f3c9ee2bfba82da8c92d8da1b111c9a76ff	BACKPORT: bpf: fix wrong exposure of map_flags into fdinfo for lpm	
CLEAN	672604e72ba02dba0ae0eacc13aa35d2cf4d1093	BACKPORT: bpf: add various verifier test cases	
CLEAN	25a8d3fb5ff13cdaf001acab99ffa4e62fe7aa9b	UPSTREAM: net: socket: fix a typo in sockfd_lookup().	
CLEAN	fae8c8ba120fc60d6fe7be920a12a6f8d81bf77a	UPSTREAM: flow_dissector: Add enums for encapsulation keys	
CLEAN	b91c431a5308bedd54edf10dc2874d43259d80dd	UPSTREAM: net/sched: cls_flower: Allow setting encapsulation fields as used key	
CLEAN	a7dd9c4448f3fcfe006e2fdd0ef32e91b58c8813	BACKPORT: net/sched: cls_flower: Support matching on SCTP ports	
CLEAN	e3e7826981c1bd268b6f2943347adde7f523b48f	BACKPORT: net/sched: cls_flower: Add UDP port to tunnel parameters	
CLEAN	f4e06c4b40836067dd0cd03433baf29e19fef4b0	UPSTREAM: flow_dissector: add mpls support (v2)	
CLEAN	24e952ed20ac7bf0582cd0a6921ebd72b3dc60ec	UPSTREAM: net: flow_dissector: add support for dissection of tcp flags	
CLEAN	6afb4d838b65154791e514553f60343d526e9642	UPSTREAM: net/sched: cls_flower: add missing unbind call when destroying flows	
CLEAN	ec417ec9152eaa45cf882902b1ca1022b2b4be38	BACKPORT: net/sched: cls_flower: Add support for matching on flags	
CLEAN	9fbd9e80c8fe869274a2375d91f4dac4e1533fda	BACKPORT: net/sched: cls_flower: Support matching on ICMP type and code	
CLEAN	279d47e0441b5bdd928dae31046974888c791aeb	UPSTREAM: net/sched: cls_flower: Mandate mask when matching on flags	
CLEAN	3902e4850f5d40fd5d8f1bc3fb79a18a1e6c73ed	BACKPORT: net/sched: cls_flower: Support matching on ARP	
CLEAN	3ab3273239972f4e34036f1774c461e31c685222	UPSTREAM: net/sched: cls_flower: Disallow duplicate internal elements	
CLEAN	da8eaaee536e35edd0823973a485b864a64bf138	UPSTREAM: net/sched: cls_flower: reduce fl_change stack size	
CLEAN	5a9767e1a064d47157755b8e08d62ec53e2a1200	UPSTREAM: net/sched: cls_flower: Correct matching on ICMPv6 code	
CLEAN	2399e2acdf2fbe5747fe67ee640eb686aedda69e	BACKPORT: cls_flower: add support for matching MPLS fields (v2)	
CLEAN	88ec996e8aae1e358607487ee088b5ae7bc4d30f	UPSTREAM: flower: check unused bits in MPLS fields	
CLEAN	482302771f4939bc754e772bdc96e937aba92933	UPSTREAM: net: ipv4: add new RTM_F_FIB_MATCH flag for use with RTM_GETROUTE	
CLEAN	12088644ea119481ea7e0b42530e941487af3388	BACKPORT: bpf: free up BPF_JMP | BPF_CALL | BPF_X opcode	
CLEAN	a064cb9c466dd892c14be5b494e900fa4e499f4f	UPSTREAM: bpf: teach verifier to track stack depth	
CLEAN	bcf2a449c1f863acf368721860a96b73b8a39d4a	BACKPORT: bpf: split bpf core interpreter	
CLEAN	57e3590831b0754c23528e854a8043dd9d62d3e4	BACKPORT: bpf: reconcile bpf_tail_call and stack_depth	
CLEAN	c22afa5c91cb34b75b17a735552aba3f9936d4f0	UPSTREAM: bpf: track stack depth of classic bpf programs	
CLEAN	27813444571f1843ddb8a23949cffff5b0980e5c	UPSTREAM: bpf: fix stack_depth usage by test_bpf.ko	
CLEAN	27a1f72138027bd3c4c5a7489fd22a2b753f3b5d	BACKPORT: bpf: use different interpreter depending on required stack size	
CLEAN	e71ecc0f1f9795c2718c3756c616a2297cb3cfe2	UPSTREAM: bpf: change x86 JITed program stack layout	
CLEAN	516ca417b0579bc52c9431d08871565c8fb56b24	UPSTREAM: bpf: take advantage of stack_depth tracking in x64 JIT	
CLEAN	2fac260c3c8e25d1cb4ab56e1e4bbee50d1ed03e	UPSTREAM: bpf: Take advantage of stack_depth tracking in sparc64 JIT	
CLEAN	8e59435d7bd217bc3b51d846d555bc358fb5503b	UPSTREAM: bpf: Allow CGROUP_SKB eBPF program to access sk_buff	
CLEAN	b2a68be5e3d41b42e34436709aa7997969ddc5e1	UPSTREAM: perf, bpf: Add BPF support to all perf_event types	
CLEAN	18be24dccc612bb8a52da197986f805fefb4f8fc	UPSTREAM: bpf: update perf event helper functions documentation	
CLEAN	bade768771e842ef8fe1db40232cb0213ad4b26a	UPSTREAM: bpf: Introduce bpf_prog ID	
CLEAN	1e32f545e2a86514050525d38c99f1bef45b9018	BACKPORT: bpf: Introduce bpf_map ID	
CLEAN	f80f70ab65931f5768bc61b36f23b8c699305864	UPSTREAM: bpf: Add BPF_(PROG|MAP)_GET_NEXT_ID command	
CLEAN	39b9d3a3ed83e23a543228ac44758e18c7be9458	UPSTREAM: bpf: Add BPF_PROG_GET_FD_BY_ID	
CLEAN	3d5d76df396a10db0e7c7ab37b38600f12bb003e	BACKPORT: bpf: Add BPF_MAP_GET_FD_BY_ID	
CLEAN	f0aee008421b7e825aed4c5dc52a4ec2c64eb839	UPSTREAM: powerpc/bpf: Remove redundant check for non-null image	
CLEAN	1c64b4ccec12fcceb2baa0a197d2f60ea7aa7754	UPSTREAM: powerpc/bpf: Flush the entire JIT buffer	
CLEAN	17ef5740f61b616b6bed5b28fb7a81c0ae536900	BACKPORT: bpf: Add jited_len to struct bpf_prog	
CLEAN	da36ef9c01aa8917d62d3e849fd569f58157d3e4	UPSTREAM: bpf: Add BPF_OBJ_GET_INFO_BY_FD	
CLEAN	53d8e39782d103e83a8012aa13744500a411f6db	BACKPORT: bpf: Test for bpf ID	
CLEAN	5d78d026ff4f6cbcfa8e90920d8c90545f9fc1fe	UPSTREAM: bpf: cgroup skb progs cannot access ld_abs/ind	
CLEAN	638dcf1c92de188685f4eebd14402a5eabbf8c57	UPSTREAM: bpf, arm64: use separate register for state in stxr	
CLEAN	f5f9d2580bfbc797514f922c030ab2c14d064d75	UPSTREAM: bpf: avoid excessive stack usage for perf_sample_data	
CLEAN	3391586c19610c0e50bbc72fcfd5ae550b97dc77	UPSTREAM: bpf: don't check spilled reg state for non-STACK_SPILLed type slots	
CLEAN	4cd874083fa47b9a1e31d4bba02cced7dcdc8883	BACKPORT: bpf: reset id on CONST_IMM transition	
CLEAN	41bc8b3cdc1acd6976b3b93e5600f1e579f85b85	UPSTREAM: bpf: reset id on spilled regs in clear_all_pkt_pointers	
CLEAN	09af57c8ea19f3f8c98cb527826a49c48522518d	BACKPORT: bpf: remove cg_skb_func_proto and use sk_filter_func_proto directly	
CLEAN	40b7fe500224a43995dd0df6fb5315c3b3351bef	UPSTREAM: bpf: add bpf_set_hash helper for tc progs	
CLEAN	4e0270d41eddb034b90037408e6747c21d0867e4	UPSTREAM: bpf, arm64: take advantage of stack_depth tracking	
CLEAN	a720e08b543f98c6a48a6bbee472ab8891e884f8	BACKPORT: bpf: permits narrower load from bpf program context fields	
CLEAN	75b8bc3922750fadbd33f5bec5c7ccb6853b667d	UPSTREAM: trace: add variant without spacing in trace_print_hex_seq	
CLEAN	e2b143a1e35fb288c6094861325ef1d41be85be1	ANDROID: net: bpf: Allow TC programs to call BPF_FUNC_skb_change_head	
CLEAN	f69242b1d0827e712a9356aa6d1df25b88a10a6e	UPSTREAM: bpf: Allow cgroup sock filters to use get_current_uid_gid helper	
CONFLICT	208613d60d7274a322cc3119c5451a269dc7ed60	BACKPORT: net: Add sysctl to toggle early demux for tcp and udp	net/ipv4/sysctl_net_ipv4.c net/ipv6/udp.c
CONFLICT	eac8f26eff9480d21b9d8ceba7006f2bf7d53e2e	BACKPORT: net/tcp_fastopen: Disable active side TFO in certain scenarios	include/net/tcp.h net/ipv4/sysctl_net_ipv4.c net/ipv4/tcp_fastopen.c
CONFLICT	004f6001c296946717b2edf6bdb7461f7a4e382d	UPSTREAM: tcp: ULP infrastructure	net/ipv4/tcp_ipv4.c
CLEAN	3aa947e40c7979caf6b26f19a8d88ec5427df258	UPSTREAM: tcp: export do_tcp_sendpages and tcp_rate_check_app_limited functions	
CLEAN	06f8ea442a7d58abe375110fb2139b04f965fbff	BACKPORT: tls: kernel TLS support	
CLEAN	06b40a4873dba643c345981e9b790f0a6ee01314	UPSTREAM: tls: Documentation	
CONFLICT	b7991ab91fb2044a2ccaa45538f3ef2fd2aca69c	BACKPORT: net: Add IFLA_XDP_PROG_ID	include/linux/netdevice.h
CLEAN	eb3f69d84d2b15e62cb5fe2ab8f798601a4669c3	UPSTREAM: tls: Depend upon INET not plain NET.	
CLEAN	b6b1ac4054c945c14996c4bcd7d5d1c297e31099	UPSTREAM: tls: update Kconfig	
CLEAN	0f3b7468ac88e1d3e7530cd1a9c1b9ad610bf244	UPSTREAM: bpf: expose prog id for cls_bpf and act_bpf	
CLEAN	cac3ed261fa6d64eaa0c1da098dbf110522616d1	UPSTREAM: tcp: Add a tcp_filter hook before handle ack packet	
CLEAN	02e7c1f23985976078837e109195de778379c93d	BACKPORT: xdp: pass XDP flags into install handlers	
CLEAN	58acec9deb21651af0f68d6ef8b235dbec32f0d9	BACKPORT: xdp: add HW offload mode flag for installing programs	
CONFLICT	bb623117a0d0dfb8f3e7ed556c4cdf3fbd0544ce	BACKPORT: xdp: add reporting of offload mode	include/linux/netdevice.h
CLEAN	aa7c50928b427698b8208db0219f227464ea1ee6	BACKPORT: bpf: possibly avoid extra masking for narrower load in verifier	
CLEAN	df4c6eb61b227bfdd0d725403d5186a2f9696691	UPSTREAM: tcp: fix out-of-bounds access in ULP sysctl	
CLEAN	c3c6f7d031adfa752f314e134f55e2ed055be295	UPSTREAM: tls: return -EFAULT if copy_to_user() fails	
CLEAN	dfdf929cea3fc103335e74ec7ea9b46091ddc790	UPSTREAM: tcp: fix null ptr deref in getsockopt(..., TCP_ULP, ...)	
CLEAN	c9e455dc6893319e849a0d208be5520bcdedefdf	BACKPORT: bpf: Add syscall lookup support for fd array and htab	
CLEAN	6207b7b257c0aec56dd55c23fc4504c193322eb0	BACKPORT: bpf: Fix out-of-bound access on interpreters[]	
CLEAN	baf9c935c8e315065570b8ecdfad957fc0edd6eb	BACKPORT: bpf: BPF support for sock_ops	
CLEAN	0b56de0ab5e1daf948a24ff4e6f00a78abdcfb81	UPSTREAM: bpf: Support for per connection SYN/SYN-ACK RTOs	
CLEAN	a1a72fa9e5c7f6863318c99aa65806c9c5864028	UPSTREAM: tcp: add tcp_mss_clamp() helper	
CONFLICT	a6b06e3852ea0f91ef202a5e7e8ce27bf363d559	BACKPORT: bpf: Support for setting initial receive window	net/ipv4/tcp_output.c
CLEAN	18fd5076633bdc319db4457490021db1b0e44f92	UPSTREAM: bpf: xdp: Add XDP example for head adjustment	
CLEAN	87188e5403ba9ee18928281b86a7624980a0a6ce	UPSTREAM: bpf: Add setsockopt helper function to bpf	
CLEAN	eeed4aa5d804e0647bccdd96d5e4afb3c6f35b25	BACKPORT: bpf: Add TCP connection BPF callbacks	
CLEAN	c74253716f5792d03bbc2d1c7ec23acd42922fb2	UPSTREAM: bpf: Add support for changing congestion control	
CLEAN	e02197207e79306d269e5309d3e0f46a0409400f	UPSTREAM: bpf: Adds support for setting initial cwnd	
CLEAN	4437764690a2a49d7519eea10133f1bf0704d666	UPSTREAM: bpf: update tools/include/uapi/linux/bpf.h	
CLEAN	f391af2dcd2f6660223783f4f323e2b0a47fbc7f	UPSTREAM: bpf: fix to bpf_setsockops	
CLEAN	7ba54a3ce647645b303f2f1743b162386f6adebc	UPSTREAM: bpf, net: add skb_mac_header_len helper	
CLEAN	ef24f3b847b1913503ca62d6013f5eece081a1c8	BACKPORT: bpf: add bpf_skb_adjust_room helper	
CLEAN	a1c78b123c77f703936a1c3a4a1c2fb7b0c10679	BACKPORT: bpf: simplify narrower ctx access	
CLEAN	706452e080cf6e8dfbfbb3643220f36cd00cd1ed	UPSTREAM: bpf: export whether tail call has jited owner	
CLEAN	035a198a560026fc2c37d380b2f50e9eecafb57b	UPSTREAM: bpf: extend bpf_trace_printk to support %i	
CLEAN	d00804db134269568b9c91c7b280745c323ded36	UPSTREAM: net: make sk_ehashfn() static	
CLEAN	55dc34beefff67b858abad0633ca4844f8bf5de7	UPSTREAM: bpf: Adds support for setting sndcwnd clamp	
CLEAN	5215022620699a7fdf4a65012a6c7ef99a81043a	UPSTREAM: bpf: add missing break in for the TCP_BPF_SNDCWND_CLAMP case	
CLEAN	395ad1f929fc23d81d78f24fff49bbf0c2021d5a	UPSTREAM: net: Update networking MAINTAINERS entry.	
CLEAN	7a5e4d5baa265bb5ede724f3069e5b77b63dd723	UPSTREAM: socket: add documentation for missing elements	
CLEAN	4c534b7ce0cf8516165b33edbb9b6f2e183d6e43	UPSTREAM: bpf: fix return in bpf_skb_adjust_net	
CLEAN	08b9b2c4d03216d2ed30ce84c0c78bf6425c13d8	UPSTREAM: net: xdp: support xdp generic on virtual devices	
CLEAN	34eeec8a0ce4b23f6245241d8b469082a76ca25f	UPSTREAM: xdp: add bpf_redirect helper function	
CLEAN	cde177b620c47e01506bb7b91da1639b446eeaa6	UPSTREAM: net: implement XDP_REDIRECT for xdp generic	
CLEAN	b5cf56142d19b7f63867fcdcb2180f90cd5cc007	BACKPORT: xdp: add trace event for xdp redirect	
CLEAN	45b682b9c6695124b6f3878fa4da2de07238974f	UPSTREAM: bpf: add devmap, a map for storing net device references	
CLEAN	105f7d4368b77b84d4345c91ac6efaeb82b56e4c	UPSTREAM: bpf: add bpf_redirect_map helper routine	
CLEAN	436c3daddd19e408e7753806380ff57ecca34e3f	BACKPORT: xdp: Add batching support to redirect map	
CLEAN	40201f48e691dfe4db340c8ab803b815ea53d2a3	UPSTREAM: net: add notifier hooks for devmap bpf map	
CLEAN	e813905fcf676bff7c293cf5e66b22c00c4fd8b0	UPSTREAM: bpf: check NULL for sk_to_full_sk() return value	
CLEAN	efb12e8d5a501f2e14e4e008a23889641cf7181d	BACKPORT: bpf: fix mixed signed/unsigned derived min/max value bounds	
CLEAN	e02537131f2cb73323305251f9e616d64c61b002	UPSTREAM: bpf: dev_map_alloc() shouldn't return NULL	
CLEAN	c9884f759dbafed56aca9d672a43b3ca13191123	UPSTREAM: tcp: remove redundant argument from tcp_rcv_established()	
CONFLICT	5e25006aff4344d742ac060b179a31428df0cabb	UPSTREAM: ipv6: constify inet6_protocol structures	net/ipv6/udp.c
CLEAN	6ae46df4a78cd83502831f353231d7cc228d0efb	BACKPORT: kernfs: add an API to get kernfs node from inode number	
CLEAN	96771277a711606f417ffee9f8e052a8114e030e	UPSTREAM: kernfs: use idr instead of ida to manage inode number	
CLEAN	6d72b391a39abb1212d856ffa93e2911da009f19	BACKPORT: kernfs: implement i_generation	
CONFLICT	f4e1fe0bc47bb49177ca0b7bf7959b8ee4f963ad	BACKPORT: kernfs: don't set dentry->d_fsdata	fs/kernfs/inode.c
CLEAN	1334d22423375f2f9277c147a530c5b1ef3af090	UPSTREAM: kernfs: introduce kernfs_node_id	
CLEAN	5b9e983a8982e1dd2f5efd7cee235ea34deff18d	BACKPORT: bpf: testing: fix devmap tests	
CLEAN	cabf67c7b50b212fa21f068568981c4355bb2862	UPSTREAM: bpf: don't indicate success when copy_from_user fails	
CLEAN	d926e5a59e485b12671caa9ed68c4e9331f86374	UPSTREAM: bpf: fix bpf_prog_get_info_by_fd to dump correct xlated_prog_len	
CONFLICT	6ee017762dda30416f07ad80a8596877eee1577d	refcount_t: Introduce a special purpose refcount type	include/linux/refcount.h
CONFLICT	e9c1bdddb9a09ec14e8ab37f0d32b1a80cb7c0c8	BACKPORT: locking/refcount: Create unchecked atomic_t implementation	kernel/panic.c
CLEAN	80cf7e9318d6eaf362925aa42e7c3464b82e3207	UPSTREAM: net: convert sk_filter.refcnt from atomic_t to refcount_t	
CLEAN	116e0762801b9c16f0038cc7322b405f26ef19af	UPSTREAM: proto_ops: Add locked held versions of sendmsg and sendpage	
CLEAN	de98aa13bfe28c847d9811cb76cc8980776ff453	UPSTREAM: skbuff: Function to send an skbuf on a socket	
CLEAN	27eaac67f6caa949c486c1884cbdf45e47289afe	BACKPORT: strparser: Generalize strparser	
CLEAN	d7332fd9710dc5f847583124bf3874b89c0316b4	UPSTREAM: ipv4: fib: Remove unused functions	
CLEAN	d4d74fae5fa0ac930b448815d4e99911029e9fab	UPSTREAM: ipv4: fib: Set offload indication according to nexthop flags	
CLEAN	2331ce779df1dc60101f87133b36ecd95c54d88a	UPSTREAM: ipv6: set rt6i_protocol properly in the route when it is installed	
CLEAN	6ccfa97f85d0aec7aa35676389c9732d5151966d	UPSTREAM: sock: allocate skbs from optmem	
CLEAN	536f54a7047f2f0abbc52165412907d93f478b3e	UPSTREAM: net: add skb_frag_foreach_page and use with kmap_atomic	
CLEAN	fd4d51f35a9418672c4fc6bdf18c94cfb2db8e4f	UPSTREAM: net: fix bogus cast in skb_pagelen() and use unsigned variables	
CLEAN	ea4f86d9313cc6751a40970f3da726ad72b6a00a	UPSTREAM: sock: skb_copy_ubufs support for compound pages	
CLEAN	1470ea4cbfc87ad0a7abb59252024a5ac7e65c85	BACKPORT: sock: add MSG_ZEROCOPY	
CLEAN	78e5560d1d6ac0f45ba2593ca7b23efc9b3ac332	BACKPORT: sock: introduce SO_MEMINFO getsockopt	
CLEAN	f231f49752c2c356da53c4fa78fba32bbfc964b3	BACKPORT: net: Introduce SO_INCOMING_NAPI_ID	
CLEAN	9d1047912f0cecbe61db4186d04bf957c42cbc39	UPSTREAM: net: Define SCM_TIMESTAMPING_PKTINFO on all architectures.	
CLEAN	4192d980c6ff1b43139648433e603e1ec240d55f	BACKPORT: net: add function to retrieve original skb device using NAPI ID	
CONFLICT	05e4636c5fed5134406bd251623d656c031f760e	UPSTREAM: net: add new control message for incoming HW-timestamped packets	include/uapi/asm-generic/socket.h
CLEAN	f013ca106edaa6c4593a4f4872e826926deded6b	UPSTREAM: net: introduce SO_PEERGROUPS getsockopt	
CLEAN	a8793be79cac55586fa285193e16d0f28c0ebd4a	UPSTREAM: net: introduce SO_PEERGROUPS getsockopt	
CLEAN	cbb3e2c598d4b9e2567825412ec1acdc35b38d1a	BACKPORT: sock: add SOCK_ZEROCOPY sockopt	
CLEAN	0e7bf747bef684d664bceb2fe77faddd111f2202	BACKPORT: tcp: enhance tcp_collapse_retrans() with skb_shift()	
CLEAN	02aba285e86d7658ede7fc1a29b3d1b5cccfbe6f	BACKPORT: sock: enable MSG_ZEROCOPY	
CLEAN	68a92fc64459942dca8d056ec50f071125deb09a	UPSTREAM: sock: MSG_ZEROCOPY notification coalescing	
CLEAN	f5395b96ddd994b67444bff7e464e40bbde51d79	BACKPORT: sock: ulimit on MSG_ZEROCOPY pages	
CLEAN	6cd91a5eae3302724389b829a07f3bf8b7752620	BACKPORT: tcp: enable MSG_ZEROCOPY	
CLEAN	4fafe38ca3a4af134e6c96637c4ca1f6378fac40	UPSTREAM: bpf: devmap fix mutex in rcu critical section	
CLEAN	4d2444715687225eed45a18fd40e545a779d780f	UPSTREAM: net: comment fixes against BPF devmap helper calls	
CLEAN	c5925e8894e84e29487580536c4af63419b26e59	UPSTREAM: net: Make IP alignment calulations clearer.	
CLEAN	694658ea0d875682b450eed4eda542b4299fb296	BACKPORT: bpf: Remove unused but set variables	
CLEAN	6f6a6dbda1a49d8b64772fd359a5729dc3994110	BACKPORT: bpf/verifier: rework value tracking	
CLEAN	5cd3503b7aa02fa8cf82b7a8348e659c0ee3053d	BACKPORT: bpf/verifier: track signed and unsigned min/max values	
CLEAN	3e015b401ed286b17da03e80bea883d3059ce2a8	UPSTREAM: bpf/verifier: more concise register state logs for constant var_off	
CLEAN	4e871045b10d49bb0451f656c11ca54b4b0437b3	UPSTREAM: Documentation: describe the new eBPF verifier value tracking behaviour	
CLEAN	e9b9300da211e060bb0bd37f6208aa8fca74fcfa	UPSTREAM: sock: fix zerocopy panic in mem accounting	
CLEAN	b33acc6372dcabd59f0f99ae5fdefb050fe16634	UPSTREAM: sock: fix zerocopy_success regression with msg_zerocopy	
CLEAN	7db91014efbc17d7b21694151b1386f05a5275e4	UPSTREAM: bpf: add BPF_J{LT,LE,SLT,SLE} instructions	
CLEAN	6db1e00e6afadf610764e67b2fd2776cdff965a6	UPSTREAM: bpf, x86: implement jiting of BPF_J{LT,LE,SLT,SLE}	
CLEAN	2cc3374d27eec2c54a5af3f7842c3b7335022bfd	UPSTREAM: bpf, arm64: implement jiting of BPF_J{LT, LE, SLT, SLE}	
CLEAN	c5859b1a38162f81ec8725fba090f8d2a931f590	UPSTREAM: bpf, sparc64: implement jiting of BPF_J{LT, LE, SLT, SLE}	
CLEAN	8d1c020f27ccd0ae59bb3cda2ca38102500877a0	UPSTREAM: bpf, s390x: implement jiting of BPF_J{LT, LE, SLT, SLE}	
CLEAN	b57eb0e244feb6d13e0fd10dc0b0906a8b16a168	UPSTREAM: bpf, ppc64: implement jiting of BPF_J{LT, LE, SLT, SLE}	
CLEAN	cc7842c49775e8f3b5e8f11b4447656ac48945cc	UPSTREAM: bpf, nfp: implement jiting of BPF_J{LT,LE}	
CLEAN	f8316c2ac733c991cf882eaf571eb7f05c7c82ca	UPSTREAM: bpf: enable BPF_J{LT, LE, SLT, SLE} opcodes in verifier	
CLEAN	3d8e4745b0266b900f0ef4fba0e4cf01035420c9	UPSTREAM: net: skb_needs_check() removes CHECKSUM_UNNECESSARY check for tx.	
CLEAN	d629bce2b45da8d17d4db230ccf715f0caf18a1e	UPSTREAM: bpf: fix two missing target_size settings in bpf_convert_ctx_access	
CLEAN	7f7b5b29fce4e8886fc542a1cb4fdc93ace3a697	BACKPORT: bpf/verifier: track liveness for pruning	
CLEAN	862b880dab4b79d1dbc35d39c77d98a6063369d0	UPSTREAM: bpf: fix liveness propagation to parent in spilled stack slots	
CLEAN	470517119557a4eda17fc310094edabbdfc10131	UPSTREAM: bpf/verifier: increase complexity limit to 128k	
CLEAN	db2b07a3bb9d32232859ca381af599ac1f42d7e6	UPSTREAM: bpf: Move check_uarg_tail_zero() upward	
CLEAN	27a2333ec3f56fc2d43d31f7c121a1b6f4779fc2	UPSTREAM: bpf: Extend check_uarg_tail_zero() checks	
CLEAN	9da06c4e77b05213af4ad233e6465ae0a1561f80	UPSTREAM: net: Fix a typo in comment about sock flags.	
CLEAN	07acc8f64a7e4b5ca1eee9b2345191a5ea1fb2a0	UPSTREAM: net: early init support for strparser	
CLEAN	9ec2bf620ecf2c549f753be566be78dd9f6105f3	UPSTREAM: net: add sendmsg_locked and sendpage_locked to af_inet6	
CLEAN	a5e6fb367327148add8ce0370d5ada5eb63a3306	UPSTREAM: net: fixes for skb_send_sock	
CLEAN	8c0e79303a6157f6666f8c0b1d9b37482a6a2d6b	UPSTREAM: bpf: introduce new program type for skbs on sockets	
CLEAN	0279905899f340b9de4108420b4aa799808eff8d	UPSTREAM: bpf: export bpf_prog_inc_not_zero	
CLEAN	d608a4d37d5fea55cdecb75f4e8fcb6908996ee7	BACKPORT: bpf: sockmap with sk redirect support	
CLEAN	e7c3d0494487ea37e33c3ecc59a5758289ba68dc	UPSTREAM: bpf: add access to sock fields and pkt data from sk_skb programs	
CLEAN	b6b369251ec86d2a0b570f0a0f65cace71ec58e2	UPSTREAM: bpf: devmap: remove unnecessary value size check	
CLEAN	4decb970357e6bf50005fe71f040ecadcf3c2d4a	UPSTREAM: bpf: sockmap state change warning fix	
CLEAN	fce13f7c790040d3f2efc609f1d8a7a94a1388f6	BACKPORT: bpf: sock_map fixes for !CONFIG_BPF_SYSCALL and !STREAM_PARSER	
CONFLICT	856f611efb48e843006bccad89fd3c28dc757743	UPSTREAM: tcp: Export tcp_{sendpage,sendmsg}_locked() for ipv6.	net/ipv4/tcp.c
CLEAN	4538197e68c38d4289cbb5804485c2d09f6a4a12	UPSTREAM: bpf: Update sysctl documentation to list all supported architectures	
CLEAN	ca935a00fee1b0afcb7bc000697a6d46b16b5e61	UPSTREAM: bpf: no need to nullify ri->map in xdp_do_redirect	
CLEAN	d6f9ce92746120946cf000fd8b5e71cfd7471b8f	UPSTREAM: bpf: don't enable preemption twice in smap_do_verdict	
CLEAN	e13ffa5b390af685562aeea010b9198aa5627280	UPSTREAM: bpf: reuse tc bpf prologue for sk skb progs	
CLEAN	73085e17ac9bab2a9b5ec8eb1959e7cdbb762593	UPSTREAM: bpf: fix a return in sockmap_get_from_fd()	
CLEAN	5c8cdac0b6ab67295c0b4155a3eda34a41eb16d9	UPSTREAM: net: inet: diag: expose sockets cgroup classid	
CLEAN	ee1ae79dd3d457baac9b3177342578e1ebf7380c	UPSTREAM: bpf: fix the printing of ifindex	
CLEAN	26d7dc073d05c0b412ea54b76307b0418030b0f3	UPSTREAM: xdp: adjust xdp redirect tracepoint to include return error code	
CLEAN	f1a6ab2d2b68b00a2ec22f576450a6886253ed26	UPSTREAM: bpf: Fix map-in-map checking in the verifier	
CLEAN	bb6a3aac7eba009d5575e669cd0188b2550d9b35	UPSTREAM: bpf: linux/bpf.h needs linux/numa.h	
CLEAN	86eb4528dd54f77f1c7f08355052404d1a2127cc	BACKPORT: bpf: Allow selecting numa node during map creation	
CLEAN	709c40f66bfe8b7419726f9da52186840c1c50d3	FROMGIT: mm/vmalloc.c: move 'area->pages' after if statement	
CLEAN	a60873ff5bb40ca89d98bd6d2e79fd947466968c	UPSTREAM: bpf: fix numa_node validation	
CLEAN	466c6b79f629c1822b8ff4048a23c6e96ceeac84	BACKPORT: net: fix build error in devmap helper calls	
CLEAN	71b51e48e41c5f37e7b11de1d5af8d343ac90089	UPSTREAM: bpf: make htab inlining more robust wrt assumptions	
CLEAN	d66962ccb533838a2f9c5fafc8b2f3953e9802cd	UPSTREAM: bpf: inline map in map lookup functions for array and htab	
CLEAN	9c6b2595bd5229194906fe5672719b47b5ce006d	UPSTREAM: bpf: fix double free from dev_map_notification()	
CLEAN	a9925a8e99851fdd7d098c5f095f6fc93d899e53	UPSTREAM: bpf: fix map value attribute for hash of maps	
CLEAN	686d515957b0a58b159c893c9baaac916f960945	UPSTREAM: bpf: misc xdp redirect cleanups	
CLEAN	764df97ed07d87f07033fce4189f3bca0814b742	UPSTREAM: bpf: minor cleanups for dev_map	
CLEAN	4643560eff2ee564c772887ec7ba8bd168600221	UPSTREAM: bpf: netdev is never null in __dev_map_flush	
CLEAN	7071bb29d0fc2c06250a73d7620c6fe71cd53beb	UPSTREAM: bpf: don't select potentially stale ri->map from buggy xdp progs	
CLEAN	0cd69d8ba5633fb327f3434279c0a035360130cb	UPSTREAM: xdp: remove bpf_warn_invalid_xdp_redirect	
CLEAN	7c84cd572771d7ddcaced02b1a74f34d2c2982f7	UPSTREAM: xdp: make generic xdp redirect use tracepoint trace_xdp_redirect	
CLEAN	e330ee221651928ba3fd89a7ee4ffc28b8a92b58	UPSTREAM: xdp: remove net_device names from xdp_redirect tracepoint	
CLEAN	c276f163bf463da6965309e5b6134bc752758671	UPSTREAM: xdp: get tracepoints xdp_exception and xdp_redirect in sync	
CLEAN	9ea517058811ef3e7c175b6d324723be0208f980	UPSTREAM: xdp: remove redundant argument to trace_xdp_redirect	
CLEAN	da95c5c969233b1edf8dd7146f150a5cc5bf13e2	UPSTREAM: xdp: tracepoint xdp_redirect also need a map argument	
CLEAN	8d7a8524f14e37721e7fe4c546437f952ca50a44	UPSTREAM: xdp: make xdp tracepoints report bpf prog id instead of prog_tag	
CLEAN	db105e6e8bd785e38a800893a5a3ed9b63e360f6	UPSTREAM: xdp: separate xdp_redirect tracepoint in error case	
CLEAN	99f8a3eecdee05f86382f869a26f638c65cd2013	UPSTREAM: xdp: separate xdp_redirect tracepoint in map case	
CLEAN	35e04e45c7c2a79ceeeb0529acdb95bc58f9db9b	UPSTREAM: net: export some generic xdp helpers	
CLEAN	402a16bd34b0f0aeb6aa2329b720ab8287d2ac38	UPSTREAM: xdp: implement xdp_redirect_map for generic XDP	
CLEAN	53b0574a46bc9ba377718e048574f7cbd11aa7c7	BACKPORT: bpf: Add mark and priority to sock options that can be set	
CLEAN	e55fefb56adc7acbc52dcfcb19b47fbecdb048cf	BACKPORT: bpf: convert sockmap field attach_bpf_fd2 to type	
CLEAN	cbb08ea7a0e8964935b0f6ee8aa33a7d7cd25487	UPSTREAM: bpf: sockmap, remove STRPARSER map_flags and add multi-map support	
CLEAN	8d151c94f2f18693174e71ea29bd252fd039c6d6	UPSTREAM: bpf: sockmap add missing rcu_read_(un)lock in smap_data_ready	
CLEAN	57a0533165f1334fab43f31c147826e857c2d283	BACKPORT: bpf: harden sockmap program attach to ensure correct map type	
CLEAN	252045c6712c05ef06822b3c7121568e500f0897	UPSTREAM: bpf: sockmap indicate sock events to listeners	
CLEAN	61a1c4021e3f23fdb67280246fadad80ac696a55	UPSTREAM: bpf: sockmap requires STREAM_PARSER add Kconfig entry	
CLEAN	83b5b05f1cf708d2f3fc2a50820fa0ffaec78988	UPSTREAM: bpf: sockmap update/simplify memory accounting scheme	
CLEAN	12c83c52a7c2c01fe0ea4ef0b8548d117fb51c09	BACKPORT: bpf: enforce TCP only support for sockmap	
CLEAN	8da877ad768dba19cdcafa056b12317e588b7eba	UPSTREAM: bpf: sockmap: write_space events need to be passed to TCP handler	
CLEAN	36b43c191191ce57f2ee6d1347b5af63e3e6f9ae	BACKPORT: bpf: add support for sockmap detach programs	
CLEAN	52aec3c023b594234aed2bca893e6b321ef90b21	BACKPORT: bpf: avoid preempt enable/disable in sockmap using tcp_skb_cb region	
CLEAN	dec6edc5ab65ab266afe64643e4b993ab19e1b8b	BACKPORT: bpf: remove mark access for SK_SKB program types	
CLEAN	960f16e8669005424f68cb935de073672d4b89f8	UPSTREAM: bpf: require CAP_NET_ADMIN when using sockmap maps	
CLEAN	ffd04d250d89c8baf3e2c94f5d8272aa5ba50eb6	UPSTREAM: bpf: require CAP_NET_ADMIN when using devmap	
CLEAN	8ab4900482470583c581cf6dadb455a0fc58b29d	UPSTREAM: bpf: fix oops on allocation failure	
CLEAN	401d375a79b4297963c778394b63b3fb4422bba2	bpf: devmap: fix use-after-free Read in __dev_map_entry_free	
CLEAN	a665c72d59784df96b8c46e23357508df7606a64	UPSTREAM: net: add LINUX_MIB_PFMEMALLOCDROP counter	
CLEAN	a6f908583340faa463ae7f4a7b3fa363fa350acc	bpf: devmap: fix wrong interface selection in notifier_call	
CLEAN	bc911a25e57fae73aa68476976357f1fbac05e47	UPSTREAM: bpf: in __bpf_redirect_no_mac pull mac only if present	
CLEAN	04549a0f0df75ca84d22b0aea43196b4e977b63f	UPSTREAM: bpf: Fix bpf_xdp_event_output	
CLEAN	1b1fc4cb0312735e085480c4a38e45f1240a8b57	UPSTREAM: bpf: fix loading of BPF_MAXINSNS sized programs	
CLEAN	1aafb9837de6427b5a9ac31dd3218019dea3c480	BACKPORT: bpf: don't open-code memdup_user()	
CLEAN	14c4f0befd3fde742c21385ba2d15c1a47366660	UPSTREAM: net: Remove all references to SKB_GSO_UDP.	
CLEAN	f8c654492e38de764494d068f4e368d6626001b3	UPSTREAM: fs: constify tree_descr arrays passed to simple_fill_super()	
CLEAN	08d31f952d70b74f99fe4c93595105e7d139a7b5	BACKPORT: bpf: allow file modes on backported map types	
CLEAN	6b1d6e9142d393c1afe58ea90465a47bcbc02ec9	UPSTREAM: net: sched: cls_bpf: rename cls_bpf_modify_existing function	
CLEAN	f02730dfcdcd14e489f568ef482006737b405b07	UPSTREAM: net: sched: cls_flower: no need to call tcf_exts_change for newly allocated struct	
CLEAN	9f10775befbd823af83bf21112b3502396996f33	UPSTREAM: net: sched: cls_bpf: no need to call tcf_exts_change for newly allocated struct	
CLEAN	9ffe1af09558c426c514682bc5ac91a245f71f9a	BACKPORT: net: Avoid receiving packets with an l3mdev on unbound UDP sockets	
CLEAN	b327d83996fc8cbe23a0e001a1399255e45cd3fa	BACKPORT: net: ipv4: add second dif to udp socket lookups	
CONFLICT	59db77a70b7fba5319489db0a0bbb47008643706	BACKPORT: net: ipv4: add second dif to inet socket lookups	net/ipv4/tcp_ipv4.c
CLEAN	715c65af4b2fae290a63dcb4a69f3074d23a6110	UPSTREAM: net: ip, diag -- Add diag interface for raw sockets	
CLEAN	513a95bcf7534ba901339db09a5c9e5aba52fa36	UPSTREAM: net: ip, diag: include net/inet_sock.h	
CLEAN	fddfa29f373440aa21246f108935cad7049a51b2	UPSTREAM: net: ip, raw_diag -- Fix socket leaking for destroy request	
CLEAN	2559229498c89929431da3b18bf47be257b1d985	UPSTREAM: net: ip, raw_diag -- Use jump for exiting from nested loop	
CLEAN	c11fb5bd8454cf00cfd1f9b1a865ad6c72ec0b21	BACKPORT: net: ipv4: add second dif to raw socket lookups	
CLEAN	038297cf558a7506582501a26844489aef6468a8	UPSTREAM: net: ipv4: add second dif to multicast source filter	
CLEAN	7d386c6c69b700cc4bd6a7ccec66e3547072e0c2	BACKPORT: net: ipv6: add second dif to udp socket lookups	
CONFLICT	c2183189587161954a4767477e2fcf1f26a22a0a	BACKPORT: net: ipv6: Add early demux handler for UDP unicast	net/ipv6/udp.c
CLEAN	1c737badecbfaeba336f88f0b09e2ffb22d57c76	UPSTREAM: net: ipv6: add second dif to raw socket lookups	
CLEAN	626be5f043101ebae90ea3ea905564d1afec360d	UPSTREAM: udp: fix SO_BINDTODEVICE	
CLEAN	cdcdab1b8fc769b126974d692571edc63926e068	UPSTREAM: net/tcp: Fix socket lookups with SO_BINDTODEVICE	
CLEAN	0f0cff1bbcca76b3798dddc6f19544035bb6430b	BACKPORT: bpf: add support for sys_enter_* and sys_exit_* tracepoints	
CLEAN	fa3dd3904f5a4d9fcbce3ce862199f7820c3c3ea	UPSTREAM: ipv6: fix NULL dereference in ip6_route_dev_notify()	
CLEAN	b6f7c415e6de8a4847f6005fd2fa7f4af7c47b9d	UPSTREAM: tcp: Remove the unused parameter for tcp_try_fastopen.	
CLEAN	066f981ef8976f8e63e0a4018c18440f0719d592	UPSTREAM: net/sock: allow the user to set negative peek offset	
CLEAN	83af2d09f0d4b0276f15ac05d39a0e968665ff09	BACKPORT: strparser: initialize all callbacks	
CLEAN	44d16c1f49bf8f9f697b773ff103195fdb73f264	UPSTREAM: tcp: fix hang in tcp_sendpage_locked()	
CLEAN	43940656c2e57cf1a197f0f4da4b156851234f3f	UPSTREAM: tcp: fix refcnt leak with ebpf congestion control	
CONFLICT	e3a9e868eac287f12dc984d0447c0f62947873ea	UPSTREAM: ipv6: do not set sk_destruct in IPV6_ADDRFORM sockopt	net/ipv6/ipv6_sockglue.c
CLEAN	9536cf9e68d5d7126f52b53ab49196a4982cefc6	UPSTREAM: net: fix two typos in net_device_ops documentation.	
CLEAN	a8bf6c6fda3fbd8c4fe83d0ad8db528935e2c382	UPSTREAM: doc: document MSG_ZEROCOPY	
CLEAN	88d32230a08d06c6d397b850fb2a7bb1954f3ed6	UPSTREAM: inet_diag: allow protocols to provide additional data	
CLEAN	16ec7a6069639f963748d751ca41ba8f50e7e010	UPSTREAM: tcp_diag: report TCP MD5 signing keys and addresses	
CLEAN	69f26a741d47dd917a4bfd33b7ff67a581046a0b	UPSTREAM: bpf: Inline LRU map lookup	
CLEAN	1af2d5f57d202bf755500e2fe1f19ce267fb1ff1	UPSTREAM: bpf: Only set node->ref = 1 if it has not been set	
CLEAN	945e31ffbde6497a881e11583920fbf5d357f70b	UPSTREAM: bpf: devmap, use cond_resched instead of cpu_relax	
CLEAN	02ef2093d633d7078f952d3614682f7c14374771	UPSTREAM: bpf: make error reporting in bpf_warn_invalid_xdp_action more clear	
CLEAN	8f860b915a9579a2860dc219e8fbbc08747ec7b5	UPSTREAM: perf/bpf: fix a clang compilation issue	
CLEAN	2bdc7435d27b774aee3ca52079a06eaa709b1a12	UPSTREAM: bpf: devmap: pass on return value of bpf_map_precharge_memlock	
CLEAN	018b0ba391d37f6bd185377d3561fcbeb85f259e	UPSTREAM: bpf: do not disable/enable BH in bpf_map_free_id()	
CLEAN	e1a978ea8c779086ae12bd26776796868ae19736	UPSTREAM: bpf: fix ri->map_owner pointer on bpf_prog_realloc	
CLEAN	c99f74f4e66f46d408478b2ee246699504534b33	UPSTREAM: bpf: Implement show_options	
CLEAN	122350480b197b0d539005504867fb4d6024e6e5	BACKPORT: bpf: lru: Lower the PERCPU_NR_SCANS from 16 to 4	
CLEAN	16fb8c9bad9f76598300240b60f6096144895660	BACKPORT: bpf: fix bpf_tail_call() x64 JIT	
CLEAN	f0d7fe6dccd960a94029b01306e81da4a847afef	UPSTREAM: ipv6: fix net.ipv6.conf.all interface DAD handlers	
CLEAN	e5534700edf9a1acffe61d1819f74e7405aedec0	UPSTREAM: ipv6: fix net.ipv6.conf.all.accept_dad behaviour for real	
CLEAN	b5e0788a929238d27e3d08297d40fa5bfb97e5fe	UPSTREAM: net: fix typo in skbuff.c	
CLEAN	c2a17b153afe4bfb5b3fa568cbf9271db8325658	BACKPORT: bpf: disallow arithmetic operations on context pointer	
CLEAN	c27443e98f54cf552ed25e7ab74ea79557f4b867	UPSTREAM: bpf: fix splat for illegal devmap percpu allocation	
CLEAN	474bd8559d7c7e3039947ab52e182709f4010885	BACKPORT: bpf: do not test for PCPU_MIN_UNIT_SIZE before percpu allocations	
CLEAN	cec3e55fc310c0053bde3d030cd7da7c2d25a6d1	UPSTREAM: udp: make some messages more descriptive	
CLEAN	c412eeb501aa51520e968295ff9282ba4766d416	UPSTREAM: bpf: devmap fix arithmetic overflow in bitmap_size calculation	
CLEAN	366987b213746ebf3e649c96f0e70c050a82717d	UPSTREAM: bpf: fix off by one for range markings with L{T, E} patterns	
CLEAN	d7653857594cecc0fe06dae2d4be441535bb420f	UPSTREAM: bpf: fix pattern matches for direct packet access	
CLEAN	6df092d09deb1c67a2e4665deed2076f67d1f7c0	UPSTREAM: sock: correct sk_wmem_queued accounting on efault in tcp zerocopy	
CLEAN	52dec727a5c3e20e173ab95506eaff6ddf2a11ee	UPSTREAM: bpf: bpf_compute_data uses incorrect cb structure	
CLEAN	269732c66bfecf3662bfdc40b265a052982c00cd	BACKPORT: bpf: rename sk_actions to align with bpf infrastructure	
CLEAN	9957a36692b6f5e42ca859f683d8695d15fde215	UPSTREAM: bpf: remove SK_REDIRECT from UAPI	
CLEAN	134d1c266b2f5785af85d587d369c925e70b5038	UPSTREAM: tcp: fix DSACK-based undo on non-duplicate ACK	
CLEAN	d429c621bd996523351c37bba0a892e096dbbad0	UPSTREAM: tls: Use kzalloc for aead_request allocation	
CLEAN	92280b4fe64673be900131010913d708a8a207dd	UPSTREAM: tcp: remove buggy call to tcp_v6_restore_cb()	
CLEAN	6fb8abff82ec83576cf205c8deed2c6de5ceb902	UPSTREAM: bpf: fix corruption on concurrent perf_event_output calls	
CLEAN	e68f198b6bd1fec563ebcdf46ff96ea371efed8b	UPSTREAM: bpf, s390x: do not reload skb pointers in non-skb context	
CLEAN	0049ad026c38c31afb847985cb549e84a2b828c7	UPSTREAM: bpf, ppc64: do not reload skb pointers in non-skb context	
CLEAN	cb2236ce6e0a251e6bbf18579a38d44dbfb222f7	UPSTREAM: bpf, sparc: fix usage of wrong reg for load_skb_regs after call	
CLEAN	c1d1e44a1d5bc79b5387dc74ed93f187d2d74584	UPSTREAM: bpf/verifier: fix bounds calculation on BPF_RSH	
CLEAN	d12d24d2ed53debf0e4b7db4b72858efe471749d	UPSTREAM: bpf: fix incorrect tracking of register size truncation	
CLEAN	50dbdb9464a021cf6cfef84c7e558b66a1f6d7d3	UPSTREAM: bpf: fix 32-bit ALU op verification	
CLEAN	c9deeb22ede7187e42ed5c9e6cc87c6d43e48188	UPSTREAM: bpf: fix missing error return in check_stack_boundary()	
CLEAN	c46db06a144da3650f1fbaf5b0bdf199be83e0a4	UPSTREAM: bpf: force strict alignment checks for stack pointers	
CLEAN	8c05fdc6bbcc6cd02c8285467d887e29ceff60eb	UPSTREAM: bpf: don't prune branches when a scalar is replaced with a pointer	
CLEAN	3c58becd714cdaf6e7a7c8dc7707c310d4acdd00	UPSTREAM: bpf: fix integer overflows	
CLEAN	1a657906d2e6e68c008fcdcf29e3813247b96b41	UPSTREAM: skbuff: orphan frags before zerocopy clone	
CLEAN	b2295c197b01fe091496a89bcebe4f94ca479bb6	UPSTREAM: net/tls: Fix inverted error codes to avoid endless loop	
CLEAN	7510dce5bea2cb69734f2bf29411fe3931d1fe60	UPSTREAM: net/tls: Only attach to sockets in ESTABLISHED state	
CLEAN	340b03c558032e6af0450f2b1ca082ae00306812	UPSTREAM: tls: fix sw_ctx leak	
CLEAN	066da99d97125c8c3dd2b2ef5cc33ea98f447346	UPSTREAM: tls: return -EBUSY if crypto_info is already set	
CLEAN	ef76e69e4d8e9e434b4bd2762a0543a49aea8309	UPSTREAM: tls: reset crypto_info when do_tls_setsockopt_tx fails	
CLEAN	1fb15d1da5b46cf8dead2601fd88614274b4169d	UPSTREAM: bpf, arm64: fix stack_depth tracking in combination with tail calls	
CLEAN	ed8236220645fe204cd36a9adcf89f88b23653a0	BACKPORT: bpf: mark dst unknown on inconsistent {s, u}bounds adjustments	
CLEAN	ac635c4e6f3bfd702f6eab480bddae1ca3403777	UPSTREAM: ip_gre: remove the incorrect mtu limit for ipgre tap	
CLEAN	a7dee46c8b5d2b2fc50e99791d26c28783364131	UPSTREAM: ip6_gre: remove the incorrect mtu limit for ipgre tap	
CLEAN	4aca776b81e562bbdfc07a5ed8180613a96a4bf1	UPSTREAM: bpf: sockmap missing NULL psock check	
CLEAN	1009ffa70e751f87fb5441c482e5ec9948006438	UPSTREAM: bpf: fix memory leak in lpm_trie map_free callback function	
CLEAN	25655c0981f21a26471d761ef601cbefd1902864	UPSTREAM: bpf: fix rcu lockdep warning for lpm_trie map_free callback	
CLEAN	7bd17c0901189368bc734871df057f8408a97b17	BACKPORT: bpf: allow xadd only on aligned memory	
CLEAN	55c7c8214b9d4f6ed09e3b9d212d4dd16ca1a6dc	UPSTREAM: tls: retrun the correct IV in getsockopt	
CLEAN	d4f41bf441f26fe753eccede24830b3e692b8871	UPSTREAM: bpf, x64: fix memleak when not converging after image	
CLEAN	70131e0c54e31ecb347fb1fdf878338a429dca23	UPSTREAM: tls: fix use-after-free in tls_push_record	
CLEAN	4340ee69833b037ebc9a3e9d7d20f88a4374e2d5	UPSTREAM: bpf: hash map: decrement counter on error	
CLEAN	a6b4ba75476155f8b65fb39d058209de6a17876c	UPSTREAM: tcp, ulp: add alias for all ulp modules	
CLEAN	80ec9f38c1f6cac162ed0e0c0dd63fa4c172d0a2	UPSTREAM: net/tls: Set count of SG entries if sk_alloc_sg returns -ENOSPC	
CLEAN	22eadf0fbcf5c754a24d912cd0a17c19cf3e3af2	UPSTREAM: tcp: really ignore MSG_ZEROCOPY if no SO_ZEROCOPY	
CLEAN	5a024b25ae6413330f25f44d8ee46cb4d6d4ebe3	UPSTREAM: tls: don't copy the key out of tls12_crypto_info_aes_gcm_128	
CLEAN	6c87372f3acbdcc007fd0fd8713c2f78354ae47e	UPSTREAM: tls: zero the crypto information from tls_context before freeing	
CLEAN	1af96eb3c52537d69ea768a5dd001d4d19659d07	UPSTREAM: tls: clear key material from kernel memory when do_tls_setsockopt_conf fails	
CLEAN	9945e1c3c668d06f799df365386fc4def4ebf2b4	UPSTREAM: bpf: 32-bit RSH verification must truncate input before the ALU op	
CLEAN	785b994cb2d900f9b9366c3b6e38bd3dd4526253	UPSTREAM: bpf: sockmap, fix leaking maps with attached but not detached progs	
CLEAN	d4db3d0ceb9c28cd671cad9ee165cd8f6eed4cd7	UPSTREAM: bpf: sockmap, map_release does not hold refcnt for pinned maps	
CLEAN	c82c069e7da6f36c2c9ede543cf88560d1427c5d	UPSTREAM: bpf: fix partial copy of map_ptr when dst is scalar	
CLEAN	4cabff3606f5de6cf1f2f22a02218a5cf981b317	UPSTREAM: bpf: wait for running BPF programs when updating map-in-map	
CLEAN	4dad0cc83e96dee1961b7173cfe780ee11655bac	UPSTREAM: tls: Add function to update the TLS socket configuration	
CLEAN	c029af87a0dc80e4d6cc51400fa0595f6a6f29c2	BACKPORT: tls: Fix TLS ulp context leak, when TLS_TX setsockopt is not used.	
CLEAN	8ffb087f3eb179248ee4c498febf7cb3e0699450	UPSTREAM: tls: Avoid copying crypto_info again after cipher_type check.	
CLEAN	271efdc0cc3407d99788be85c8d3211c39cd3743	UPSTREAM: tls: don't override sk_write_space if tls_set_sw_offload fails.	
CLEAN	c6b28eb341c92d3196305ce6e61ab9fa8fa2436b	UPSTREAM: tls: Use correct sk->sk_prot for IPV6	
CLEAN	91cc508bc3b5dc35a29391c9c553449bf4d0e392	UPSTREAM: net/tls: Fixed return value when tls_complete_pending_work() fails	
CLEAN	f6dabc74ca7b425c468c06f6784ba395d0da2534	UPSTREAM: packet: copy user buffers before orphan or clone	
CLEAN	bcefa0245edbde9a32d40dea4f770d2678b1e7db	UPSTREAM: bpf: correctly set initial window on active Fast Open sender	
CLEAN	56ad8f72492ea1789c9095dc275a329fbf2b0b82	UPSTREAM: bpf: bpf_setsockopt: reset sock dst on SO_MARK changes	
CLEAN	3a0901e82eb3fb6b360602e3c3fad272630773cc	UPSTREAM: bpf: sock recvbuff must be limited by rmem_max in bpf_setsockopt()	
CLEAN	58500d609001eeeebef0e60d8fbb2b186a2c95d2	UPSTREAM: bpf: fix lockdep false positive in percpu_freelist	
CLEAN	1f8604af334c2b35728e5dd04dbf2bf02be9b0e5	UPSTREAM: bpf, inode: add support for symlinks and fix mtime/ctime	
CLEAN	f16221a1cd057bec67d2e0e4bfec5c76f8eb3046	UPSTREAM: bpf: fix use after free in bpf_evict_inode	
CLEAN	4049d516e890c07f0eb9cbe7441041a5f6d66454	UPSTREAM: bpf/verifier: when pruning a branch, ignore its write marks	
CLEAN	b041f6a5d2601fc92be0c718ee2e22a2afdb71bd	UPSTREAM: bpf/verifier: remove varlen_map_value_access flag	
CLEAN	59ba48da8e9bbad396ce29507f42f6abace90cc9	UPSTREAM: bpf/verifier: document liveness analysis	
CLEAN	7245f0d1d4caf1eb2e846077631264358017f172	UPSTREAM: bpf: fix liveness marking	
CLEAN	4eb5cb4445a1180105fa2cfc70f954afac73f837	BACKPORT: bpf: reduce verifier memory consumption	
CLEAN	eec0f11a922738a0de9d076a09de42eab489c93f	UPSTREAM: bpf: fix verifier memory leaks	
CLEAN	2513572ebccf9ca57a871170553bfee8856285b6	UPSTREAM: bpf: fix verifier NULL pointer dereference	
CLEAN	1a9568c6ecc567d639c65e94898fc4931af4f610	UPSTREAM: bpf: fix stack state printing in verifier log	
CLEAN	45a18b0806f06c623f9a5cc1631517e51071a751	UPSTREAM: bpf: move {prev_,}insn_idx into verifier env	
CLEAN	cf060bc85edf07445051fd31b72979e8bfd904c7	UPSTREAM: bpf: move tmp variable into ax register in interpreter	
CLEAN	ea464ec473844776e460b48dcb642013b1e236c5	UPSTREAM: bpf: enable access to ax register also from verifier rewrite	
CLEAN	5fa36e59313920beba929e725f743b79bc144dd7	UPSTREAM: bpf: restrict map value pointer arithmetic for unprivileged	
CLEAN	ed14a499005af24e0456763c9bf0de0a10699acc	UPSTREAM: bpf: restrict stack pointer arithmetic for unprivileged	
CLEAN	e7bee2b7970b4e105c0d68e786390628f679c48f	UPSTREAM: bpf: restrict unknown scalars of mixed signed bounds for unprivileged	
CLEAN	02a720fd95cadebd13948e30936b18b630c69c6b	UPSTREAM: bpf: fix check_map_access smin_value test when pointer contains offset	
CLEAN	a97471f68f0bb6cede5acdfbc18cf62b9116ffca	BACKPORT: bpf: prevent out of bounds speculation on pointer arithmetic	
CLEAN	6b74508abe61d5963bdeab6fe87bcf7c459937f7	UPSTREAM: bpf: fix sanitation of alu op with pointer / scalar type from different paths	
CLEAN	9b473482c4336b74497d931fbbcfd13edf373013	UPSTREAM: bpf: fix inner map masking to prevent oob under speculation	
CLEAN	381222ad56e3ba7e5a24aae9b119e8bfe940641a	UPSTREAM: bpf: do not restore dst_reg when cur_state is freed	
CLEAN	8a8a26942740c315dc875da891a9e47650a9c130	UPSTREAM: bpf: fix sanitation rewrite in case of non-pointers	
CLEAN	039f39b313942c95dd2ba066930f1b8ab5e9beaa	BACKPORT: bpf, arm64: use more scalable stadd over ldxr / stxr loop in xadd	
CLEAN	7672e0e533833cf10cb2bbe754810b4bf135e5e3	UPSTREAM: bpf: sockmap, fix use after free from sleep in psock backlog workqueue	
CLEAN	227dc8257603a088fa560fb3ab8627c91a7ae922	UPSTREAM: tcp: fix tcp_set_congestion_control() use from bpf hook	
CLEAN	1b3740ea9f6a8222d0b67dd4de17f132a2c15b38	UPSTREAM: bpf: fix use after free in prog symbol exposure	
CLEAN	8d5e34637349b6fff4bdcfe00afd8f6553faa645	UPSTREAM: bpf: decrease usercnt if bpf_map_new_fd() fails in bpf_map_get_fd_by_id()	
CLEAN	0cd1191f2dc17334cf8e378c0db09ef433d48a30	UPSTREAM: bpf: drop refcount if bpf_map_new_fd() fails in map_create()	
CLEAN	3a1523764a1f93fc0e7b12ee73fb61623035f018	BACKPORT: bpf: reject passing modified ctx to helper functions	
CLEAN	e40433daa14a1b6608bdfe3d6a19857f2588f062	UPSTREAM: bpf: Fix passing modified ctx to ld/abs/ind instruction	
CLEAN	17900f561b4b03253e21e5f4f161667b399c1fee	UPSTREAM: bpf: Explicitly memset some bpf info structures declared on the stack	
CLEAN	d494be92cab538e23f942370103f7a5862c1f67a	UPSTREAM: ipv4: Fix raw socket lookup for local traffic	
CLEAN	e1ce7a89f560760eb06812bb6fe77638ee6b88a1	UPSTREAM: bpf: add map_lookup_elem_sys_only for lookups from syscall side	
CLEAN	531f031ed7ba851a6f25e07a20a4f5fb197412ff	UPSTREAM: bpf, lru: avoid messing with eviction heuristics upon syscall lookup	
CLEAN	fe24096bb72872d6d4cb104ce1163e9fe4f43f00	tcp: rate limit synflood warnings further	
CLEAN	c7de1b5a40c13a66ae7b1df552fda30a4c03e205	tcp: tcp_syn_flood_action read port from socket	
CLEAN	139798d79eb30981e232ef5704e772cf0b658218	BACKPORT: ipv4: Namespaceify tcp_tw_reuse knob	
CONFLICT	d9dfe4a76fb9871d58e683ca2bb4aea98d206bb3	BACKPORT: ipv4: Namespaceify tcp_tw_recycle and tcp_max_tw_buckets knob	net/ipv4/af_inet.c
CLEAN	19aba572851c7b014f2134970d40978fd8d87ebf	BACKPORT: ipv4: Namespaceify tcp_max_syn_backlog knob	
CLEAN	46ceae9c1d1ebdfcde7e915a92a530260353fe16	BACKPORT: ipv4: Namespaceify tcp_fastopen knob	
CLEAN	e23ccd218472db65fe8bcdf422c3b5760a276b5c	ipv4: Remove the 'publish' logic in tcp_fastopen_init_key_once	
CLEAN	dc6e3d6b467d83e895cd0349175e2a9a11353748	BACKPORT: ipv4: Namespaceify tcp_fastopen_key knob	
CLEAN	2fc266aa42cc8776bf0074de66491a96e971c129	net/tcp_fastopen: Add snmp counter for blackhole detection	
CLEAN	34d567fb3aa82b78859f73851db027f760e54c07	BACKPORT: ipv4: Namespaceify tcp_fastopen_blackhole_timeout knob	
CONFLICT	7bae1fbba13b1fb8c4ed978cc417dedebd8e6fe3	net/tcp_fastopen: remove obsolete extern	include/net/tcp.h
CONFLICT	9e672484dfc97046032144e6609960174afd57e7	UPSTREAM: tcp: add skb-less helpers to retrieve SYN cookie	net/ipv6/tcp_ipv6.c
CLEAN	62a03a0650ae1872f5a0c3d246541a79ff38aa00	BACKPORT: ipv4: do metrics match when looking up and deleting a route	
CLEAN	878a5767dc7f0d6db8a5eb4dbb99a1be96a7d7a8	UPSTREAM: tcp: Namespace-ify sysctl_tcp_default_congestion_control	
CLEAN	73f11156d48876e2382988d420f08bc1055ec9cb	new primitive: vfs_mkobj()	
CLEAN	6e571e4b764df52437377d872c1f19b6848d346e	device_cgroup: add DEVCG_ prefix to ACC_* and DEV_* constants	
CLEAN	04553542c4034b9e9da8fde7b6a302d5333809a1	device_cgroup: prepare code for bpf-based device controller This is non-functional change to prepare the device cgroup code for adding eBPF-based controller for cgroups v2.	
CLEAN	10fd97b7821734d706ac5f6046985bab899a375c	UPSTREAM: tcp: ulp: avoid module refcnt leak in tcp_set_ulp	
CLEAN	a0e841ae9a5de26f3754f8838e5cb8e15b8a347b	UPSTREAM: net: add a UID to use for ULP socket assignment	
CLEAN	65d7fbd02184ca4c3ee2da28ae4fd98687c24a0c	BACKPORT: apparmor: add per cpu work buffers to avoid allocating buffers at every hook	
CLEAN	21ccd563e213fc411440feb13a3ecc4fcab8f8d4	macro: introduce COUNT_ARGS() macro	
CLEAN	0eff83ee05b9a1963166bbe4e26c8f0ecefab128	f2fs: macro: Switch to COUNT_ARGS macro	
CLEAN	699c9258a599b6002b92dc2e6e3f2580119c870c	cfg80211/nl80211: macro: Switch to COUNT_ARGS macro	
CLEAN	4491208e011537c50154a2f651da2e34adade870	UPSTREAM: net: bpf: Make bpf_ktime_get_ns() available to non GPL programs	
CLEAN	a4561b4ae594b08fcea88ed08a570f0843de5838	BACKPORT: bpf: add bpf_ktime_get_boot_ns()	
CLEAN	c70bd1f03b954a4fbaa2ac4c88d92cf50288a618	bpf_lru_list: Read double-checked variable once without lock	
CLEAN	b46450ffae3747399eef76beb51772ec05fa33d7	bpf: Fix map leak in HASH_OF_MAPS map	
CLEAN	9b4e979761b372b1a955a87eac91cd60bb2db144	bpf: Fix off-by-one for area size in creating mask to left	
CLEAN	fa07b1ed4216a6a6a3cdb4396ab61ac3f0c67d11	bpf: Simplify alu_limit masking for pointer arithmetic	
CLEAN	b9b49b915d02111dca1c9f9aa67f316fc1381721	bpf: Add sanity check for upper ptr_limit	
CLEAN	a4d510c66beb623bfcdc396b646687e21c41fb9e	bpf: Prohibit alu ops for pointer types not defining ptr_limit	
CLEAN	1f7ad438d61e8979f73890d2f8ac16763aa9f3e8	bpf: Fix backport of "bpf: restrict unknown scalars of mixed signed bounds for unprivileged"	
CLEAN	5ec2dfdd40891182d5589f9259a840973ea8bdbe	bpf: Fix masking negation logic upon negative dst register	
CLEAN	40df36ab15740db0d4323ff567036dd941356069	bpf: Move off_reg into sanitize_ptr_alu	
CLEAN	f84faee95b608f31b854b1a76a14c9e9855c7c83	bpf: Ensure off_reg has no mixed signed bounds for all types	
CLEAN	9017403bbe32b08ff4cf40919188fdfd8a2b43e8	bpf: Rework ptr_limit into alu_limit and add common error path	
CLEAN	6f832c00b0b2ea76ae1e21e1ffc25cabf0aeced7	bpf: Improve verifier error messages for users	
CLEAN	abf3311593f07e4c4401f7588313ce94cdcad2b9	bpf: Refactor and streamline bounds check into helper	
CLEAN	cbfe3a7ad92507d2c900239274ce5a93f882588c	bpf: Move sanitize_val_alu out of op switch	
CLEAN	f0bbd8025b5e85c21a8c26853ffc6e2833fb5870	bpf: Tighten speculative pointer arithmetic mask	
CLEAN	b751c3da7f0019647754ce5a23a403dd581dbb27	bpf: Fix leakage of uninitialized bpf stack under speculation	
CLEAN	d4fc215bb7593e2c91a42d63b7af2480a6b18988	bpf: Wrap aux data inside bpf_sanitize_info container	
CLEAN	1536a2f2984fc1719dc6272d619394f9efc554b0	bpf: Fix mask direction swap upon off reg sign change	
CLEAN	9e048b0b58881a0ff56c2e66bd5744964f464be0	bpf: No need to simulate speculative domain for immediates	
CLEAN	ae6ef7ad8475a8cdb63c7a11a0cceb60d7acf3fd	bpf: Fix the off-by-two error in range markings	
CLEAN	3e98d46424b5eabbac0c350c44bd301e79230f4b	bpf: fix truncated jump targets on heavy expansions	
CLEAN	8069b7337b6be9b7f7a377ae87ebd54a032508b0	bpf: Verifer, adjust_scalar_min_max_vals to always call update_reg_bounds()	
CLEAN	fbf81ed2049e58cf4fe6813d48148a72f2f05af9	bpf: Do not use ax register in interpreter on div/mod	
CLEAN	40d4e02bf23187bf18bf3b397aabae0f219fd47e	bpf: fix subprog verifier bypass by div/mod by 0 exception	
CLEAN	51258cbbbeb9e166536f06e944b6486b05eca8ab	bpf: Fix 32 bit src register truncation on div/mod	
CLEAN	6db5f90ed71b63dda5e7b6529f680eb4716005b7	bpf: Fix truncation handling for mod32 dst reg wrt zero	
CLEAN	98c349735ff33b48dfb98e92b7529c4cfa96f41d	bpf: Address KCSAN report on bpf_lru_list	
CLEAN	511a143dd98dccdfd592091dae41dcca3d38d7f0	BACKPORT: bpf: Add name, load_time, uid and map_ids to bpf_prog_info	
CLEAN	e990affe4dcb596d4f0f3c3ec9e7f698c45b7deb	BACKPORT: bpf: Add map_name to bpf_map_info	
CLEAN	6a3a0e719833d295af0fb9af033937155e0beb48	bpf: Change bpf_obj_name_cpy() to better ensure map's name is init by 0	
CLEAN	eb521d2259c77721a2ff82b8fa30ac31a48cd7e4	BACKPORT: bpf: Use char in prog and map name	
CLEAN	c4863b606e84a7383f3da11b43a75206e835f275	BACKPORT: bpf: add skb_load_bytes_relative helper	
CLEAN	517b06325dc43c596b70751e5c306aaa4534d854	BACKPORT: bpf: encapsulate verifier log state into a structure	
CLEAN	0ddf56d8900716b0d2f28d06db346c3b261eee2a	BACKPORT: bpf: Rename bpf_verifer_log	
CLEAN	484a3712b7cd5a1690898475c0e91534e88d4871	BACKPORT: bpf: btf: Introduce BPF Type Format (BTF)	
CLEAN	cf9333db5f1659aa2a0df1e99d33ed27ed17c5f8	bpf: Update logging functions to work with BTF	
CLEAN	0c5f895694ef96c9a8cbac0838772a6b36e501f3	bpf: btf: Validate type reference	
CLEAN	d869d6d4a488f77b49a6136e0ca50f55b1ca985e	bpf: btf: Check members of struct/union	
CLEAN	96811d87aa7b9bd9eed3490b2c4e1b637372d833	bpf: btf: Add pretty print capability for data with BTF type info	
CLEAN	291edbdd9c1e59f7b0154b88e339e93f44e8edeb	BACKPORT: bpf: btf: Add BPF_BTF_LOAD command	
CLEAN	ef7c0a07d544aa0f360e0c4f51054f1a027c1da0	bpf: btf: Add BPF_OBJ_GET_INFO_BY_FD support to BTF fd	
CLEAN	5b5f2dd9b15dfb53b867b0661b3938ac4e9705fd	BACKPORT: bpf: btf: Clean up btf.h in uapi	
CLEAN	1e8f552970bf791c931778c20bc7d68ee0d397a3	bpf: btf: Avoid WARN_ON when CONFIG_REFCOUNT_FULL=y	
CLEAN	53886c4f7590af0b93934ed1f402087b5089ec4c	bpf: Fix compiler warning on info.map_ids for 32bit platform	
CLEAN	2d7350c37cf458a525840a8743f30b7099a2182a	bpf: btf: Change how section is supported in btf_header	
CLEAN	1ee1ed5897aa4f2495f992cacb75e41e3f4a20c0	bpf: btf: Check array->index_type	
CLEAN	66d1dc4af1e33be9058cc88f0a2b94dec2b8b6a3	bpf: btf: Remove unused bits from uapi/linux/btf.h	
CLEAN	aabc89fbae595a76f6e141811be6debc1188d967	bpf: btf: Avoid variable length array	
CLEAN	26dc197dce1e721c5c9d05092d0dc262825c3c34	bpf: btf: avoid -Wreturn-type warning	
CLEAN	c564da9a61f7d34b3357d4dcffcf11158a5f30e7	bpf: btf: Check array t->size	
CLEAN	23de35eac55c26fef7af461a727a5efdcf472b71	bpf: btf: Ensure t->type == 0 for BTF_KIND_FWD	
CLEAN	0c4a777e7fbe425fc4804f85f8a7b2eadc54f4d3	bpf: btf: Fix bitfield extraction for big endian	
CLEAN	24aae8c2169b57e2c9907725530ad5003f7f9733	bpf: btf: Clean up BTF_INT_BITS() in uapi btf.h	
CLEAN	045d3e6a967909d4737109a71f639e54c50b9265	bpf: btf: Ensure the member->offset is in the right order	
CLEAN	d5d630e68202c578daef576e06e0fb97ac3a70cc	bpf: fix bpf_skb_load_bytes_relative pkt length check	
CLEAN	7248795cb8b01995562d71bfec8759fd07c7c2f8	bpf: btf: Fix end boundary calculation for type section	
CLEAN	345e1282ff3e587bb19ace2b38db558245021dfc	bpf: btf: Fix a missing check bug	
CLEAN	026d68f46fa0a18e18a051dc19e0d0c3d34c794a	bpf, btf: fix a missing check bug in btf_parse	
CLEAN	4f08ed27d492cb2f8cd311d557b2abcdb658a98f	bpf: fix BTF limits	
CLEAN	b335d21e4441101edb718553293b97c6b82e2bc8	bpf/btf: Fix BTF verification of enum members in struct/union	
CLEAN	1a8b8fd464e32f9d553a2e67eb92f32db5a45458	bpf: btf: fix truncated last_member_type_id in btf_struct_resolve	
CONFLICT	e00c40bbd2f4357c7ce405bff4189d52121e27d4	BACKPORT: net: bpf: rename ndo_xdp to ndo_bpf	include/linux/netdevice.h
CLEAN	aba6e62026d6040ec86879342d9c4171f867dd2a	BACKPORT: bpf: offload: add infrastructure for loading programs for a specific netdev	
CLEAN	b6fd34535b32c90303536228397a553f68d1be56	bpf: offload: rename the ifindex field	
CLEAN	86d4a3ab7e8da150a2a5e7337439a4b8842f43b9	BACKPORT: bpf: Check attach type at prog load time	
CLEAN	3ec9af7866890ea72c1a62ce057b9efa9a9521ef	BACKPORT: bpf: introduce BPF_PROG_QUERY command	
CLEAN	ed5d784d900148488c3d007da504175186f58c45	BACKPORT: bpf: Hooks for sys_bind	
CLEAN	496c114609368d31572714bd88dc790c9d4af8a0	BACKPORT: net: Introduce __inet_bind() and __inet6_bind	
CONFLICT	2c9a33a16d6dd3c03045b86db67a359b2229d395	BACKPORT: bpf: Hooks for sys_connect	net/ipv6/tcp_ipv6.c
CLEAN	8f38ebdde0bffc178c01fe037f8923cd8de87e20	BACKPORT: bpf: Post-hooks for sys_bind	
CLEAN	b312e85608dcdf9cfb56e7499e5a525badc95b02	kernel: bpf: devmap: Create __dev_map_alloc_node	
CLEAN	36c5dbee92fe6785faeb648812f21d394318670b	BACKPORT: xdp: Add devmap_hash map type for looking up devices by hashed index	
CLEAN	cf45a0335d7188b3f3c40bc8bd25c3cd6ac0ce3a	BACKPORT: devmap: Allow map lookups from eBPF	
CLEAN	7fa5b4be98c5ff006ef29819e2c9ca1cfbe1dab9	bpf: Hooks for sys_sendmsg	
CLEAN	8e27c02c5a920ca0761c61dcdfea9c961fb3ec2f	BACKPORT: bpf: enforce return code for cgroup-bpf programs	
CLEAN	885dc807926c4443cf1eedcc27384e6ebfa9fd52	BACKPORT: bpf: fix unconnected udp hooks	
CLEAN	85f22be632846cb86f02f727aea57200063e1367	bpf, lpm: Fix check prefixlen before walking trie	
CLEAN	f485e58f9a52bdda2ed3041a92c118001c3987c7	bpf: Add map and need_defer parameters to .map_fd_put_ptr()	
CLEAN	6702ed7b3fa74971fb7f9d7fe17dc34df5355b12	syscall: Fake uname to 4.19.325 for bpfloader/netd	
CLEAN	2e2b7bbb052976fcedf8125be7b3f9eacda0477d	bpf: btf: refactor btf_int_bits_seq_show()	
CLEAN	be74df990a7ec5b999e76a9e93a49d0131f51c11	bpf: btf: Break up btf_type_is_void()	
CLEAN	18e6a77ed30605c1ffa1f72e58e71262eb19581d	BACKPORT: bpf: split verifier and program ops	
CLEAN	38e9f3efcf0fe0aa54b6ae053e8b01e17f4e6530	BACKPORT: bpf, cgroup: implement eBPF-based device controller for cgroup v2	
CLEAN	d73a980592910912cf9781c4f38daeae6df5cfdd	BACKPORT: bpf: remove the verifier ops from program structure	
CLEAN	c655f601c20d0fa368aeb3b10debe95333ede084	bpf: sockmap, add sock close() hook to remove socks	
CLEAN	299b7c1a83263dfb477091239b0322c5cab7dfe2	BACKPORT: bpf/tracing: allow user space to query prog array on the same tp	
CLEAN	bd52cd5203cd62854f03c6f4cf5a9c9b86bd815f	bpf/tracing: fix kernel/events/core.c compilation error	
CLEAN	9da07fb2f9c10cc5e40664f7e2b7fcd7c66b500b	BACKPORT: bpf: introduce BPF_RAW_TRACEPOINT	
CLEAN	8264c2c657b6b47a170285028e9bb8324cd44eb8	BACKPORT: bpf: Add base proto function for cgroup-bpf programs	
CLEAN	f878c63d07a943b3a675325c02509b1e3e786133	BACKPORT: flow_dissector: implements flow dissector BPF hook	
CLEAN	dab9e5a8d7615b78861237093d1ddfed9206e411	BACKPORT: bpf: Sysctl hook	
CLEAN	c86dd789dc7dcd4603855e93a95e9cf992d93501	BACKPORT: bpf: create tcp_bpf_ulp allowing BPF to monitor socket TX/RX data	
CLEAN	5c2436c974c5d7a6c42f39bcc5d1ee9085b95a36	bpf: fix pointer offsets in context for 32 bit	
CLEAN	994964fada25ae995623dcd501a571ca0655402d	bpf: fix bpf_prog_array_copy_to_user() issues	
CLEAN	a5114df016c23d8a247bc83111f9d3d968ebe34e	bpf: avoid rcu_dereference inside bpf_event_mutex lock region	
CLEAN	9f66257a8fa000b73488cdb857b9b4e8c98c86e7	bpf: set maximum number of attached progs to 64 for a single perf tp	
CLEAN	56b9f4a1fd857255e42922cd8560a885209adab8	bpf/tracing: fix a deadlock in perf_event_detach_bpf_prog	
CLEAN	0e41779ef7cf13ee30435ea1e037a3abc4e45e00	BACKPORT: bpf: introduce new bpf cpu map type BPF_MAP_TYPE_CPUMAP	
CLEAN	9983e99db6290500752264e083e39def021af32d	bpf: add helper for copying attrs to struct bpf_map	
CLEAN	561c97fe8f7876374f2f98fdf300e2b00d6192e7	bpf: add ability to charge bpf maps memory dynamically	
CLEAN	29249873a46aba4774fede351fb28632ffea3d57	bpf: introduce cgroup storage maps	
CLEAN	67ddd9296262a93c8f01b6efad2662bbe5578024	bpf: pass a pointer to a cgroup storage using pcpu variable	
CLEAN	0a8506306524534071c5f4f3126284131c7c6477	bpf: include errno.h from bpf-cgroup.h	
CLEAN	cb303772a2dc7ada02cefe5716bec7ff99a9d671	BACKPORT: bpf: allocate cgroup storage entries on attaching bpf programs	
CLEAN	131e18bd7a20cc52397cfdfb9637e01a2afd1274	bpf: extend bpf_prog_array to store pointers to the cgroup storage	
CLEAN	337321ebd146043af7bd7bc4c20b2b4fad965984	bpf/verifier: introduce BPF_PTR_TO_MAP_VALUE	
CLEAN	011081afe70f77ec4b32d8ec0d724c2044478454	bpf: introduce the bpf_get_local_storage() helper function	
CLEAN	f6bb9492b38aa1046d6173e352bdab48a7dcec76	bpf: implement bpf_get_current_cgroup_id() helper	
CLEAN	bf2d4446a247b445d958712e9a5a45704709b290	bpf: permit CGROUP_DEVICE programs accessing helper bpf_get_current_cgroup_id()	
CLEAN	0076260adb31c2f0464e0c62aa579f08b42115ed	bpf: extend cgroup bpf core to allow multiple cgroup storage types	
CLEAN	dbac063b506b3db37017112e8faa455299eb7c62	bpf: Add PTR_TO_SOCKET verifier type	
CLEAN	929cca55d82caf70cc0d7a2e719309d5ef2fab3e	bpf: offload: ignore namespace moves	
CLEAN	6c05b2b888db65737d235dd51fa759aee5bdd8c6	bpf: offload: don't require rtnl for dev list manipulation	
CLEAN	44c5a2988a1864a5c48c6677a1fd2bbfc5cb72b8	nsfs: generalize ns_get_path() for path resolution with a task	
CLEAN	7a73ceed88547bc110dd5b85971f88125e2184e2	nsfs: unobfuscate	
CLEAN	bfecfceebed0e4eeea0f5168213a6cd00d60d5ab	bpf: offload: report device information for offloaded programs	
CLEAN	4900ca432bcfc48bc41f3ba4516c6a210930e4b7	bpf: offload: free program id when device disappears	
CLEAN	3fb05133f7c94a6031b2be1677cd61308a6b13d5	bpf: offload: allow netdev to disappear while verifier is running	
CLEAN	88bba35c1596233657d39f7cd09a840785cd6c38	bpf: rename bpf_dev_offload -> bpf_prog_offload	
CLEAN	104b9e0cbbaddaa6d419744e173ea7ce903eda62	bpf: offload: factor out netdev checking at allocation time	
CLEAN	8f6dd8b96fe57f2ed43329b7059c0f12ad254ab5	bpf: add map_alloc_check callback	
CLEAN	bbe122ccacc6969b9e60cad789ddb188e83b4f71	bpf: offload: add map offload infrastructure	
CLEAN	5f3e5a62946e7654e008947907e3e5da383f2b3a	bpf: offload: report device information about offloaded maps	
CLEAN	432b09e7c2c938f2180e9acce54f5b7bb0bf66d2	bpf_obj_do_pin(): switch to vfs_mkobj(), quit abusing ->mknod()	
CLEAN	700f17ad59368b9282614109fa6caecc44c39d52	BACKPORT: bpf: btf: Add pretty print support to the basic arraymap	
CLEAN	5845f4bbd4f4385f8378312fdf2ac1e744063faf	bpf: btf: Introduce BTF ID	
CLEAN	72bd9b945419a24f6f67a4bd4c3ed9e751709656	bpf: move instruction printing into a separate file	
CLEAN	f6ab52c06aaabd171463cded095a016c0b97e3e9	BACKPORT: bpf: do not allow root to mangle valid pointers	
CLEAN	3e3c964f0bb353939b4759416a623cf32209bad5	bpf/verifier: disallow pointer subtraction	
CLEAN	9580a125c4c04f0599199865d41e729a5696e2f4	BACKPORT: bpf: move verifier logging into the environment	
CLEAN	2fbc37ad569ca4432be338752f4c6081e32b9ae2	bpf: rename bpf_compute_data_end into bpf_compute_data_pointers	
CLEAN	05fffbd576bd857d72f378e319bdcfc0118d95d7	bpf: add meta pointer for direct access	
CLEAN	a096fd8e3d46b2aafbf93acafd68a3302ff46a03	bpf: also improve pattern matches for meta access	
CLEAN	906bb646929d251c2c7f3fae7ca5dea98fa5dacb	bpf: print liveness info to verifier log	
CLEAN	0999e9b3882e12e7a7343aa02536eca16780ef55	bpf: cleanup register_is_null()	
CLEAN	e4eec0cd428f84843060b06be3c4f91077b62351	bpf: introduce function calls (verification)	
CLEAN	295bcc213ddda148c8181607875346c33172428b	bpf: add support for bpf_call to interpreter	
CLEAN	a283d6f314cdc6a0df5f15fbb47e788fbae083ce	bpf: fix net.core.bpf_jit_enable race	
CLEAN	a84dae741f990870f4a87e627d1c97862ac473c5	bpf: x64: add JIT support for multi-function programs	
CLEAN	2de3edcfeab57d7443f08faf95abc70d11e39dca	bpf: Add bpf_patch_call_args prototype to include/linux/bpf.h	
CLEAN	a3fce8d2ace12868f7eb4fd88eac5d9f13c9b11b	stop using '%pK' for /proc/kallsyms pointer values	
CLEAN	06910dd01baf95b924cd612b1a0e522198ad2677	/proc/module: use the same logic as /proc/kallsyms for address exposure	
CLEAN	6c969485e926b8a96320fea824385f01a2ee40bb	bpf: allow for correlation of maps and helpers in dump	
CLEAN	69c870153410a4a36936b9ae4fb7dc2bcbf4a55c	bpf: annotate bpf_insn_print_t with __printf	
CLEAN	3a16b1ff92aa53cb4eac1b2b48d9b85d07595716	bpf: Remove struct bpf_verifier_env argument from print_bpf_insn	
CLEAN	4cd726529aebb893bcdb2edae17a831844086e06	bpf/verifier: refine retval R0 state for bpf_get_stack helper	
CLEAN	6a1b81b5b122792bb3067df8259babbe23fe970c	bpf: Add iterator for spilled registers	
CLEAN	3d4955f10ca0df7779297a374acc0e549923eaeb	bpf: Generalize ptr_or_null regs check	
CLEAN	13f77e3dd23e0933df160a3752059a6bb648eb8c	bpf: Macrofy stack state copy	
CLEAN	e5d3faf16ad7acd07e94ed2bd1328df38aac1253	bpf: introduce ARG_PTR_TO_MEM_OR_NULL	
CLEAN	f51cd0cf3630295e13b151f63b611f48d8e84e2b	bpf, verifier: detect misconfigured mem, size argument pair	
CLEAN	1c6d00ffb225a0a14bb8325bef4f49cab4e7a776	BACKPORT: bpf: properly enforce index mask to prevent out-of-bounds speculation	
CLEAN	52073762e2e1e6cd61ae569a9f3292038b394724	bpf: Add reference tracking to verifier	
CLEAN	c3598c3f9e0951d59dc69826af07249e82c5278a	bpf: decouple btf from seq bpf fs dump and enable more maps	
CLEAN	13070297cdf30c6fe349dcc2648accf0e0c9892b	bpf, x64: fix memleak when not converging on calls	
CLEAN	0592bc312876bd6bd197ae4603c9b84ad834d3f9	bpf: fix maximum stack depth tracking logic	
CLEAN	c4732fc3cbae7a5ff6538ae25961aac99ae013f4	bpf: unify main prog and subprog	
CLEAN	aee386a7506c5dfd243b4cb8fa859df0da983e7d	bpf: centre subprog information fields	
CLEAN	185d65cfe3f77376cf308d50f48365009d9737ea	bpf: Add gpl_compatible flag to struct bpf_prog_info	
CLEAN	6a78f2a7360b8074120760928ac60c517a9e687b	bpf: get kernel symbol addresses via syscall	
CLEAN	5e4f4b84eb05b1d804eb7f20dffb964061b99bab	bpf: get JITed image lengths of functions via syscall	
CLEAN	4901ec44261abf7755b9e840def733b18c190831	bpf: Append prog->aux->name in bpf_get_prog_name()	
CLEAN	67e8f49b3f50a2f43d0d744a75e48ac8d115d78b	bpf: Expose check_uarg_tail_zero()	
CLEAN	89793a518d38857c18c87e0ebcf911ffaeafa358	bpf: fix bpf_prog_get_info_by_fd to return 0 func_lens for unpriv	
CLEAN	0581c8e90badd98a800e00208de94250709ec99f	bpf: btf: Add BTF_KIND_FUNC and BTF_KIND_FUNC_PROTO	
CLEAN	5994ebe363663fb7436c95274209981c0481c9a8	bpf: Introduce bpf_func_info	
CLEAN	248525c5c11aa63f61934c1d5c8c1784012d46f0	bpf: btf: support proper non-jit func info	
CLEAN	fb9cf01af29efe9c3f2254a1115152fb18e9523f	bpf: don't leave partial mangled prog in jit_subprogs error path	
CLEAN	9f5fac09410e769882dbfe0dbaa719b18137f3df	BACKPORT: bpf: Add bpf_line_info support	
CLEAN	0a7e5e522745fe61eec16ba036701191f85bfccb	bpf: Create a new btf_name_by_offset() for non type name use case	
CLEAN	e085c5bdcb2f15253b8c43c9a518f16e7e9d34d5	bpf: fix a compilation error when CONFIG_BPF_SYSCALL is not defined	
CLEAN	9b535b12014ce5b34d0eed400076b81f16d2d526	bpf: btf: Rename btf_key_id and btf_value_id in bpf_map_info	
CLEAN	b8d6cb7a758a270eb0280eeab170bb012592dd85	bpf: introduce per-cpu cgroup local storage	
CLEAN	f6cb4be7c0e012687a8a82309231ab81279f437c	bpf: Define cgroup_bpf_enabled for CONFIG_CGROUP_BPF=n	
CLEAN	360888ec5b44ea60cdf5d8daa6cb922a61c39545	bpf: pass struct btf pointer to the map_check_btf() callback	
CLEAN	26fc45f8a7539f7d4adc32ca4b5d06081c20fc23	bpf: add bpffs pretty print for cgroup local storage maps	
CLEAN	32e22a4740e604511db9b85b733ed842c78a0ab8	bpf: btf: fix struct/union/fwd types with kind_flag	
CLEAN	09596736125061a3925535337b7d506ccbcde4a6	bpf: enable cgroup local storage map pretty print with kind_flag	
CLEAN	bc15156f752be9864debc107c7b2296b2f2cad36	bpf: introduce bpf_spin_lock	
CLEAN	e9ba4792bdc9dd1a73227ed09b8fe1a286ead690	BACKPORT: bpf: expose full sockets to skb programs	
CLEAN	4087d4790a28bdd3a18413c580638944c6dc20ec	bpf: Add helper to retrieve socket in BPF	
CLEAN	a9da482fb845342aedc23a8ade9920b9ac8e09d1	BACKPORT: bpf: allocate the verifier log buffer dynamically	
CLEAN	713580bdc40a645d72e05ec4fc3773db09184569	xfrm: add documentation for xfrm device offload api	
CLEAN	d3fb556dde192912e8394b43185840963363a900	sk_buff: add skb extension infrastructure	
CLEAN	b4822f46db26058094571e8aaff1b29f1868119c	xdp: base API for new XDP rx-queue info concept	
CLEAN	61762ba5e3ed50cd103bec896d19ad7c55278d42	net: avoid including xdp.h in filter.h	
CLEAN	ffa0b0f511e608fbd9d3dee4977e3fd4889d58d7	xdp: move struct xdp_buff from filter.h to xdp.h	
CLEAN	3248c4788eb05d3f5b392308be395fffca8e7392	xdp: generic XDP handling of xdp_rxq_info	
CLEAN	29ea4cfb26aa818d9223f0586ee2f0792b6cdde9	bpf: Extend the sk_lookup() helper to XDP hookpoint.	
CLEAN	711c76f29296b3d283b460b1b924885d1d46a3ee	bpf: Support socket lookup in CGROUP_SOCK_ADDR progs	
CLEAN	72cac410ea619d090954db48785ee6d011dfe9b6	bpf: Add struct bpf_tcp_sock and BPF_FUNC_tcp_sock	
CLEAN	cd10fc1be017e74bb1889c10c8c79ad8343ef475	bpf: add writable context for raw tracepoints	
CLEAN	85caa62009f01ccffcaa77ff49b2181b7d1a55c8	bpf: allow map helpers access to map values directly	
CLEAN	089602ea122c38592b1619b9ee5b7abb69689410	bpf/verifier: add ARG_PTR_TO_UNINIT_MAP_VALUE	
CLEAN	421d16e467351c4ac7accd69159c441fed8f53e7	bpf: Introduce ARG_PTR_TO_{INT,LONG} arg types	
CLEAN	b08355d47db643f8a633af63f4e475fe979fc975	bpf: introduce BPF_F_LOCK flag	
CLEAN	bdccf56adce764ba3e01947c9eaa88e78c0fc471	BACKPORT: bpf: Introduce bpf sk local storage	
CLEAN	7f27f3b5e61c558e862149a81fb16cfd62e11fca	net: socket: add __sys_getsockopt() helper; remove in-kernel call to syscall	
CLEAN	d7b2a1b01363c79bd682bb0ca1fc14f4741c88d9	net: socket: add __sys_setsockopt() helper; remove in-kernel call to syscall	
CLEAN	f97ff2e5e8fabc41e030e0e134da4eeee6410bd0	bpf: implement getsockopt and setsockopt hooks	
CLEAN	4687ee85dca6bcc292560a2cfe4b3954bf5c5f1d	bpf: sockmap, refactor sockmap routines to work with hashmap	
CLEAN	27e7e9a24111e49dcb561116a10bd51258922396	bpf: sockmap, add hash map support	
CLEAN	ab599713b52aef3b720a67bfa29b9d8431dddb43	sockmap: convert refcnt to an atomic refcnt	
CLEAN	61e9ae3e0a5b69be1e1a61c86b2666b956cc52b1	net: do_tcp_sendpages flag to avoid SKBTX_SHARED_FRAG	
CLEAN	c769381e2f5f75af1798a94da94a12cbdc8bdab8	sock: fix sg page frag coalescing in sk_alloc_sg	
CLEAN	6f5dca5bb20f6d4906a88d6599f024e9d8b7f27e	sock: make static tls function alloc_sg generic sock helper	
CLEAN	a5df200ba88d4ce0b535d4d73b30f08fb6d9f08e	net: generalize sk_alloc_sg to work with scatterlist rings	
CLEAN	5725140f0c3b082ab4cf6a9207078be496fedf7f	lib/scatterlist: add sg_init_marker() helper	
CLEAN	18d3eaf0958fc4e09e35377de445d181b575235e	bpf: sockmap: fix typos	
CLEAN	7f867d74f160fff885243e3fda269db282164086	bpf: Set mac_len in bpf_skb_change_head	
CLEAN	81d2c4fc8df29c1841a24288e36af2ba9304acd2	bpf: Do not WARN in bpf_warn_invalid_xdp_action()	
CLEAN	faf27b42688478864d038bfe5ca6f8af04c338d0	bpf: make sure skb->len != 0 when redirecting to a tunneling device	
CLEAN	89d3894713740c8ddcd69cfd26dc0e355bb46e74	bpf: pull before calling skb_postpull_rcsum()	
CLEAN	b45d2c84d87e984f3923ae0e1db818b3d3780701	bpf: sockmap, convert bpf_compute_data_pointers to bpf_*_sk_skb	
CONFLICT	993f49608c23a0d57b81e2e7762c4c361df753d0	bpf, sockmap: convert to generic sk_msg interface	net/core/Makefile
CLEAN	310aaf5a0aa7a91920de0c88cf22dcb10c373d37	bpf: always allocate at least 16 bytes for setsockopt hook	
CLEAN	b39c19f7b9650199c715e8b54aa765ed54a359e8	bpf: Don't return EINVAL from {get,set}sockopt when optlen > PAGE_SIZE	
CLEAN	fc50bf683a5145baf8babeb3ca6c6418a53262f7	bpf: avoid page-sized cgroup sockopt usercopy checks	
CLEAN	f3626f4dbcd2a41186ba44bd30ee6dbc673cb75c	bpf: Add bpf_verifier_vlog() and bpf_verifier_log_needed()	
CLEAN	f720d96f8abc1c730f96888022c55034dc27e6d5	bpf: allow helpers to return PTR_TO_SOCK_COMMON	
CLEAN	5b379b7d223f6ec6fdc34be17393ccc31b969795	bpf: implement MAP_GET_NEXT_KEY command for LPM_TRIE map	
CLEAN	2e1c1dda1d5eb0bc5e61923ce29529a1f79809b8	bpf: fix kernel page fault in lpm map trie_get_next_key	
CLEAN	62fc72cb6a5c0f434d3b0f767d32cf86b1004475	bpf: Fix exact match conditions in trie_get_next_key()	
CLEAN	e80707eae7ebd2702ddf7cc970af30052ec7df68	BACKPORT: bpf: Fix out-of-bounds write in trie_get_next_key()	
CLEAN	9a1eaf3b020da908c59244b71cdf58d02f277881	bpf: lpm_trie: check left child of last leftmost node for NULL	
CLEAN	d138bfefca8942a4996e6cb4ed58e17c7a40b7ee	bpf: write back the verifier log buffer as it gets filled	
CLEAN	0db07682d31bfa8232dc9d44f9b87165499caa31	BACKPORT: mm: Introduce kvcalloc()	
CLEAN	d8d5b928cd58093a8fc0579851f96f219f25fddf	UPSTREAM: bpf: Implement map_delete_elem for BPF_MAP_TYPE_LPM_TRIE	
CLEAN	bbce4825b0e3222a4d533a983f5ee9659fbce6b3	UPSTREAM: bpf: Optimize lpm trie delete	
CLEAN	ad24564449d51010330b6d3da2be843a3bcfb455	BACKPORT: bpf, lpm: fix lookup bug in map_delete_elem	
CLEAN	f01ff4b794d6fbe77bc180b36f54974ae3cfef3d	UPSTREAM: bpf: do not retain flags that are not tied to map lifetime	
CLEAN	46ca605b032a3dc644b26ab2d704306d94a7d232	UPSTREAM: bpf: allow . char as part of the object name	
CLEAN	8e10cb5000c09296fc1380e45345ecb663a188cb	BACKPORT: bpf: add specification for BTF Var and DataSec kinds	
CLEAN	e5dc33106a1d4e1fbbc1dbd0cfb2822296caac69	UPSTREAM: bpf: kernel side support for BTF Var and DataSec	
CLEAN	9d95d604059830d1e9b12ebb2ca4d0cf9995235e	UPSTREAM: bpf: fix NULL deref in btf_type_is_resolve_source_only	
CLEAN	57579a4772ebb9b38285878d57be6ec80dd08f31	UPSTREAM: bpf: rename stack trace map operations	
CLEAN	81831d6640624aab7344076b11678d1134ad0468	UPSTREAM: bpf: add cg_skb_is_valid_access for BPF_PROG_TYPE_CGROUP_SKB	
CLEAN	404c5376bd56d65cab812299fd9ec17143981395	BACKPORT: bpf: add skb->tstamp r/w access from tc clsact and cg skb progs	
CLEAN	0b9ee674a0c954abd1f09a49da7d92f6a89dec5c	BACKPORT: bpf: allow BPF read access to qdisc pkt_len	
CLEAN	667b3ef56be69055825a2e2b868c050242949084	BACKPORT: bpf: allow BPF programs access skb_shared_info->gso_segs field	
CLEAN	c86175c60ba0a9f1dadf1ca6a2868924cf91981b	UPSTREAM: bpf: fix access to skb_shared_info->gso_segs	
CLEAN	ef89576b71b90b7cc509c1dd8c80601700a2ffb5	BACKPORT: bpf: Add gso_size to __sk_buff	
CLEAN	0b5cf07ad0148e4967a6d4d3762dc504dd247936	UPSTREAM: net: sock: Change tx_queue_mapping in sock_common to unsigned short	
CLEAN	58db440d4182653e25ae860f3743d8bb6612e98e	UPSTREAM: bpf: add skb->queue_mapping write access from tc clsact	
CLEAN	7b1c5c0a4417f3d47c4e79a12c7d45d28be6d1ec	UPSTREAM: mm,fork: introduce MADV_WIPEONFORK	
CLEAN	4c9eb2967adbcd311d94d34fc625029430681d0b	syscall: Increase bpf fake uname to 5.4.186	
CLEAN	5bff7235e8026867f820efe07e57a54d34dd48c2	syscall: Only spoof uname for root	
CONFLICT	57160164039c16ed748457957944dd657dbb86e0	treewide: convert totalram_pages users to helper	drivers/gpu/arm/bv_r38p1/mali_kbase_gpuprops.c drivers/staging/android/ion/ion.c mm/memblock.c
SKIPDEV	6322d105279ab1fc091def466ced80c881e7c180	[exynos9810] defconfig: Enable kprobes for BPF events
CLEAN	79ad32c5c6144af82212e199b01123cdfef62393	uprobes: Default UPROBES_EVENTS to Y	
CLEAN	7f27b11bbae4b362314981e788b6f63ee312bca9	perf/core: Rename CONFIG_[UK]PROBE_EVENT to CONFIG_[UK]PROBE_EVENTS	
CONFLICT	2d6869d3a4cea710b71ebb7fba0175e49af942d2	arm64: Add uprobe support	arch/arm64/include/asm/thread_info.h
CLEAN	ccba324207bf5086eab642867898d8972e013368	UPSTREAM: bpf: add program side {rd, wr}only support for maps	
CLEAN	1bfa1b1233fd98c09f549107aa5e53b4a76c76ac	UPSTREAM: bpf: disable and restore preemption in __BPF_PROG_RUN_ARRAY	
CLEAN	198cd4d2a7bff33fe825d4c7ed16cacba3bee7e5	BACKPORT: bpf: undo prog rejection on read-only lock failure	
CLEAN	af25b29b0441160df4af0b106cc78b7b497cac5b	UPSTREAM: bpf: enforce correct alignment for instructions	
CLEAN	e9d9ba089e4a030585b27cd9031116225f1d183e	UPSTREAM: sock: Make sk_protocol a 16-bit value	
CLEAN	fc29c560d45fab705ab10f728bfe52fde0a106ce	stddef.h: Introduce sizeof_field()	
CLEAN	51574a9d2eb5445f3c01f560b90c675b0acbf914	lib/scatterlist: Introduce sgl_alloc() and sgl_free()	
CLEAN	a2fb2289428847be00358a0493e82cd4f381a598	BACKPORT: net_sched: sch_fq: properly set sk->sk_pacing_status	
CLEAN	c97e139e28b61c98fdd012b6eaaee21354a6d655	BACKPORT: cpuset: Allow v2 behavior in v1 cgroup	
CLEAN	9e34f17bba7c80a57919d3756f4d3fad60993ab8	BACKPORT: cgroup: Add mount flag to enable cpuset to use v2 behavior in v1 cgroup	
CLEAN	d734023f6673865efad307ecc8e400de9c6aa386	UPSTREAM: bpf/verifier: improve register value range tracking with ARSH	
CLEAN	9aae7701b98357c36325cb6f2f6f75ac308fa8ec	UPSTREAM: bpf: Fix incorrect verifier simulation of ARSH under ALU32	
CLEAN	f6ae71c8eff95e9760fb61e3f911e6a6a17cb8a6	UPSTREAM: fs: add do_epoll_*() helpers; remove internal calls to sys_epoll_*()	
CLEAN	d8bcd1ad1922511013a9894b5ebbc4395a01b203	BACKPORT: open: add close_range()	
CLEAN	e896f590b9d62754d90a58d6c7cb13b5d666057b	BACKPORT: close_range: add CLOSE_RANGE_UNSHARE	
CONFLICT	495ac52546da61d6af637b656fd03902a85e4d8a	BACKPORT: arch: wire-up close_range()	arch/arm/tools/syscall.tbl
CLEAN	c6218bf6370de6e613dfd934995b9b2840561f97	UPSTREAM: fs, close_range: add flag CLOSE_RANGE_CLOEXEC	
CLEAN	2ba33cfdb1a85ad89f097f23f3c7b692612b76cf	UPSTREAM: close_range: unshare all fds for CLOSE_RANGE_UNSHARE | CLOSE_RANGE_CLOEXEC	
CLEAN	7f191adf5ed171b0cd403cd85800bd5e1beab3a4	UPSTREAM: file: fix close_range() for unshare+cloexec	
CLEAN	03607342485c996d6d4d2c7e698be0b64f4fb01f	UPSTREAM: file: simplify logic in __close_range()	
CLEAN	8226eef3923d4107dbc51574d11aead142b062be	UPSTREAM: alloc_fdtable(): change calling conventions.	
CLEAN	80d3af28d5252bb328281e3898b13e6bf6f04443	UPSTREAM: fs: fd tables have to be multiples of BITS_PER_LONG	
CLEAN	8ef8fce3e062be94d99a7c95bdc319e4084a2bf1	UPSTREAM: fs: fix fd table size alignment properly	
CLEAN	a2ff6de1b096889e9197b9f2d38d06eb9410e030	UPSTREAM: close_range(): fix the logics in descriptor table trimming	
CLEAN	398b42578fcb1248e834efc350fb0baa8a601921	BACKPORT: epoll: convert internal api to timespec64	
CLEAN	2dbc3c55d49e16596491b52844b8dc0aba5ef97a	UPSTREAM: epoll: add syscall epoll_pwait2	
CONFLICT	7bea7dea3ed70ad393a5702ba71a2e555d9983bb	BACKPORT: epoll: wire up syscall epoll_pwait2	arch/arm/tools/syscall.tbl
CLEAN	b1c819ca9d3721b6350f4c44eb472d59f082af49	BACKPORT: epoll: fix compat syscall wire up of epoll_pwait2	
CLEAN	6d49c8fde02e9d570380382e90315f57dec19240	BACKPORT: mm/memfd: add an F_SEAL_FUTURE_WRITE seal to memfd	
CLEAN	884a32cf6d237a34369c23f654885223d0219ab7	BACKPORT: mm, memfd: fix COW issue on MAP_PRIVATE and F_SEAL_FUTURE_WRITE mappings	
SKIPDEV	147df03b202bc8736bc5298ee9213d7dc9f9e072	[exynos9810] defconfig: Enable BPF TC actions
CLEAN	7e48cb7a9b659dbfcd5af39c76d41d7998752add	BACKPORT: bpf: improve verifier branch analysis	
CLEAN	d1bad87d50fbf7b059d3aefcdd4c90f1a4d66528	BACKPORT: bpf: teach verifier about BPF_JSET	
CLEAN	4c6bb73206ded103976cd6120d6d48aaf33ddbe7	BACKPORT: bpf: refactor verifier min/max code for condition jump	
CLEAN	f698fefe686283039f0f3029bd6b6394c46fbe8a	BACKPORT: bpf: allocate 0x06 to new eBPF instruction class JMP32	
CLEAN	4464d4c4f0064bbe359817a2517c7d17d6396b1d	BACKPORT: bpf: verifier support JMP32	
CLEAN	9d0f0f9daeb52e71b82ef0df6fa5e9569adbbdae	BACKPORT: bpf: disassembler support JMP32	
CLEAN	21f4143acfa9cc0956d521414db9dec326cad6de	BACKPORT: bpf: interpreter support for JMP32	
CLEAN	6acabf9e4c4c76d35e1e9759bcee07704385d8b7	BACKPORT: bpf: JIT blinds support JMP32	
CLEAN	49a0b3552e908b69c658aca736790abc08d35cb2	BACKPORT: bpf: improve verifier liveness marks	
CLEAN	6d5523035c4da59709c4924e18632b32dcafed70	BACKPORT: bpf: teach verifier to recognize zero initialized stack	
CLEAN	8b756c3b967ad0623cb0d24100fee195983fdaed	BACKPORT: bpf/verifier: per-register parent pointers	
CLEAN	f49ac91aa189a6780676ab6fbf3afc5a9e986566	BACKPORT: bpf/verifier: fix verifier instability	
CLEAN	8d63cabd2ffe5b17e052a3846dc96ed7338f9b08	BACKPORT: bpf: remove incorrect 'verifier bug' warning	
CLEAN	de20b9c1d6444b0564b18c1ca2d5ca4d6932301c	BACKPORT: bpf: add verifier stats and log_level bit 2	
CLEAN	1d1e2cdffd25bdbd770ad253a14d559f473f6435	BACKPORT: bpf: improve verification speed by droping states	
CLEAN	95f5d6e49710d39492691028d106c22660dab376	BACKPORT: bpf: improve verification speed by not remarking live_read	
CLEAN	0cae1ff4163a04723e055fcc55ebdd50a5581977	BACKPORT: bpf: verbose jump offset overflow check	
CLEAN	10ab1037890a43a04aae93e4a49655620183cb34	BACKPORT: bpf: increase complexity limit and maximum program size	
CLEAN	ad36c91b24a6d608bf76a9e50724683561463ea9	BACKPORT: bpf: increase verifier log limit	
CLEAN	d4012fd8663a4cadd13e1e832ec4afc6b1fbcd2d	BACKPORT: bpf: remove duplicate liveness propagation loop	
CLEAN	72c4357639785ead119d258bcc41455d0f9650de	BACKPORT: bpf: refactor propagate_liveness to eliminate code redundance	
CLEAN	85740213da426db09f746ef63502d7d7cb83270a	BACKPORT: bpf: factor register and stack liveness propagation	
CLEAN	54e7061ba89bbcc58a69efc832dcd88f0e2153f1	BACKPORT: bpf: refactor "check_reg_arg" to eliminate code redundancy	
CLEAN	5fd8029a05b4271919f8d3718708e44aca6b4104	BACKPORT: bpf: verifier: Allocate idmap scratch in verifier env	
CLEAN	e826f496f9aea91b3768d6aeb309684a70729522	BACKPORT: bpf: remove global variables	
CLEAN	efb6f90789927d39d0e0b30ff84598424f597314	BACKPORT: bpf: drop bpf_verifier_lock	
CLEAN	5ca84f1e51147600ae5986d5733042ac715137de	BACKPORT: bpf: fix out of bounds backwards jmps due to dead code removal	
CLEAN	cb68014680f92ccfa75449f185428ce3e9f52fe4	BACKPORT: bpf: bump jmp sequence limit	
CLEAN	86db438efba937b365580047fc2cb09a236cc69b	BACKPORT: bpf: cleanup explored_states	
CLEAN	2184753ba75fc32e7f08fb03e3363cd6e6bc1b97	BACKPORT: bpf: split explored_states	
CLEAN	041a241ed6da412b7c5ee90c47ae88581d555a75	BACKPORT: bpf: convert explored_states to hash table	
CLEAN	2baa093add31a00ae991b7a7a8c2362445be0fa6	BACKPORT: bpf: Inherit expanded/patched seen count from old aux data	
CLEAN	b99e19e205bdccad62a6e9af163b4f3327bfac29	BACKPORT: bpf: verifier: mark verified-insn with sub-register zext flag	
CLEAN	eee13b09ab4f4433839224091e891942f8bfc987	BACKPORT: bpf: verifier: mark patched-insn with sub-register zext flag	
CLEAN	c279d8a392d3b2c509a8547e8ff94a5ec810158e	BACKPORT: bpf: introduce new mov32 variant for explicit zero extension	
CLEAN	e14c42ba3c8b124f0ba8b2dcf7a6ff4ad83a1a85	BACKPORT: bpf: verifier: insert zero extension from analysis results	
CLEAN	0f2f142a59ccce582e0efd88520a98c4a7470c6c	BACKPORT: bpf: add BPF_F_ANY_ALIGNMENT	
CLEAN	48db7160dc802f38a3529e34ce66735b0ba0d4b6	BACKPORT: bpf: add BPF_F_TEST_RND_HI32 program load flag	
CLEAN	4c46c41fd2385d497ca410f9b7a9759902289e5b	BACKPORT: tools: bpf: sync BPF_F_TEST_RND_HI32 UAPI	
CLEAN	5412427fa5c2283a475e341c437bd9893d63c6fd	BACKPORT: bpf: verifier: randomize high 32 bits for test flag	
CLEAN	de41dac2b266d6f9afe4cda0f754e130c2975552	BACKPORT: bpf: handle 32-bit zext during constant blinding	
CLEAN	0f7b3322c5b35679a687c752b425b73a7c7ffe91	BACKPORT: bpf: introduce bounded loops	
CLEAN	e3576ea08b410c274e23c297480c2e646c66fe6e	BACKPORT: bpf: track spill/fill of constants	
CLEAN	0373d802eb60ffe1336667e6043f086674a2805f	BACKPORT: bpf: precise scalar_value tracking	
CLEAN	1d9bebb59a331becd792670f57a674bedacee0f1	BACKPORT: bpf: interpreter support BPF_ALU | BPF_ARSH	
CLEAN	9febe90fa0efa54de2152ff374d25d3dd1b08d85	BACKPORT: bpf: verifier remove the rejection on BPF_ALU | BPF_ARSH	
CLEAN	e43d2fd24b6cc1f1fad964cd81e8fb620763bc06	BACKPORT: selftests: bpf: update testcases for BPF_ALU | BPF_ARSH	
CLEAN	5cf75cad7ee5d302b95880ad402f2b4087de26c5	BACKPORT: bpf: fix BPF_ALU32 | BPF_ARSH on BE arches	
CLEAN	d91919ef9a61973810e480f82a965a173ed55153	BACKPORT: bpf: introduce verifier internal test flag	
CLEAN	09f7a29fc7c6892fa6c5cbe8346c559034d43eda	BACKPORT: bpf: Provide better register bounds after jmp32 instructions	
CLEAN	72b5ddcd09b0dba39c50dfd0d48845d0b4363630	BACKPORT: bpf: Undo incorrect __reg_bound_offset32 handling	
CLEAN	8d510a4724c4e2f86b2862dcbc088772ff361333	BACKPORT: bpf: Fix tnum constraints for 32-bit comparisons	
CLEAN	7d679421bd1adc0ae3f5bbcb0cbcd7a4e3903657	BACKPORT: bpf: remove unreachable scalar verifier branches	
CLEAN	5ff34f0f22267560accaa6df06b7f8619cf3ff50	BACKPORT: bpf: extend is_branch_taken to registers	
CLEAN	6aec989a63c3ca56edb2507646cc4173bf1cff89	BACKPORT: bpf: fix precision tracking in presence of bpf2bpf calls	
CLEAN	33fc22efbcce32e87756ffd6fba6af4a59b4fafb	BACKPORT: bpf: Fix precision tracking for unbounded scalars	
CLEAN	fdee4c3201df060a86ced7f5f7626a241e87ea4f	BACKPORT: bpf: Simplify reg_set_min_max_inv handling	
CLEAN	7c1610ab45bee30aa762b410caa49ad9b3c1198b	BACKPORT: bpf: fix buggy r0 retval refinement for tracing helpers	
CLEAN	5e9fe59ca649f646eb621e20ba01f5cf421d3365	BACKPORT: bpf: verifier: refactor adjust_scalar_min_max_vals	
CLEAN	3629789abcc73000a72d34a444a8346826c3f23b	BACKPORT: bpf: verifier: avoid clamping umin in do_refine_retval_range	
CLEAN	93bb5a11dc0fc75bb08afc78a13523591939a1a7	BACKPORT: bpf: verifier: track explicit ALU32 bounds	
CLEAN	94d49939eb6da642648a5353658d4a2de595e3dc	BACKPORT: bpf: verifier: refine 32-bit bounds in do_refine_retval_range	
CLEAN	5cf9b9523720f60de1478da5c89f7f9f05dfe281	BACKPORT: bpf: limit caller stack for tail-call subprograms	
CLEAN	855e9f93a42f777abdf04c8b6c4c24cdd069fa09	BACKPORT: bpf: fix register shifts in interpreter	
CLEAN	46ac644eb04530a3fba25443813a160b662b1f99	BACKPORT: bpf: propagate precision in ALU/ALU64 operations	
CLEAN	3e90d2578b53e735e94759f223e0be387d77712c	BACKPORT: bpf: preserve register precision when pruning	
CLEAN	06647dd7213832270aaf0f006a2ad4545d4f6cf1	BACKPORT: bpf: Fix precision tracking for BPF_ALU | BPF_TO_BE | BPF_END	
CLEAN	12f03e4905b684e38e4f1c18df4c4caafba0d0b7	BACKPORT: bpf: add syscall side map freeze support	
CLEAN	5c5a4840cfab8fbc744a62818c169ec5204ffcc3	BACKPORT: bpf: use atomic64_t for map reference counts	
CLEAN	cc0d8dce75434955fd36c2c6045c75ce0c0e73a8	BACKPORT: bpf: Convert bpf_prog refcnt to atomic64_t	
CLEAN	aef50a6abc0e324ab3aedb0a10b2f601e7d7bfc2	BACKPORT: bpf: Add mmap() support for BPF_MAP_TYPE_ARRAY	
CLEAN	46e452df8879b2fbb510d7bd2db159d1bbac6a05	BACKPORT: bpf: Make array_map_mmap static	
CLEAN	a23fbea7e4f74e9b8502eb2802ac057f4aa78870	BACKPORT: mm: Implement no-MMU variant of vmalloc_user_node_flags	
CLEAN	f7664a1c3d9fdf23c1606790c7f8c2d7f2e84777	BACKPORT: bpf: prevent writable remap of read-only maps	
CLEAN	85df2c098a90058632888066527204018d57cc02	BACKPORT: bpf: Fix bug in mmap() implementation for BPF array map	
CLEAN	33b710effa6fdf60518222f68891670803cd12e4	BACKPORT: bpf: Prevent mmap()'ing read-only maps as writable	
CLEAN	eba968b02142fceac9823ca0e8b5e5982e4b91d2	BACKPORT: bpf: implement lookup-free direct value access for maps	
CLEAN	3f5ddaae28ad8e54f071020e74d30c3b0a0e1f09	BACKPORT: tools: bpf: sync BPF_PSEUDO_MAP_VALUE UAPI	
CLEAN	e856b1659ec69e1566bf55197ce765093aa71723	BACKPORT: bpf: Track contents of read-only maps as scalars	
CLEAN	433dd03cdce82935022a5f7ad1ec277999f15643	BACKPORT: bpf: Fix toctou on read-only maps constant scalar tracking	
CLEAN	c08e6d789148c0166df392de2ef676e1f4592479	BACKPORT: bpf: add queue and stack maps	
CLEAN	fee8f5411206c2edf14a9a6f888802c3bc7fb98d	BACKPORT: bpf: fix direct packet write into pop/peek helpers	
CLEAN	e10885217a5d1e0fad8c77d35e4b3ab7c9b899f3	BACKPORT: bpf: fix leaking uninitialized memory on pop/peek helpers	
CLEAN	b0045c041c7ec391d753fbd62dd5aa8d9ad73653	BACKPORT: bpf: fix integer overflow in queue_stack_map	
CLEAN	1b238c542e86bafdef444b4dd59f24522ba976da	BACKPORT: bpf: expose push, pop, and peek to more programs	
CLEAN	09c22ed17a0fe2b2a890537c672d61ed5b10b508	BACKPORT: bpf: add MAP_LOOKUP_AND_DELETE_ELEM syscall	
CLEAN	41d8bf24b22ed3d0a9b84f639d18f3e8aef8f263	BACKPORT: tools: bpf: sync queue/stack map UAPI	
CLEAN	44a8ea4409b94dede1e0f76a98982b74128b8913	BACKPORT: bpf: Fix error return code in map_lookup_and_delete_elem()	
CLEAN	310c1151a126f76ebbf9e1b22a4ddf4d20ef6bc4	BACKPORT: bpf: Fix map permissions check	
CLEAN	6706476c70961976c430a964da15e988b1950204	BACKPORT: bpf: fix bpf_map_peek_elem_proto callback	
CLEAN	8be7debed6b5a774a77098dc34865c45f3b8e53f	BACKPORT: bpf: Avoid deadlock when using queue and stack maps from NMI	
CLEAN	84c8ef4b4162cec5156e7463f35fd506c42d2b05	BACKPORT: bpf: Zero-fill re-used per-cpu map element	
CLEAN	cd9791406bd17d642221487c6f495ff84b3ced0b	BACKPORT: bpf: Fix leakage under speculation on mispredicted branches	
CLEAN	52bf80d69402650320a9ad50ea2d6f523d1dfc38	BACKPORT: bpf: Clear zext_dst of dead insns	
CLEAN	1aee3e8978e4df5e122fa9c9f3c869526a61d80d	BACKPORT: bpf: Add oversize check before call kvcalloc()	
CLEAN	d384ac816f53c6d331a026bc0c47541972c739a4	BACKPORT: bpf: prevent bpf_map_area_alloc argument overflow	
CLEAN	4bbc08ee6fc68aebc5883977d5ae4c00407f7cda	BACKPORT: bpf: Simplify __cgroup_bpf_attach	
CLEAN	f192294806faa0cb2815fadd4799a6ca1570aa97	BACKPORT: bpf: Remove unused new_flags in hierarchy_allows_attach()	
CLEAN	7579ec1785c6db6626f2600399797d5906822929	BACKPORT: bpf: Support replacing cgroup-bpf program in MULTI mode	
CLEAN	29135e845421d5888f5e1603d145b3f67bfb83e9	BACKPORT: bpf: fix context access in tracing progs on 32 bit archs	
CLEAN	3dcf599b50ee00de2c006e76cf722bde47eb49cb	BACKPORT: bpf: Allow narrow loads with offset > 0	
CLEAN	72253ff7fbbcffd94932ae1d8b3e6cda4990ffeb	BACKPORT: bpf: fix narrower loads on s390	
CLEAN	80d5c15910dfb7110655573ffb4180df2c53951c	BACKPORT: bpf: Fix possible out of bound write in narrow load handling	
CLEAN	379715268361aaf3925cbcac81c79176045d3ab2	BACKPORT: bpf: prepare line info for typed BTF diagnostics	
CLEAN	e730d8cc79d2c68d2375b5a0c2d3a869213605ba	UPSTREAM: bpf: Process in-kernel BTF	
CLEAN	ee76a7ebef3d8bcc4353e5e23e33b626af3a5b47	BACKPORT: bpf: Add attach_btf_id attribute to program load	
CLEAN	071bfa5bc2eeb77103d9aecc6744d0012502c2d3	BACKPORT: bpf: Implement accurate raw_tp context access via BTF	
CLEAN	526aa08f5316a77adfae93e3e77651ccee024621	BACKPORT: bpf: Attach raw_tp program with BTF via type name	
CLEAN	7223a1ed36fe53bd709fe433350e77ad727a507b	BACKPORT: bpf: Add support for BTF pointers to interpreter	
CLEAN	46bd33883a6eb110778dfb76f5dc2e53382aa96a	BACKPORT: bpf: Add support for BTF pointers to x86 JIT	
CLEAN	30dfc7e38f87febabbdb1cb7c110610177ebb572	BACKPORT: bpf: Check types of arguments passed into helpers	
CLEAN	1344c5b72e3e87778fa61d328b9ff8b3231defc4	BACKPORT: bpf: Fix bpf_attr.attach_btf_id check	
CLEAN	18f7ef44aec984917561ea5dc05fe1e665bf16a2	BACKPORT: bpf: Prepare btf_ctx_access for non raw_tp use case	
CLEAN	8f4b3358c610a0a1df133376eb587294cf16a0ce	UPSTREAM: bpf: Enforce 'return 0' in BTF-enabled raw_tp programs	
CLEAN	c5902746cd65545dbe3e440134c4f9ef888da257	BACKPORT: bpf: Replace prog_raw_tp+btf_id with prog_tracing	
CLEAN	5b18ca4a656b4add6ec842cbab50ce920659fe45	BACKPORT: bpf: Switch BPF probe insns to bpf_probe_read_kernel	
CLEAN	ec273b4ea73639e00aa6f7d79606483f43b5ff62	BACKPORT: bpf: Account for insn->off when doing bpf_probe_read_kernel	
CONFLICT	7ace0da94189e9874155a4dae125ff73bccfddc0	BACKPORT: bpf: Make use of probe_user_write in probe write helper	kernel/trace/bpf_trace.c
CLEAN	d5cc8354a7d0bb47b40d5e4f99d8edea59aa0759	UPSTREAM: uaccess: Add strict non-pagefault kernel-space read function	
CONFLICT	dddb8c0eafe88ed0ab357dac8e0de987eb6f8dce	BACKPORT: bpf: Add probe_read_{user,kernel}{,_str} helpers	kernel/trace/bpf_trace.c
CLEAN	152824e102448705ee2aeae973e3b54c6bc79ab4	BACKPORT: maccess: rename strncpy_from_unsafe_user	
CLEAN	a2e96b3cb873f4c354b538c8ef98487647560565	BACKPORT: bpf: Extend base helpers with probe reads and current task	
CLEAN	60d64f0d68496d5d9cd5a37ed528bcaa841bb46f	BACKPORT: net: add reuseport IDs and expose reuseport_lock	
CLEAN	57ab06cd8199870b033beb4c058455febc03cd73	BACKPORT: bpf: Introduce BPF_MAP_TYPE_REUSEPORT_SOCKARRAY	
CLEAN	fd61089033a3e396f3df0de12cba2fa175e4c035	BACKPORT: bpf: Introduce BPF_PROG_TYPE_SK_REUSEPORT	
CLEAN	4ca4f1a7269b90463485a1cf4fe43bc1e5580516	BACKPORT: bpf: Enable BPF_PROG_TYPE_SK_REUSEPORT in reuseport selection	
CLEAN	5d13b20921111ea12f7bc7657acb586bd9de79ee	UPSTREAM: net/core: Document reuseport_add_sock() bind_inany argument	
CLEAN	5c9145a5f47b0c94ec8fd5d8cf5faef6bad78be1	BACKPORT: bpf: allow narrow sk_reuseport_md field loads	
CLEAN	168780b3f8d02cefcd6f21ccbb23655db7a1f2d7	BACKPORT: bpf: Add BPF_CGROUP_INET_SOCK_RELEASE hook	
CLEAN	0bdde40532b814e61e18aa2cc770c98d14210f46	BACKPORT: bpf: support raw tracepoints in modules	
CLEAN	41f35f93628e7240a05de7fc8761159cba808e2a	UPSTREAM: bpf: mark bpf_event_notify and bpf_event_init as static	
CLEAN	14703cd4b0241b786d51862083ade7e0c0f249bf	BACKPORT: bpf: Fix bpf_put_raw_tracepoint()'s use of __module_address()	
CLEAN	f0fb55a4b0bc2e3e2bd5bce6b25e02dba0faa0f1	kernel: Bump spoof version to 5.10.239	
CLEAN	5b7109203bbced5376921177488e7b2d5b103737	BACKPORT: bpf: Implement BPF ring buffer and verifier support for it	
CLEAN	3483558b03be2678b7f52d08e4de72f5017e8137	BACKPORT: bpf: fix bpf_ringbuf_output() UAPI return type	
CLEAN	124cb6b83f3a8aa860c645f64c345dc6647d7d45	UPSTREAM: bpf: Enforce BPF ringbuf size to be the power of 2	
CLEAN	cca48d84aceb0651ca8675a3c5da0a13ae5447c1	UPSTREAM: bpf, ringbuf: Deny reserve of buffers larger than ringbuf	
CLEAN	83eca943be88f5ed72e0d83c2dd2010641cf5215	UPSTREAM: bpf: protect read-only ringbuf pages from writable mmap	
CLEAN	16bc5c321e39047a839f63fd024ceabf4e9e9402	UPSTREAM: bpf: Fix ringbuf helper function compatibility	
CLEAN	011adfb823e54379821efa909a14d7167d0f32a2	BACKPORT: bpf: Expose socket storage to BPF_PROG_TYPE_CGROUP_SOCK	
CLEAN	335a269f85b7526b694957258a25251273e916cb	BACKPORT: bpf: allow socket_filter programs to use bpf_prog_test_run	
CLEAN	82ae055e3980826f3432868014bef4238ff4b373	BACKPORT: bpf: add new BPF_BTF_GET_NEXT_ID syscall command	
CLEAN	a4fdadd30ead7476a17d11e1916147d5982ed1fd	BACKPORT: bpf: Add generic support for lookup batch op	
CLEAN	67fb05c226bb64f5b3678dc599de9b64191a98d0	BACKPORT: bpf: Add generic support for update and delete batch ops	
CLEAN	764e41da77ea77f6e0616ddb48399f83aa75ca2a	BACKPORT: bpf: Add batch ops to all htab bpf map	
CLEAN	c3e54b853a4490ff31d99c504c75f3ee07b44352	BACKPORT: bpf: Fix memory leaks in generic update/delete batch ops	
CLEAN	0e65428d84810c59512f0cabf230f854cbf18f50	BACKPORT: bpf: avoid default bucket lock in htab batch ops	
CONFLICT	f9e766e1bf7e6452b4b4df1d62fd998c16c2caf0	BACKPORT: bpf: Fix a potential deadlock with bpf_map_do_batch	kernel/bpf/hashtab.c
CLEAN	b41daf4b83e50143593740d959ee80148e46a92b	BACKPORT: perf: add perf_get_event() for struct file	
CLEAN	bba56ff7fdefc042ffee585d1b30a75df44149bf	BACKPORT: bpf: introduce bpf subcommand BPF_TASK_FD_QUERY	
CLEAN	04eaf108adec2ea84f3100657c6053904df8a53e	BACKPORT: bpf: Introduce pinnable bpf_link abstraction	
CLEAN	432033a47b3efa63969a197e2c986a2eb7ce752c	BACKPORT: bpf: Add bpf_link_new_file that doesn't install FD	
CLEAN	8d005fb6f1dd2eac0ce18fba940b610a845a67b6	BACKPORT: bpf: Abstract away entire bpf_link clean up procedure	
CLEAN	e46d0046274fc508d1d057cc64f747d2a608764a	BACKPORT: bpf: Make bpf_link_fops static	
CLEAN	ce8e52cdb0c330838a31244f57ba225c95f84a0e	BACKPORT: bpf: Factor out cgroup storages operations	
CLEAN	fad17d6c1e5dad4fa23d1adc3f808fff44bc0414	BACKPORT: bpf: map attach types to program types	
CLEAN	9a6553ca664ca4fb1dacd65033a4426f49469cdd	BACKPORT: bpf: Implement bpf_link-based cgroup BPF program attachment	
CLEAN	a7808c8acd974a38322be768ba7133ce999ef8ba	BACKPORT: bpf: support program replacement in active cgroup links	
CLEAN	302928847208f4ab88f059f73322d64b25c34741	UPSTREAM: bpf: Fix leak in LINK_UPDATE and enforce empty old_prog_fd	
CLEAN	20dcf6b76354311120fce9ef6d3b5134103b7c93	BACKPORT: bpf: Refactor bpf_link update handling	
CLEAN	78c25e560fcbc0b73a84bf92793a85aaa16d0b51	UPSTREAM: bpf: Fix returned error sign when link doesn't support updates	
CLEAN	b979947e92874c34817a2ad7ed823d5bd96ae9ef	BACKPORT: bpf, cgroup: allow querying device programs	
CLEAN	5d9f46a928f49d6ba6fbfdbe5f4d41accbda1cd6	BACKPORT: bpf: Allocate ID for bpf_link	
CLEAN	0a09558809d55979015daa76348b0f12826a848e	BACKPORT: bpf: Support GET_FD_BY_ID and GET_NEXT_ID for bpf_link	
CLEAN	0433d512a01b0bfe99419cd0a3f85bd864f072e3	BACKPORT: bpf: Add support for BPF_OBJ_GET_INFO_BY_FD for bpf_link	
CLEAN	47ad60f3bc9519bf81bec61513aac6d23205ce88	BACKPORT: bpf: Fix use-after-free of bpf_link when priming half-fails	
CLEAN	507a4bd8ef4a2e974d2bfa4bbe9d60562f62b246	BACKPORT: bpf: fix raw_tp link_info buffer bounds	
SKIPDEV	f53f22a3947952e65f9cbb4f8e0426f9a14b4be4	[exynos9810] sched: separate performance-critical and PSI flags
SKIPDEV	a8ea5f07828be692cd0c54e7e1accc477a3ccba1	[exynos9810] tick: store hotplug CPU stats in nanoseconds
SKIPDEV	875e1b2f8fa200d0786d30d17839af9d1b397e61	[exynos9810] cpufreq: release policy after PM QoS update
SKIPDEV	cfb36e89cb278d8b778633716c809022bf38b55a	[exynos9810] BACKPORT: psi: use recorded state for cgroup moves
SKIPDEV	59354fdc83d6eaf1b0e56b5fea3769ed2d42fe75	[exynos9810] mm: reduce CMA isolation failure log overhead
SKIPDEV	7cac381472f34e1898d3d56e3fb212775f61ac59	[exynos9810] mmc: make the QoS workqueue reclaim-safe
SKIPDEV	544b27cd5fed3e58b9beb9b9667fa97aa4c456a6	[exynos9810] hotplug: enable safe core sparing
SKIPDEV	e134832f262d3573627cd710f29a2e42f65d6e6d	[exynos9810] BACKPORT: zram: convert to hotplug state machine
SKIPDEV	c9656347ca24bf52b4ba48b776daea96491a0db7	[exynos9810] hotplug: apply user mode requests immediately
SKIPDEV	ae9ab1275bbe6d5b73d4337d65ecc7fee95d822c	[exynos9810] hotplug: debounce automatic mode transitions
SKIPDEV	55d49d06bf26e7ccdf05886d4afc3729f79a077e	[exynos9810] hotplug: avoid disabled transition logging work
SKIPDEV	919f2952ee99c8904d638ba6acfce59ce3641b1a	[exynos9810] cpufreq: resolve ACME targets before queueing
SKIPDEV	95a93408712fa99396dd962e4fa6d72da76c2635	[exynos9810] tracing: replace production trace_printk users
SKIPDEV	c5966ddb2d1a927d1ab1ae4598451e2dc55bb446	[exynos9810] bcmdhd: preserve saved PCI state on suspend
SKIPDEV	36edb090c71265b31e5c7c603a73ef60447b2d23	[exynos9810] cpufreq: honor DTS limits with hotplug
CLEAN	8a4670054f5ca66eef4cc67a501a4da03e708793	fs: sdfat: Enable utf8 mode for exFAT iocharset=utf8 mounts	
SKIPDEV	a2955f44d252c32ab08b0342baeb5bf4fcce8f77	[exynos9810] net: wireless: bcmdhd_101_16: Don't require userspace to set MFP params
CLEAN	fef7e55af2cbc41b2da86ba842f15b9b69fde228	BACKPORT: bpf: Enable retrieval of socket cookie for bind/post-bind hook	
CONFLICT	6de4325af472eca53f1195106a1e153784ff0a7a	Revert "[exynos9810] sound: codecs: Add workaround for missing left speaker handler"	sound/soc/codecs/max98512.c sound/soc/codecs/max98512.h
SKIPDEV	a6ef93cba72ca8d81cab13f7e5dc401f2ef6702c	[exynos9810] ABOX: wait for firmware after tickle
CLEAN	5378e1899ab0dac5af52ee99d25a4b2c90c98385	BACKPORT: kbuild: Disable -Wdefault-const-init-unsafe	
CLEAN	b5a3485f67c623aeee3546e33c777bcdd51de14f	BACKPORT: bpf: Accept sock_common for sk storage helpers	
CLEAN	356dcda6b4e3b2312a38edef181fe7e2fab2356f	BACKPORT: bpf: Allow sk lookup helpers in cgroup skb	
CLEAN	6fb138c01801ffa93cdc007666a37a748202d854	BACKPORT: bpf: Support PTR_TO_MEM{,_OR_NULL} register spilling	
CLEAN	ba35089debb3b5c41dce6623e99b6e1bef1b4fe8	BACKPORT: bpf: fix stacksafe exploration when comparing states	
CLEAN	59a4454717052abfdf126aed29d577e7a765c70d	BACKPORT: bpf: verifier: make sure callees do not prune callers	
CLEAN	6e5a4f58ce23d065d26a9d074e93e07eeb87f20d	BACKPORT: bpf: fix callees pruning callers	
CLEAN	6230f728af27ec444e80ef65c5e1680432a4b209	BACKPORT: xdp: Handle device unregister for devmap_hash map type	
CLEAN	9988a21cb5bd185559c23063fcc34185d3e43fe6	BACKPORT: xdp: Fix cleanup on map free for devmap_hash map type	
CLEAN	b2f90b584a242102ebe37b89a332b0d8ffc10d12	arm64: kprobe: protect/rename few definitions to be reused by uprobe	
CLEAN	8c10772d26eb5d974beb1f219039caf21f10b9ae	BACKPORT: arm64: kgdb_step_brk_fn: ignore other's exception	
CLEAN	f68abb5f06f0a088b18a07f0d70d19c9077d73b6	arm64: Handle TRAP_TRACE for user mode as well	
CLEAN	1851fe51bfe0eea5e6cb01c51c09e8ef145dcc37	arm64: Handle TRAP_BRKPT for user mode as well	
CLEAN	232a931fd0ca8083ca531ebc8517c9c3e9a9fd72	BACKPORT: arm64: introduce mm context flag to keep 32 bit task information	
CLEAN	6f15e9fc0351db27f1ffd1ad74351df2a11011c5	BACKPORT: bpf: Allow rewriting to ports under ip_unprivileged_port_start	
CLEAN	abe0f9cf5e403f0430bd285dc684eff3a99d50f3	BACKPORT: bpf: Factor out visit_func_call_insn() in check_cfg()	
CLEAN	1cb29d8b7e3bfde867afa5bed07301c6e53c8388	BACKPORT: bpf: Factor out verbose_invalid_scalar()	
CLEAN	3dc7cf7a4db3c0a79b41de1fd4de5d601c026d4d	BACKPORT: bpf: Refactor check_func_call() to allow callbacks	
CLEAN	07217fe0234bc0f6ca551622ce5d92500f985f50	BACKPORT: bpf: Return the subprogram number from add_subprog()	
CLEAN	bfc3fab18829f053fcb02fe20e3d810ef1ffb580	BACKPORT: bpf: Add bpf_for_each_map_elem() helper	
CLEAN	1a648b38d989439030c6680c02ad5a8319f1e530	BACKPORT: bpf: Add hashtab support for bpf_for_each_map_elem() helper	
CLEAN	448ac4f6fbdf544b653102c4aa25bd2ae93bd2f0	BACKPORT: bpf: Add arraymap support for bpf_for_each_map_elem() helper	
CLEAN	8b07586832f0fec0094728c1cf648c63e41f875b	BACKPORT: bpf: Mark PTR_TO_FUNC register initially with zero offset	
CLEAN	89fb7ae9e5f584a36803b5336571a4d138f1aeb2	BACKPORT: bpf: Generally fix helper register offset check	
CLEAN	c05a86e4c246f7ebca11933adbfa789a83ee4ae7	BACKPORT: bpf, arm64: Use emit_addr_mov_i64() for BPF_PSEUDO_FUNC	
CLEAN	ecd684d14b50ddf5a03eac45b52d073a32167dea	BACKPORT: bpf: Fix JIT blinding with pointers to BPF subprogs	
CLEAN	6d57ed3faca9b0535cf490b718cefcee3ac5a4f7	BACKPORT: bpf: Reject helper writes to PTR_TO_MAP_KEY	
CLEAN	f0594da5c71871838a4ec6503aa5230d348e6c85	BACKPORT: bpf: Fix reference state for synchronous callbacks	
CLEAN	87bc85303fa01208ea01bbf7b9119c960c144b76	BACKPORT: bpf: Fix memory leaks in __check_func_call	
CLEAN	9026f310c243fad457cc2fca9371ddcaa8450823	BACKPORT: bpf: Enable pid/tgid/comm in cgroup hooks	
CLEAN	1d51f136ac78ced5dac405adb903f350f723c42d	BACKPORT: bpf: Track socket references across pointer casts	
CLEAN	b6f35ea8174bf0a06dd5e99399a71996ac7ecb37	BACKPORT: bpf: Add bpf_get_listener_sock() helper	
CLEAN	9157f6612912905322e9510623ec25703988efb3	BACKPORT: bpf: Print ref_obj_id only for reference types	
CLEAN	e738548a4b37e7436d60bb64b65e958840f9d3d3	BACKPORT: bpf: Track references based on acquire helpers	
CLEAN	3acfd7b02ea216c7b3745e520fd4e8dfc3f97a7d	BACKPORT: bpf: Check invalid helper-memory registers early	
CLEAN	39cee167c5c4db73002feb7bafeb81ed4af5dc19	BACKPORT: bpf: Make BTF pointer type checking generic	
CLEAN	b02b4ace4052fd2d618f731941c00263e452ce92	BACKPORT: bpf: Make reference tracking generic	
CLEAN	ea3f54132e5e7ad33d692a042cf99e761d14be05	BACKPORT: bpf: Make context access checking generic	
CLEAN	aaf844fa39b43fd170d1740b0f526328f6cd9f33	BACKPORT: bpf: Set helper raw mode close to its use	
CLEAN	8a7f0aea8a4bf23fb13de7285b43e647e0f126ab	BACKPORT: bpf: Check spin-lock argument type in check_func_arg	
CLEAN	2e2d2dda09f6435e7443509f1bcd1550592f9383	BACKPORT: bpf: Hoist nullable helper argument checks	
CLEAN	41841ff1182106aca39c8b6f78e8a665c94f216b	BACKPORT: bpf: Use a table for helper argument checks	
CLEAN	ba19089fb4b964b2ddd41fa5de036e3e3f6c4eb8	BACKPORT: tools lib: Share the kernel ctype implementation	
CLEAN	aa90ced7d46639f42cd202299a5400ca8aa5c8a1	BACKPORT: tools lib: Adopt shared zalloc helpers	
CLEAN	01437a3c8a6035d8eab3c100a632777d706d94e0	BACKPORT: bpf: btf: Sync bpf.h and btf.h to tools/	
CLEAN	6f2c574f965edf7b0f66856f30bdf396c2a11b5a	BACKPORT: bpf: btf: Add read-only BTF support to libbpf	
CLEAN	cfba5515fd7d86d136bcfcf6e2acffe472b9ee8c	BACKPORT: bpf: btf: Export types and names by offset	
CLEAN	d088cc9e42848f190d289f414c6ddf51d5108433	BACKPORT: bpf: btf: Change tools/lib/bpf/btf to LGPL	
CLEAN	ea90beae3cce0c724e5361ef389f9ee239b7e984	BACKPORT: libbpf: Relicense as LGPL-2.1 OR BSD-2-Clause	
CLEAN	6d648ea24867b5b5c1a56db2d52e676d7bba2849	BACKPORT: tools/bpf: Support FUNC and FUNC_PROTO BTF kinds	
CLEAN	89b9d46a9ac8f20b198333da5d06aed725a26e42	BACKPORT: tools/libbpf: Export BTF type count	
CLEAN	b9ad0af770041bba85302e16103f50a73a1d63c5	BACKPORT: tools/libbpf: Support bigger BTF data sizes	
CLEAN	753ae1e5fe624b310af9568c0fb6a9bc93d1a326	BACKPORT: bpf, libbpf: Support BTF Var and DataSec	
CLEAN	decd8ddc5973076598f8590d2e8f672551c41e2f	BACKPORT: libbpf: Add btf__parse_elf API	
CLEAN	282640a16994ff73dc090b57daaf90f95c24e668	BACKPORT: libbpf: Add helpers for working with BTF types	
CLEAN	6de57bcab7209e45b74a8e8006dffb95c0b76224	BACKPORT: libbpf: Use the common BTF helpers	
CONFLICT	8a953036e3b56412076ff6f67fa6c3b5720d3e6e	BACKPORT: kbuild: Add vmlinux BTF generation option	Makefile
CONFLICT	9dd9b06133f67b8f2953c9faa82c5f355d630e15	BACKPORT: btf: Embed and expose vmlinux BTF data	scripts/link-vmlinux.sh
CLEAN	816b2852a28a99e84737a71d6541ad010c5970d0	BACKPORT: bpf: Support llvm-objcopy for vmlinux BTF	
CLEAN	dee22f93829fa85e7986feeb8e05df1c4cad6ebd	BACKPORT: bpf: Prevent .BTF section elimination	
CLEAN	d7b603054c462f9d634808e212de9bb28fd932c0	BACKPORT: bpf: Add resolve_btfids host tool	
CONFLICT	e42fe4677e9c6ef4c97089800a40a7df36ee1b37	BACKPORT: bpf: Build resolve_btfids before kernel link	Makefile
CLEAN	3d15eacf22d023f45433592e0b3ae376d2bc1f9b	BACKPORT: bpf: Add BTF_ID_LIST/BTF_ID/BTF_ID_UNUSED macros	
CLEAN	c6acbd9e4f69f0eed942d1dd1998ddea1711fe0b	BACKPORT: bpf: Fix disabled CONFIG_DEBUG_INFO_BTF builds	
CLEAN	0c621bc8d32934ae627b750a6a775967f352cc6f	BACKPORT: bpf: Fix cross-build BTF ID assembly	
CLEAN	0cbb0ac52ed922bcf104f877417edf4928901362	BACKPORT: bpf: Resolve BTF IDs in the vmlinux image	
CLEAN	98e76da4b0b4a0839c6e75d70fba012b1356902b	BACKPORT: bpf: Remove runtime helper BTF ID resolution	
CLEAN	3414e81677fd9ad0a947d47da9fc18fd2a270fbb	BACKPORT: bpf: Add global BTF ID lists	
CLEAN	a9beaae1b0a9fd7b6ea712775a3599bd28e96129	BACKPORT: btf: Add BTF_ID_LIST_SINGLE macro	
CLEAN	74c4b38fb14974b8d2e7558e1f83c3f774544e4a	BACKPORT: bpf: Add array support to btf_struct_access	
CLEAN	ad6644e872a80807684bb4579f994fc3577c0bbc	BACKPORT: bpf: Avoid storing modifier in info->btf_id	
CLEAN	a747430c51183c4d565738a05ab45d328df9bb8e	BACKPORT: bpf: Support bitfield reads in btf_struct_access	
CLEAN	056b34535f26995194027bb1e09b61099532d7e1	BACKPORT: bpf: Split the internal BTF size resolver	
CLEAN	70cca8a27d45a4eb3e46e9b25de1892263d90cc7	BACKPORT: bpf: Return array element IDs from BTF size resolution	
CLEAN	722c43305386c40be592ebeead630164248a5d95	BACKPORT: bpf: Return resolved type IDs from BTF size resolution	
CLEAN	66d93c63ca2be5097fa2b6d459d78a8ba199501b	BACKPORT: bpf: Support variable length array in tracing programs	
CLEAN	c6e90418cf744e14f79abf3307aa8b763981f41b	BACKPORT: bpf: Remove recursion call in btf_struct_access	
CLEAN	3f74d272dbffa55bc370a020dd7ec5008ec3a6c0	BACKPORT: bpf: Factor btf_struct_access function	
CLEAN	79dc19475585bdbf347c05c332c4a91ff33f3fbe	BACKPORT: bpf: Add btf_struct_ids_match function	
CLEAN	5dcf7d6e19218b7928e7faf76719a351ba32a563	BACKPORT: bpf: Add BTF_SET_START/END macros	
CLEAN	8c3fd08c056d86f85e11bf80aa9d4745ca0cfb9d	BACKPORT: bpf: Allow BTF IDs per function argument	
CLEAN	30854768de1bd4b51e2bf854a1ff8aa0cb7292ee	BACKPORT: bpf: Add PTR_TO_BTF_ID_OR_NULL support	
CLEAN	deeb201a7c17dbe3cfea6e53ff799b85af752cb4	BACKPORT: bpf: Add bpf_skc_to_tcp6_sock() helper	
CLEAN	5be32fe2f4da5d9e50102ffb29685627a7ab7d18	BACKPORT: bpf: Add more bpf_skc_to_*() TCP helpers	
CLEAN	3b5b733d3e4c6c8432d4d4d2d203b79a7a739bed	BACKPORT: bpf: Add bpf_skc_to_udp6_sock() helper	
CLEAN	5a33b411ffddb050af2cfd8bc86490efc5a8cab9	BACKPORT: bpf: Compute bpf_skc_to_*() BTF IDs at build time	
CLEAN	9831c0b1853b56ce1c03f69ae0d5c6cf65ff2e30	BACKPORT: bpf: Bpf_skc_to_* helpers require a NULL check on sk	
CLEAN	04793ba6113e3f400dfc03dd6445f9e5286b01ed	BACKPORT: bpf: Enforce IDs for all nullable register types	
CLEAN	67f93e079b2c405f2b3b66e02557473b14111129	BACKPORT: bpf: Run BPF programs with preemption disabled	
CLEAN	b7ce4fdd2b7c894af597906f986215d7f8edb23e	BACKPORT: bpf: Check that programs run with preemption disabled	
CLEAN	1f4edc03f71526ce91e7c8572076d3f49b080818	BACKPORT: bpf: Add skc_lookup_tcp helper	
CLEAN	357779b98d2fa87ea84699b374044491cde7822a	BACKPORT: net: bpf: Do not leak timewait and request sockets	
CLEAN	98cbae840b79abac6795fb618e7e81e6a66e2f1f	BACKPORT: bpf: Provide bpf_prog_run_pin_on_cpu() helper	
CLEAN	612c9186b3efd60e2fbec9f4a69b750171da512b	BACKPORT: bpf: Use pinned execution at simple call sites	
CLEAN	55058e8e1f8d20d2083eba403bbe98df1d459003	BACKPORT: bpf: Make btf_sock_ids global	
CLEAN	a29bbea502625cde49db4cd569c3bf6872579bc6	BACKPORT: bpf: Move PTR_TO_BTF_ID check to check_reg_type()	
CLEAN	9286a472f1997313d62e1fe658a909639f0a897c	BACKPORT: bpf: Enable bpf_skc_to_* casts for networking programs	
CLEAN	5908c7400000ee3c2e537f8e7a90d6db349a758b	BACKPORT: bpf: Let bpf_sk_release accept BTF socket pointers	
CLEAN	4b54d7a8d3e59938b1351ab5dd989d40d0c92488	BACKPORT: bpf: Use BTF sock_common pointers for sk storage	
CLEAN	10c7e49a7e1f9f7cb381fc7b037ab8b15734dc0a	BACKPORT: bpf: Introduce pseudo_btf_id	
CLEAN	e9a9585e7dfd30ec53e8920536d30c7230cd9a74	BACKPORT: bpf: Introduce bpf_per_cpu_ptr()	
CLEAN	eacd8009db84aa2db8d13aed9b2123952c8044a1	BACKPORT: bpf: Introduce bpf_this_cpu_ptr()	
CLEAN	e1de887c33577146f322d31265e8da6d92672a7d	BACKPORT: bpf: Make pseudo BTF data-section ID signed	
CLEAN	165536d849fa68652d19e4cff274d4eb52157dec	BACKPORT: bpf: fix missing prototype warnings	
CLEAN	e2b43883b387dd06e1452a264f304017b3dccd5f	BACKPORT: bpf: Annotate context types	
CLEAN	42492f9d1617d03b4ac341e225a88a810b745517	BACKPORT: bpf: fix BTF verification of enums	
CLEAN	7b906e7473f9f87f78f1d4222cf2e76d49dda712	BACKPORT: bpf: Compare BTF function argument types	
CLEAN	1b0029dd247394adbeed952f49336aac7c5c9443	BACKPORT: bpf: Introduce function-by-function verification	
CLEAN	d8dabe43d5adeec39865bb1dc965af30480c3598	BACKPORT: bpf: add __weak hook for allocating executable memory	
CLEAN	021d5d03011af9767ef9e9cbbd2ce99fff946274	BACKPORT: arm64/bpf: keep JIT programs out of module memory	
CLEAN	fc7eb8bfb358c682b6a49d4e6ccb20b04f75ddcb	BACKPORT: arm64/bpf: Remove 128MB limit for BPF JIT programs	
CLEAN	4584c969f6ff012a16536dbb1cd9d1f3b3f5f32b	BACKPORT: bpf: Add bpf_arch_text_poke() helper	
CLEAN	bfcabab0bb05c17839ad9fececf5139ec81465ca	BACKPORT: bpf: enable program stats	
CLEAN	cf2861acba942e8fff6fe5b8529249a920437b2f	BACKPORT: bpf: expose program stats via bpf_prog_info	
CLEAN	2ca794db306ddd49ae721d78797b110bf8d10a5e	BACKPORT: bpf: fix u64_stats_init() usage in bpf_prog_alloc()	
CLEAN	f836f1698c45ad49e6e024f9bd33f9e4866dc109	BACKPORT: bpf: Align struct bpf_prog_stats	
CLEAN	5ab406ffb73f36727f34ced7299ba2285d383296	BACKPORT: bpf: Introduce BPF trampoline	
CLEAN	48379a885387a5c9c249a5fd75b0e6e412094f5b	BACKPORT: bpf: Attach tracing programs to other BPF programs	
CLEAN	3790d57ca3d2995b26c85e9a7d5414d863c212b0	BACKPORT: bpf: Simplify text-poke type handling	
CLEAN	ee6a45c1e44d0dbfb83e2818c9d413ac5b6d2372	BACKPORT: bpf: Introduce dynamic program extensions	
CLEAN	0f6f57a2bc6e03f4eca5ec989603ee7a8bf37db4	BACKPORT: bpf: Make btf_check_func_type_match() static	
CLEAN	00251af85f2daeede0e85c5c9b6946bb3f6a6d0d	BACKPORT: bpf: Propagate expected_attach_type for freplace	
CLEAN	9baca42824b5b7e47f2c2da5dd773d286ddf2008	BACKPORT: bpf: Provide vmlinux BTF accessor	
CLEAN	e37c63329cd58c67dbbb19ac5603551f0b85f3a4	BACKPORT: bpf: btf: support 128 bit integer type	
CLEAN	61ebb02bb92216afd7f4c9bc77ebb095a71496ba	BACKPORT: bpf: Add generic BTF rendering	
CLEAN	52940f41332db5685978f31576e919187da82088	BACKPORT: bpf: Add bpf_snprintf_btf helper	
CLEAN	5547567e621565a6acf28b13a28bc9ca919fe36c	BACKPORT: bpf: Fix NULL error in bpf_btf_printf_prepare	
CLEAN	7838d295fc8dcb857a5446dfe07447cbdbddc8a8	BACKPORT: bpf: Implement an interface to register bpf_iter targets	
CLEAN	a5655a2c669ccc8f8f673d6d6eb9ffdfee7e5dd9	BACKPORT: bpf: Allow loading of a bpf_iter program	
CLEAN	eaab0105518d790446ce558c83149449e929812e	BACKPORT: bpf: Support bpf tracing/iter programs for BPF_LINK_CREATE	
CLEAN	186504bac65f7d49971c7a3a46c6e95fd6995394	BACKPORT: bpf: Support bpf tracing/iter programs for BPF_LINK_UPDATE	
CLEAN	26af9fefb85e7b41765211c8f39d7da8f12ce1fc	BACKPORT: bpf: Implement bpf_seq_read() for bpf iterator	
CLEAN	d5c1e33d3952a215dbd072fa40dc9d0e3e35ebfd	BACKPORT: bpf: Create anonymous bpf iterator	
CLEAN	8a84abecaac4160cd6068401a6261ee67aafcff0	BACKPORT: bpf: Create file bpf iterator	
CLEAN	b0cf0e82649f4cb874e3aa32afa007d0eabc44bb	BACKPORT: bpf: Implement common macros/helpers for target iterators	
CLEAN	c24486e8f3a1b4574a6fbf568828a54103b5090f	BACKPORT: bpf: Add bpf_map iterator	
CLEAN	b128fb74de5483773bec48f6de2ebf6a946dd8c4	BACKPORT: bpf: Change btf_iter func proto prefix to "bpf_iter_"	
CLEAN	f57a616d114064f9467e930ede40cf39e685b44b	BACKPORT: bpf: Add comments to interpret bpf_prog return values	
CLEAN	5216affcf28c9b8a235ec68c438d147c26c6ba87	BACKPORT: bpf: net: Refactor bpf_iter target registration	
CLEAN	08d0948cb6168ef4e06362cf180c35fc600fad26	BACKPORT: bpf: Change func bpf_iter_unreg_target() signature	
CLEAN	14e1e5aff5c30d6c0bac753b96ecfafb677adf69	BACKPORT: bpf: Enable bpf_iter targets registering ctx argument types	
CLEAN	81b4c98dc1490080ff859fa929548fa926177125	BACKPORT: vsprintf: Do not have bprintf dereference pointers	
CLEAN	0811cb0023d536f5d40545d78edabc340e4bf5a9	BACKPORT: vsprintf: Preserve non-dereferenced bprintf pointers	
CLEAN	77c43bcb4290acd1e44d68c710bea0fd859b2ae1	BACKPORT: vsprintf: Advance past rendered pointer terminators	
CLEAN	6550054b901872de4e43612b7e181b93ac5baea7	BACKPORT: bpf: Add bpf_seq_printf and bpf_seq_write helpers	
CLEAN	48df458395ac48b2ae09b2f15ed9e21cd7e58db9	BACKPORT: bpf: Handle spilled PTR_TO_BTF_ID on the stack	
CLEAN	1924f8612cbe7759c9dbd4946fc40630a828e58c	BACKPORT: bpf: Complete %pks and %pus printer support	
CLEAN	609cbc2dd72df8cf9e383a7481a1f2784f0f8680	BACKPORT: bpf: Use strict kernel reads in bpf_seq_printf	
CLEAN	85debfce2adf2cae1a359e63b3a732a38fcd277f	BACKPORT: bpf: Support 'X' in bpf_seq_printf	
CLEAN	d7b46b7b57e65d7a76b246a7d6f17a73c1771f62	BACKPORT: bpf: Allow %pB in BPF printf helpers	
CLEAN	3426c71bbef17cd8cd7bc85f08d7b25de4881f1d	BACKPORT: bpf: Add bpf_seq_printf_btf helper	
CLEAN	8b95e9936565e18e5fe145ca63f5a71445142faa	BACKPORT: bpf: Permit pointer stack arguments to helpers	
CLEAN	c1a74d8045c858a297d62c9e66877a71ee3d41b3	BACKPORT: bpf: Use dedicated bpf_trace_printk event	
CLEAN	0745306ab8de214ff6b1b3f73a19df136fd8f804	BACKPORT: bpf: Factorize BPF printf helpers	
CLEAN	3744aab60e53acdeb91d5bf9162e93acd76d7871	BACKPORT: bpf: Add constant string argument type	
CLEAN	391d22fa874e79447ec6891ea4ce5a249e04809b	BACKPORT: bpf: Add bpf_snprintf helper	
CLEAN	0c8b03b6d75f877d4f806c1797f933f351343f69	BACKPORT: bpf: Report impossible snprintf format lookup failure	
CLEAN	84ff507b65b325c13894b88fa241018d4efb52b1	BACKPORT: bpf: Drop redundant constant-string map checks	
CLEAN	56cfdae914ffc199c31b90740fac974ab1bd5864	BACKPORT: bpf: Lock trace-print buffer before formatting	
CLEAN	db8b29e8f6b67269be169f1e2ae61a22a870cf6c	BACKPORT: seq_file: Add seq_bprintf()	
CLEAN	a250a2bef6cdfbe84b9dde3803904febfdb8cca2	BACKPORT: bpf: Use bstr_printf for formatted output	
CLEAN	a99672f8d8734ed0c17060c7aa0f79768c5aa050	BACKPORT: bpf: Add nested bprintf buffers	
CLEAN	ead2ba99587a8b4e6b87288f1469e632ce13fffc	BACKPORT: bpf: Clarify bprintf buffer naming	
CLEAN	3876b1697288a45fc85f2bec8b967e229deb6fa9	BACKPORT: bpf: Name the bprintf nesting limit	
CLEAN	c934ca89da9a8c356039a9371bf8784b39705c1c	BACKPORT: bpf: Support %c in bprintf formatter	
CLEAN	2b9c56594efe75f71005b7f7974b24e0734e8946	BACKPORT: bpf: Share the formatted-output argument limit	
CLEAN	5d021d69ea554320fa4a5545b1b73e6cd3cbfa64	BACKPORT: bpf: Add task and task/file iterator targets	
CLEAN	a718b6cc6282dc763e81cbfaa1ae4ef6907d3bde	BACKPORT: bpf: Fix bpf_iter's task iterator logic	
CLEAN	9a57a5f407ed5f8efd9cfccb0ae2c30b70503bb5	BACKPORT: bpf: Fix pos computation for bpf_iter seq_ops->start()	
CLEAN	db11c65b3b5a0c01fcf0d8106b2dbb50bcdf20e9	BACKPORT: bpf: Add bpf_prog iterator	
CLEAN	538be27e35c80511ec3a43214c7e4e54a33d4315	BACKPORT: bpf: Use get_file_rcu() for task_file iterator	
CLEAN	18b752d61e6b88efa7ec38ecf9e39e6f8f981430	BACKPORT: bpf: Bound objects visited by iterator reads	
CLEAN	2b6568c1f9071019ea3cdae78e5ce30f9ded0ca7	BACKPORT: bpf: Skip duplicated task_file descriptor tables	
CLEAN	b0c13acbe23932adeb12c579c68d9ded1ef092ad	BACKPORT: bpf: Permit rescheduling for safe iterator targets	
CLEAN	74d81ea61f2046bdde8f2b5482b689bb996f01f9	BACKPORT: file: Implement task_lookup_next_fd_rcu()	
CLEAN	f4debef2b011f2acbc2add1291222d17f623eb78	BACKPORT: bpf: Use task_lookup_next_fd_rcu() in task iterator	
CLEAN	d344e0f5847d959bae5ed32113ed23e50788f0fe	BACKPORT: bpf: Save task_file iterator stopping point	
CLEAN	714cac839537a5cf0e4035484c5b0d301a7fe49f	BACKPORT: bpf: Use thread_group_leader()	
CLEAN	bf5854c03a2ae9a8d52f21d3a99d8da2eb764c28	BACKPORT: bpf: Support readonly/readwrite buffers in verifier	
CLEAN	e5ecfb3dc43391e4b268ca62ec864c19ad173570	BACKPORT: bpf: Implement bpf iterator for map elements	
CLEAN	0fc2e5b753243e717e2828b5f8603b3839dd097c	BACKPORT: bpf: Implement bpf iterator for hash maps	
CLEAN	4cadece0b2b4abf55f13d18762456b3831ba0db7	BACKPORT: bpf: Implement bpf iterator for array maps	
CLEAN	c2a18a10a13c722dd63929fafd423d02dbf34539	BACKPORT: bpf: Change uapi for bpf iterator map elements	
CLEAN	dd858c0f9c8043a69db5053c9624b88449596ccd	BACKPORT: bpf: Implement link_query for bpf iterators	
CLEAN	1066ed660e7e584a92df100ca64bd5b8f4977b3c	BACKPORT: bpf: Implement link_query callbacks in map element iterators	
CLEAN	f60a711edfce53f160661848403d0b942d637541	BACKPORT: bpf: Make bpf_link_info.iter similar to bpf_iter_link_info	
CLEAN	f73c6c7e84ed1f6170ecf298d8ce075c4155876a	BACKPORT: bpf: Do not use bucket_lock for hashmap iterator	
CLEAN	34bf41afa74acb7882bd62b7dc2e594ab33a9441	BACKPORT: bpf: Add d_path helper	
CLEAN	4f72caab91f1eae9aa03b783773c8facbf3febce	BACKPORT: bpf: Add security hooks to d_path allowlist	
CLEAN	0da0b7fbeec132856d3b5214b4239a1b59c18c55	BACKPORT: bpf: Introduce task_vma bpf_iter	
CLEAN	69548c3e8ad73c747c7877c80d7484c40e12c59c	BACKPORT: bpf: Allow bpf_d_path in bpf_iter program	
CLEAN	2271d7fbf83148c3a7ade71530153bc0c6bfdeb9	BACKPORT: ipv6: Advance route iterator position in next()	
CLEAN	1d95fc737b8a1e84a727e7f88db996157eb8dc8a	BACKPORT: net: Add netlink and IPv6 route BPF iterators	
CLEAN	6259cab0dd167df9048dcfb2fff3a6c03eeae19c	BACKPORT: bpf: Use precomputed BTF IDs for iterators	
CLEAN	755f689b5ef7ee08db09a343bde2584ca1d1c8b8	BACKPORT: ipv6: Preserve route iterator position in start()	
CLEAN	658acd7286c1b3d9d2d696181d9018530ab56c33	BACKPORT: bpf: Reject zero BTF IDs for iterator contexts	
CLEAN	b982dab1d5c67083350db6e90fb6d2dcba88d781	BACKPORT: bpf: arm64: Add multi-function JIT support	
CLEAN	450a6419c4ea69890c57029054f495c2450bfbdc	BACKPORT: bpf: arm64: Initialize extra-pass image size	
CLEAN	1f5bca1b5d2b44e9c2abdb1fef5a7bcd96a00115	BACKPORT: bpf: Support 64-bit BPF function-call offsets	
CLEAN	845f4b80943950246fdc8b6a565249b02cd001a1	BACKPORT: bpf: Add generic JIT function-address lookup	
CLEAN	691aae95af2795c2f2e131af5e9588e748204be1	BACKPORT: bpf: arm64: Resolve subprogram calls through aux	
CLEAN	a8501f3e0c8f225154f91fdb0c06d59bb43caaa5	BACKPORT: bpf: arm64: Provide JITed line information	
CLEAN	c1fd755ec41f7a4e1c9ad840d97e8632975ee93d	BACKPORT: arm64: bpf: JIT JMP32 instructions	
CLEAN	09229e0148387d03bd1a604609c59214ddf5fed2	BACKPORT: bpf: Count exception entries for subprograms	
CLEAN	bf425599523bc0362022beb5cb8d7556a36c9af6	BACKPORT: bpf: arm64: Add BPF exception tables	
CLEAN	ccb37b7a3f3163101b5f4af8e29e97e5593f4a9f	BACKPORT: arm64: bpf: Fix branch offset in JIT	
CLEAN	ff0c49574c9ba4650e0a0fb201bd5c5f63faa195	BACKPORT: bpf: Add NOSPEC instruction for Spectre v4	
CLEAN	56a3a98348b1b723cebf872daeba44e70af9629b	BACKPORT: bpf: Fix speculative store-bypass leakage	
CLEAN	8094d79890a244b8700fa65d379646cdc47fb9ae	BACKPORT: bpf: arm64: Size the prologue before the body	
CLEAN	1d8ecdf85c5280fbe861731daa72e3515fff6559	BACKPORT: bpf: arm64: Feed byte offsets to line info	
CLEAN	ad01b77a08dabc17956d0bcf442b389098bf6168	BACKPORT: bpf: arm64: Clear stale JITed length	
CLEAN	9f078cfeb59a81ae433619c24f4ba2f195220243	BACKPORT: bpf: Add BPF_FUNC_jiffies64	
CLEAN	66ee0a06b448147b377877039f3bbc96b0685a89	BACKPORT: bpf: Allow tracing programs to use bpf_jiffies64()	
CLEAN	2d8f8be4da2529f6b6862d233996a6e2d4a22232	BACKPORT: bpf: Adding helper function bpf_getsockops	
CLEAN	445dc2e06ac7c476e0b92e81904fe3235cb22a6f	BACKPORT: bpf: Bpf_{g,s}etsockopt for struct bpf_sock_addr	
CLEAN	f4c66308437f93fb14c8ec3dedb1e75494116680	BACKPORT: bpf: Retrieve SOL_SOCKET options from sock_addr	
CLEAN	ad41fcf82c4105e5f9bfeca33283243cf10afbe6	BACKPORT: bpf: Don't leak memory when sockopt optlen is zero	
CLEAN	ab28ca5844456b710f36e7101e8930ae74fc6037	BACKPORT: net: bpf: Support AF_UNSPEC in tcp_iter_state	
CLEAN	cda3bd7bd39e42e0c6650365e12132638e5849a3	BACKPORT: net: bpf: Implement BPF iterator for TCP	
CLEAN	3ef2f10485cbadfb2225bf3cf67fa54cf29d1518	BACKPORT: net: bpf: Support AF_UNSPEC in udp_iter_state	
CLEAN	a2d0818709df212e3df2f7cbc4ebdee3558dc472	BACKPORT: net: bpf: Implement BPF iterator for UDP	
CLEAN	be9e490160ad7004cffd41159c6f0757ee4b59d1	BACKPORT: tcp: seq_file: Refactor net and family matching	
CLEAN	86904dabe53b9d8ea532afa3bfbed6df0f462d8a	BACKPORT: bpf: tcp: Identify BPF TCP seq_file by operations	
CLEAN	882a5ebcbb983d6a4beb50e6b6a9e917dfa9a5c5	BACKPORT: tcp: seq_file: Add listening_get_first()	
CLEAN	d46c8e3aba055e6af2e9cbaaf4e67866a3564460	BACKPORT: bpf: tcp: Batch iterator sockets and lock each sock	
CLEAN	1cf9402d636aa599df657f6e8100caf187540516	BACKPORT: tcp: Only initialize congestion control once	
CLEAN	e2eeb29d84aabc1d78c7d390fd0e90b0666e5290	BACKPORT: tcp: Always initialize BPF-selected congestion control	
CLEAN	84d37c6fa5bece4edcd2d2d794b4545bbb5bec9b	BACKPORT: tcp: Always reinitialize congestion control changes	
CLEAN	21c3c51b1f8f63ad6755268764c95f6eba6835e6	BACKPORT: tcp: Remove unused flags from BPF setsockopt	
CLEAN	a3883c71928b42d5c620911176d540a66004526e	BACKPORT: tcp: Simplify congestion-control load=false case	
CLEAN	50d96588440484368e2e5be913ac2f08e895cedf	BACKPORT: tcp: Preserve congestion-control initialization	
CLEAN	001e3f3516f88500de1dd6899d51854331398e41	BACKPORT: bpf: tcp: Support sockopt helpers in iterator	
CLEAN	5006229e68aa78a61aeefc38e27224888c12a992	BACKPORT: bpf: tcp: Use sock_gen_put in TCP iterator	
CLEAN	4acfe46570a895ea6cacbe8d62fbc84668174ff9	BACKPORT: bpf: Add socket-storage map iterator	
CLEAN	8e5327e55e44000c931b33a7a961a0326353f98f	BACKPORT: bpf: Use RCU for socket-storage iterator	
CLEAN	8a6e82933e784642329c9e2cf4564fd7bcf49056	BACKPORT: bpf: Hold socket-storage map during iteration	
CLEAN	844487cbda2b28970206ca05317a07e04515bdb7	BACKPORT: bpf: Check writable socket-storage access	
CLEAN	da68fc6a722b8ea5373839671a93fe79ff013b62	BACKPORT: net: Simplify socket-psock initialization	
CLEAN	6b9c28ed2219605dc4c56df776377405cb19cfd7	BACKPORT: bpf: Merge sockmap and sockhash updates	
CLEAN	5fafa20176f26a04b000d951934533c839094fa6	BACKPORT: bpf: Call sockmap syscall update directly	
CLEAN	81a50bcb06421722b952ba071a93d2702fcf7b88	BACKPORT: bpf: Resolve native sockmap value types	
CLEAN	35d6f6ee65b1e76a5eded9abd689c3ec44de5f08	BACKPORT: bpf: Allow sockmap updates from BPF	
CLEAN	f3e8e5f0bdb9a10944be91ca5b08e2f15b365784	BACKPORT: net: Allow iterating sockmap and sockhash	
CLEAN	b7ba7b40263e8b4a8af81806b04ad554590bfbec	BACKPORT: bpf: Enable map_update_elem from bpf_iter	
CLEAN	73e6ccae2a5ec8014727780f27208139ad9404b8	BACKPORT: bpf: Add locking annotations to sockmap iterator	
CLEAN	b16fbd37d975372eebc45fc456b9f11fd63666d1	BACKPORT: bpf: Hold sockmap during iterator file lifetime	
CLEAN	917f81afa9283a8943596d217442faf3a67022ad	BACKPORT: bpf: Add UNIX domain socket iterator	
CLEAN	8ed31b1e149b580998c546e871bf03e884d35cd3	BACKPORT: bpf: tcp: Avoid fast socket lock in iterator	
CLEAN	8fec1bd5f0ed53b5c3841314d65014dee06cfeb6	BACKPORT: bpf: Clear subreg_def for global returns	
CLEAN	a5c6528bbbc8f0b2b7f0aece921e9865e75b6e44	BACKPORT: bpf: Initialize iterator target metadata	
CLEAN	f366c13f7e2442bd5d10562b7a60c6d09de5e67e	BACKPORT: bpf: Remove map-key ALU sanitation	
CLEAN	6fbf57fc4d199af8586762817d6529b4adf20e62	BACKPORT: bpf, offload: Prepare after pseudo resolution	
CLEAN	f4cfe2103a9d34d22f6395c6d23c13f11dc0a051	BACKPORT: bpf: Preallocate verifier patch metadata	
CLEAN	35abebed9352de7e7a1746777ddcf6a7b761f5b7	BACKPORT: bpf: Stop caching pseudo-function subprog index	
CLEAN	11e4fbdf956a91092866a5057b89796c9f5f0c1e	BACKPORT: bpf: Make per-CPU pointers read-only	
CLEAN	b3cbc36acf0f637015a3750b2b6ce6d46ec9fef6	BACKPORT: bpf: Reject invalid nullable pointer arithmetic	
CLEAN	4aff33c3582fb238c3696ef096c70203dc0a7ad8	BACKPORT: bpf: Fix global functions from EXT programs	
CLEAN	629f173d2465829a0d8f2863ae512a6b64075e4e	BACKPORT: bpf: Fix request_sock leak in lookup helpers	
CLEAN	b40fd88f8ad53c2bd0844c74aae7e42ca2fe5894	BACKPORT: bpf: Hold array map during iterator lifetime	
CLEAN	cfa693b802129694ed3f1ac852f9a8ec120a7adf	BACKPORT: bpf: Hold hash map during iterator lifetime	
CLEAN	1b7a75cbf21703a8a020caf87a24a524a6f091ac	BACKPORT: bpf: Fix speculative stack-store pointer leak	
CLEAN	98ceb9e512db12c814cb70a69c25e6254271da32	BACKPORT: bpf: Resolve global-subprog context arguments	
CLEAN	63ed6c093276802f0b763dff9a938af954295918	BACKPORT: bpf: Raise the default JIT memory limit	
CLEAN	a658c2dc20d5ecb4200154a439f0c17d7b94182e	BACKPORT: bpf: Validate d_path helper pointers	
CLEAN	a4d44be5399c59a63deb03df5f87857f24fc3190	BACKPORT: bpf: Enforce callback R0 precision	
CLEAN	3dc77a82d1296c3267f1c86af5358d2b1bb519c4	BACKPORT: bpf: Annotate BTF show format functions	
CLEAN	9208e05fe08f0fa7896bada728dbf51bcc5aee24	BACKPORT: bpf: Fix nested tracepoints with per-CPU data	
CLEAN	43ce5eafe74fe680416c9112c9b79d90374e32a0	BACKPORT: bpf: Fix bpf_event_output re-entry	
CLEAN	ac9370e8c598fba07c7ed60a233792be4a576cf9	BACKPORT: bpf: Fix signed 64-to-32 bounds propagation	
CLEAN	19824d9a99d1b8b78c39072559ab982531affae7	BACKPORT: bpf: Fix signed bounds propagation after mov32	
CLEAN	c73839f8ba8ad67404ef6e11d2205ddbf093ebab	BACKPORT: bpf: Clamp socket buffer options safely	
CLEAN	938e81eede47d66cc019d4619655e72fb72f0875	BACKPORT: bpf: Bound ringbuf helper pointers	
CLEAN	982fca96720049a8626da18d9084da5de5b3b910	BACKPORT: bpf: Separate ringbuf allocation memory	
CLEAN	9a4abc416cb6da8df54357582e220f97d43771e7	BACKPORT: bpf: Use VM_MAP for ringbuf	
CLEAN	f71e581c9eb2cf71c3f2b0dbff6ef6bf842d249c	BACKPORT: bpf: Add schedule points in batch ops	
CLEAN	6b60ebd5c161c4db2ba38fea22c77e37b98716ba	BACKPORT: bpf: Fix jmp32 JEQ/JNE simulation	
CLEAN	b2c95a25f92618e1d9521638625d42243543fb97	BACKPORT: bpf: Lock find_vpid() in task FD query	
CLEAN	d001681755ec14fbcbed24060809155b3be9ab61	BACKPORT: bpf: Balance per-CPU freelist nodes	
CLEAN	bcd4d85397926f4374c1abb62728aa5cdfeda48d	BACKPORT: bpf: Preserve storage spin locks on copy	
CLEAN	0bbbc855e8c197fb392e97d1b032330989e69abc	BACKPORT: bpf: Move zero-length checks into redirect	
CLEAN	1f7345f528708bbbe82c83a31a96578400c18f14	BACKPORT: bpf: Preserve register parent and liveness	
CLEAN	bc2630fb52afd9f28fb3cb3b43f36f89afbd1e74	BACKPORT: btf: Reset mode before resolving DATASEC vars	
CLEAN	7d85c9d07ffdcb05a0f8c0b39bcdc724a68d5dbe	BACKPORT: bpf: Allow NULL getsockopt optval	
CLEAN	5f161969f7b2138c6b7d6a45a8c7a5253da795b3	BACKPORT: bpf: Ignore invalid oversized sockopt output	
CLEAN	f982e4b939f3a728cd02a8f734e1fab562ce86d2	BACKPORT: bpf/btf: Accept dotted function names	
CLEAN	9388967b0016b5d4c95d5eaab97d61081e5dac8e	BACKPORT: bpf: Respect VRF bindings in socket lookup	
CLEAN	d22b1b327c5a4ca107a7f1b156bf6404ab0264e0	BACKPORT: bpf: Clear the probe_addr for uprobe	
CLEAN	f62fb81eed4fe11eead99107787d5f07a9c27fcc	BACKPORT: bpf: cpumap: Fix update memory leak	
CLEAN	2ba1027dbf32919abb02770447fdb8f17bba3141	BACKPORT: bpf, cpumap: Wait for kthread startup	
CLEAN	b2eaa675de6344a8263bfaad0cfc3efffcbc8b54	BACKPORT: bpf: Fix overrunning ringbuf reservations	
CLEAN	ff887884efdbdc4245fda4c395c93dc183d168c2	BACKPORT: bpf: Fix signed DEVMAP delete indices	
CLEAN	d9e85949002eb315e6fdb5d2e8d165e7c448a7c9	BACKPORT: bpf: Handle LPM trie update flags	
CLEAN	927aee9c15a9f5bdcf6076943ec48fc657814a81	BACKPORT: bpf: Check negative skb minimum offsets	
CLEAN	2591171e2e116dfef69e626ff577641708d7063c	BACKPORT: bpf: Fix unsigned 64-to-32 bounds propagation	
CLEAN	803f650a3766afd973f64780c1c374003de8d6e9	BACKPORT: bpf: Disallow BPF_LOG_KERNEL log level for bpf(BPF_BTF_LOAD)	
CLEAN	6353a74daa4cd60d81d12df41e2e41123b9a997a	BACKPORT: bpf: Don't promote bogus looking registers after null check.	
CLEAN	5e093c50dd75b0fc26b7b5eeaf22f96258dc9f13	BACKPORT: bpf: Adjust BPF stack helper functions to accommodate skip > 0	
CLEAN	1385733dce8d06ac704c2bb3720306df9b7ee123	BACKPORT: bpf: Fix KASAN use-after-free Read in compute_effective_progs	
CLEAN	8e73668c673a61030665007f5211a29ca665241f	BACKPORT: bpf: Synchronize scalar bounds after ALU	
CLEAN	c644b471b7908304e72353a0b687d7644f94d59d	BACKPORT: bpf, cgroup: Fix kernel BUG in purge_effective_progs	
CLEAN	ddf1ef2f029c70a7594c82eb1fdb49b0e9a302da	BACKPORT: bpf: Fix wrong reg type conversion in release_reference()	
CLEAN	85346d56eedd4e735078f9fe3f73502d0903094a	BACKPORT: bpf: add missing header file include	
CLEAN	8ad5cb2824baf50e83f7c2c0854df55ac1013615	BACKPORT: bpf: Fix narrow-load mask width	
CLEAN	501e3d861608dfbf172ad9a3ea5c08bd11fbbfc1	BACKPORT: bpf: ensure main program has an extable	
CLEAN	d0fcebdd3446cc9caa65df482e8503936e5afd0f	BACKPORT: bpf: Disable preemption in bpf_event_output	
CLEAN	a6764d3d12117878f9b5fb68e2e3830ced952a99	BACKPORT: bpf: Reject variable offset alu on PTR_TO_FLOW_KEYS	
CLEAN	140cf0b7478993d7f2669dbd5f04b51f9f251af7	BACKPORT: bpf: Annotate BTF show callbacks	
CLEAN	335f2a7fdbc22275b01ca921df3a56ebe7cc2b9e	BACKPORT: bpf: Fix a segment issue when downgrading gso_size	
CLEAN	0a0c6b96b3c7502877c084406627451948b226f8	BACKPORT: bpf: Use xchg for sockmap deletion	
CLEAN	784da27522ce905ae4a161d29b2c703f1a667b90	BACKPORT: bpf: Synchronize before freeing sockmap	
CLEAN	4e281d368d7d7222f30191bfda9545d321701acb	BACKPORT: bpf: Lock sockets during sockmap teardown	
CLEAN	8ed55b5a11cafe2d68e3ee0f6aec186898fb351e	BACKPORT: bpf: Avoid sleeping under sockmap RCU lock	
CLEAN	adb27d9ea35ce33766321be28e938dee4c18c7b8	BACKPORT: bpf: Synchronize before freeing sockhash	
CLEAN	6789008fe8fbe6ae7abc579f8b9eb45ddc1f413b	BACKPORT: bpf: Fix sockmap ingress size accounting	
CLEAN	5741d39735d945a24ae345aca1edbf8e16e8df50	BACKPORT: bpf: Keep sockmap verdict under RCU	
CLEAN	2510226f8504fc5b6aae814dfbbae8e18a87029b	BACKPORT: bpf: Reacquire psock for stream verdicts	
CLEAN	97df18f1263b3e073f40eb7d36062cf439253ef2	BACKPORT: bpf: Support SK_PASS on sockmap RX path	
CLEAN	7bccfde929a252b9aab76745985199e5c470b053	BACKPORT: bpf: Trust RX memory check on SK_PASS	
CLEAN	0da47ac9197b7e18713a1e8d50319b32a3e0954a	BACKPORT: bpf: Fast-track sockmap SK_PASS ingress	
CLEAN	80e53b117abbc059cc2eece81d050a2b2f61090a	BACKPORT: bpf: Defer sockmap write ownership	
CLEAN	ad6dffd3619307f7f919301d0b8d5a83b4be0319	BACKPORT: bpf: Preserve queued sockmap redirects	
CLEAN	8127daf6f7e2634b65ba1d1e5056dcb1ed22df6a	BACKPORT: bpf: Preserve sockmap skb ownership	
CLEAN	2f1bb450baff2f7c88f9661ac6df6abda746ead4	BACKPORT: bpf: Account sockmap ingress skb memory	
CLEAN	1cd8b84712241a6b048589eb197375a1a027e597	BACKPORT: bpf: Preserve partial sockmap receive progress	
CLEAN	df30ddc81c4c570ccbdc6ff2a56dec428701b013	BACKPORT: bpf: Transfer sockmap receive ownership	
CLEAN	9f6abef14ba7a69cea05cf5a9c7cccb77ed9ab79	BACKPORT: bpf: Schedule sockmap ingress by truesize	
CLEAN	0b078cca3be502d54730fe1313732dfb2aa9f7f6	BACKPORT: bpf: Preserve self-redirect receive accounting	
CLEAN	18812120e39423aadce3ce7c48981e118475f5ea	BACKPORT: bpf: Linearize sockmap ingress skbs	
CLEAN	fe9462750a3451fdf2f6dc550dba0beb8a2cab73	BACKPORT: bpf: Drop locks from sockmap free paths	
CLEAN	919a44c4bb6448ad5ec7a74ca4e34404539477a0	BACKPORT: bpf: Free sockhash elements during teardown	
CLEAN	60079e69bf9dedd0f8cb1950ca96cb812d18d67a	BACKPORT: bpf: Synchronize sockhash teardown	
CLEAN	f12c0fd802c7a3043e4ed7ad32e7930b064460da	BACKPORT: bpf: Hold sockets during sockmap free	
CLEAN	c760c87aff98105201a937e8cb60e3b880500b48	BACKPORT: bpf: Keep sockmap acquisition preemptible	
CLEAN	c62864d5138dbda0624cbcbff42a413d5e99f2bd	BACKPORT: bpf: Preserve replaced sockmap links	
CLEAN	d591e4df00f49ea915bdd7ac066e5749d925c96d	BACKPORT: tcp_bpf: Fix send verdict concurrency	
CLEAN	c5714d32f62a2f1e05f17b3864f74a54f8179b6d	BACKPORT: bpf: Fix repeated sockmap uncharge	
CLEAN	d57858307c45018118bf661ef588a7314eaa8c4c	BACKPORT: bpf: Fix double-uncharge of sockmap messages	
CLEAN	c839a0149a61a1be8cf34f8ea4c2fe8eb18d78f8	BACKPORT: bpf: Fix sockmap forward allocation accounting	
CLEAN	32206abc848d5a19bdea88df859b52cb31238a1d	BACKPORT: bpf: Avoid repeated sock_put on sockmap data	
CLEAN	b177955ebca1be8f3e7944745a0bc0355dcb775a	BACKPORT: bpf: Preserve ingress redirects across apply_bytes	
CLEAN	1761e7596250277d968a05b4ce2d02f85267f343	BACKPORT: bpf: Preserve partial ingress redirects	
CLEAN	75b4eb8c0e275ff6cc9cca7e33b0262aab361133	BACKPORT: tcp_bpf: Fix sendmsg return value	
CLEAN	8571774b50aaf02de8d4bce7087de9fb936ad392	BACKPORT: tcp_bpf: Fix redirect memory uncharge	
CLEAN	80d5ab6a67176bbaed745532a1427593dbf8e942	BACKPORT: tcp_bpf: Charge receive buffers on ingress	
CLEAN	5a206070078ff06a0b58c3fbe4ecf022ced9edf1	BACKPORT: tcp_bpf: Account ingress redirect rmem	
CLEAN	744440ff4096a77b190abf86ab785db2dc48535f	BACKPORT: bpf: sockmap, restore sk_write_space when psock gets dropped	
CLEAN	4047509f256d5f77fd3efe9a875381858128ff52	BACKPORT: bpf: Read sockmap ingress before receive queue	
CLEAN	55b573486adceb31fff03f4e7f85035ad2bbe5b0	BACKPORT: skmsg: Remove unused sk_psock_stop() declaration	
CLEAN	de5533f4e7b646cd6977b9621714a18e6cee8d3d	BACKPORT: bpf: Fix sockmap ingress receive race	
CLEAN	74f96fbf484e72cbe9ca669cf7106b58c01af3bb	BACKPORT: bpf: Attach sockmap programs before proto selection	
CLEAN	02ba5f1ba3891134ea9f0900d6b3f2ab283f275f	BACKPORT: bpf: Re-evaluate proto ops after sockmap removal	
CLEAN	b8ff33282b9380d468eef43c61bfa91d41f2e7bf	BACKPORT: bpf: Fix sockmap parser return codes	
CLEAN	c1a456d54d8faf1e0e67c462286177a3f2d54ef8	BACKPORT: bpf: Fix double prog put in sockmap link	
CLEAN	855b0ca1c1bdbe9a96cfd9d5e08c388e039dfb96	BACKPORT: bpf: Handle zero-length sockmap receive	
CLEAN	021042d0ae3f9b185cfa4a099704271a23302b86	BACKPORT: bpf, sockmap: Handle fin correctly	
CLEAN	c04fa61b8591ffacdb5e624f64f059540e51ca7d	BACKPORT: bpf, sockmap: Fix map type error in sock_map_del_link	
CLEAN	c83ae627bdc33da9b8d2f4a7c6fc23a7f3e34fb8	BACKPORT: bpf, sockmap: Fix bug that strp_done cannot be called	
CLEAN	29f55f07e57169a075effaf34c3a7e12e3200c52	BACKPORT: skmsg: Skip zero length skb in sk_msg_recvmsg	
CLEAN	7908affa14d18163dfefa95cc3a3e6dafcbeeb18	BACKPORT: bpf: fix recursive lock when verdict program return SK_PASS	
CLEAN	eea6182bb4a6eb3a5ac686f48a567efd004a30f8	BACKPORT: bpf: sockmap: Move generic sockmap hooks from BPF TCP	
CLEAN	cfe2a5e749db7492437289441a49aae0824261f5	BACKPORT: skmsg: Lock ingress_skb when purging	
CLEAN	eb12818910a918fdbca5abd750bb00b6a34ac57f	BACKPORT: skmsg: Introduce a spinlock to protect ingress_msg	
CLEAN	09966e8e71ac02469252b2cefb3df47d1067882c	BACKPORT: skmsg: Avoid lock_sock() in sk_psock_backlog()	
CLEAN	a6423c7f119bcc8e590c94ec24db91e04d9ab929	BACKPORT: bpf, sockmap: Fix incorrect fwd_alloc accounting	
CLEAN	dcfcc393ef4b739c594b2fc0f30ead869b878e20	BACKPORT: sock_map: Fix a potential use-after-free in sock_map_close()	
CLEAN	30c28796d3f6441a6cb4d09cd4d8b8b2740871e8	BACKPORT: skmsg: Fix a memory leak in sk_psock_verdict_apply()	
CLEAN	1785813077427a714c580bcf9b2170fb555479e6	BACKPORT: bpf, sockmap: Zap ingress queues after stopping strparser	
CLEAN	3c332950aa7579af7b301c2932c71136489a4301	BACKPORT: bpf, sockmap: Remove cached skb during cleanup	
CLEAN	ccc662daa14ac5311e747df6c0ad236d31004629	BACKPORT: bpf, sockmap: Fix memleak on ingress msg enqueue	
CLEAN	6122717910ae78e5ed53d984c6c91f0c5df11a7d	BACKPORT: bpf, sockmap: Remove unhash handler for BPF sockmap usage	
CLEAN	07da31fe8f5ef04e24257fe8b99334814a470677	BACKPORT: bpf, sockmap: Free rejected charged ingress messages	
CLEAN	82cef1d6bc1ba5aa4e52b07107ff02a602c1d695	BACKPORT: bpf, sock_map: Move cancel_work_sync() out of sock lock	
CLEAN	a6963821abe0852aeeb15f657ff20246d80e82f8	BACKPORT: bpf, sockmap: Prevent recursive close callbacks	
CLEAN	88aa315aa89b1eb587c4862ea203311ef754afe6	BACKPORT: bpf, sockmap: Convert schedule_work into delayed_work	
CLEAN	47919211541676f131252d6f4f11a148ddec0078	BACKPORT: sock_map: avoid race between sock_map_close and sk_psock_put	
CLEAN	ea3792f23742ff526e921640a8924b2bf7e4856e	BACKPORT: bpf: Gate sockmap deletes like updates	
CLEAN	3123de4c1c8e0489fd4127344fa1416f076899a6	BACKPORT: sock_map: Add a cond_resched() in sock_hash_free()	
CLEAN	1997bd2e99bd50016de3a6db4f4b53a2fb3bbc52	BACKPORT: bpf: sockmap, add bpf_msg_apply_bytes() helper	
CLEAN	82468a948d8334279875fbb417c51466a568f02f	BACKPORT: bpf: sockmap, add msg_cork_bytes() helper	
CLEAN	13ed4a883bb54d8377cce85fec0624ca3e726558	BACKPORT: bpf: sk_msg program helper bpf_sk_msg_pull_data	
CLEAN	57ca204f9dc39a473ee034da07ac77e83a65df86	BACKPORT: bpf: fix several offset tests in bpf_msg_pull_data	
CLEAN	f7dab1f46c50b96a5003f178f514dc325ac52414	BACKPORT: bpf: fix msg data after bpf_msg_pull_data shift	
CLEAN	9b586aa80fe365c213682e516e020d0186298978	BACKPORT: bpf: fix bpf_msg_pull_data ring wrap shift	
CLEAN	4a8416f824f791c871c8c19502566e14a31b38ff	BACKPORT: bpf: fix bpf_msg_pull_data shift start offset	
CLEAN	9b13c09cec4b6a19fe7f36b9bb112d33ba41caf0	BACKPORT: bpf: Fix bpf_msg_pull_data()	
CLEAN	b6111b5aa12d1bc4b675aac1def16ab29d64f781	BACKPORT: bpf: use __GFP_COMP while allocating page	
CLEAN	6d42097617ffc348728fb672d2868a9a85f13cbf	BACKPORT: bpf: Make sk_msg_elem_used() handle a full ring	
CLEAN	2fb2e442e5a23b239d0c2f8974fbe7028d0987e8	BACKPORT: bpf: sk_msg program helper bpf_msg_push_data	
CLEAN	c4b42ee5309bdc2f058aa4521160bd165d79f10f	BACKPORT: bpf: helper to pop data from messages	
CLEAN	c00fe9eb1e1085e0c5e30d183bc82b2498798538	BACKPORT: bpf: Fix SK_MSG helper bounds accounting	
CLEAN	d4bf0ecf843181ad12d811cb5e1a4279fb77ac80	BACKPORT: bpf: Sockmap/tls, fix pop data SK_DROP return code	
CLEAN	4e8cb4033551d5af8b41578e6f793cd82c47e61e	BACKPORT: bpf, sockmap: msg_pop_data can incorrecty set an sge length	
CLEAN	c9ce06ed2dd382160fa7098b47a33682ff293c29	BACKPORT: skmsg: Lose offset info in sk_psock_skb_ingress	
CLEAN	83f72336b5231e032211be12c1641ca058d3c56c	BACKPORT: bpf: Do not try bpf_msg_push_data with len 0	
CLEAN	b837e1398f83bcb0f382ba6d8d4dc3ee24766968	BACKPORT: bpf, sockmap: Fix partial sk_msg_alloc() leak	
CLEAN	47880f33fde9b48bca44d40eb8ee45c4b0749fdd	BACKPORT: bpf: Update sk_msg curr after SG changes	
CLEAN	98296ad741c76f1e9c878972d95f1546ebed9969	BACKPORT: bpf, sockmap: Several fixes to bpf_msg_push_data	
CLEAN	d9fd0a5365e3c967d38a106cab2a31421db68d4b	BACKPORT: bpf, sockmap: Several fixes to bpf_msg_pop_data	
CLEAN	076c2c95fdbcaaa6588b334cd1cc11a6f89b0a94	BACKPORT: bpf, sockmap: Fix sk_msg_reset_curr	
CLEAN	d661cb4dd8df68676db611e4874ca19ba1f9131f	BACKPORT: bpf: Sharing bpf runtime stats with BPF_ENABLE_STATS	
CLEAN	43329fbfecc91ce7aebbb5e9fe632cb3b7366cf1	BACKPORT: bpf: Add support for forced LINK_DETACH command	
CLEAN	cbd9fd84276cca5e152b6297284620a3fef55e49	BACKPORT: bpf: Mutex protect used_maps array and count	
CLEAN	a245395bb65eb451017dad036987b850c4d3cf86	BACKPORT: bpf: Add BPF_PROG_BIND_MAP syscall	
CLEAN	a58d49b84c6847a3bbccd75770216c99a077ec29	BACKPORT: bpf: Deref map in BPF_PROG_BIND_MAP when it's already used	
CLEAN	817c0b045642901c8a8e32ae66ade13a337bf1e0	BACKPORT: bpf: link: Refuse non-O_RDWR flags in BPF_OBJ_GET	
CLEAN	f20199e05bec0fcf3cedafb175ffda9f253bced0	BACKPORT: bpf: Refactor perf_event_set_bpf_prog() input	
CLEAN	e97d43e0ca3ea2fe3eed89b7b961287facef368d	BACKPORT: bpf: Implement minimal BPF perf link	
CLEAN	7a45a976847245efa126654e7f71c3b7714a9c63	BACKPORT: bpf: Guard event->prog in bpf_overflow_handler	
CONFLICT	c3e95a25fa4a6c7a48ff507e093c273e2682b62c	BACKPORT: bpf: Add ambient BPF runtime context stored in current	include/linux/sched.h
CLEAN	f2ac1fa3d97b8cd978a4ba622a919a140f1dbd0b	BACKPORT: bpf: Refactor BPF_PROG_RUN into a function	
CLEAN	bfc2b9c98b434cb5e7c43a126e995514b54a8614	BACKPORT: bpf: Refactor BPF_PROG_RUN_ARRAY macros into functions	
CLEAN	56e9ad332b16fbbed63bd9313e6cb541f1042e8a	BACKPORT: bpf: Add bpf_cookie support to perf links	
CLEAN	1437683027c21c0c6aae0f191639d971bf552ed2	BACKPORT: bpf: Enable IP argument for get_func_ip	
CLEAN	284ea3f19aadfd81be8a547ba4193bea9349437c	BACKPORT: bpf: Add get_func_ip for tracing programs	
CLEAN	25cf2ff20cbaa6b688722ffd5cd5f8310ff70ab8	BACKPORT: bpf: Add get_func_ip for kprobe programs	
CLEAN	6c3edb8754b52ecdcdd9bf52a391671a8fdf7e8a	BACKPORT: bpf: Fix pointer cast warning	
CLEAN	e9f035f6b686e0944eaa0386bdc995ca6ce94908	BACKPORT: bpf: Add bpf_get_attach_cookie() helper	
CLEAN	7ff4e062a48d09d5ee71083f846100a6d5a94cf9	BACKPORT: bpf: support BPF_PROG_QUERY for BPF_FLOW_DISSECTOR	
CLEAN	6dd41d10b2d6673280ab17da675790ef20fc61a4	BACKPORT: bpf/flow_dissector: Enforce a global flow dissector	
CLEAN	5dd6ebe0d59273e57dc2b4c10e2db88c4ef14962	BACKPORT: flow_dissector: Drop BPF prog ref on netns cleanup	
CLEAN	9e16cb6a7b8422e76dae98abd1104e2988b738a7	BACKPORT: flow_dissector: Pull locking up from prog attach callback	
CLEAN	341aa6f99421c6b7d4bc889df58de5ccf03183d0	BACKPORT: net: Introduce netns_bpf for BPF programs attached to netns	
CLEAN	a87e84e5e8855ad1be68a907f0c3ff6696f2e426	BACKPORT: flow_dissector: Move out netns_bpf prog callbacks	
CLEAN	fa8750c1719cf4f05908f3575a660ac3f1c0d895	BACKPORT: bpf: Add link-based BPF program attachment to netns	
CLEAN	7eaf832e960822a7e15d036683bfdf4c93c0b9b7	BACKPORT: bpf, cgroup: Return ENOLINK for detached link updates	
CLEAN	4c8748af1fd62fa94c4acfdea975c7a36da1fa35	BACKPORT: flow_dissector: Pull BPF assignment up to bpf-netns	
CLEAN	7e6f191a4613fe334d14e2a98457938b1213be97	BACKPORT: bpf, netns: Keep attached programs in bpf_prog_array	
CLEAN	bde6f84ab684aad6d4d87621cb11a950566a3372	BACKPORT: bpf, netns: Keep a list of attached bpf_link objects	
CLEAN	28b4ff7894724b9a248fc5507e6f16598b650036	BACKPORT: bpf, netns: Fix use-after-free in pernet exit callback	
CLEAN	b6802760203d6861a5279a16a34c7476229f08dd	BACKPORT: bpf: Validate flow-dissector BPF_PROG_ATTACH flags	
CLEAN	e4e5252e2be95a5bd7f4ca02b029afc23cba92bf	BACKPORT: bpf: Validate flow-dissector BPF_PROG_DETACH flags	
CLEAN	b45df5be0f40754443f0180285a454410f5d4da0	BACKPORT: bpf, netns: Handle multiple link attachments	
CLEAN	b97438a9aa3a42ec540789666d947016095963c9	BACKPORT: flow_dissector: Use socket netns when skb has no device	
CLEAN	c833fcc06c98216d050b52380efb1bd3a73db68a	BACKPORT: macvtap: Probe transport header after setting skb->dev	
CLEAN	df320c82fb39004bec9549f9169103ec285c2e64	BACKPORT: bpf: Enable more helpers for cgroup program types	
CLEAN	5355b08f1f07caa83d80a2dc8556633309068241	BACKPORT: bpf: Fix bpf_base_func_proto for CGROUP_NET=n	
CLEAN	55183280245782682aae112525063ab53a8e81ad	BACKPORT: udp: correct reuseport selection with connected sockets	
CLEAN	89d789d873c025345d8149fc7a19431c0369ddb5	BACKPORT: udp: Copy has_conns in reuseport_grow().	
CLEAN	d8dd17d8554accaf5d06d698c428b42e2e1356a1	BACKPORT: udp: Improve load balancing for SO_REUSEPORT.	
CLEAN	3c770f6157cf54da5ef1f48857a3c618d362f6fc	BACKPORT: udp: Avoid uninitialized reuseport socket reads	
CLEAN	fb845220009df267d7ec8e2411bb4f11dc656823	BACKPORT: udp: Update reuse->has_conns under reuseport_lock.	
CLEAN	4a46904e386240ca8ad057c0f2d51ca71d3968af	BACKPORT: bpf: Introduce SK_LOOKUP program and attach type	
CLEAN	18e62df05f36777e63266de4e17910f089b35cfb	BACKPORT: inet: Extract helper for selecting socket from reuseport group	
CLEAN	b64c6998f9e32104e6ddd4dff6c9eeadb06ef48d	BACKPORT: inet: Run SK_LOOKUP BPF program on socket lookup	
CLEAN	72c3fddfefc25590e77ab4f69dfdd4f699247209	BACKPORT: inet6: Extract helper for selecting reuseport socket	
CLEAN	0b10000207e4d8fa8381ea559eeda331fa6a6efd	BACKPORT: inet6: Run SK_LOOKUP BPF program on socket lookup	
CLEAN	db46e273f492f9efed136303ef704fa0d87cf284	BACKPORT: udp: Extract helper for selecting socket from reuseport group	
CLEAN	93bca81c8a3fcdc0822e648d354054eb87a56831	BACKPORT: udp: Run SK_LOOKUP BPF program on socket lookup	
CLEAN	0daf19c1bde61e907b9590ff283af60126d44193	BACKPORT: udp6: Extract helper for selecting reuseport socket	
CLEAN	27239ec34279d728088e9515208657162a9b1592	BACKPORT: udp6: Run SK_LOOKUP BPF program on socket lookup	
CLEAN	a3586faa5a95a4c1ec05228d73354c54648af038	BACKPORT: bpf: Sync linux/bpf.h to tools/	
CLEAN	f80d6446212c9fc277967110263c54ba7925114c	BACKPORT: bpf, netns: Fix build without CONFIG_INET	
CLEAN	7d05ebb4c15f3e8fa9ff14c49b2dd274b402f0fe	BACKPORT: udp, bpf: Ignore connections after BPF sk lookup	
CLEAN	89a263a7fdd1297429072a832c39621966359c9d	BACKPORT: bpf: Plug hole in struct bpf_sk_lookup_kern	
CLEAN	509e11eba3b6765095a43e68cf1602b3bd955781	BACKPORT: bpf: support input __sk_buff context in BPF_PROG_TEST_RUN	
CLEAN	28a8a81267e43ecf517bc7517dd39ff2e1e36f75	BACKPORT: bpf: prohibit ctx_{in,out} in non-skb test runs	
CLEAN	e5ad3613e756146dde3338295dad205b3885cfb7	BACKPORT: bpf: Add PROG_TEST_RUN support for sk_lookup programs	
CLEAN	d84b213e1329b4bd13c340adcc17179607b3d0df	BACKPORT: bpf: Make remote_port field in bpf_sk_lookup 16-bit wide	
CLEAN	e8ac9c7f7ee40e4ce753d48c2ca8e235fbd75949	BACKPORT: net: set SOCK_RCU_FREE before inserting socket into hashtable	
CLEAN	8ca7deb722c4c89406323161f5310f929d46c92d	BACKPORT: udp: Set SOCK_RCU_FREE earlier in udp_lib_get_port().	
CLEAN	83c5ac4ae2640e5bd94557ea4d0b6851692a235f	BACKPORT: bpf: XDP_REDIRECT enable use of cpumap	
CLEAN	ea44daeac308b73cea5f8bb3d0da13ec830f1d48	BACKPORT: bpf: cpumap xdp_buff to skb conversion and allocation	
CLEAN	57003572174b0553f25f955915fa4f9aa9563ba0	BACKPORT: bpf: cpumap fix potential lost wake-up problem	
CLEAN	34e0532d7c738c65213929d41ec0676d1b70ace3	BACKPORT: bpf: cpumap: use GFP_KERNEL for entry allocation	
CLEAN	f168f6b3195651fb950782c493af59d35ba7c97a	BACKPORT: cpumap: Avoid warning with CONFIG_DEBUG_PER_CPU_MAPS	
CLEAN	c5cdd245ea11a1cceec50c8aa6d34a70304f9fae	BACKPORT: devmap: Formalize map value as a named struct	
CLEAN	52ce3670120a20fbda694f668e70e1dbe7f4ba12	BACKPORT: cpumap: Formalize map value as a named struct	
CLEAN	e2762212611dc3bd6a406bb4babed22e07726925	BACKPORT: bpf: Add support to attach bpf program to a devmap entry	
CLEAN	cf00d7c386f033511fecfdb113253c9eecd942e5	BACKPORT: bpf: finally expose xdp_rxq_info to XDP bpf-programs	
CLEAN	8cb3ae15dc98b47b9e9f5e81ef1c310c1131dd9a	BACKPORT: xdp: Add xdp_txq_info to xdp_buff	
CLEAN	84cf656f9afd97334354ec6495ea33402eb519dd	BACKPORT: bpf: Reset data_meta before running devmap entry programs	
CLEAN	99651b7e2cddf42e00cde0e55aed77e6f59e3bcb	BACKPORT: bpf: Devmap adjust uapi for attach bpf program	
CLEAN	9d9d6be162ba93c79c317b7ffc5c086ff37cf657	BACKPORT: bpf: cpumap: Attach an eBPF program to map entries	
CLEAN	d7c5eb83503e67bb80ec621091b4c3594002f2c1	BACKPORT: bpf: cpumap: Fix possible rcpu kthread hung	
CLEAN	af0116acb4fa57fdbd0f05f44a387f86a1d81017	BACKPORT: bpf: cpumap: Support XDP_REDIRECT in entry programs	
CLEAN	fc8980714fecb2f14ee84997e0a7c2ea0462d0c6	BACKPORT: bpf, test: reject map-entry XDP programs	
CLEAN	335dcafb2b849111f0442eaef48a55dd125cf089	BACKPORT: xdp: Support expected program when attaching XDP	
CONFLICT	19ce6ace41bbd1d438fec7a8b0088fd934ef7ac0	BACKPORT: xdp: support simultaneous driver and hw XDP attachment	include/linux/netdevice.h
CONFLICT	27c560179112756f47ce476f9e167730e97b15b3	BACKPORT: bpf, xdp: Maintain attached XDP programs in net_device	include/linux/netdevice.h
CLEAN	8ab7cd3d0166f22cf53ef5461d6a2c94dee6243c	BACKPORT: bpf, xdp: Extract common XDP attachment logic	
CONFLICT	2c0b7fe73b69bc02f07f254893f467c9b6913fb6	BACKPORT: bpf, xdp: Add bpf_link-based XDP attachment API	include/linux/netdevice.h
CLEAN	72a2e5915e5bed98264ffa9a1da249ea40e8ed6c	BACKPORT: bpf: Fix build without CONFIG_NET for BPF XDP link	
CLEAN	27b22191025ad543382e39b04b0575f0847ccdce	BACKPORT: bpf, xdp: Implement LINK_UPDATE for BPF XDP link	
CLEAN	f4b732b03ddd030680bf003d4636d342043039de	BACKPORT: bpf: Implement BPF XDP link introspection APIs	
CLEAN	6987e94642a8d457144b56e0524ab946616e7f1b	BACKPORT: bpf: Add support for forced LINK_DETACH command	
CLEAN	c6c94208e186c5ccae80a614de2ebae7913c593f	BACKPORT: bpf: Fix XDP attach/detach with UPDATE_IF_NOEXIST	
CLEAN	1006e4134025b334472d5677e24a1fbd4942dbe8	BACKPORT: bpf: xdp: Fix XDP mode without explicit flags	
CLEAN	2efe868f3a5adcc51cd7b3b3b2b66676f6a4b789	BACKPORT: kernel/bpf/verifier: Fix build when NET is not enabled	
CLEAN	ec2e12632a77378f39740eedb0f54ee2e5a63176	BACKPORT: xdp, net: Fix use-after-free in bpf_xdp_link_release	
CLEAN	aafe2362f2e1563e1e5d60f1d647762def2afb47	BACKPORT: bpf: Fix OOB read when printing XDP link fdinfo	
CLEAN	d74dca8ef6f1c31a943c8a5e909b1e6469717947	BACKPORT: xdp: check prog type before updating BPF link	
CLEAN	01636f81ab3ac553ca39079b28234614f7f3b66d	BACKPORT: bpf: report RCU QS in cpumap kthread	
CLEAN	bf516851c45b948479f6bb5769c60cd6f8417e5a	BACKPORT: bpf: Add get{peer, sock}name attach types for sock_addr	
CLEAN	c15f06e635535d3a653e0e57e831bdd9faa90b40	BACKPORT: scsi: iscsi: Avoid getpeername under spinlock	
CLEAN	99fd36ae466e43eb21b4c413e4360e56700f39d9	BACKPORT: inet: remove races in inet{6}_getname()	
CLEAN	395331932011088c4e3021d06542da643dd12452	BACKPORT: fs: dlm: avoid getpeername in error_report	
CONFLICT	27ac083f317b88e8bcc310c726e09ecc705dc47a	BACKPORT: bpf: Clean up sockmap related Kconfigs	net/core/Makefile
CLEAN	af8725ec77da58f2c44b2cad11c591e590d02f9d	BACKPORT: skmsg: Get rid of struct sk_psock_parser	
CLEAN	2493d8a83b6082d5c88c403adbe5df3f93410531	BACKPORT: bpf: Compute data_end dynamically with JIT code	
CONFLICT	1cf802e31c988fddb442ab4a10df64959b9c739b	BACKPORT: skmsg: Move sk_redir from TCP_SKB_CB to skb	include/linux/skbuff.h
CLEAN	368897bbd1b86fecc2fdc0907592a455f44b7ba8	BACKPORT: skmsg: Use GFP_KERNEL in sk_psock_create_ingress_msg()	
CLEAN	f2860aad3c7d650a0a4b014d64f8e54933bf223e	BACKPORT: bpf, sockmap: Allow skipping sk_skb parser program	
CLEAN	cdb2111c812feefe31521ebf921c2387b993fe02	BACKPORT: sock_map: Introduce BPF_SK_SKB_VERDICT	
CONFLICT	080e34a277b4041812e512953fdcef411a8f44dc	BACKPORT: sock: Introduce sk->sk_prot->psock_update_sk_prot()	include/net/sock.h
CLEAN	6638b97927ffb9e084fbd34851e2fd6d5039eca5	BACKPORT: skmsg: Pass psock pointer to psock_update_sk_prot()	
CLEAN	985a584392c94a9e48e598e140373f9738aa2125	BACKPORT: udp: Implement ->read_sock() for sockmap	
CLEAN	3e6e2d947e8f6d58b0436daac2cf4a444b2a3c57	BACKPORT: skmsg: Extract common receive and wait helpers	
CLEAN	f59745ec313c7c9e2ff80fe91da52d3462004657	BACKPORT: bpf: Add sockmap hooks for UDP sockets	
CLEAN	8ceda3232379398d6f5e23f7b2d097018ce9370e	BACKPORT: udp: Implement udp_bpf_recvmsg() for sockmap	
CLEAN	754b5530e4f1bf975e5f88b9520b141ce68bf97a	BACKPORT: sock_map: Update sock type checks for UDP	
CLEAN	118b68a0d8525c860cf6e518ce3b3976dc2300cc	BACKPORT: skmsg: Improve udp_bpf_recvmsg() accuracy	
CLEAN	f0bba18c349af867d858cd1d8ee678cf63c560d7	BACKPORT: udp: Fix a memory leak in udp_read_sock()	
CLEAN	948fdfd5fadec7650ac7399e63cf57e5c05d5b53	BACKPORT: skmsg: Clear skb redirect pointer before dropping it	
CLEAN	6ac4508162b2202c9be34cbd982ae79329a6b2d5	BACKPORT: skmsg: Teach sk_psock_verdict_apply() to return errors	
CLEAN	4bc565127270436c5fb5211010bce03b7f0c19b5	BACKPORT: udp: Validate checksum in udp_read_sock()	
CLEAN	94da7707ba34f2994ca918ea562be961f00d36ca	BACKPORT: bpf, sockmap: Do not ignore orig_len parameter	
CLEAN	ec5829a58dd5f7fa61b6af312a82370f68ccfd73	BACKPORT: bpf, sockmap: Return zero for zero-length recvmsg	
CLEAN	4eb603c7e502ef0e933ddc8840abf6ac5cffe338	BACKPORT: bpf, sockmap, udp: set inuse_idx for proc stats	
CLEAN	cbdfdf5252b487dfc554a0b5de76d461b2ea5968	BACKPORT: bpf: Separate sockmap and qdisc skb control blocks	
CLEAN	fc71dc5bbd0a96c0bbbe25e6265d6c1bfa212e9e	BACKPORT: bpf, sockmap: Fix aliased sk_skb data_end access	
CONFLICT	2d9316801144dcdb8f32bc5beecdb97325b38fa9	BACKPORT: net: Rename ->stream_memory_read to ->sock_is_readable	include/net/sock.h
CLEAN	f21c5b24c37d727e22159f7f09c7e761401310ac	BACKPORT: skmsg: Extract and reuse sk_msg_is_readable()	
CLEAN	497a746958ab65f3407457bee530da37e3d0f28f	BACKPORT: net: Implement ->sock_is_readable() for UDP and AF_UNIX	
CONFLICT	abea5381a52af0c643aafbf2b24a8e6694ace3b8	BACKPORT: net, sk_msg: Annotate lockless access to sk_prot on clone	net/core/sock.c
CLEAN	395c75624653f407bcee99ad3e60581eeee9c80f	BACKPORT: net, sk_msg: Clear sk_user_data pointer on clone if tagged	
CLEAN	0a2bc012f3ee75e245ed46b4f42d5c08d1950337	BACKPORT: net, sk_msg: Don't use RCU_INIT_POINTER on sk_user_data	
CLEAN	a272cbc7e91327431d7b6002ecac47ce9115130d	BACKPORT: tcp_bpf: Don't let child inherit parent protocol ops	
CLEAN	b79f220e2d7b47b884cb1ff0d192145b2ef0ed30	BACKPORT: bpf: Add BPF_SOCK_OPS_TCP_LISTEN_CB	
CLEAN	86aea324dc62ef64566af2521c59167127dfbdd7	BACKPORT: bpf: Sync bpf.h to tools/	
CLEAN	2b1361c90194f411207bcf82ffb1cc3690e6de30	BACKPORT: bpf, sockmap: Allow inserting listening TCP sockets	
CLEAN	400da6de91bf460aa49684f6406031a8142389ed	BACKPORT: bpf, sockmap: Check all TCP BPF protos on listener clone	
CLEAN	73bf46b97f2adc141959319d8115a77dcad90c08	BACKPORT: bpf, sockmap: Improved check for empty queue	
CLEAN	11633eac64ca5dfa6cb201221cdf244b1e1a3d8e	BACKPORT: bpf, sockmap: Re-evaluate proto ops on map removal	
CLEAN	801f9c23d9828dc4860689ba77d7e18b03db588d	BACKPORT: bpf, sockmap: Fix forward_alloc warning on child teardown	
CLEAN	bac58893cab5d549424599c513f83ffbe9663005	BACKPORT: bpf, sockmap: Prevent recursive map callbacks	
CLEAN	83bcb6de08003fa8437728a53e22cb2fe2d10b34	BACKPORT: bpf: net: Avoid copying reuseport sk_user_data on clone	
CLEAN	1ef19de13f87eafbeb115c4db49747a539c310c1	BACKPORT: bpf: net: Avoid incorrect bpf_sk_reuseport_detach call	
CLEAN	ba66f78fdfd3dd39fff1dcf4634aa5857a2a4b48	BACKPORT: net: fix refcount bug in sk_psock_get (2)	
CLEAN	1b306f02850d6128d331af9ee8ffe5b82577b1c1	BACKPORT: bpf, sockmap: TCP data stall on recv before accept	
CLEAN	7ffd1d95eec74dec5c1637df57cfa94a568c8aa6	BACKPORT: bpf, sockmap: Wake up polling after data copy	
CLEAN	10a2d1b5722af2dbbe6d35821a8619a66a4b8259	BACKPORT: bpf, sockmap: Correct copied_seq handling	
CLEAN	2a7f504b38b6e56bfaf91fbf950b6c658667787a	BACKPORT: strparser: Add read_sock callback	
CONFLICT	3aed6948906619230f613c9d74f04e62fcac17cb	BACKPORT: bpf: Fix wrong copied_seq calculation	net/ipv4/tcp.c
CLEAN	b4b6bb53afdaad9778a00ba362ce27739bf958c0	BACKPORT: bpf: Disable non stream socket for strparser	
CLEAN	72367a0c6f411016479e18e6d75ccd0a3397c611	BACKPORT: net: Introduce net.ipv4.tcp_migrate_req.	
CLEAN	93bd27a3ad4363d052d556769dffed7c7d2a391c	BACKPORT: tcp: Add num_closed_socks to struct sock_reuseport.	
CLEAN	0758daa6fb7c1648cf0f3e527b5d3d0f19e55051	BACKPORT: tcp: Keep TCP_CLOSE sockets in the reuseport group.	
CLEAN	cb85688b1ba5e174be75352f0fe64290fb74af2b	BACKPORT: tcp: Add reuseport_migrate_sock() to select a new listener.	
CONFLICT	8058ab5ed5e5a9b24422d4523341e7129455388f	BACKPORT: tcp: Migrate sockets in accept queues.	net/ipv4/inet_connection_sock.c
CLEAN	1fb7497c9ae642a4e00edde59323c636309c9592	BACKPORT: tcp: Migrate requests while retransmitting SYN+ACKs.	
CLEAN	9ae030100e9cf9a46c9f97d6daf5e0c88454843f	BACKPORT: tcp: Migrate requests when receiving the final ACK.	
CLEAN	f72e05bcc663758710b1631df6b8841ee27fe852	BACKPORT: bpf: Add socket cookie to SK_REUSEPORT programs	
CLEAN	717c0aac62581639e9ebcd6553d8ccd40867e852	BACKPORT: bpf: Support socket migration by eBPF.	
CLEAN	11c102c45ef5c11c4b491de627c43d7f1e3d3219	BACKPORT: tcp: Add stats for socket migration.	
CLEAN	9465e64b801fb1ef2668f553b6eeda9a201a2258	BACKPORT: tcp: Fix data-races around sysctl_tcp_migrate_req.	
CLEAN	2766af3d10295154a5e4872d02829760f5c3a570	BACKPORT: soreuseport: Fix socket selection for SO_INCOMING_CPU	
CLEAN	38b2872e54fc1c33f7530c29b96dd971038910e3	BACKPORT: tcp/dccp: Don't use timer_pending() in reqsk_queue_unlink().	
CLEAN	6718a1e20c92766772f6f8b920a224eda695bfbc	BACKPORT: tcp: Fix use-after-free of nreq in reqsk_timer_handler().	
CLEAN	d22f9bb277feb753bccba4ce47ec10a967368f4e	BACKPORT: tcp: call sk_data_ready() after listener migration	
CLEAN	5235bb2532fd906c96f6b165b865f46ff90207bd	BACKPORT: tcp: Avoid TCP syncookie rejected by SO_REUSEPORT socket	
CLEAN	32cdd1fd57daf5068d75a3d517ad7c0f51dda231	BACKPORT: bpf: Fix integer overflow involving bucket_size	
CLEAN	e3c59d462d1303658d73befca813003d3fa60c54	BACKPORT: bpf: Do mark_chain_precision for ARG_CONST_ALLOC_SIZE_OR_ZERO	
CLEAN	be5ea5cb5c61762b1d49cc6761c2b150b05316ad	BACKPORT: bpf: Pass map file to .map_update_batch directly	
CLEAN	bafbe2d577585b9d772fbf9fe12c7f0419be178e	BACKPORT: bpf: Sync pending IRQ work before freeing ring buffer	
CLEAN	52e75c7ae041fdc38480fc06f5fd2da471104e66	BACKPORT: bpf: net: Set sk_bpf_storage back to NULL for cloned sk	
CLEAN	ec1b0d4e136697e0a0206eded7ecf670c072bfae	BACKPORT: bpf: Fix out of bounds memory access in bpf_sk_storage	
CLEAN	96f7d98f660b126062c988805f5c82ebd2cecd5a	BACKPORT: bpf: Improve bucket_log calculation logic	
CLEAN	a9c5c717651690f1a1590124c5793227d97fc803	BACKPORT: bpf: Use hlist_add_head_rcu for socket storage	
CLEAN	fdc79787253ac41b2e9263add76cf0bf67a4cd0a	BACKPORT: bpf: Fix UAF in sock clone early bailouts	
CLEAN	683be423574c1b5f5c7626d28fdb1f90f2a3ed28	BACKPORT: bpf: x86: Factor out emission of ModR/M for *(reg + off)	
CLEAN	4660c7bf7c3b40a15d266ea3d9e4fc6415dcc0bf	BACKPORT: bpf: x86: Factor out emission of REX byte	
CLEAN	d0374ecdca42ec93613768d1cae50b6e8692c745	BACKPORT: bpf: x86: Factor out a lookup table for some ALU opcodes	
CLEAN	7bf5537b46514bebbefd4570da1d944811db42df	BACKPORT: bpf: Rename BPF_XADD for other atomic operations	
CLEAN	4c58ef12da8f9e76044a704f26d5f09041f53033	BACKPORT: bpf: Move BPF_STX reserved-field check into verifier	
CLEAN	d3f79b8ce9507a869d929e9ebfb95e27cd0106b7	BACKPORT: bpf: Add BPF_FETCH field / create atomic_fetch_add instruction	
CLEAN	fd3f1b9ac7842f004f5a98df21f0a8091527add9	BACKPORT: bpf: Add instructions for atomic_[cmp]xchg	
CLEAN	a7ea3db59123de4fbd40eb60a313cf2cadd39d1a	BACKPORT: bpf: Pull out a macro for interpreting atomic ALU operations	
CLEAN	aa4b80c54c06b732276fa07c6093606128c33fa8	BACKPORT: bpf: Add bitwise atomic instructions	
CLEAN	370c72ebacce8ea47dd7d08f9a2dedcd817325e0	BACKPORT: bpf: Propagate stack bounds in BPF_FETCH atomics	
CLEAN	11d92c779a8fd8bdce8f7ae4a147e1546a269c45	BACKPORT: bpf, x86: Fix BPF_FETCH atomic and/or/xor with r0 as src	
CLEAN	e28a3689f999668d54a8a6bf5c70f60b0b9cefee	BACKPORT: bpf: Account for BPF_FETCH in insn_has_def32()	
CLEAN	5b1287b85e14a418e61da9799429c9221bd1e8b7	BACKPORT: bpf: Explicitly zero-extend R0 after 32-bit cmpxchg	
CLEAN	187a1b1cd7e30ae3da80776f342fd79122440f4e	BACKPORT: bpf: Fix a spelling typo in bpf_atomic_alu_string disasm	
CLEAN	94a851e07af736d91941c26916bbb045a68e7c8f	BACKPORT: bpf, x86: Fix bpf mapping of atomic fetch implementation	
CLEAN	9dde81a76215d59411ab0773164fff013c6c9434	BACKPORT: bpf: Fix kernel address leakage in atomic fetch	
CLEAN	442b515aee84b666e02abdd909130217a0903ce8	BACKPORT: bpf: Fix kernel address leakage in atomic cmpxchg's r0 aux reg	
CLEAN	b219d9b48a111a28d9c49466bfae7860203b8797	BACKPORT: bpf: use per htab salt for bucket hash	
CONFLICT	de606935ba0ffc3146b3ede3675cab9b820a0d67	BACKPORT: bpf: allow zero-initializing hash map seed	kernel/bpf/hashtab.c
CLEAN	8661d7fade02db3d5cc9ddb6f15d3c9a11b8ba16	BACKPORT: bpf: Introduce BPF_F_PRESERVE_ELEMS for perf event array	
CLEAN	cd9ac59e88499f1ccbc27ae438e2c35ac043f527	BACKPORT: bpf: Add map_meta_equal map ops	
CLEAN	cb35726f50ad2ad638dd26e11cf0f19b72dd7b34	BACKPORT: bpf: Relax max_entries check for most of the inner map types	
CLEAN	f6495b26203b6890d3f9f120feb74f79acac2464	BACKPORT: bpf: Allow for map-in-map with dynamic inner array map entries	
CLEAN	0fa8dacc30144f616995b6f2f70ac46690d8528b	BACKPORT: bpf: save binary build ID and offset in stackmap	
CLEAN	a752abd43eb8abedb266a61464cf4b221cdff237	BACKPORT: bpf: change prototype for stack_map_get_build_id_offset	
CLEAN	6c1ce24936d8a9dc40b908bc514cd1a9b45042fe	BACKPORT: bpf: enable stackmap with build_id in nmi context	
CLEAN	dfc5901a17893f528ae5ec3c6b7602607c8ca043	BACKPORT: bpf: avoid -Wmaybe-uninitialized warning	
CLEAN	b4bfc33a42a5447e4f8fe2f4718ad71273f88599	BACKPORT: bpf: fix panic in stack_map_get_build_id() on i386 and arm32	
CLEAN	8754459ac804f644705cba030223bb1a33748492	BACKPORT: bpf: don't assume build-id length is always 20 bytes	
CLEAN	48c706362479ed1a27aa24022db38a96aecaba37	BACKPORT: bpf: zero out build_id for BPF_STACK_BUILD_ID_IP	
CLEAN	f26d661f3d8ff71590b2f3ecf0af2b7f0e9e136d	BACKPORT: bpf: fix lockdep false positive in stackmap	
CLEAN	34cd859c850202e4e78c8d1a42dab4728ea94fc0	BACKPORT: bpf/stackmap: Fix deadlock with rq_lock in bpf_get_stack()	
CLEAN	16d64f2e6b1c9dd1ad2ace8245c2cdedb902fd32	BACKPORT: bpf: Iterate all PT_NOTE sections for build ID	
CLEAN	5bcd2dc1b3159f344b044a64b5243db943d1fbb8	BACKPORT: bpf: Move stack_map_get_build_id into lib	
CLEAN	9756f1dbc5905bae97394df940f7b47e7612b01e	BACKPORT: buildid: only consider GNU notes for build ID parsing	
CLEAN	8ff6c5f6a45a71a1db177516a94e3f9e840d0d8c	BACKPORT: bpf: add bpf_get_stack helper	
CLEAN	3f84e1b76dfddc2a0246dd71a0d108d512511b11	BACKPORT: bpf: add bpf_skb_adjust_room mode BPF_ADJ_ROOM_MAC	
CLEAN	150636c7d00f6955169878de55ac259d43e64119	BACKPORT: bpf: add bpf_skb_adjust_room flag BPF_F_ADJ_ROOM_FIXED_GSO	
CLEAN	81011bdec151d95e72e54cf003cf5a7e14473f09	BACKPORT: bpf: add bpf_skb_adjust_room encap flags	
CLEAN	761f9ee3c7274f85ec9e7e715a9fec3d30156305	BACKPORT: bpf: add layer 2 encap support to bpf_skb_adjust_room	
CLEAN	7b7d756689cc2ae2534b2e49c62d5b9130d6e28c	BACKPORT: bpf: Fix up bpf_skb_adjust_room helper's skb csum setting	
CLEAN	479103af03e4efeec74a0cac8f298bd906a4f689	BACKPORT: bpf: Add csum_level helper for fixing up csum levels	
CLEAN	eb0eb07583e890cd41cfc5de1b2748e389f2e30c	BACKPORT: bpf: Add bpf_skb_adjust_room flag BPF_F_ADJ_ROOM_ENCAP_L2_ETH	
CLEAN	8f028f04771f99d9657425f4c28b1f2cf6ec8c1f	BACKPORT: bpf/flow_dissector: pass input flags to BPF program	
CLEAN	52ea965d74a5e9631555f81e9edb71f32794b3fc	BACKPORT: bpf: Add classid helper only based on skb->sk	
CLEAN	8146e6239dc7060d5f494e8df8aea0e99348c19d	BACKPORT: bpf: Add bpf_ktime_get_coarse_ns helper	
CLEAN	f79a6674141cde308379ed7aac51858380c82023	BACKPORT: bpf: Add BPF-helper for MTU checking	
CLEAN	fd6732908ade46a3aa2e3283f0970f02a907c29a	BACKPORT: bpf: BPF-helper for MTU checking add length input	
CLEAN	f740512537a243986b98b4fbae615000fc749dc7	BACKPORT: bpf: Introduce helper bpf_get_task_stack()	
CLEAN	a9b38dcfdbd2b4ce155d672ac2de4c0a55acb588	BACKPORT: bpf: Fix build without CONFIG_STACKTRACE	
CLEAN	28f03ec1b3e5f2d379f05f9ad16801de72f12a02	BACKPORT: bpf: Refcount task stack in bpf_get_task_stack	
CLEAN	0693a65338842d23b817ebb2cd43114e3a6b510d	BACKPORT: bpf: Refine retval for bpf_get_task_stack helper	
CLEAN	a53af7c31ba198775990440a668b7d851800d88e	BACKPORT: bpf: Guard against NULL pt_regs in bpf_get_task_stack()	
CLEAN	60983674c7fcbd3e341ab4b94539bf872dd91598	BACKPORT: bpf: Add crosstask check to __bpf_get_stack	
CLEAN	b3037a1375a0f9bdb0de5134d8efe8fbd5204104	BACKPORT: bpf: support cloning sk storage on accept()	
CLEAN	b1819e88a2765a411ba97f5c91c104bd07b4b724	BACKPORT: perf: Expose get/put_callchain_entry()	
CLEAN	9941e495077bca9441c4cb5db05583337e440ea0	BACKPORT: bpf: add support for BPF_SOCK_OPS_BASE_RTT	
CLEAN	a1168833d468fccd0b2da48fddafa19493caf832	BACKPORT: bpf: Add access to snd_cwnd and others in sock_ops	
CLEAN	f76fd8bc771df89400ff38fbda2c6a3225256eb8	BACKPORT: bpf: Make SOCK_OPS_GET_TCP size independent	
CLEAN	8bf47564ea262473817ef0f7e83087ce1faf65b0	BACKPORT: bpf: Make SOCK_OPS_GET_TCP struct independent	
CLEAN	9d50f14fd76fde7955e3515c437a5b08fe4cc246	BACKPORT: bpf: Support passing args to sock_ops bpf function	
CONFLICT	1d79f995b6d3a6210d8fef32386ee4c69217671a	BACKPORT: bpf: Adds field bpf_sock_ops_cb_flags to tcp_sock	include/linux/tcp.h
CLEAN	37786f4fe5abe642f0397ca944a00cbcdb8c5d08	BACKPORT: bpf: Add sock_ops RTO callback	
CLEAN	998b8ab70b6dabae595723fb36abbdbc53e99e49	BACKPORT: bpf: Add support for reading sk_state and more	
CLEAN	1ec033300db28b6e3e20cc5d6d921c997824a473	BACKPORT: bpf: Add write access to tcp_sock and sock fields	
CLEAN	ae8574bcabcf180710f3a04899f2a2b500d2f2a8	BACKPORT: bpf: Add sock_ops R/W access to tclass	
CLEAN	c1d4e691edcdcadcb0d09b8e2d1eb3fea5f2feb2	BACKPORT: bpf: Add BPF_SOCK_OPS_RETRANS_CB	
CLEAN	03289ea292ddbccee9194257f88f8e933bc0edd8	BACKPORT: bpf: Add BPF_SOCK_OPS_STATE_CB	
CLEAN	130a501fb9f24c49b15e2c2280627ef570d59092	BACKPORT: bpf: Add sock_ops R/W access to ipv4 tos	
CLEAN	5b7267a704e542252d308da16c9c640ad1229db9	BACKPORT: bpf: add perf event notificaton support for sock_ops	
CLEAN	0210559bf44884c37cf045925d731200b284c138	BACKPORT: bpf: Refactor sock_ops_convert_ctx_access	
CLEAN	d38071cac290835975dd13c8cd7b701ba4624d9f	BACKPORT: bpf: allow clearing all sock_ops callback flags	
CLEAN	562652917d2c49dfc00c19aad05d60ba57c97a53	BACKPORT: bpf: export bpf_sock for BPF_PROG_TYPE_SOCK_OPS prog type	
CLEAN	2effbf13ee69bda7a683f8938c87c8bbdfce5d4a	BACKPORT: bpf: Run BPF_CGROUP_SOCK_OPS callback on every RTT	
CLEAN	6116ccba0461fd2e67cefe97e20d70085a0a83ad	BACKPORT: bpf: split shared bpf_tcp_sock and bpf_sock_ops implementation	
CLEAN	d408a138d9cd847810790676ea93ce9ffdc0f5ca	BACKPORT: bpf: add dsack_dups/delivered{, _ce} to bpf_tcp_sock	
CLEAN	9347c3fa1f086523b379e4c482decab98df99e84	BACKPORT: bpf: add icsk_retransmits to bpf_tcp_sock	
CLEAN	53149c212910441817f223175c68488d2bebfe00	BACKPORT: bpf: avoid unused variable warning in tcp_bpf_rtt()	
CLEAN	8a5f0d71f20dbb7ae3c9a0326f050be173063618	BACKPORT: bpf: sock_ops ctx access may stomp registers in corner case	
CLEAN	d4a08b33f8fa411d042994bb53cb2b6e6d9dabce	BACKPORT: bpf: Fix sock_ops sk access register stomping	
CLEAN	1dcc1fafefb96198c7603a4b7a335bae76b2c260	BACKPORT: tcp: bpf: Add TCP_BPF_DELACK_MAX setsockopt	
CLEAN	13892e7d42e751de637cf3b621549ddd965ac8d8	BACKPORT: tcp: bpf: Add TCP_BPF_RTO_MIN for bpf_setsockopt	
CLEAN	e575b131bc4368d973532752a4503716e1622d05	BACKPORT: tcp: record received TOS value in the request socket	
CLEAN	d22b39573533bd7de9c608cf65f724ea7942d755	BACKPORT: ip: pass tos into ip_build_and_send_pkt()	
CLEAN	0724d4fb0cf43ccf5d672e973b382ff0a2af3e03	BACKPORT: tcp: reflect tos value received in SYN to the socket	
CLEAN	d982c002ee2c952e9bb2f279be8fe919e723de93	BACKPORT: tcp: Reflect full IPv4 TOS and IPv6 traffic class	
CLEAN	62b6a8f20fb7b5c921f24e091637680979093aaa	BACKPORT: tcp: Set ECT0 bit in tos/tclass for synack when BPF needs ECN	
CLEAN	1b555fc459b67723d12eaf69d566310852b66a8d	BACKPORT: tcp: Retain ECT bits for tos reflection	
CLEAN	cbb22c3df3c699d938af161af2f02bf5abe06874	BACKPORT: tcp: Use BPF timeout setting for SYN ACK RTO	
CLEAN	454b3a10a62ba6a4030703c679944313a91dd2d8	BACKPORT: tcp: adjust tail loss probe timeout	
CLEAN	38316d0db31694705e483f4f65d11c9f2118571a	BACKPORT: tcp: track total bytes delivered with ECN CE marks	
CLEAN	dc295d4297c9114c6ef96691bcecdb56dfe4d4bd	BACKPORT: tcp: add dsack blocks received stats	
CLEAN	3ceb62fb749c0e6c92a2f5e5dfb07fe429702f28	BACKPORT: bpf: perf event change needed for subsequent bpf helpers	
CLEAN	96453692c149cf759af004c88e3d8a4dd08f8960	BACKPORT: bpf: Add bpf_perf_event_read_value helper	
CLEAN	4a1ac2ab056658e2249ca6044125562461faf0c1	BACKPORT: bpf: add helper bpf_perf_prog_read_value	
CLEAN	123006072fc42b52249c3398157a4e63e65c1972	BACKPORT: bpf: add bpf_skb_cgroup_id helper	
CLEAN	fa3a26ce539f7eff8779d74d8061d1a39772dfc6	BACKPORT: bpf: Introduce bpf_skb_ancestor_cgroup_id helper	
CLEAN	87d3082216ca64b730adb2e820c6e13d17384f35	BACKPORT: bpf: Introduce bpf_sysctl_get_name helper	
CLEAN	157c46f45178ac610af4112c721d320c1156bdf8	BACKPORT: bpf: Introduce bpf_sysctl_get_current_value helper	
CLEAN	3414e095b9f44d0ca0088f4d45ff5131aa9f95d2	BACKPORT: bpf: Introduce bpf_sysctl_{get,set}_new_value helpers	
CLEAN	329bd173dd2d1ca066d875cc170b406af03b7db7	BACKPORT: bpf: Introduce bpf_strtol and bpf_strtoul helpers	
CLEAN	404804d0848034cc230edf4996d49e05978e2434	BACKPORT: bpf: Allow bpf_perf_event_read_value in all BPF programs	
CLEAN	c04ed067543892cd04ad5f5718ce99199daa59d7	BACKPORT: bpf: Add bpf_read_branch_records() helper	
CLEAN	a6469f630ae5f24c6857fe417583143778e01a18	BACKPORT: bpf: Added new helper bpf_get_ns_current_pid_tgid	
CLEAN	915e1066645545c823e0b955479f9cd5338be0cc	BACKPORT: bpf: Add netns cookie and enable it for bpf cgroup hooks	
CLEAN	ee1511bbc2b69e84faf6cb92d576b897d02204b6	BACKPORT: bpf: Enable cgroup ID helpers for cgroup hooks	
CLEAN	5e38620351d030f3d4f3844eca59ccaa22744137	BACKPORT: bpf: Introduce bpf_sk_{, ancestor_}cgroup_id helpers	
CLEAN	35f15dac6a8ef4fd872d016d106011b7cb5e702f	BACKPORT: bpf: adding bpf_xdp_adjust_tail helper	
CLEAN	61e32ff6b2dee849d905f3f7fad101af1d24d247	BACKPORT: bpf: make generic xdp compatible w/ bpf_xdp_adjust_tail	
CLEAN	cbb46d1032879b38f5747bd918e9dac8455b46b2	BACKPORT: bpf: Make test-run aware of data_end changes	
CLEAN	094431ce43f44f3e989fcfb58113dbd5e8c6413b	BACKPORT: bpf: fix xdp_generic for bpf_adjust_tail usecase	
CLEAN	11cb57f159491ff12544ca0726d18ee63572cbf3	BACKPORT: bpf: add helper for getting xfrm states	
CLEAN	897c86a548bdd1c88ee7630af270e8cd0d72aa01	BACKPORT: ipv6: Count interface receive statistics on the ingress netdev	
CLEAN	8bf37539fc661d9ae0b1d774f39bed9877a37482	BACKPORT: bpf: Add FIB forwarding lookup helper	
CLEAN	f45d812c1f2560ca126aea4510afec64781fc381	BACKPORT: bpf: Add mtu checking to FIB forwarding helper	
CLEAN	4ab4195f682b87b8c4109ce5e6e89e667a309867	BACKPORT: bpf: Drop mpls from bpf_fib_lookup	
CLEAN	fc06b38827a04ab089133865c0cb1f75757e549f	BACKPORT: bpf: Verify flags in bpf_fib_lookup	
CLEAN	2bd1d2002bf46ef48c534919fdb7a093e313c2b5	BACKPORT: bpf: Return -EAFNOSUPPORT for unsupported FIB families	
CLEAN	2b42f988466b7c096ae07433ff9903e9f9aaa71d	BACKPORT: bpf: Clear unused tunnel and XFRM state fields	
CLEAN	ccd8c3913ac7982c2717008ed5c09f46fe8c3009	BACKPORT: bpf: flowlabel in bpf_fib_lookup should be flowinfo	
CLEAN	387fd53afca710305a716bb2598e1e2d31f87d74	BACKPORT: bpf: Change bpf_fib_lookup to return lookup status	
CLEAN	2f584d26d7b2f78c020205b327e6b484cc2f3174	BACKPORT: bpf: add bpf helper bpf_skb_ecn_set_ce	
CLEAN	8a15949e67d9f8492d0067b29b92b39f4f4bcdbd	BACKPORT: bpf: Expose bpf_skb_ecn_set_ce to SCHED_ACT	
CLEAN	d51eb652017f9b85350e05bf947a56994e31adbc	BACKPORT: bpf: add helper to check for a valid SYN cookie	
CLEAN	40d370acb0704deea90e164f02aaaefe1a5a92ef	BACKPORT: bpf: Fix IPv6 FIB forwarding check	
CLEAN	ebe3b00d3481c4dc243cec9dfc9327d680915e86	BACKPORT: bpf: add bpf_tcp_gen_syncookie helper	
CLEAN	7738deaa7bfe390dbd858fb96c9f4d1496ebad9a	BACKPORT: bpf: fix error check in bpf_tcp_gen_syncookie	
CLEAN	0d922d25dc872fc00d8b7f27b55023a34b7037fa	BACKPORT: bpf: Add bpf_xdp_output() helper	
CLEAN	8c4857e671e466dce0e4a1b9e05ec539d6748f57	BACKPORT: bpf: Accept socket-common BTF pointers in syncookie helpers	
CLEAN	103accb5d8db278b51a69ae10eae4566974add7a	BACKPORT: bpf: Add redirect_neigh helper as redirect drop-in	
CLEAN	fdfdcc2fd8c26f6d209c4ae29a170484648ee755	BACKPORT: bpf: Add redirect_peer helper	
CLEAN	4f02b93cd2410cbcdf1ec373f5ad33a9c606df8c	BACKPORT: bpf: Always return target ifindex in bpf_fib_lookup	
CLEAN	d7a785a8b4a24b4bcd83e290ab9dd699a5df9efc	BACKPORT: bpf: Allow redirect_neigh to take a nexthop	
CLEAN	b36cf35d778339bacdc5331adaa51056fa487000	BACKPORT: bpf: Fix bpf_fib_lookup helper MTU check for SKB ctx	
CLEAN	bacc38dcfb87f78684b66ab95931ba187db66538	BACKPORT: bpf: Return MTU from bpf_fib_lookup	
CLEAN	7426527451640603ea005e313ab2365ad50a2a26	BACKPORT: bpf: Drop MTU check when doing TC-BPF redirect to ingress	
CLEAN	f83ad48d44394da8d11997c695519f678731f70d	BACKPORT: bpf: implement bpf_send_signal() helper	
CLEAN	318a65e70f0230db0fb9b51a437a4e22d95350c7	BACKPORT: bpf: Validate signals early in bpf_send_signal	
CLEAN	5e756db3ff88e2eea1e231f5b8b4812dcfc0e84a	BACKPORT: bpf: Add bpf_send_signal_thread() helper	
CLEAN	95bca56baec8262deb9b294b143ba5ab62c5f5a2	BACKPORT: bpf: Fix deadlock with rq_lock in bpf_send_signal()	
CLEAN	1ed483a264c998c3fb812b078f891cfe2e9fd10d	BACKPORT: bpf: Add a bpf_sock_from_file helper	
CLEAN	3eb0a91863528dac25d000ad644317254c8de953	BACKPORT: arm64: insn: add encoders for atomic operations	
CLEAN	5438fe5fcd0a7612fae6438d2d40f5c1f597eb4b	BACKPORT: bpf, arm64: Support more atomic operations	
CLEAN	2d910c9201153ffe62b9d8779e219bdb34583cbd	BACKPORT: bpf: Add cmd alias BPF_PROG_RUN	
CLEAN	20672d94c573a15601b1b7c135c0d15d3d3ebe47	BACKPORT: bpf: Implement get_current_task_btf and RET_PTR_TO_BTF_ID	
CLEAN	f7a25d754cd57081a1d2c8812acb33f84d94a8e0	BACKPORT: bpf: Add bpf_task_pt_regs() helper	
SKIPDEV	d37a435c07bf3f536196b11db98ebe981ebfa774	[exynos9810] defconfig: Enable vmlinux BTF for AOSP BPF programs
CLEAN	5dcdd2ab6d782b00cae8b0871fae9bee250a93cb	BACKPORT: kbuild: Add skip_encoding_btf_enum64 option to pahole	
CLEAN	91a0b49ca2e4c78495ae62d3dd2200e29d5e8236	BACKPORT: perf/core: Prepare perf_event.h for new types: 'perf_kprobe' and 'perf_uprobe'	
CLEAN	d316fb88b9b05f198908f78a16212397ff534427	BACKPORT: perf/headers: Sync new perf_event.h with the tools/include/uapi version	
CLEAN	b139cfff96a17186b912d6c28524b46062228268	BACKPORT: perf/core: Implement the 'perf_kprobe' PMU	
CLEAN	f748b63316b3e0ee79268f3159256f0b8c4a31e9	BACKPORT: perf/core: Implement the 'perf_uprobe' PMU	
CLEAN	be59a597dbf7d4e0a47f7252301ea7d66b51a3d5	BACKPORT: perf/core: Fix perf_kprobe_init()	
CLEAN	11f5ffad9d1ab17ed677c38cdb12a84984b7e56a	BACKPORT: perf/core: Fix perf_uprobe_init()	
CLEAN	a35a1221f4fe9ea48e4123e5bfbdbba65f007ee2	BACKPORT: perf/core: Need CAP_SYS_ADMIN to create k/uprobe with perf_event_open()	
CLEAN	332749970a46ec8aeb4fd187668e4a9971701b77	BACKPORT: tracing: Fix bad use of igrab in trace_uprobe.c	
CLEAN	b8b06e330c1a0e9abd2d876a7b5c468229a58615	BACKPORT: tracing/perf: Use strndup_user() instead of buggy open-coded version	
CLEAN	9cc1651975ad0f55f18ca03fc1a08671beb344ac	BACKPORT: tracing: Fix race in perf_trace_buf initialization	
CLEAN	743901673fefac0e87951275877e2ba73d7cf928	BACKPORT: tracing/uprobes: Check the return value of kstrdup() for tu->filename	
SKIPDEV	dcd161698068ffb0dd8864399097dcf3b30c0757	[exynos9810] defconfig: Enable UPROBE_EVENTS for UprobeStats
CLEAN	bff4be21297385a582d10dfedb5251cb173ebcca	BACKPORT: dma-buf: Rename debugfs symbols	
CLEAN	b90ee5d15b136cc6000fb7764d7b04bc91174143	BACKPORT: dma-buf: give each buffer a full-fledged inode	
CLEAN	08d190f1da6e24a5219b7308aceb18cf521a5841	BACKPORT: dma-buf: add DMA_BUF_SET_NAME ioctls	
CLEAN	819aeea0679351dddb5939e8dbb500d3b7cbe20d	BACKPORT: dma-buf: free dmabuf->name in dma_buf_release()	
CLEAN	bb08e15effa0fa18893175670d05ccfdb30ab335	BACKPORT: dma-buf: Fix SET_NAME ioctl uapi	
CLEAN	8d1d931aab8ac26a09e2d2d69c2533e87c976b65	BACKPORT: dma-buf: Move dma_buf_release() from fops to dentry_ops	
CLEAN	df9c5b8319d6e5565c5161b23589336f97cfd2ea	BACKPORT: dmabuf: use spinlock to access dmabuf->name	
CONFLICT	7e93ac0afe0fb0f1935ddb273020c85689930db3	BACKPORT: bpf: Add dmabuf iterator	include/linux/dma-buf.h
CLEAN	a818f37d3993af4b75f7b5b2978e5fea27567ced	UPSTREAM: bpf: Fix truncated dmabuf iterator reads	
CLEAN	43b999b8c3bcaa4dd681fdf5beb8c6f2c65e7a70	BACKPORT: capabilities: Introduce CAP_PERFMON to kernel and user space	
CONFLICT	667e0cd401501c156a2a4283ab4477cc3f983abc	BACKPORT: gpu/trace: add a gpu total memory usage tracepoint	drivers/gpu/Makefile
SKIPDEV	b6502a10f7f287ab6437163bbe969e2ca49bab5e	[exynos9810] gpu: mali: Enable standard GPU memory tracepoint
SKIPDEV2	7cd3d170e43b1be9e19002416626cb7120dbbd3b	BACKPORT: gpu: mali: Report per-UID GPU work periods
CLEAN	5d9af74f785b814cbf469339006f3baa75205dda	syscall: Advertise BPF ABI 5.15.178 to Android	
CLEAN	27d2551f17d16a4facce7af35d51c750e393de68	UPSTREAM: netfilter: xt_conntrack: Support bit-shifting for CONNMARK & MARK targets.	
CLEAN	e5b1b009b3cf6eb0fab5297c1c29c6492411af08	UPSTREAM: netfilter: xt_connmark: Add bit mapping for bit-shift operation.	
CLEAN	ad8865db866397b1e3b8c5a66eaad9dc077d534e	UPSTREAM: netfilter: xt_connmark: do not cast xt_connmark_tginfo1 to xt_connmark_tginfo2	
CLEAN	d8f54439965ea34a6ba9d9b814091a256a27dfc7	UPSTREAM: netfilter: xt_connmark: fix list corruption on rmmod	
CLEAN	d5232d086b0ea770a2f2e0d9a1b00affcf0f0052	BACKPORT: netfilter: xt_connmark: reject invalid shift parameters	
CLEAN	88a7f62f2d3f7c9b24e030093f8e9a64d20bef83	BACKPORT: PM / wakeup: Refactor wakeup source creation	
CLEAN	d36231c0e78631e994996294b659e1bbffe51b6d	BACKPORT: PM / wakeup: Use register() in wakelock.c	
CONFLICT	0c6f8a9a50ad602aa67e04a3aa3ddca622e59e89	BACKPORT: PM / wakeup: Show wakeup sources stats in sysfs	drivers/net/wireless/bcmdhd_101_16/dhd_linux_priv.h drivers/rtc/rtc-s2mps17.c drivers/rtc/rtc-s2mps18.c
CLEAN	a9c21d0d10de6ca1a9336b99f31246850730584e	BACKPORT: PM / wakeup: Fix sysfs registration error path	
CLEAN	8770782950321971908e4a9fe023295673fc5813	BACKPORT: PM / wakeup: Register wakeup class kobj after device is added	
CLEAN	de83e17ff3ec076e5bc525ab9271448d440bf07a	BACKPORT: PM / wakeup: Unexport wakeup_source_sysfs_{add,remove}()	
CLEAN	fa2d6d560fdb359a18312c3efb17975329d81794	BACKPORT: PM: sleep: wakeup: Skip sysfs remove if device is not there	
SKIPDEV	db4d1fafd445ec95c8795745206e754d23170c7b	[exynos9810] PM / wakeup: Export legacy wakeup sources in sysfs
CLEAN	f8661bfe0407905cf13087b05689212189fda688	BACKPORT: PM/sleep: Expose suspend stats in sysfs	
CLEAN	5ae74b07b89de60adb197f3bfb089decf14f410a	BACKPORT: PM: sleep: stats: Use array of suspend step names	
SKIPDEV	5a6cb7840aa686572e3779213d69aaa9b7857160	[exynos9810] battery_v2: Gate charging CPU cap on temperature
CLEAN	7e62d1e3296334f744570f23247b3d0c9e24e6bf	BACKPORT: crypto: testmgr - Allow different compression results	
CLEAN	49a423d770b96ed0bbe6b5968a17ad383f7f7ee0	UPSTREAM: crypto: testmgr - fix sizeof() on COMP_BUF_SIZE	
CONFLICT	083f0c886afaf3a0b9a8934659f2d4c9009390ad	BACKPORT: lib: zstd: Add kernel-specific API	fs/btrfs/zstd.c fs/f2fs/compress.c fs/squashfs/zstd_wrapper.c include/linux/zstd.h
CONFLICT	7f4178e8fe705727781709ded61c7d4713b2d997	BACKPORT: lib: zstd: Upgrade to version 1.4.10	lib/zstd/bitstream.h lib/zstd/compress.c lib/zstd/decompress.c lib/zstd/fse.h lib/zstd/fse_compress.c lib/zstd/fse_decompress.c lib/zstd/huf_compress.c lib/zstd/huf_decompress.c lib/zstd/zstd_internal.h
CLEAN	f6abd57fae2e47c27f260e513e308d9d3fc9d265	UPSTREAM: lib: zstd: Add cast to silence clang's -Wbitwise-instead-of-logical	
CLEAN	263c52e85c36f805da604e78f7eb1cffc15554cf	UPSTREAM: lib: zstd: Fix unused variable warning	
CLEAN	52ed80f28382c21d900d8a61e0a793af7cba7c75	UPSTREAM: lib: zstd: Don't inline functions in zstd_opt.c	
CLEAN	431c7d9d8a3bef8f49dfdb36a7cc641e14a02626	UPSTREAM: lib: zstd: Don't add -O3 to cflags	
CLEAN	ab1144a5aea5655b5969c83b2ef79b279e10954e	UPSTREAM: zstd: Fixing mixed module-builtin objects	
CLEAN	35a1ae2388798880b0546bca31a5339a44d814b2	UPSTREAM: zstd: Move zstd-common module exports to zstd_common_module.c	
CLEAN	c95f363d96868c3fb666066e29155d66b8ae6dc5	BACKPORT: zstd: Import upstream v1.5.2	
CONFLICT	615f38c623e2d4ad13fc451b5340eb07edb8deb8	BACKPORT: zstd: Import upstream v1.5.7	include/linux/zstd.h
CLEAN	5a30cf59330c90219ce7fbb33dd77391334df1ed	BACKPORT: bpf: remove useless version check for prog load	
CONFLICT	f4cb49f3084c4064fb36b413a5cdf6629221ce6e	BACKPORT: ANDROID: fuse: Move functions in preparation for fuse-bpf	fs/fuse/fuse_i.h
CONFLICT	435bb390114e40582d90ba4ed769d92bb69adfbd	BACKPORT: ANDROID: fuse-bpf: Add request UAPI	include/uapi/linux/Kbuild
CLEAN	e82cf882f1d3310b8951b286302c2f8ff93a6681	BACKPORT: ANDROID: bpf: Add FUSE program type verifier	
CLEAN	d1c43a040e504632bb0973b6dc9a42167f16b8c4	BACKPORT: ANDROID: fuse-bpf: Add object lifetime state	
CLEAN	5bc77b5b941f4e22e1f98b9a60985cd8444c38ae	BACKPORT: ANDROID: fuse-bpf: Own root program and path	
CONFLICT	021499e96a40b641e5aa371254428a8b202ba45b	BACKPORT: ANDROID: fuse: Carry BPF request metadata	fs/fuse/dev.c fs/fuse/fuse_i.h
CONFLICT	462a37becb459c3024983f965f7219a48a2918d1	BACKPORT: ANDROID: fuse-bpf: Add request dispatcher	fs/fuse/Makefile fs/fuse/fuse_i.h
CLEAN	55d79ed8f2a8bce65e693fa2be29ab131217d1cc	BACKPORT: ANDROID: fuse-bpf: Add backing inode identity	
CONFLICT	04db905cb97fac9445a5b629fbcf6e88a0bbc1e8	BACKPORT: ANDROID: fuse-bpf: Resolve lookup reply fds	fs/fuse/dev.c
CLEAN	0d8f5f8f6a58bca4914210f6b83f41dfa075a189	BACKPORT: ANDROID: fuse-bpf: Fix request dispatcher	
CLEAN	90d81d6b357b61f677d5cd3040b7ab3b135dce70	BACKPORT: ANDROID: fuse-bpf: Add lookup backing helpers	
CLEAN	1246d4fcee008cafd4d0f6607dda697392a4a0e4	BACKPORT: ANDROID: fuse-bpf: Route lookup and revalidation	
CLEAN	331706830f206cf9799711e1b39d649478f5f9c8	BACKPORT: ANDROID: fuse-bpf: Preserve final dispatch errors	
CONFLICT	f83e432ae342471bf9cef5fbf532506369eb8ca5	BACKPORT: ANDROID: fuse-bpf: Route open and release	fs/fuse/file.c
CONFLICT	ed409e286013312cca3b756d072040be6ab1e836	BACKPORT: ANDROID: fuse-bpf: Move release to final file put	fs/fuse/file.c
CLEAN	001e41c3276eeb138c3671d80d049756fcfe8f76	BACKPORT: ANDROID: fuse-bpf: Guard classic release state	
CLEAN	fbaf6a964690dff7eeddd9afae87e9ef8d8b3688	BACKPORT: fs: Export rw_verify_area for FUSE-BPF	
CLEAN	774bdfd72c9122594a05244232eb980882718456	BACKPORT: ANDROID: fuse-bpf: Harden backing open and dispatch	
CLEAN	64ddfca1e2876d499a7c5d9da50623616f0e2a63	BACKPORT: ANDROID: fuse-bpf: Route synchronous read and write	
CLEAN	6bdef1ad53a8b36cb6384d44eb1d29e1ac5455ee	BACKPORT: ANDROID: fuse-bpf: Isolate lower-only handles	
CLEAN	936daf1fe038148d14d6494b9bee671e66527a5c	BACKPORT: ANDROID: fuse-bpf: Route flush and fsync	
CONFLICT	35890c08a95c98eea3af3ae21278cd873b3421e3	BACKPORT: ANDROID: fuse-bpf: Contain lower file cache paths	fs/fuse/file.c
CLEAN	b724cc737f10b30d992eeac5a312516aa35fc26c	BACKPORT: ANDROID: fuse-bpf: Stabilize backing paths	
CLEAN	0914a4e78ca598203279d2b2f73cee79bd3493b7	BACKPORT: ANDROID: fuse-bpf: Route inode metadata queries	
CLEAN	ffbc4f8806a1e04edafa7bd2512b5afc8a985329	BACKPORT: ANDROID: fuse-bpf: Support FUSE_STATFS	
CLEAN	9b125b85ac23d5257215477d6087f85d573f2fca	BACKPORT: ANDROID: fuse-bpf: Contain unported inode operations	
CLEAN	a715e73181174463d0a3ea91abcbd1d8654fc3a2	BACKPORT: bpf: Track context buffer pairs	
CLEAN	91f581789ac1a2703438eea2d51e479bdb754311	BACKPORT: ANDROID: fuse-bpf: Enforce argument bounds	
CLEAN	68ffa7e38bc8a463150f395dd621a3e5add11687	BACKPORT: ANDROID: fuse-bpf: Restore safe daemon fallback	
CLEAN	186c5cdf2d46b6898b5c165bfb78dbb3ad9b7b58	BACKPORT: ANDROID: fuse-bpf: Fix postfilter status handling	
CLEAN	8c00449e647d3b1a7c1dd412147316f08c604e0d	BACKPORT: ANDROID: fuse-bpf: Route setattr to backing inodes	
CONFLICT	d220f0d71646c3b5ecb864594207a584d7a94dd5	BACKPORT: ANDROID: fuse-bpf: Route read-only xattrs	fs/fuse/Makefile
CLEAN	7c6d7b86d37b9cbe257f2bf425800312e393ad5d	BACKPORT: ANDROID: fuse-bpf: Route xattr mutations	
CLEAN	5306c517e76015a5e7837c6e5e51688bdf22d135	BACKPORT: ANDROID: fuse-bpf: Route lower readdir	
CLEAN	d32cef2d3b4ceb1806776a50982a6d2f87ac18d8	BACKPORT: ANDROID: fuse-bpf: Route symlink operations	
CLEAN	0fdfbcad2d5f5670a88965612fee2e8c011c88bc	ANDROID: fuse-bpf: Roll back failed lower creates	
CLEAN	4663032f8bd291e9f7795493301a43d86d1f7bcb	BACKPORT: ANDROID: fuse-bpf: Route node creation	
CLEAN	b4d9f5115cfdd04eb01bbb20c0ca20cda9cfbce5	BACKPORT: ANDROID: fuse-bpf: Route atomic create and open	
CLEAN	64c3c2605d17e69cfa65269c3de02a12b0917d38	BACKPORT: ANDROID: fuse-bpf: Route unlink and rmdir	
CLEAN	a18d468e489da8f91b7b3160c443302866bff230	BACKPORT: ANDROID: fuse-bpf: Route hardlinks	
CLEAN	9b638b00f0dd8a3df025acd4676c5f4ca030bee4	BACKPORT: ANDROID: fuse-bpf: Route ordinary rename	
CLEAN	831b06690d514e7edbefedd791f5c24eb72ffb7a	BACKPORT: ANDROID: fuse-bpf: Route noreplace rename	
CLEAN	a15c182a31182c37aa5456525c405fc5ac2e43f8	BACKPORT: ANDROID: fuse-bpf: Route exchange rename	
CLEAN	15a7bd676275bb559d3f99b3f87ff1c0d8647f40	BACKPORT: ANDROID: fuse-bpf: Route lower llseek	
CLEAN	4b2b12148e2b225728de7712d6310afd2804f38e	BACKPORT: ANDROID: fuse-bpf: Route lower fallocate	
CLEAN	b357ab68ae6558334e614a25dfb58206aab0e21a	BACKPORT: ANDROID: fuse-bpf: Route lower copy_file_range	
CLEAN	698a4f928ff9d6fc497c3f35d0ac602444337d4a	BACKPORT: ANDROID: fuse-bpf: Route lower mmap	
CLEAN	150c662928490e7bb7fb1e4064afc587c8d55f3d	ANDROID: fuse-bpf: Route lower POSIX file locks	
CLEAN	83c39eeabe661696df45f68566c9c68e3ec595a9	BACKPORT: ANDROID: fuse-bpf: Add partial flock support	
CLEAN	712014d68c1ae671b996578fc33d7e8d887aec55	BACKPORT: ANDROID: fuse-bpf: Add partial ioctl support	
CLEAN	2e402893d6d6d7afb2ae062dff8dc99eb7e49f2b	BACKPORT: ANDROID: fuse-bpf: Check inode not null	
CLEAN	b5f202c75ea59dc47fb31a96eec250becaa8206c	BACKPORT: ANDROID: fuse-bpf: Add bpf to negative fuse_dentry	
CLEAN	749d89394cb90cd0dc31d5c5edcefdd058e19d9d	BACKPORT: ANDROID: fuse-bpf: Use stored bpf for create_open	
CLEAN	39f9e592f54cf128af0df8891572db9e9430b2a3	BACKPORT: ANDROID: fuse-bpf: Align data structs for 32-bit kernels	
CLEAN	d9cc8c117f4f86bfec762547effda97cbea5a173	BACKPORT: ANDROID: fuse-bpf: Ignore readaheads unless they go to the daemon	
CLEAN	69a10a1b2a22136e5299edc7cfae7a53039a6faa	BACKPORT: ANDROID: fuse-bpf: Do not change bpf program in lookups	
CLEAN	557648c321b945eb8ffac92bd1554aa3156effb1	BACKPORT: ANDROID: fuse-bpf: Follow mounts in lookups	
CLEAN	26b029780671a6229905aba992e56903b9d57f0a	BACKPORT: ANDROID: fuse-bpf: Fix readdir for getdents	
CLEAN	0c9215861eaf5fa641387a27e3c5815c1ce3ea6a	BACKPORT: ANDROID: fuse-bpf: Ensure bpf field can never be nulled	
CLEAN	78ca0ea4bd8871cac9a20cbe35c16436f7cad3ca	BACKPORT: ANDROID: fuse-bpf: Add /sys/fs flags for fuse-bpf version	
CLEAN	09d34b969a2232c488f9a885e52fa857c1dec627	BACKPORT: ANDROID: fuse-bpf: Accept extended userspace lookups	
CLEAN	347b8fbef438a4cd6f0f7ca2c74889a337c1ff1d	BACKPORT: ANDROID: fuse-bpf: Complete readdir filtering	
CLEAN	19b9415053577cb4ebf19c7ba09ba2606b985923	ANDROID: fuse-bpf: Do not forget zero-lookup inodes	
CLEAN	70ab54163d8a8ebf4969e1099f4b7a0962979cf9	ANDROID: fuse-bpf: Capture lookup replacement files atomically	
SKIPDEV	693716310f2744c97d224f68ddc074724b97a20f	[exynos9810] defconfig: Enable FUSE-BPF request filtering
SKIPDEV	8ca1f5701cca2a1faecf5e0869a822fa7ef797f9	[exynos9810] defconfig: Regenerate configs
SKIPDEV	b6ffe748dd7b4281c5860c6b109c5a98b6fa91d7	[exynos9810] defconfig: Disable CONFIG_SDCARD_FS
CLEAN	1216e0d9712e0f92a23825975734ccb418c0bf77	BACKPORT: bpf: fix potential error return	
CLEAN	c8bd6450d1b9f1bd2084731c9e09eb6bed8f7e9f	BACKPORT: bpf: Check validity of link->type in bpf_link_show_fdinfo()	
CLEAN	a025dfc73b43c4653f74228268627a37275548bb	BACKPORT: bpf: Defer the free of inner map when necessary	
CLEAN	35af44bc824b8b8e8a19c2eacb67fc6215f32e2b	BACKPORT: bpf: Set uattr->batch.count as zero before batched update or deletion	
CLEAN	d7cc53d1c4f9a3770dd1100de31845afb4a48694	BACKPORT: bpf: use kvzmalloc to allocate BPF verifier environment	
CLEAN	e1a2f811cc5609c95e7f2eeb2962ea07d997d83d	BACKPORT: bpf: Check percpu map value size first	
CLEAN	e9babcb1de53e2906897ef35b91b88c3c84d32b3	BACKPORT: bpf: Add MEM_RDONLY for helper args that are pointers to rdonly mem.	
CLEAN	bc1f0754a884f3b2e90cd98c1ba8c4a466092ba1	BACKPORT: bpf: Take return from set_memory_ro() into account with bpf_prog_lock_ro()	
CLEAN	81b6d752167c4d6e557ceed8eaacbfc95c50c0da	BACKPORT: bpf: Mark bpf_spin_{lock,unlock}() helpers with notrace correctly	
CLEAN	d321dbcf7055f7e4315ca09fe2c81f12d2bd627e	BACKPORT: bpf: Fix bpf_strtol and bpf_strtoul helpers for 32bit	
CLEAN	924046a87dd97d316b75390ed69ef2283d310251	BACKPORT: bpf: Fix DEVMAP_HASH overflow check on 32-bit arches	
CLEAN	dc8556dce4296ec71eae0b816e79bcb27394e806	BACKPORT: bpf: Fix hashtab overflow check on 32-bit arches	
CLEAN	4d0f27f54b035479db8f2815cd8bc91463c98f67	BACKPORT: bpf: Fix stackmap overflow check on 32-bit arches	
CLEAN	7d519e05fe3eb19648ee3cecc05190ed20705887	BACKPORT: bpf: Add struct for bin_args arg in bpf_bprintf_prepare	
CLEAN	7a8b103309a913e5daa1c119d640df3161b05939	BACKPORT: bpf: Do cleanup in bpf_bprintf_cleanup only when needed	
CLEAN	f30c5b836cf5a068c3e441eb5decbb11fc40370b	BACKPORT: bpf: Remove trace_printk_lock	
CLEAN	7c8eb9b1163e290457f4d7ce624f97a2d3dfa4c1	BACKPORT: list: Add hlist_unhashed_lockless()	
CLEAN	f7268740fd333203eaf95e5b7d31a34f2f5ae789	BACKPORT: bpf: Annotate data races in bpf_local_storage	
CLEAN	001730e39762b44f2806d2643fca897c8d27e0cb	BACKPORT: bpf: Fix potential race in tail call compatibility check	
CLEAN	0bad2f02cdf1852a92ca2b595657521ab2cedb8d	BACKPORT: bpf: bpf_fib_lookup should not return neigh in NUD_FAILED state	
CLEAN	2cdd9116ccb889801b5de0aaf463f8abb6c4e2df	BACKPORT: bpf: Support dual-stack sockets in bpf_tcp_check_syncookie	
CLEAN	c196ca88d2faf62297a5be35696dfcb8526a6dcd	ANDROID: bpf: do not fail to load if log is full	
CLEAN	7e6c137de5de32945e40c30fd4db4efcf6ea82c1	BACKPORT: bpf, sockmap: Reject sk_msg egress redirects to non-TCP sockets	
CLEAN	967f0617b577776ca5e26b6862f4233a1b24028b	BACKPORT: bpf: Fix a possible task gone issue with bpf_send_signal[_thread]() helpers	
CLEAN	75284402496eccef8d4bce42abdcd955a7ed153f	BACKPORT: bpf: Skip task with pid=1 in send_signal_common()	
CLEAN	19134bd436c7a92f7875c77b18f4984a89406492	BACKPORT: sock: redo the psock vs ULP protection check	
SKIPDEV	d13ea670dddffb5a8232b74b1c7d7fb458c3a7bb	[exynos9810] sched: ems: Expand SchedTune boost groups to 10
CLEAN	f69c7ee69d300fd0d78fd0e0f0bc735e10f244c3	BACKPORT: bpf, lwt: Fix crash when using bpf_skb_set_tunnel_key() from bpf_xmit lwt hook	
CLEAN	444e8a000bd06dbfae1ba43cb91388d8800c89d8	BACKPORT: net: sched: cls_bpf: Undo tcf_bind_filter in case of an error	
CLEAN	076710bd88dbd768bdad98d8e640bdd7ac556d45	BACKPORT: lwt: Fix return values of BPF xmit ops	
CLEAN	7029f968fde6563d2e5644b2de4500d091c4d94f	BACKPORT: bpf, test_run: Fix alignment problem in bpf_prog_test_run_skb()	
CLEAN	8281d03e16b1c9f908d97001fd99f76debb4d2b4	BACKPORT: udp: re-score reuseport groups when connected sockets are present	
CLEAN	6db5295cecb402a1ce4135fe1c62c32c5f280043	BACKPORT: tcp: uniform the set up of sockets after successful connection	
SKIPDEV	4bd212bf77e74fa0cb71ef9ffe78a4ec1d0c9f54	[exynos9810] arm64: dts: Fix starlte HSI2C3 pin ownership
SKIPDEV	3c8824b0c4e7043d0f566fbb54533f3930cf3742	[exynos9810] defconfig: Enable CFQ group I/O scheduling
CONFLICT	d2ec292ffd0821a3502a8f78abd777d5266e2005	BACKPORT: binder: detect oneway transaction spam	drivers/android/binder_alloc.c
CONFLICT	8f50d9eb049e17e118aeea317fa4e4824727f44a	BACKPORT: binder: report oneway spam to userspace	drivers/android/binder.c drivers/android/binder_alloc.h include/uapi/linux/android/binder.h
CLEAN	79426cb4696649dd9d0b13f11a62a330689bd2d5	BACKPORT: binder: return EFAULT for spam-detection ioctl	
CLEAN	4f55315449397042d39df30677e5ed17acc818cd	BACKPORT: binder: free oneway-spam completion work	
CLEAN	5a82a1082d45052e2ee431f85d4ce7793c32a812	BACKPORT: binder: prepare shared internals for binderfs	
CONFLICT	c286cded153a5ab77d5059725eda0b9542bb0778	BACKPORT: binder: add BinderFS support for 4.9	include/uapi/linux/android/Kbuild
SKIPDEV	d1e7ad6534da54e5f4913bdd344240b40109d05a	[exynos9810] defconfig: Enable BinderFS
CLEAN	19fe54d5e25df52f15b31f8a10d2fccba7381222	BACKPORT: selinux: allow per-file labelling for binderfs	
CLEAN	036c755cddd5027bb067b5d57ce74f42666acb63	BACKPORT: binder: use binderfs devices when configured	
CLEAN	4a06e92a58ae0b208548f2766e5373946b332f75	BACKPORT: binder: add binder_proc logging to binderfs	
SKIPDEV	f909e73502f4a55067486af826c5a93ca5e6b0b4	[exynos9810] selinux: Drop inode security polling workaround
SKIPDEV	7e50ded11d2d01bb4b9d7bc65c7434766d469041	[exynos9810] selinux: Stop logging normal genfs lookup misses
CLEAN	1855dc2045c835fdad4d79c9096df86036270c02	BACKPORT: bpf: Add support for batched ops in LPM trie maps	
CLEAN	7b4944078d165ef97b4b1b9acceaa71fbfc98359	BACKPORT: bpf: Add batched ops support for percpu array	
CLEAN	77974f41671743bd1686f9295f5408a527fe3aae	BACKPORT: bpf: Add BTF_KIND_FLOAT to uapi	
CLEAN	292c39161aeb24b2c07d86098bc7cfb612d6fa80	BACKPORT: bpf: Add BTF_KIND_FLOAT support	
CLEAN	117dacf25d7ba14edd909226334197f7e9dba9f8	BACKPORT: bpf: verifier: Use target program's type for access verifications	
CLEAN	3879d33b534161f707185aa25128f2d24f0cd746	BACKPORT: bpf: change logging calls from verbose() to bpf_log() and use log pointer	
CLEAN	bde699fa55822de9bcc52f3535d838e62bc6d4aa	BACKPORT: bpf: verifier: refactor check_attach_btf_id()	
CLEAN	36ce47789d7a30d4dc6be762fc9745a6e437f656	BACKPORT: bpf: Move prog->aux->linked_prog and trampoline into bpf_link on attach	
CLEAN	c8578dccaba4f8ecdaf54ff38fe27a6d5ef6e617	BACKPORT: bpf: Support attaching freplace programs to multiple attach points	
CLEAN	701d13d2a2d68e5ee8ce4d64d82b1cd38860918c	BACKPORT: bpf: Fix context type resolving for extension programs	
CLEAN	2c39df5755c44dfb61cdb57cca878008461143b8	BACKPORT: bpf: Allow trampoline re-attach for tracing and lsm programs	
CLEAN	c6e8e376c3685534708053bd9d308f6a50d88ccb	BACKPORT: bpf: Prepare bpf_prog_put() to be called from irq context.	
CLEAN	029e4093a1882195a9002f06585878fbd3709b47	BACKPORT: bpf: Factor out bpf_spin_lock into helpers.	
CLEAN	2272aff7a42062595610adb2fbf754f4e1419096	BACKPORT: bpf: decouple btf from seq bpf fs dump and enable more maps	
CONFLICT	0d4a90f470f740e55606b77e1f23944f788701cc	BACKPORT: hrtimer: Store running timer in hrtimer_clock_base	kernel/time/hrtimer.c
CLEAN	7366714094627410213c49c5e8ffdc8cdacd39e4	BACKPORT: hrtimer: Make room in 'struct hrtimer_cpu_base'	
CLEAN	ea123397bc21ee79901668733e162e44676fb556	BACKPORT: hrtimer: Make the hrtimer_cpu_base::hres_active field unconditional, to simplify the code	
CLEAN	3cb45f27a7cbf5d98dec3a48a6c0aa7e22416ff1	BACKPORT: hrtimer: Use accesor functions instead of direct access	
CONFLICT	1aadd98f9f8f9f3ffd0bff87846978cd97a97cde	BACKPORT: hrtimer: Make the remote enqueue check unconditional	kernel/time/hrtimer.c
CLEAN	49fe68945d5025bc36bba357a18b042428653d6e	BACKPORT: hrtimer: Make hrtimer_cpu_base.next_timer handling unconditional	
CLEAN	9fe1c0e173aa7192f8ad658be6015f4048a0c737	BACKPORT: hrtimer: Make hrtimer_reprogramm() unconditional	
CLEAN	babf7252e13fef1480824e0b6150a5ef8ef107c5	BACKPORT: hrtimer: Make hrtimer_force_reprogramm() unconditionally available	
CONFLICT	0b68a58910d8699415d0e7c13bb0a6ebccbafd85	BACKPORT: hrtimer: Unify hrtimer removal handling	kernel/time/hrtimer.c
CLEAN	1c767857110fcec4ec872e5a8773bafc7783d547	BACKPORT: hrtimer: Unify remote enqueue handling	
CLEAN	97c007529ec5f7626accb8b66b3adc6b9deda927	BACKPORT: hrtimer: Make remote enqueue decision less restrictive	
CLEAN	0e2338f2251514cff33be0b3698e2a2d6bc659ff	BACKPORT: hrtimer: Remove the 'base' parameter from hrtimer_reprogram()	
CLEAN	22a30993583827e78b85bb1061898678ae06d67a	BACKPORT: hrtimer: Factor out __hrtimer_start_range_ns()	
CLEAN	1be8a780f6aa5e343bbd28df8ad5f5a6350416de	BACKPORT: hrtimer: Factor out __hrtimer_next_event_base()	
CONFLICT	d3d19b1558f4407084db7b076db4c4811effd0ae	BACKPORT: hrtimer: Use irqsave/irqrestore around __run_hrtimer()	kernel/time/hrtimer.c
CLEAN	755d2e7a1f0103717c4b00ed52356b88e584caee	BACKPORT: hrtimer: Add clock bases and hrtimer mode for softirq context	
CONFLICT	2c3ab8405d6a87355764440330a0d081d8e25c83	BACKPORT: hrtimer: Prepare handling of hard and softirq based hrtimers	kernel/time/hrtimer.c
CONFLICT	8381dabde508332db7530d0b3112e962e602209f	BACKPORT: hrtimer: Implement support for softirq based hrtimers	include/linux/hrtimer.h kernel/time/hrtimer.c
CLEAN	612687afbb1bf0b839dc43392af97a75e54c13c5	BACKPORT: hrtimer: Implement SOFT/HARD clock base selection	
CLEAN	70bafc8620d285574ca29ac090618b1d6339601d	BACKPORT: bpf: Introduce bpf timers.	
CLEAN	273b4dd1b732280d9b68c0680c678eadb1549667	BACKPORT: bpf: Add map side support for bpf timers.	
CLEAN	9d55b94e8f5deb0e94b02b654b6a9470dec06d6f	BACKPORT: bpf: Prevent pointer mismatch in bpf_timer_init.	
CLEAN	021299bc6133af73547bb8bfbf90b949e2ad65aa	BACKPORT: bpf: Remember BTF of inner maps.	
CLEAN	b3c2739066b9c85f382c54cd6dccc217a552b65a	BACKPORT: bpf: Relax verifier recursion check.	
CLEAN	fab0b8410829bae8e0b97710074a23d82946c102	BACKPORT: bpf: Implement verifier support for validation of async callbacks.	
CLEAN	4f4a9903c700aee1241f30feca662707061d1049	BACKPORT: bpf: Teach stack depth check about async callbacks.	
CLEAN	a908540bda0621fe8f02cb1c761dfbebd0243c06	BACKPORT: bpf: Fix inner map state pruning regression.	
CLEAN	748102c028c770aa321fb13dd23fcdd2adba8153	BACKPORT: bpf: Forbid bpf_ktime_get_coarse_ns and bpf_timer_* in tracing progs	
CLEAN	6b42924e30c0c9e0ddea846e31ea1c700ab4a42b	BACKPORT: bpf: Fix verifier support for validation of async callbacks	
CLEAN	c9e6ea2549a8d68d01aa07b1c938cecc65047681	BACKPORT: bpf: Fix crash due to incorrect copy_map_value	
CLEAN	c04068aeb57823fd88fe9b4543f5f9f1bd67a3da	BACKPORT: bpf: Fix a bpf_timer initialization issue	
CLEAN	c584484ee2edb4ec83f66d090857e29686880d44	BACKPORT: bpf: Don't reinit map value in prealloc_lru_pop	
CLEAN	ce676396c6c7abe62998606be8dbf93bea2a7496	BACKPORT: bpf: Fix max stack depth check for async callbacks	
CLEAN	bf766aa41dea8943c301bf6c2f6e504b3989588c	BACKPORT: bpf: Fix subprog idx logic in check_max_stack_depth	
CLEAN	559eee372694ca4d88888e2c1c6618adc1f4412c	BACKPORT: bpf: Check map->usercnt after timer->timer is assigned	
CLEAN	831d3eaee720356266cfb79b312d64cbc5f68f0b	BACKPORT: bpf: Fix racing between bpf_timer_cancel_and_free and bpf_timer_cancel	
CLEAN	4cc5701b00cf679557049927c9bda9f0f17e4c6d	BACKPORT: tcp: Use a struct to represent a saved_syn	
CLEAN	89014c976a6ea311979d20d707d9888dd54e3d5e	BACKPORT: tcp: Add saw_unknown to struct tcp_options_received	
CONFLICT	0ee2af35b9059123359745e3e912c1a659477d94	BACKPORT: bpf: tcp: Add bpf_skops_established()	net/ipv4/tcp_input.c
CLEAN	d2852947eae7e993533fd08bcfcd6e750babd90d	BACKPORT: bpf: tcp: Add bpf_skops_parse_hdr()	
CONFLICT	4d161a754796059dc218a65a98b1787447770718	BACKPORT: bpf: tcp: Add bpf_skops_hdr_opt_len() and bpf_skops_write_hdr_opt()	net/ipv4/tcp_ipv4.c net/ipv4/tcp_output.c net/ipv6/tcp_ipv6.c
CLEAN	c46c198706294b694207403cff6d6c800f45e84c	BACKPORT: bpf: tcp: Allow bpf prog to write and parse TCP header option	
CLEAN	dcf26f80377e78a47b740f84361065f4dfad9403	BACKPORT: bpf: tcp: Do not limit cb_flags when creating child sk from listen sk	
CLEAN	e91e0c9c245279bb8b70300d56d81b1562db931c	BACKPORT: bpf: Introduce bpfptr_t user/kernel pointer.	
CLEAN	740126dad53ace8110dafbfcf299c2f53c66bff2	BACKPORT: bpf: Introduce bpf_sys_bpf() helper and program type.	
CLEAN	5bb9d94a7746c06098166f87b98456aabaca2195	BACKPORT: bpf: Prepare bpf syscall to be used from kernel and user space.	
CLEAN	1394e7556cda1660a02f7580ec8672477ebc22c9	BACKPORT: bpf: Make btf_load command to be bpfptr_t compatible.	
CLEAN	914f49540b52cb5837e840061812089dd4d705f0	BACKPORT: bpf: Introduce fd_idx	
CLEAN	0b1d21c45d4e63d299ee804ffd6747106aad0aed	BACKPORT: bpf: Add bpf_btf_find_by_name_kind() helper.	
CLEAN	89986d52b803407a6a161f2586c60a451d7ded1c	BACKPORT: bpf: Add bpf_sys_close() helper.	
CLEAN	7b97f8d3b7fbd864a35ace477be10e1067b8d1c7	BACKPORT: BPF: Fix bad pointer dereference in bpf_sys_bpf().	
CLEAN	7abe86faf2291e33bacd7a565aafc880ad7beef4	BACKPORT: bpf: Restrict bpf_sys_bpf to CAP_PERFMON	
CLEAN	67e481ec62b977d4404f50df31a0bdf508780bdd	BACKPORT: bpf: Add in-kernel split BTF support	
CLEAN	ae25ca2f3a6126c3d1cd2e451fd8ac65e4936a9f	BACKPORT: kbuild: Build kernel module BTFs when enabled	
CLEAN	153075dfe81a429f9645a3d2df61e3291f650a6b	BACKPORT: bpf: btf: Add struct bpf_btf_info	
CLEAN	7cd6cfb67e81dedbdd853703a61f396aa1708146	BACKPORT: bpf: Assign ID to vmlinux BTF and return extra info	
CLEAN	f918f5e44a22be58247607953762d123469b5ce8	BACKPORT: notifier: Add robust blocking notifier calls	
CLEAN	1e57fde93218d0d3529d0f927d221a909e013e21	BACKPORT: module: Properly propagate MODULE_STATE_COMING failure	
CLEAN	aea6908621c01fc5a61bd35ee7956e230bd4fa55	BACKPORT: bpf: Load and verify kernel module BTFs	
CLEAN	5ed4fa34b06b4c692fa450cd85494a413ac0b128	BACKPORT: bpf: Compile out module BTF parser when disabled	
CLEAN	bbf17b6d0114958b2172001ed2e7edfc642a951f	BACKPORT: bpf: Sanitize BTF data pointer after module load	
CLEAN	f1eb9617d26b5a96c99857c9e2be6da8aeb63a10	BACKPORT: bpf: Keep module BTF data size after load	
CLEAN	d8d0c394b162ba393f7a43ae08c2e610ca707f3b	BACKPORT: kbuild: Skip external module BTF without vmlinux	
CLEAN	a58ec867819ec495a2c62742adec9641246c3dbd	BACKPORT: bpf: Allow empty module BTFs	
CLEAN	984b8799ca4b5762b96d5bc38465b980e62270bd	BACKPORT: bpf: Remove hard-coded vmlinux BTF assumption	
CLEAN	db9b20198a0c4ad2efc60449f54629a2ce8aab2b	BACKPORT: bpf: Allow module BTF when attaching programs	
CLEAN	de407dc50a4f5288db6a3a495cf5d2fef18dd4a2	BACKPORT: bpf: Support BPF ksym variables in kernel modules	
CLEAN	62abbb2f8ad27a42cb4151421c0d12c6daabf7b0	BACKPORT: bpf: Search module BTFs by name and kind	
CLEAN	5ff0077032e20f3e11de2589f341e83388066675	BACKPORT: bpf: Support access to BPF map fields	
CLEAN	6f11c86c92bb161e9b69d14eb146a878f06b9eaa	BACKPORT: bpf: Generalize and split local storage	
CONFLICT	0475d5694a93df72db8feb84ddd8654ac494fe75	BACKPORT: bpf: Implement local storage for inodes	include/linux/fs.h
CLEAN	68c98f0dbfa2895649c49363be073433a11f9ccd	BACKPORT: bpf: Implement local storage for tasks	
CONFLICT	3315da4f99706a86bb6046364702874e62f2d15c	BACKPORT: security: Refactor declaration of LSM hooks	include/linux/lsm_hooks.h security/security.c
CONFLICT	eb8726624efa26a0cf753ddaf57093917a6d5d3f	BACKPORT: bpf: Add BPF LSM program support	arch/arm64/configs/exynos9810-starlte_defconfig arch/arm64/configs/gts4lv_defconfig arch/arm64/configs/gts4lvwifi_defconfig security/Makefile
CLEAN	5f7f5b7fecc1bce0fc62f29661ae3b71c090dae4	BACKPORT: bpf: inet_diag: Dump socket local storage	
CLEAN	3eeb96c32bfac1d2d607b5e57f5cb80221a53a67	BACKPORT: ipv6: sr: Add seg6local lightweight tunnel support	
CLEAN	4bac054bc19d8703e1cb1daa8c6dc40c7cdcac95	BACKPORT: bpf: Add IPv6 Segment Routing support	
CLEAN	f74a4d193d8dd224e80d4d76170f94ea0fb67c94	BACKPORT: bpf: Add IP encapsulation and rerouting to LWT	
CLEAN	ffd71779f16ddc3421f092321617b04ac001ce36	BACKPORT: media: rc: Add BPF LIRC mode 2 decoding	
CLEAN	c49c98ee5ce73e65be25ea9a1a4408257315f1b5	BACKPORT: bpf: Add struct_ops and TCP congestion control	
CLEAN	8a2c5c379e056ef7f75d4b9baf3e5edad96097f7	BACKPORT: bpf: Add kernel function calls	
CONFLICT	f787c74339cbdbe24216a5002a8cab96c09b82ef	BACKPORT: xdp: Add AF_XDP sockets and XSK maps	arch/arm64/configs/gts4lv_defconfig arch/arm64/configs/gts4lvwifi_defconfig include/linux/netdevice.h net/core/dev.c security/selinux/include/classmap.h
CLEAN	be80765f2f94518dafd121d500fd4babf7f20b02	BACKPORT: bpf, xdp: Add generic dispatcher plumbing	
CLEAN	6f1d61ebee79870ca7b7a4ccc4742e529e7607b8	BACKPORT: bpf: Complete program and link introspection	
CLEAN	7633d6f4f59e7b32bd934ae4b930f10de42e7db0	BACKPORT: bpf: Complete socket context metadata	
CLEAN	d3f853feb789b7a0b3315b7bf121f64e2f400e46	BACKPORT: bpf: Complete helper availability	
CONFLICT	1f85fb24ef920d8e8ed0086ec0d6160e4657eb56	BACKPORT: bpf: Add TC socket assignment	net/ipv6/udp.c
CLEAN	3ccb98f0bb8e2f43fc9988555309893ceb72acfb	BACKPORT: bpf, sockmap: Add SK_SKB room adjustment	
CLEAN	be6e1a7fc0930f59ab6e309ea201ca9d8e1b4e66	BACKPORT: bpf, flow_dissector: Complete raw context support	
CLEAN	1001493c6649679f839c861ce5665e3b1de08055	BACKPORT: bpf: Complete program test-run support	
CLEAN	87374a85ab4f7f3b6999130eb32e114276a96517	BACKPORT: bpf: Complete tunnel and network namespace flags	
CLEAN	4b83bd936b604b04445d2038728f652757beca01	BACKPORT: btf: Add global extern linkage value	
CLEAN	a470e33cd6ddc73a3fec0187bffae7d7629d6c52	BACKPORT: xdp: Add redirect-map broadcast support	
CONFLICT	f0cedc3ccda40ba81eaad039fe49b13358646b8d	BACKPORT: bpf: Complete generic XDP map redirects	net/sched/act_mirred.c
CLEAN	bee7d38ad969a2218e09e8dcb18ef6cc224b28dc	BACKPORT: xdp: Complete packet head and tail adjustment	
CLEAN	aabd7d84ff845bbac506fcf5ea60c8a705ce66ed	BACKPORT: bpf: Synchronize the in-tree UAPI header copy	
CLEAN	3b2281414394d2d8e3e63eb03ec33ad5801508b3	BACKPORT: bpf: Support lookup and delete on hash maps	
CLEAN	275d6887acb499c546a19ab55ee72a04623bc9f8	BACKPORT: bpf: Honor socket-ops base RTT in TCP NV	
CLEAN	cc97f89575e92f2a1fa109a522f3e3e185310e6f	BACKPORT: bpf: Lock cgroup bind hooks for socket options	
CLEAN	5455ca6fe0965704dd6914d810c419005640a31a	BACKPORT: bpf: Allow more maps in sleepable programs	
CLEAN	c93c189f19556b4e5cdd2c0142fb0fb42b77e98b	BACKPORT: bpf: Allow variable-offset stack access	
CLEAN	20a09ba8e83b24df65409577b8c87e3d3a43287b	BACKPORT: bpf: Do not mark speculative-only instructions seen	
CLEAN	dad0d86a0cf30665129d72156c56b5bbbc8881a4	BACKPORT: bpf: Fix ALU mask tightening under state pruning	
CLEAN	86a927bb4412b2f520cc41cf16b1a9c23ec0968f	BACKPORT: bpf: Share cgroup storage between programs	
CLEAN	32e2884df68896dee32c23ea8c86ef4cddb35cd3	BACKPORT: bpf: Increase cgroup storage value size	
CLEAN	18a1bf52321278ab8c61c5f9c4d6c7259c453eb0	BACKPORT: bpf: Finish BTF UAPI header synchronization	
CLEAN	3afa47d6b0ab7a788c5240861ddfb84d4ef833fc	BACKPORT: bpf: Complete bpf_sock_addr access widths	
CLEAN	40ff521d1d02d46723d9732f29e497aeb5b3fda0	BACKPORT: bpf: Emit BPF TCP state enum into BTF	
CLEAN	0d5e75a2cbef87e4068833261802724f50763b1f	BACKPORT: xdp: Clear stale devmap redirect state	
CLEAN	381113911dce6f315330676e50033c6ba3704bb9	BACKPORT: bpf: Complete scalar ALU32 verifier tracking	
CLEAN	f75924fdb3a17978780d32fda79563bc68e3d7f6	BACKPORT: bpf: Enforce the exact tail-call limit	
CLEAN	bf2e46f8c24adc2bcdb1b17dd4f38d261d1bc9a4	BACKPORT: seg6: Harden SRH validation for BPF	
CLEAN	64bee4168b645d85788f1f381b094de2253c20db	BACKPORT: bpf: Synchronize trampoline image reuse	
CLEAN	31553802a935f60d3c19bbe8fb3effe3afcd0e40	BACKPORT: bpf: Guard verifier cleanup after OOM	
CLEAN	a87e7bdd2b036d26fe0487fd6ab422be05b2c062	BACKPORT: bpf: Complete 32-bit verifier bound propagation	
CLEAN	cbf5dba26b754c17f26aa7f2771c5e7ddbaa153c	BACKPORT: bpf: Avoid hash element-size overflows	
CLEAN	bf29f8b58761b33bf064a558f2a47f1e8564ae45	BACKPORT: bpf: Protect bpffs map iteration with RCU	
CLEAN	de806f89d57b4980575457335697f752b5ba3370	BACKPORT: btf: Skip empty sysfs BTF exports	
CONFLICT	f9c1f9e6dbe86c4093004243adaf16fd07e6422d	BACKPORT: bpf: Check saved credentials for raw dumps	kernel/kallsyms.c
CLEAN	7a42046bf2833c5eea9e637a14ce83dc80c9aa12	BACKPORT: bpf: Finish scalar branch and pruning fixes	
CLEAN	5a616efa48100c86b487e74e9f31382d0e6d2b53	BACKPORT: bpf: Suppress false ringbuf kmemleak report	
CLEAN	0776f88107e1c621b8cafbbf1feb53d8f4e570d0	BACKPORT: xdp: Annotate redirect-map entries for RCU	
CLEAN	a3cd65b285bc31aee24b42c131c5e943d94ce66c	BACKPORT: bpf: Harden program allocation and teardown	
CLEAN	874f8fd72881a32771cb7fc2f366c8cfc3c9aa7b	BACKPORT: bpf: Harden map and verifier runtime paths	
CLEAN	eeaa7612c364b4daa61c150619b9f6ba68d6ab07	BACKPORT: bpf: Complete verifier precision propagation	
CLEAN	3efc98ecd39e327c7af204ce80b5d808fdcfef9f	BACKPORT: bpf: Finish map syscall behavior	
CLEAN	6fd5d443dea76b7ab3548e88fc6c24de09ef68ae	BACKPORT: bpf: Speed up LPM trie prefix matching	
CLEAN	069374cd435debc303cf86dfbf5ea570ce3e723a	BACKPORT: bpf: Harden networking helper inputs	
CLEAN	e6dac10d6099892ad772a3b93a7dca79a8055b0e	BACKPORT: bpf: Hide syscall tracepoints when disabled	
CLEAN	5a4f044f22375ff7a30828c9879544773cd52b70	BACKPORT: bpf: Close metadata and filter lifetime races	
CLEAN	9f3c91ab9228ec02948d18d986cba83f0d713a66	BACKPORT: bpf: Complete helper RCU coverage	
CLEAN	799a083c45f5d6ef5e7a5e71b1c983a08639e775	BACKPORT: bpf: Preserve verifier aux data on rejection	
CLEAN	dba9bc7404a863a453799a2ab2f00dfcc2390bbb	BACKPORT: sock_map: Lift datagram state restriction	
CLEAN	5258fa7d6c4d2d3094e66dd69f597c61e40a2453	BACKPORT: bpf: Fix flow dissector and trampoline linkage	
CLEAN	b6d094128229f96f330064e07f2c748ab39e1f93	BACKPORT: net: Add socket binding by interface index	
CONFLICT	40a60987a65ae780a491c0a74b8312e5c951fa70	BACKPORT: net: Expose socket option helpers to BPF	net/core/sock.c
CLEAN	ba6cfd463efe9da887bc04da0695cb104402a0e0	BACKPORT: bpf: Complete socket option helper support	
CLEAN	a1206cdd66e81b1069ed7bf97f7a62ed000c66f6	BACKPORT: tcp: bpf: Optionally save the SYN MAC header	
CLEAN	65b101e7d99486d945078bbc7b7df7c7f09db8d6	BACKPORT: bpf: Fix builds without CONFIG_INET	
CLEAN	9e1d9253eecc8557eb15888d04e212cb8d4b19e7	BACKPORT: bpf: Validate modify-return attachments	
CLEAN	58be412001c5efa75521f74ffe75be404deb7ad7	BACKPORT: bpf: Synchronize helper documentation fixes	
CLEAN	017ad69b973af0222c9dcff9229265f6a5aa2ed1	BACKPORT: tracepoint: Add may-exist registration for BPF	
CONFLICT	73a6a413625786209865143f1f9b4b53508388c2	BACKPORT: bpf: Gate legacy probe reads by architecture	arch/powerpc/Kconfig
CLEAN	e4c9387c545c2904cb2aa485defc8eab6ea9c355	BACKPORT: bpf: Fix modern compiler and no-proc builds	
CLEAN	ea8ae298e003e1dadda10f2a3635ce917278a563	BACKPORT: bpf: Always defer link destruction	
CLEAN	1a4aabf16e1bf2c1789e37d74208f5082f61e7e9	BACKPORT: bpf: Fix module notifier return values	
CLEAN	c274bc3d7c222307053a26b9502268649ac5b48c	BACKPORT: trace: Allow CAP_PERFMON to query BPF programs	
CLEAN	197811e274c151a926d251a0672ad947a2a6c296	BACKPORT: bpf: Synchronize diagnostics and comments	
CLEAN	2d4cd6e26949a8ad22b089c7feaa6a8c9591de3c	BACKPORT: bpf: Use legacy fall-through annotation	
SKIPDEV	f0c61236bf44ba19468d6897f1f3900010dd45c9	[exynos9810] selftests/bpf: Add Android build targets
SKIPDEV	c71273a903e0452dd52375fdb7382266e0cead5f	[exynos9810] selftests/bpf: Import Linux 5.15.178 verifier corpus
SKIPDEV	327c6f485249009a8a6a45e6dbb64e6e047daf73	[exynos9810] selftests/bpf: Fix Android verifier build headers
CLEAN	7e4770f022b73da0513f3f1472b57cbc6d65f5b3	BACKPORT: bpf: Do not JIT BPF-to-BPF programs twice	
CLEAN	b1e4e9d5e361f80f46b746ec8567872158a74602	BACKPORT: bpf: fix off-by-one error in adjust_subprog_starts	
CLEAN	2856f1d9acb80f4abef988748eb843c0c25ba7f0	BACKPORT: bpf: Make dst_port field in struct bpf_sock 16-bit wide	
CLEAN	8e11d4a22c99199b528a6467063a8cde476f92c8	BACKPORT: bpf: Remove redundant synchronize_rcu.	
CLEAN	61154ed8e07e0daa55f3254ac05cc02436d28040	BACKPORT: bpf: Allow reads from uninit stack	
CLEAN	81e3c6310d2f738fe8e45a76b5f4e5d5c38441da	BACKPORT: bpf: Propagate scalar ranges through register assignments.	
CLEAN	dfb88b1cb7c6c2732f6d7596dd2f77cfc57c8a44	BACKPORT: bpf: Fix register equivalence tracking.	
CLEAN	a5dae9c2b53b9df630f81d3faf0942027e67d592	BACKPORT: bpf: Support for pointers beyond pkt_end.	
CLEAN	d41cf9ea364b2402cb813e6c430ad638462919b9	BACKPORT: bpf: Allow selecting reuseport socket from a SOCKMAP/SOCKHASH	
CLEAN	208db6828f974abf8a18fb3cb3c81b0cc96d9a8a	BACKPORT: bpf, sockmap: Return socket cookie on lookup from syscall	
CLEAN	1dda3721ed4795d7d7bfe040d9c2bac390f6844c	BACKPORT: bpf, sockmap: Let all kernel-land lookup values in SOCKMAP/SOCKHASH	
CLEAN	286a224ee9a566e221390d86b1b81b49639a2890	BACKPORT: bpf: Allow bpf_map_lookup_elem for SOCKMAP and SOCKHASH	
CLEAN	60b605b6599aee3580d287b699356bfeee663a84	BACKPORT: bpf: Check the other end of slot_type for STACK_SPILL	
CLEAN	801f12aca3179abfc7c473c9d293139c9a3ace12	BACKPORT: bpf: Support <8-byte scalar spill and refill	
CLEAN	dc67e831bfe23645973f2deecc4067a60a8d9d24	BACKPORT: bpf: Allow stack reads beyond tracked scalar size	
CLEAN	cab535f0726f01c4bd68c8e808d9550815321979	BACKPORT: bpf: Fix incorrect state pruning for <8B spill/fill	
CLEAN	f5fde326d54305a7e3264da5b0a0e630a8fd650b	BACKPORT: bpf: Fix verifier id tracking of scalars on spill	
CLEAN	6668f7eff636ec1aeaaf0a4884e5e4bbadfb6d80	BACKPORT: bpf: mark registers in all frames after pkt/null checks	
CLEAN	7217a5a9082e5b4b402593519111c4fb1930a16b	BACKPORT: bpf: Permit map_ptr arithmetic with opcode add and offset 0	
CLEAN	ff0ad45e262594f05962b3488e67dd27fd07247f	BACKPORT: bpf: implement ld_abs/ld_ind in native bpf	
CLEAN	fa3b988cee13f1c88ae18bd979a45d1cc4348e02	BACKPORT: bpf: Add abnormal return checks	
CLEAN	f38799155851511cae41b5b59dad1726e6a70cdb	BACKPORT: bpf: make unknown opcode handling more robust	
CLEAN	876bcea16cdaa095771cb4b1dcf92aeee1048f59	BACKPORT: bpf: disallow direct packet access for unpriv in cg_skb	
CLEAN	2362cd509c643a46cc8d9bea025fa173725d5e3c	BACKPORT: bpf: convert temp arrays to kvcalloc	
SKIPDEV	5a507f5b48cadda7595cf297931210cd813a9403	[exynos9810] bcmdhd: Disable PCIe runtime PM
CLEAN	defc95a2feaec7c078c3c5fdb2a0595b14ff9978	BACKPORT: rtmutex: Use waiter::task instead of current in remove_waiter()	
CLEAN	f48dcba08a9b1338f51b27179ad4df6bd61cde07	BACKPORT: locking/rtmutex: Skip remove_waiter() when waiter is not enqueued	
SKIPDEV	ab7f756117e4002c372f9fcfeb31393901f1ab03	[exynos9810] defconfig: Disable CONFIG_USER_NS
SKIPDEV	53857045b9f246136b6d2729337d2356cd8212db	[exynos9810] selftests/bpf: Fix Android verifier compatibility
CONFLICT	7f6ca00150fc589db67ff3f7dc211b954a474501	BACKPORT: kbuild: clang: Allow CLANG_TRIPLE without CROSS_COMPILE	Makefile
CLEAN	3b2302ac410d3c73b9034aa6ca5b97fc2645318e	BACKPORT: tools/resolve_btfids: Build with host flags	
SKIPDEV	f52b4ac0d5e4df0ace79fc5460a93e7487adc233	[exynos9810] wifi: bcmdhd: Arm cold reset after repeated SET_SSID timeouts
SKIPDEV	1d23cb3c5f668a8ffafe775c6b1a5cdc673186d6	[exynos9810] dpu: Fix EDID ownership, bounds and ioctl errors
SKIPDEV	fc3cb01ea19416c56a06b29da3942a3e1960ed84	[exynos9810] Revert HDMI crash workarounds after the EDID fix
SKIPDEV	5a8f1eb44b3b73135075c19bdb3c34065735207e	[exynos9810] panel: Recover the panel during boot
CLEAN	ffc5f2dee8fcd627cd318ffd91a27300eb919f4f	BACKPORT: ANDROID: fuse-bpf: Preserve mount context in backing lookups	
CONFLICT	4c59569f8fd7905c9c706f7acc78a0e1be045a32	fixup! f2fs: split f2fs_d_compare() from f2fs_match_name()	fs/f2fs/dir.c
SKIPDEV	ec017c1e7b23cff92dd4a3e5d5792a15653ae4e0	[exynos9810] defconfig: Enable Unicode casefolding
SKIPDEV	a95b75f06ef1851efc98c1b25a3b42158514d139	[exynos9810] build: Add standalone Samsung boot image packaging
CLEAN	60a7de072b918146fe539e5f8e3cadbf2207224a	UPSTREAM: userfaultfd: document _IOR/_IOW	
CLEAN	1407b116e224e4e53aa90f95a75d12282dff131d	UPSTREAM: userfaultfd: correct the write-protect feature comment	
CLEAN	5ffce4a09a810424117de8c6f25424db8e2e6988	UPSTREAM: userfaultfd: convert BUG() to WARN_ON_ONCE()	
CONFLICT	fad9a6a81aa66855d7c1d63588c9078f58a1bd3e	UPSTREAM: userfaultfd: use vma_is_anonymous	fs/userfaultfd.c
CLEAN	b8c1a73930c9853f655c3ff6472d3d8734844509	UPSTREAM: userfaultfd: Split the find_userfault() routine	
CLEAN	689b8b8af003ed31b3d4f214d1209edb7d36cf1b	UPSTREAM: userfaultfd: report events other than page faults	
CLEAN	63cc7b2e71d512f8b7268fe5c288a5b64b1f3613	UPSTREAM: userfaultfd: report all available features to userland	
CLEAN	44e384d4a0ab5cee98d79694abda8912687fa30a	BACKPORT: userfaultfd: non-cooperative: Add fork() event	
CLEAN	b508bac1feae177e3a4fd6f57b70021f2c8bbb5b	UPSTREAM: userfaultfd: dup_userfaultfd: use mm_count instead of mm_users	
CLEAN	e01da31fec164c1c68a0b8d00f43fc159c1edebe	UPSTREAM: userfaultfd: non-cooperative: add mremap() event	
CLEAN	15bc8e04eaeb2d53dc6f164fd478afe5d33079ce	UPSTREAM: userfaultfd: optimize mremap_userfaultfd_complete()	
CLEAN	5956ea93be1a7ce4920772c75add41bab160bf64	UPSTREAM: userfaultfd: add madvise() event for MADV_DONTNEED request	
CLEAN	483fcb76941017670557d23013d367c706a42adb	UPSTREAM: userfaultfd: avoid MADV_DONTNEED race condition	
CLEAN	fe566e2232e9eba1fba812415d1fe7f8a756d989	UPSTREAM: userfaultfd: wake userfaults after UFFDIO_UNREGISTER	
CLEAN	372b8197c6329f84be97bbfed9bfc5de000b0566	UPSTREAM: hugetlb: add copy_huge_page_from_user	
CLEAN	e988f46067f32fc0fb6ecc8f3939b3994fca0e24	UPSTREAM: hugetlb: add hugetlb_mcopy_atomic_pte for userfaultfd support	
CONFLICT	880ea49bde408b826ee8a8d04052958de14571f4	UPSTREAM: hugetlb: add __mcopy_atomic_hugetlb for huge page UFFDIO_COPY	mm/userfaultfd.c
CLEAN	c6c3a65de2dd9691dfad3b8a76e7e319708d9712	UPSTREAM: hugetlb: fix __mcopy_atomic_hugetlb retry/error processing	
CLEAN	0409ccca4d11019bd8f82c4a7b55027864cd57db	UPSTREAM: userfaultfd: hugetlbfs: add userfaultfd hugetlb hook	
CONFLICT	f0f30b4639c283ae74b4546848914c6fd2877bad	UPSTREAM: hugetlb: allow registration of ranges containing huge pages	fs/userfaultfd.c
CLEAN	b035fbd0d8aa2018921c04ddca6b24dbe9e7998e	UPSTREAM: userfaultfd: hugetlbfs: add userfaultfd_hugetlb test	
CLEAN	c2591e004960b25ba050bfcc1b2a839625518f17	BACKPORT: hugetlb: userfaultfd_huge_must_wait for hugepmd ranges	
CLEAN	4cc3fc773cf17ff23e0d699b4f8647169d5ec88b	BACKPORT: userfaultfd: hugetlbfs: gup: support VM_FAULT_RETRY	
CLEAN	dcef321715cf811459e0c0f5514f798ffc3751bd	UPSTREAM: hugetlb: reserve count on error in __mcopy_atomic_hugetlb	
CLEAN	980d15e97e5e1e3fb2d49679fc08125a874ef880	UPSTREAM: userfaultfd: hugetlbfs: UFFD_FEATURE_MISSING_HUGETLBFS	
CONFLICT	9114ddb3b20f571967035f0c515a0c615e0e4b56	UPSTREAM: userfaultfd: introduce vma_can_userfault	fs/userfaultfd.c
CLEAN	c3b17a0b3f376385708add045ad627e6f11cc8a3	BACKPORT: shmem: add shmem_mcopy_atomic_pte for userfaultfd support	
CLEAN	319c5ceed0aff9914fec77f16b1cc9b561dbea23	BACKPORT: userfaultfd: shmem: introduce vma_is_shmem	
CLEAN	3c0a9ce7a20afca1fdad647e4be55c67ef447df7	UPSTREAM: userfaultfd: shmem: add tlbflush.h header for microblaze	
CLEAN	8081a8a7a73fcd8a052a0c5e9dbdd117b7d24448	UPSTREAM: shmem: use shmem_mcopy_atomic_pte for shared memory	
CLEAN	a4fd4b118d4abaf31c4dccee457acd098bdbc6e7	BACKPORT: shmem: add userfaultfd hook for shared memory faults	
CLEAN	ef1e0d65ccf39105adffad8def5940d6a332497c	UPSTREAM: userfaultfd: shmem: allow registration of shared memory ranges	
CLEAN	7fba943f016a5e8254a5a0e1e0bdcaa55a940176	UPSTREAM: hugetlb: add UFFDIO_COPY support for shared mappings	
CLEAN	ee51682349fb4d4e88cb985df63b8f950ca6cb2a	UPSTREAM: userfaultfd: hugetlbfs: UFFD_FEATURE_MISSING_SHMEM	
CLEAN	091ba1b2ae519e5882330b88eb904364e7c97d3b	UPSTREAM: userfaultfd: shmem: add userfaultfd_shmem test	
CLEAN	4c6dbc001d92f55c071c09c8b07266199567b8a6	UPSTREAM: shmem: lock the page before adding it to pagecache	
CLEAN	99739c021cf3467d69394e447082710f54704f10	UPSTREAM: shmem: avoid a lockup resulting from corrupted page->flags	
CLEAN	059cdca5b6cd9d5c55a49fd4431080b613e7838c	UPSTREAM: shmem: avoid leaking blocks and used blocks in UFFDIO_COPY	
CLEAN	b43aef4ec55dc24121a2e9e8583b1f13a0c8cb5f	BACKPORT: userfaultfd: rename *EVENT_MADVDONTNEED to *EVENT_REMOVE	
CLEAN	bbb33e09c212b6c84e65e1e1276acab0d34031b7	BACKPORT: userfaultfd: non-cooperative: add event for memory unmaps	
CLEAN	3a3746eeefc581315364bd7596fc056d0d383332	UPSTREAM: userfaultfd_copy: return -ENOSPC in case mm has gone	
CONFLICT	e9357b031a71914d705a478dd8c06e1913f095e5	UPSTREAM: userfaultfd: return ENOENT for incompatible copy VMAs	mm/userfaultfd.c
CLEAN	97b90ca4136cfd375a694f8b980409ec9cfdb1bc	UPSTREAM: userfaultfd: non-cooperative: robustness check	
CLEAN	bd4ae22dced014c9aeb7b53f40ebf0af12d80a8d	UPSTREAM: userfaultfd: release all ctx in dup_userfaultfd_complete	
CLEAN	ecf25a94bbe498484256d7c4653d1c7423557de7	UPSTREAM: userfaultfd: non-cooperative: fix fork fctx->new memleak	
CLEAN	4fadc5a2f63dfb1d8e6e7886f58ac4c9be63cf43	UPSTREAM: userfaultfd: add madvise() event for MADV_REMOVE request	
CLEAN	1bac53f8fe0d14f954b0738de10d6d43592b6fc7	BACKPORT: userfaultfd: revalidate VMAs during MADV_DONTNEED	
CLEAN	76f59c11e731af568389d05bce3b6d3e06cafee8	UPSTREAM: userfaultfd: remove wrong comment from userfaultfd_ctx_get()	
CLEAN	9fe6ec27d9ce8939198eb673143e2ffdacd68a55	UPSTREAM: userfaultfd: report actual registered features in fdinfo	
CLEAN	f6af13d35ccb2b8e99b0f1429421a9549e7fa112	BACKPORT: userfaultfd: shmem: handle coredumping in handle_userfault()	
CLEAN	8e5f391035088c568061bbd3c0ff1e97bdde358f	UPSTREAM: fs/userfaultfd.c: drop dead code	
CLEAN	3f5c8aa6ddeca5678ac1e89f718144451d07bd6c	UPSTREAM: userfaultfd: notify about unmap of destination during mremap	
CLEAN	efae61dcae72a42df120c7cb0e49f867d6aa5664	UPSTREAM: userfaultfd_zeropage: return -ENOSPC in case mm has gone	
CLEAN	c0035fd645898fd3a5623659f0b019051512e13a	UPSTREAM: userfaultfd: non-cooperative: flush event_wqh at release time	
CLEAN	47ff17e886fc0d7afe7062f36a1c68282d88fc53	UPSTREAM: hugetlb: remove superfluous page unlock in VM_SHARED case	
CLEAN	ed47413583c7a41d6ee996a39f3823eb8412edf0	UPSTREAM: userfaultfd: return ESRCH when the target mm is gone	
CLEAN	a23b55122ea28376d28c2f66992cac35533831bd	UPSTREAM: mm/mremap: fail map duplication attempts for private mappings	
CLEAN	a06de546304c658d874d3e6f1d5bc0caa386edac	UPSTREAM: userfaultfd: advertise ZEROPAGE for shmem VMAs	
CLEAN	888c514b4941ef499b7124c8a405d2f22a4c1b94	BACKPORT: shmem: introduce shmem_inode_acct_block	
CLEAN	41cc9ac7e1c35172b545c7e5e33caaf45bbe1efb	BACKPORT: shmem: add shmem_mfill_zeropage_pte for userfaultfd support	
CLEAN	db6eb639a64c169c073df6895ccf989ab5b01590	UPSTREAM: userfaultfd: mcopy_atomic: introduce mfill_atomic_pte helper	
CLEAN	fe41ca801e4ba3647531e6ae030a426080dfe62d	UPSTREAM: userfaultfd: shmem: wire up shmem_mfill_zeropage_pte	
CLEAN	478d3b6c7ea5872bbf25827d552e9cebdb1bf558	BACKPORT: mm: userfaultfd: add feature to request for a signal delivery	
CLEAN	8a9ebf480d4649ee85fdb2d8cf4a088037b413a1	BACKPORT: userfaultfd: provide pid in userfault msg	
CLEAN	8c554e9b60542683c560e950ffa327e3114bcdbc	UPSTREAM: userfaultfd: provide pid in userfault msg - add feat union	
CLEAN	0a4abefd84822831f674d657de82bacd1296aae6	BACKPORT: userfaultfd: closing the uffd without triggering SIGBUS	
CLEAN	0874681963414462fa4b4e3b38a88c617603f4e0	BACKPORT: userfaultfd: non-cooperative: fix fork use after free	
CLEAN	493863d1673682e2a874f1c3e070dab26412d191	UPSTREAM: hugetlb: prevent UFFDIO_COPY to fill beyond the end of i_size	
CLEAN	8fc2f2c55136b206b598958555bf12feeee3c5a5	BACKPORT: userfaultfd: clear the VMA context on fork event failure	
CLEAN	a1fc993d9cd93cd86c35d0fe8910e5038d1e3710	BACKPORT: hugetlb: fix userfaultfd_huge_must_wait() pte access	
CLEAN	e37c51f5018d058b9cd90551e339e7ff68d3194a	UPSTREAM: userfaultfd: clear VMA flags on fork event failure	
CLEAN	9940b4d908f0bbd1b4ee980bbebb6b8973e533c4	UPSTREAM: userfaultfd: return ENOENT on atomic user-copy failure	
CLEAN	3e6b09c34dc4908546e0e90022f03987c25f8489	UPSTREAM: shmem: allocate anonymous memory for MAP_PRIVATE shmem	
CLEAN	cedabbf7b1f8137afb7c02c1f69fa2951ccc232d	UPSTREAM: userfaultfd: shmem: add i_size checks	
CLEAN	376bd31c896cfc45555e0965b596ce8ad27f4431	UPSTREAM: shmem: UFFDIO_COPY: set the page dirty if VM_WRITE is not set	
CONFLICT	d5f2acfd8dc2cf471563c79bc50daf376d2b5d00	UPSTREAM: userfaultfd: require writable shmem and hugetlb VMAs	fs/userfaultfd.c mm/userfaultfd.c
CONFLICT	b07d07e8f01108dd6f755461192c937aef5edf99	UPSTREAM: userfaultfd: check registration before VM_MAYWRITE	fs/userfaultfd.c
CLEAN	2562cd54ab3e8c6141c082b6d0b8fc50e09f877e	BACKPORT: userfaultfd: add madvise() event for MADV_FREE request	
CLEAN	9c024897964d6f8348c2d63f20f2cfda4d504ae8	BACKPORT: userfaultfd: adapt fault and VMA hooks to 4.9	
CLEAN	e3eada3cb7214cb4f218127635cfc486224902cb	UPSTREAM: userfaultfd: restrict fork events to CAP_SYS_PTRACE	
CLEAN	31cc59b1e4115cd6df47bfbb659c46b848a59c26	UPSTREAM: shmem: disable IRQs while locking userfaultfd page counts	
CLEAN	363403ee2ce0612814fdfa6c79c1780c9e1c54d4	UPSTREAM: userfaultfd: release page in error path to avoid BUG_ON	
CLEAN	98a005594dd8eae364f9bd2e6ae8a22b68cda0c6	UPSTREAM: hugetlb: fix reservation underflow during UFFDIO_COPY	
CONFLICT	62d6ffb0111fc5ca4121a7bc4188046b45077aa1	BACKPORT: userfaultfd/sysctl: add vm.unprivileged_userfaultfd	kernel/sysctl.c
CLEAN	22747d11b692a1c60bd22f6e178e304e295afa4f	BACKPORT: userfaultfd: add UFFD_USER_MODE_ONLY	
CLEAN	4ee72c2c0d4c176e8f242123ccd83d75bfe8b0e9	UPSTREAM: userfaultfd: allow unprivileged user-mode-only faults	
CLEAN	9bbddd748050bbe48bc21aaf3dedca7283cc4a38	UPSTREAM: mremap: remove LATENCY_LIMIT to reduce TLB flushes	
CLEAN	c1a4e224dfd7427f3768e7e51cfcbdce4520b04c	UPSTREAM: mm: speed up mremap by 20x on large regions	
CLEAN	02689e0bb285cf9eeb41a35fa7b861079aea4c8d	BACKPORT: mremap: take the rmap write lock when moving page tables	
CLEAN	5b08bd969f4fd393c792629389a9c75e1cc78091	BACKPORT: hugetlb: pass vma into huge_pte_alloc() and huge_pmd_share()	
CLEAN	35231d76fa2ed53dc7a6e88c02efb5c9f10c9b3e	BACKPORT: hugetlb/userfaultfd: forbid huge pmd sharing when uffd enabled	
CLEAN	36328350edc06f16b56c4726f94515d60d672d33	BACKPORT: hugetlb: unshare PMDs for userfaultfd registration	
CONFLICT	10a07035a7e70b88081967b42b148865beffafcf	BACKPORT: userfaultfd: add minor fault registration mode	arch/arm64/Kconfig fs/userfaultfd.c
CLEAN	2b90527ba5830f0c963085a163ac996d9625480c	UPSTREAM: userfaultfd: disable PMD sharing for minor-fault VMAs	
CLEAN	195e5cafde3e94759b3db75216663e5054d8cd01	BACKPORT: userfaultfd: serialize mapping events with atomic copies	
CLEAN	aa2278c7b5fba3fe02297c5ee734a7a129163815	BACKPORT: hugetlb: only compile UFFD helpers if config enabled	
CLEAN	e54ed5fed1da4f9815953f7d522390c356e84b88	UPSTREAM: userfaultfd: check mmap_changing after hugetlb retries	
CLEAN	8276eae6b80c31b9b34d991847972d560be84c0f	BACKPORT: userfaultfd: add UFFDIO_CONTINUE ioctl	
CLEAN	b3d64a7f62292f5407a6affcce299aa1c380374d	BACKPORT: userfaultfd/hugetlbfs: Fix minor fault page leak	
CLEAN	de6215d23c1dcc9bfd18f9d8810736f477298eb1	BACKPORT: mm/mremap: add MREMAP_DONTUNMAP to mremap()	
CLEAN	e80ec4ff73ebb61c17c706a907e31725dd1ea9cc	UPSTREAM: mm: Fix MREMAP_DONTUNMAP accounting on VMA merge	
CLEAN	b1395a3ab5e183546e6239162069cb276fbd0b5c	UPSTREAM: userfaultfd: fix remap event with MREMAP_DONTUNMAP	
CLEAN	05fa5602b9eefce6f5eedabe2c535ca6019ba922	BACKPORT: mremap: check memory commitment for MREMAP_DONTUNMAP	
CLEAN	a446c58f8ed3fbc40aabd38caf0a430e6e73dc33	UPSTREAM: mm: Extend MREMAP_DONTUNMAP to non-anonymous mappings	
CLEAN	7bf242258f3ff4fd050c5152ba96e53ed064fdc2	UPSTREAM: mm/mremap: don't account pages in vma_to_resize()	
CLEAN	22c341e4f2be7d8bbf0cfe7eea818d76f459ba14	BACKPORT: userfaultfd: wp: add UFFDIO_COPY_MODE_WP	
CLEAN	33178cb68c73867f35e8cc061cf4ba189ea7d35d	BACKPORT: ANDROID: userfaultfd: add MMAP_TRYLOCK mode for COPY/ZEROPAGE	
CLEAN	510049e63eebbdfdd686827629149fa71adad9ba	BACKPORT: userfaultfd: wp: add helper for writeprotect check	
CLEAN	463d2c107e16943c7b84027fb2853c1bce78dcc9	BACKPORT: ANDROID: userfaultfd: abort on mmap lock contention	
CLEAN	fa6c97822041392f1b561172a67f30fa6f6eef8b	BACKPORT: userfaultfd: combine shmem copy and zeropage helpers	
CLEAN	cf4a9c5cfe43f56664692d4be533ffa2df418aef	BACKPORT: userfaultfd/shmem: support minor fault registration for shmem	
CLEAN	de8543b3d176fa70b3327b60ce7fdad146db5d69	BACKPORT: userfaultfd/shmem: advertise shmem minor fault support	
CLEAN	660ab0e0404856520a7681fef36b94a0e0d1add9	BACKPORT: userfaultfd/shmem: support UFFDIO_CONTINUE for shmem	
CLEAN	5c51c1f27a10e0784f84af33e6e70862145f9de1	BACKPORT: userfaultfd: use the common shmem PTE installer	
CLEAN	540b679ae537c2b68f591fb9549cd6f18f4c42e1	BACKPORT: userfaultfd: fix UFFDIO_CONTINUE ioctl request definition	
CLEAN	23b7f129372ef9ee1617b936aa821e59d23a2305	BACKPORT: userfaultfd: don't retake mmap_sem to emulate NOPAGE	
CONFLICT	f75397804369588adc2cf5734fa142d9332cf237	BACKPORT: mm: introduce FAULT_FLAG_INTERRUPTIBLE	arch/arm64/mm/fault.c include/linux/mm.h
CLEAN	25e01c55260e9929dc3b5bf022816758a3d745b7	BACKPORT: mm/userfaultfd: honor FAULT_FLAG_KILLABLE in fault path	
CLEAN	3b8b7b157794d37e02d7f1abf942f25672483f87	UPSTREAM: shmem: use page_mapping() for UFFDIO_CONTINUE	
CLEAN	7a9460ebfba64a4aaac0193a25122296506ed020	BACKPORT: userfaultfd: change mmap_changing to atomic	
CLEAN	7871cdacba838d9d714778743940c9b74fa2a20c	BACKPORT: userfaultfd: prevent concurrent API initialization	
CLEAN	7e8d3609be70a068f84ece6dd06bbcee8d174dc5	BACKPORT: hugetlb: preserve cached page mappings in UFFDIO_CONTINUE	
CLEAN	ebed483ba802f326269a37e2c787e0b51eead749	BACKPORT: mm/mremap: fix unaccount of memory on vma_merge() failure	
SKIPDEV	9c1ff78626a90bf1ccaa22aa8ab63e26b60e7afc	[exynos9810] defconfig: Enable userfaultfd
CLEAN	f708fe4dbb57abe4152278ad185427cffc10758d	BACKPORT: userfaultfd: retain trylock mode across huge-page retries	
CLEAN	9a6971536a354ba45fb3cf6dea11e9464050f653	BACKPORT: userfaultfd: preserve 4.9 memcg charge ordering	
SKIPDEV	fd46c17c486682c8b59a8e23b25b2936249f24a9	[exynos9810] defconfig: Regenerate configs
CLEAN	f7f24703e9ea4886a8347f137b979b9409bb91d0	selftests: vm: cover Android userfaultfd requirements	
CLEAN	82aca390d199b9f50fb22aa265fd3f75ca06a3b0	BACKPORT: bpf, capability: Introduce CAP_BPF	
CONFLICT	bca02018e7d032a62dc579e98824216db72d753d	BACKPORT: bpf: Implement CAP_BPF	kernel/bpf/hashtab.c
CLEAN	b0e1089448b19532a641d0bc5c40c4729bc69dc3	BACKPORT: bpf: Preserve CAP_SYS_ADMIN for networking programs	
CLEAN	72cd6066df9fbb0593b236d1f058cef2ae6b610a	BACKPORT: capabilities: Introduce CAP_CHECKPOINT_RESTORE	
CLEAN	5a9b37fd30e810f33929213ccc90e770f54ad09c	BACKPORT: pid_namespace: Allow checkpoint restore for ns_last_pid	
CLEAN	ec4b9048289cacc74ad0e14c199d2870dfb0e541	BACKPORT: proc: Allow checkpoint restore to follow map_files	
CLEAN	69b09df694494103cc11235138f8f3ebd4d827a8	BACKPORT: prctl: Allow local CAP_SYS_ADMIN changing exe_file	
CLEAN	f02bd5254a42dcec84957e903570189be60d44f2	BACKPORT: prctl_set_mm: Move capability checks out of validation	
CLEAN	a0e8c6e64ef1d09fd50584cf0e5edc6152e5b85e	BACKPORT: prctl: Allow local CAP_CHECKPOINT_RESTORE for exe_file	
CLEAN	40306d047e4b0e88894dd5ecb7b338e685d90084	BACKPORT: prctl: Return EPERM for exe link permission failures	
CLEAN	2490b7869c5eea74af49cddf9178b48e2cd2031f	selftests: capabilities: Cover Android capability backports	
CLEAN	dfb83574fad5fd1c85239f055294c94e9aad120e	ANDROID: fuse-bpf: Guard the backing lookup exit label	
CLEAN	366511fc76e2a9917d8dfc57b4dc6ce4f64be79e	ANDROID: fuse-bpf: Handle casefolded backing dentries	
CLEAN	52fe075490ac7e07d649a4aa982cc2af7df901ea	selftests: fuse: Cover casefolded backing directories	
CONFLICT	c8b2d2af17be2e526bb05609335244aadab5bf4b	ANDROID: refcount: Fix linkage of out-of-line helpers	include/linux/refcount.h
CONFLICT	554b84a02e00ada79053dd123c30641b10a42704	ANDROID: f2fs: Restore compression context reference types	fs/f2fs/data.c fs/f2fs/f2fs.h
CLEAN	4495fc5deda271222f0cc949e0c2a669339bc37b	BACKPORT: lib: update LZ4 compressor module	
CLEAN	b81d3b749b5de13c7ebd273e6c5f2bfae1ff8d02	BACKPORT: lib/decompress_unlz4: Use the new LZ4 API	
CLEAN	96ac2bba8a7f901e05dbadd8bf6f8d0a981a90d5	BACKPORT: crypto: Convert LZ4 users to the new library API	
CLEAN	77786f3116a63718fb009ce9f3461c12fe32ec32	BACKPORT: pstore, squashfs: Convert to the new LZ4 API	
CLEAN	843a44ec8f8ca441150059385a756e198d7f7dfa	BACKPORT: lib/lz4: remove back-compat wrappers	
CLEAN	92c9dea7dc58f1060dc83f357bc71218f10a9621	BACKPORT: lib/lz4: Make decompression tables static const	
CLEAN	3978d91ff5c38507353265a2f5b30ceb8a72bf75	BACKPORT: lib/lz4: update LZ4 decompressor module	
CLEAN	dc0148feafab8d5e565afd94cc1af454d37f3bbf	BACKPORT: lz4: do not export static symbol	
CLEAN	d656b30a84c4d490835615aac939a5b14e49936b	BACKPORT: lib/lz4: Document deliberate bitwise boolean operations	
CLEAN	a58dd2de021e986c85995014f15a2cadfe6f3c0e	BACKPORT: lz4: fix kernel decompression speed	
CLEAN	a8560e54a170be7453d7413d8341fa0164e97e0b	BACKPORT: lib/lz4: explicitly support in-place decompression	
CLEAN	29972241c52d889dee6ea6d1cfddcaa1fcbec38c	BACKPORT: lz4: Make the prefix decoder static	
CLEAN	50ead13c5f949a9b118c0fd1831debc0114ae2d7	BACKPORT: lz4: fix LZ4_decompress_safe_partial read out of bound	
CLEAN	6edce1237ab157645b62e838732eab12d33918f4	BACKPORT: zsmalloc: Fix page migration races during deferred free	
CLEAN	ada5d0c9970d9d290efc1bebd8418446b26e95f7	BACKPORT: sched/psi: Fix sampling after long idle periods	
CLEAN	b8c12cd737f0938a69e3891484952f0a819d2d4e	BACKPORT: psi: Fix a division error in psi poll()	
CLEAN	e920275288faa0c7ed46617eb258833afa9c2367	BACKPORT: sched/psi: Fix OOB write when writing 0 bytes to PSI files	
CLEAN	327f75d23027f88034ae106ea677936526fc5759	BACKPORT: sched/psi: Fix use-after-free in ep_remove_wait_queue()	
CONFLICT	138179e5ccbab01088740de7cc48b02723ea2e31	BACKPORT: mm: introduce MADV_COLD	mm/internal.h mm/madvise.c
CLEAN	3bfa719fe7044d402d4e389754b3b5e08d9b18a2	BACKPORT: mm: change PAGEREF_RECLAIM_CLEAN with PAGE_REFRECLAIM	
CLEAN	47d10743ccd7a55cf12741be471933e518ef57b1	BACKPORT: mm: introduce MADV_PAGEOUT	
CONFLICT	e7751e04e9d17d65076aade17ba392486bb430f1	BACKPORT: mm: factor out common parts between MADV_COLD and MADV_PAGEOUT	mm/madvise.c
CLEAN	61fb90b366a6f1c6f0e0ef7e73272879d9b5c375	BACKPORT: mm: fix trying to reclaim unevictable lru page when calling madvise_pageout	
CLEAN	3c4e990139958f1ca749c9acec38d87f7a02f5a1	BACKPORT: mm: do not allow MADV_PAGEOUT for CoW pages	
CLEAN	479049fc58b1f845047dc36522719c8301bed9e0	BACKPORT: mm: validate pmd after splitting	
CLEAN	311afff1b8db1813ed1de354361d36672b6e2394	BACKPORT: mm: fix madivse_pageout mishandling on non-LRU page	
CLEAN	51dc6879d43681e3e89509c1589eb40fe18c7ff4	BACKPORT: mm: close theoretical race where stale TLB entries could linger	
CLEAN	07a57436a751e0494c3d2544099fe5e2698b0db7	BACKPORT: mm/madvise: pass mm to do_madvise	
CLEAN	736ccc4e78681759cfe49c0c23c85df3d76805ef	BACKPORT: mm/madvise: introduce process_madvise() syscall: an external memory hinting API	
CLEAN	c4ce5d10050104536811a302236a6ccd434c9953	BACKPORT: mm/madvise: fix memory leak from process_madvise	
CLEAN	9efe38a2c53dad02ff18c933a97d5f1dffe9ca73	BACKPORT: mm/madvise: remove racy mm ownership check	
CLEAN	f4564c808a3bcac1e232549511692d3b138a1c6d	BACKPORT: mm/madvise: replace ptrace attach requirement for process_madvise	
CLEAN	2a0b443ea6d0fe9499eed24e518e421b5aa65b57	BACKPORT: mm: madvise: return correct bytes advised with process_madvise	
CLEAN	1b9a5a73fc22a586555bdaa6c854b287989061dd	BACKPORT: cgroup: Keep accurate count of tasks in each css_set	
CLEAN	da169b3e8c55ceccb5515ceaf44018c52b0ae2d4	BACKPORT: cgroup: implement __cgroup_task_count() helper	
CLEAN	14364154bee73d529d848a7bdbc16f586bcd8a13	BACKPORT: cgroup: keep track of number of descent cgroups	
CLEAN	1e54fb430fa35c4e92e1d9fa4ac8f1e2e3c9ada6	BACKPORT: cgroup: protect cgroup->nr_(dying_)descendants by css_set_lock	
CLEAN	eed582f85f0cdab8f2afd28a2d190f93ed074dde	BACKPORT: locking/lockdep: Factor out the find_held_lock() helper function	
CLEAN	1a34a7a99a0281e0d99a0d44783bc2c0939ae076	BACKPORT: locking/lockdep: Factor out the validate_held_lock() helper function	
CONFLICT	57dbd53a0638be3ca2b8f79ddb28a9132e1b7e8d	BACKPORT: cgroup: cgroup v2 freezer	kernel/signal.c
CLEAN	5df235333669fe27ee26fe602ea9ef9765059ec0	BACKPORT: cgroup: prevent spurious transition into non-frozen state	
CLEAN	29175e5fa1de9d698157a1a97f5077c3df48ce13	BACKPORT: cgroup: get rid of cgroup_freezer_frozen_exit()	
CLEAN	69ef6bf7b93a5c0ea720dae19d158693ec6f7fa1	BACKPORT: cgroup: never call do_group_exit() with task->frozen bit set	
CLEAN	3f303fc3d89b990aba98b28882851dcfc03cf9ed	BACKPORT: signal: unconditionally leave the frozen state in ptrace_stop()	
CLEAN	85d1ba5a3921561f0f7c0b8482b38679c260e623	BACKPORT: cgroup: freezer: call cgroup_enter_frozen() with preemption disabled in ptrace_stop()	
CLEAN	b09ea9e07b09343848c79eb0fa5bd0582196af15	BACKPORT: cgroup: freezer: fix frozen state inheritance	
CLEAN	7c52e6f696a9e150cd9359d12eafd1c63aa8b119	BACKPORT: cgroup: freezer: don't change task and cgroups status unnecessarily	
CONFLICT	ee8a477b712d534e0b6911a4d242e171076bb2cb	BACKPORT: binder: BINDER_FREEZE ioctl	drivers/android/binder.c include/uapi/linux/android/binder.h
CONFLICT	e5dba8a19d084ed5d26e120bc5d472d32950b7e8	BACKPORT: binder: BINDER_GET_FROZEN_INFO ioctl	drivers/android/binder.c include/uapi/linux/android/binder.h
CLEAN	3a3a38abf5736c83a97802bfbf08b23a83fbdeac	BACKPORT: binder: fix freeze race	
CLEAN	bfa3903b5f340ab5c761388f61a630c3f0d41d49	cgroup: Allocate PSI state before publishing new groups	
CLEAN	5f6dabed96b8366c1c74d61cb26b8de1a058bb0f	selftests: vm: Cover Android process reclaim backports	
CLEAN	ccb1fb397630a7f445e367036b9b1f8b90abe6be	selftests: binder: Cover cached app freezer transactions	
SKIPDEV	e818381eb67f7219fd52592a3c410e8af91f4482	[exynos9810] fimc-is2: Free frame storage outside the spinlock
SKIPDEV	c1f4f76aef6ea0e7abc3dc43786b0c3df84a9477	[exynos9810] fimc-is2: Defer library spinlock cleanup
CONFLICT	74b2f258866bab11ea8940093e88fd4beaef622a	BACKPORT: sched/uclamp: Add CPU's clamp buckets refcounting	init/Kconfig kernel/sched/core.c
CLEAN	c86bfd9a4ae3a91f3b23db0b518f28f76450db6e	BACKPORT: sched/uclamp: Add bucket local max tracking	
CLEAN	64895384e5f03459c0206a1273b1e3f93ed99866	BACKPORT: sched/uclamp: Enforce last task's UCLAMP_MAX	
CONFLICT	2ece0aa41deef2b432bff965b3d145b0351e86b4	BACKPORT: sched/uclamp: Add system default clamps	include/linux/sched/sysctl.h
CLEAN	641a44c43bbba9ccc70ee3bdd6cc8b6622ca5869	BACKPORT: sched/core: Allow sched_setattr() to use the current policy	
CLEAN	bfb69594b22aac022f465bfa13cc69903ccd37f0	BACKPORT: sched/uclamp: Extend sched_setattr() to support utilization clamping	
CLEAN	4ef240909600765001490e2110ab6aee65862e9b	BACKPORT: sched/uclamp: Reset uclamp values on RESET_ON_FORK	
CLEAN	708424868e70b80ac65f644ba058b60b53a84d69	BACKPORT: sched/uclamp: Set default clamps for RT tasks	
CONFLICT	a2d0003b101b5888b9c4b9141467925fa73dc64d	BACKPORT: sched/cpufreq, sched/uclamp: Add clamps for FAIR and RT tasks	kernel/sched/cpufreq_schedutil.c kernel/sched/rt.c kernel/sched/sched.h
CLEAN	29c3a0630917dcf9468e94eabd7bc424a8568c09	BACKPORT: sched/uclamp: Add uclamp_util_with()	
CLEAN	59738ba16b29cda2a205c3214f3372bf27a5cfc3	BACKPORT: cgroup: add cgroup_parse_float()	
CLEAN	ed50d477d59af59b82d2a42d49c82a8bee6e2571	BACKPORT: sched/uclamp: Extend CPU's cgroup controller	
CLEAN	05b775d0616ddb3210cc76313d507e7c57536a60	BACKPORT: sched/uclamp: Propagate parent clamps	
CLEAN	9ab42af2d295b77258a919ecc2f250c09ae9344c	BACKPORT: sched/uclamp: Propagate system defaults to the root group	
CLEAN	dcecfbeeb90000d1960fdf3a3386786dde937775	BACKPORT: sched/uclamp: Use TG's clamps to restrict TASK's clamps	
CLEAN	2a55cd657f776b99a74e758a1753bd3a569a15d6	BACKPORT: sched/uclamp: Update CPU's refcount on TG's clamp changes	
CLEAN	73675ef9325dae7f41aadec50d0eb427afabf261	BACKPORT: sched/uclamp: Always use 'enum uclamp_id' for clamp_id values	
CLEAN	cebfd9fc5d200f1e1fb5d7c733087df269d3d33d	BACKPORT: sched/core: Fix uclamp ABI bug, clean up and robustify sched_read_attr() ABI logic and code	
CLEAN	90aa91da9ed3ffe9d73237bc7397b1aad53e22ff	BACKPORT: sched/core: Fix compilation error when cgroup not selected	
CLEAN	41c1c5647ae44a1fb6109b623d2cf11cc0fc6ea5	BACKPORT: sched/uclamp: Fix incorrect condition	
CLEAN	9852c6caf9b79e14056c4754bedc4bf109983c8f	BACKPORT: sched/uclamp: Fix overzealous type replacement	
CONFLICT	01abe0bedc2d3b60e0746b8aecbe774e739fdfcf	BACKPORT: sched/uclamp: Remove uclamp_util()	kernel/sched/cpufreq_schedutil.c
CLEAN	1cde8a31a6adc602db5e1373bc3c8679d6266986	BACKPORT: sched/uclamp: Make uclamp util helpers use and return UL values	
CONFLICT	70b95802146b22a1ecade3524920c86873349a5a	BACKPORT: sched/uclamp: Rename uclamp_util_with() into uclamp_rq_util_with()	kernel/sched/cpufreq_schedutil.c
CLEAN	e93ac7d08043604f06fe60064a138e04989b5639	BACKPORT: sched/uclamp: Fix a bug in propagating uclamp value in new cgroups	
CLEAN	19d0766f03056d87f2ea52e4f844ab82339662c7	BACKPORT: sched/core: Fix size of rq::uclamp initialization	
CLEAN	c1fbbb029e90a13f5a8219d3ca578a2bb34b49aa	BACKPORT: sched/uclamp: Reject negative values in cpu_uclamp_write()	
CLEAN	c45d2eca38a8edb73d8d674397fd4a1d5842155f	BACKPORT: sched/core: Fix reset-on-fork from RT with uclamp	
CLEAN	774d0245e00cad341afe643dedf4adb062daace8	BACKPORT: sched: Fix out-of-bound access in uclamp	
CLEAN	351e1c06dafdd7d29b5fc96cf9224222d9a3701a	BACKPORT: sched/uclamp: Fix initialization of struct uclamp_rq	
CONFLICT	45170da68469c92fc574bbe848f765fb430a4c68	BACKPORT: sched/uclamp: Protect uclamp fast path code with static key	kernel/sched/cpufreq_schedutil.c
CLEAN	210aad3e135349eea1d39018fa64f2c01cf0be4b	BACKPORT: sched/uclamp: Fix wrong implementation of cpu.uclamp.min	
CLEAN	43e56cbc78aadcae7507c3e2c3b73fb8493857e7	BACKPORT: sched/uclamp: Fix locking around cpu_util_update_eff()	
CLEAN	dcac11f9d6fc0a291e91bc3eb29595d72e26a50d	BACKPORT: sched/uclamp: Ignore max aggregation if rq is idle	
CLEAN	54c146060e46ef346404ea16d1e95626e9af06fb	BACKPORT: sched/uclamp: Fix a deadlock when enabling uclamp static key	
CLEAN	71463af8ca75a3d9af55dc8d0de5eba23ee58299	BACKPORT: sched/uclamp: Fix uclamp_tg_restrict()	
CLEAN	b5a9e57ed1754ebb5e13d097836e4431a5e582f1	BACKPORT: sched/uclamp: Fix rq->uclamp_max not set on first enqueue	
CLEAN	035c7dab607d54c27509b2ac7c5d246871ca2361	ANDROID: sched/core: Add a latency-sensitive flag to uclamp	
CONFLICT	7a60357da458d8a2e21fb457429b79d1551a1836	ANDROID: sched/core: Move SchedTune task API into UtilClamp wrappers	kernel/sched/core.c kernel/sched/fair.c kernel/sched/sched.h
CLEAN	3fd5977ad985eae486267ebe84963d956297aae6	ANDROID: init: kconfig: Only allow sched tune if !uclamp	
CONFLICT	3d3946a898f4c0c5f00a76fa9edf1774f05a7f3a	BACKPORT: sched/uclamp: Add uclamp support to energy_compute()	kernel/sched/ems/energy.c
SKIPDEV	7927351518f59bd58bde97b1ae1cc5a0ad96f0f7	[exynos9810] sched/cpufreq: Normalize boost before clamps
SKIPDEV	bbdfb6be2043cbc6041d094506c5d2813637932e	[exynos9810] sched: Connect EMS to utilization clamping
CLEAN	7eaf648fe67065348f6a7c522a5d6d7100f71e14	BACKPORT: sched/debug: Add task uclamp values to SCHED_DEBUG procfs	
CLEAN	fd2c4a2f572605d583bb5024818e9e9fb4b3daf7	BACKPORT: sched/debug: Fix requested task uclamp values shown in procfs	
CLEAN	72258324df6ced298b9481b36a8de77b2e1df01a	sched/uclamp: Protect latency group access on Linux 4.9	
CONFLICT	813a92f62045c8d2b1c03937baf93b81b19ff36c	ANDROID: Re-use SUGOV_RT_MAX_FREQ to control uclamp rt behavior	kernel/sched/features.h
SKIPDEV	f5d73dedca7340790a31f26b66b7ede766f3584b	[exynos9810] defconfig: Enable utilization clamping
CLEAN	d857d00db3088fef25c3dba5dddbb52266da2758	sched/debug: Protect effective clamp group lifetime	
CLEAN	5b36c3722c83a21b120cc344c47da9684075d4cf	selftests: sched: Cover utilization clamping backport	
CONFLICT	f42292cb28b8bed73d4e4cce65ebc272f0ce796c	BACKPORT: sched/fair: Make EAS wakeup placement consider uclamp restrictions	kernel/sched/ems/st_addon.c kernel/sched/fair.c
SKIPDEV	2f6a2cced8621d87b3daf67fd21d263c4576adec	[exynos9810] sched/rt: Build load tracking without RT groups
SKIPDEV	21985d5eb49865c88d0dc7e9a1148a140d2666d5	[exynos9810] sched/rt: Guard the group-only load attachment
SKIPDEV	442c78ee278e934b16459d3e6aba6129a57d6eda	[exynos9810] defconfig: Disable RT group scheduling
CLEAN	bd31684f5141e214f7d41731123e6761cccb209f	selftests: sched: Cover RT tasks in uclamp groups	
CLEAN	be51b7407f652b0aacaa2abab77e93f8d9b1fe67	BACKPORT: mm/memcontrol: exclude @root from checks in mem_cgroup_low	
CLEAN	ace1646e2ab7cb60704f2c456b3f45886dbb3855	BACKPORT: mm, memcg: reset memory.low during memcg offlining	
CLEAN	68e5123ab210e609450d869956166a460cb6a2af	BACKPORT: mm: rename page_counter's count/limit into usage/max	
CLEAN	c17076e92f16b267179a47b6471eff961a80513b	BACKPORT: mm: memory.low hierarchical behavior	
CLEAN	c136ec578e9b0346dad88afcee079733a3c5dfbb	BACKPORT: mm: treat memory.low value inclusive	
CLEAN	668d2f04e40d081fe7fdf903ffd667df3b786da6	BACKPORT: mm/docs: describe memory.low refinements	
CLEAN	f9574c09df5ada265fe43b64008a35a1f49c55ac	BACKPORT: mm/vmscan: more restrictive condition for retry in do_try_to_free_pages	
CLEAN	68ff75da8168e20ebec9859f88ebda369e106e69	BACKPORT: memcg: introduce memory.min	
CLEAN	d2048014a83ac883b0d085c818d65cf6a7b3999c	BACKPORT: mm: fix null pointer dereference in mem_cgroup_protected	
CONFLICT	fe1a3a244e2411218e3ea3e09c184911202d08af	BACKPORT: mm, memcg: proportional memory.{low,min} reclaim	mm/vmscan.c
CLEAN	e80059d8788a9c586eed48c7f3581c92d3bf3676	BACKPORT: mm, memcg: make scan aggression always exclude protection	
CLEAN	c4af3ba1132065b1c5f51db2755a29e041335097	BACKPORT: mm: memcontrol: fix memory.low proportional distribution	
CLEAN	678d8b5060879c94dc64005fb1fcc034e347bba5	BACKPORT: mm: memcontrol: clean up and document effective low/min calculations	
CLEAN	d4249b0057182fb78fb46921c3dd4716e521b51a	BACKPORT: mm: memcontrol: recursive memory.low protection	
CLEAN	e0b421ef152f9386a1b0780a3730d6bcc5903203	BACKPORT: mm, memcg: prevent memory.low load/store tearing	
CLEAN	cc80cfeb924687193db49e7623bb16024fb23692	BACKPORT: mm, memcg: prevent memory.min load/store tearing	
CLEAN	afcf90cf49e493982b13d5f9bad047fd16921495	BACKPORT: mm: memcontrol: handle div0 crash race condition in memory.low	
CLEAN	ad58f1e4bf6af12d7de9d98add0bb920ee7b92a9	BACKPORT: mm/page_counter.c: fix protection usage propagation	
CLEAN	38b6ff4a3d12d78f452e174fd5d9dc321f7b27b8	BACKPORT: mm/page_counter: fix various data races at memsw	
CLEAN	fffbb611ed9c05b75c6dce27ccbd61cc24349145	BACKPORT: mm, memcg: avoid stale protection values when cgroup is above protection	
CLEAN	ef5510c87b75d6f0b493d8ca7b57c9eecb797210	BACKPORT: mm, memcg: prevent mem_cgroup_protected store tearing	
CLEAN	fa8a9acc0e0e69b03355a58605e7ea1970a4ef9e	BACKPORT: mm/memcontrol.c: prevent missed memory.low load tears	
CLEAN	558f881ed8ab26c62b83287b1233de713b6d6427	BACKPORT: mm, memcg: decouple e{low,min} state mutations from protection checks	
CLEAN	4936b7e2c3c78cd1c2f90e2727018510219e550f	BACKPORT: mm: page_counter: mitigate consequences of a page_counter underflow	
CLEAN	f409d7211cd86f0e3bce2db21d357deeafbd2967	BACKPORT: mm: memcontrol: fix occasional OOMs due to proportional memory.low reclaim	
CLEAN	866a8e90e24a2a7a53b3909938b6ff97c95010f9	BACKPORT: mm,vmscan: fix divide by zero in get_scan_count	
CLEAN	fdab0dedcab72c3969f6c174bd031f592f66ce33	BACKPORT: mm/page_counter: remove an incorrect call to propagate_protected_usage()	
CLEAN	745ae258c294f13d99287500f3e8bf49f6c424f5	BACKPORT: mm: memcg: fix stale protection of reclaim target memcg	
CONFLICT	d38f71d564612447d24bb9b861114bb92f368702	BACKPORT: mm: don't avoid high-priority reclaim on unreclaimable nodes	mm/vmscan.c
CONFLICT	1c225cfcb9588e0459fd6c3b88e2f4ad02f2c09f	BACKPORT: mm: don't avoid high-priority reclaim on memcg limit reclaim	mm/vmscan.c
CLEAN	ab3cb159a97471367d6a093d5190387da6b3c696	selftests: cgroup: Cover recursive memory protection	
CLEAN	7d6d0f5c373fd0a5fcb7d637f8f3a661cda5a267	BACKPORT: locking/rwsem-xadd: Add killable versions of rwsem_down_read_failed()	
CLEAN	a034b95ad24ae4e7aa447ea85b12944a8c26ef24	BACKPORT: locking/rwsem-spinlock: Add killable versions of __down_read()	
CLEAN	4748a92c6ce9fb692d40714570ca00d68e3f5b06	BACKPORT: locking/arch, alpha: Add __down_read_killable()	
CLEAN	5ab985307cf9f311f8c3f9fcfe1e228a3ee931a6	BACKPORT: locking/arch, ia64: Add __down_read_killable()	
CLEAN	126b22b2d43a9ce3a23ba67a47dda5daf8d83197	BACKPORT: locking/arch, s390: Add __down_read_killable()	
CLEAN	4dcdc732776c49aba8dcf72808831a5d511654b4	BACKPORT: locking/arch, x86: Add __down_read_killable()	
CLEAN	895a741b7d4aa040eb1f58799cb0cf66c54eb957	BACKPORT: locking/rwsem: Add down_read_killable()	
CONFLICT	2e700093ca33d5e93d729fca394956504058f3b0	mm, oom: Share address-space reaping with process_mrelease	mm/oom_kill.c
CONFLICT	e987691659c0deb0362ebb39c32fba828ab8c3e9	BACKPORT: mm: introduce process_mrelease system call	mm/oom_kill.c
CLEAN	030886f39a445cfdd15c6027bf0e5e750cc9fef9	BACKPORT: mm/oom_kill.c: prevent a race between process_mrelease and exit_mmap	
CLEAN	11c19a7b09386e0584163c77a1122f044ea2ebb8	BACKPORT: oom-reaper: use madvise_dontneed() logic to decide if unmap the VMA	
CLEAN	e0c1326972d7575ce6cc6031e9eab497aec97896	mm, oom: defer final teardown after process_mrelease	
CONFLICT	996b9f83a3fa41a5ec59b91888b2f4e52600d402	BACKPORT: mm: wire up syscall process_mrelease	arch/arm/tools/syscall.tbl
CONFLICT	2c78b1ed7bde052023bea14ed2e3ceb65e867ae8	BACKPORT: mm/page_alloc: add trace event for totalreserve_pages calculation	include/trace/events/kmem.h
CLEAN	baa585f67e0efc9f1efa046d0b0e76955ca4c8d5	selftests: vm: Cover process_mrelease and process exit races	
