file:line	symbol	change
drivers/platform/msm/ipa/ipa_api.c:2938	cb	BENIGN/NOTE struct sk_buff.cb: sdm670 already has char cb[48] (skbuff.h:662 @ a30605a54f3b) == series head baa585f67e0e:749; the 72->48 shrink was MPTCP-only in the Exynos base and sdm670 has no MPTCP. IPA touches only cb[0..4]. Other hits are IPA-local struct ipa_smmu_cb_ctx *cb / a cb() fn ptr / DT "*-cb" strings.
drivers/platform/msm/ipa/ipa_api.c:2939	cb	BENIGN/NOTE struct sk_buff.cb: sdm670 already has char cb[48] (skbuff.h:662 @ a30605a54f3b) == series head baa585f67e0e:749; the 72->48 shrink was MPTCP-only in the Exynos base and sdm670 has no MPTCP. IPA touches only cb[0..4]. Other hits are IPA-local struct ipa_smmu_cb_ctx *cb / a cb() fn ptr / DT "*-cb" strings.
drivers/platform/msm/ipa/ipa_api.c:2940	cb	BENIGN/NOTE struct sk_buff.cb: sdm670 already has char cb[48] (skbuff.h:662 @ a30605a54f3b) == series head baa585f67e0e:749; the 72->48 shrink was MPTCP-only in the Exynos base and sdm670 has no MPTCP. IPA touches only cb[0..4]. Other hits are IPA-local struct ipa_smmu_cb_ctx *cb / a cb() fn ptr / DT "*-cb" strings.
drivers/platform/msm/ipa/ipa_clients/ipa_gsb.c:804	cb	BENIGN/NOTE struct sk_buff.cb: sdm670 already has char cb[48] (skbuff.h:662 @ a30605a54f3b) == series head baa585f67e0e:749; the 72->48 shrink was MPTCP-only in the Exynos base and sdm670 has no MPTCP. IPA touches only cb[0..4]. Other hits are IPA-local struct ipa_smmu_cb_ctx *cb / a cb() fn ptr / DT "*-cb" strings.
drivers/platform/msm/ipa/ipa_clients/ipa_usb.c:500	cb	BENIGN/NOTE struct sk_buff.cb: sdm670 already has char cb[48] (skbuff.h:662 @ a30605a54f3b) == series head baa585f67e0e:749; the 72->48 shrink was MPTCP-only in the Exynos base and sdm670 has no MPTCP. IPA touches only cb[0..4]. Other hits are IPA-local struct ipa_smmu_cb_ctx *cb / a cb() fn ptr / DT "*-cb" strings.
drivers/platform/msm/ipa/ipa_clients/ipa_usb.c:507	cb	BENIGN/NOTE struct sk_buff.cb: sdm670 already has char cb[48] (skbuff.h:662 @ a30605a54f3b) == series head baa585f67e0e:749; the 72->48 shrink was MPTCP-only in the Exynos base and sdm670 has no MPTCP. IPA touches only cb[0..4]. Other hits are IPA-local struct ipa_smmu_cb_ctx *cb / a cb() fn ptr / DT "*-cb" strings.
drivers/platform/msm/ipa/ipa_clients/ipa_usb.c:510	cb	BENIGN/NOTE struct sk_buff.cb: sdm670 already has char cb[48] (skbuff.h:662 @ a30605a54f3b) == series head baa585f67e0e:749; the 72->48 shrink was MPTCP-only in the Exynos base and sdm670 has no MPTCP. IPA touches only cb[0..4]. Other hits are IPA-local struct ipa_smmu_cb_ctx *cb / a cb() fn ptr / DT "*-cb" strings.
drivers/platform/msm/ipa/ipa_clients/ipa_usb.c:511	cb	BENIGN/NOTE struct sk_buff.cb: sdm670 already has char cb[48] (skbuff.h:662 @ a30605a54f3b) == series head baa585f67e0e:749; the 72->48 shrink was MPTCP-only in the Exynos base and sdm670 has no MPTCP. IPA touches only cb[0..4]. Other hits are IPA-local struct ipa_smmu_cb_ctx *cb / a cb() fn ptr / DT "*-cb" strings.
drivers/platform/msm/ipa/ipa_v2/ipa.c:2122	cb	BENIGN/NOTE struct sk_buff.cb: sdm670 already has char cb[48] (skbuff.h:662 @ a30605a54f3b) == series head baa585f67e0e:749; the 72->48 shrink was MPTCP-only in the Exynos base and sdm670 has no MPTCP. IPA touches only cb[0..4]. Other hits are IPA-local struct ipa_smmu_cb_ctx *cb / a cb() fn ptr / DT "*-cb" strings.
drivers/platform/msm/ipa/ipa_v2/ipa.c:4711	cb	BENIGN/NOTE struct sk_buff.cb: sdm670 already has char cb[48] (skbuff.h:662 @ a30605a54f3b) == series head baa585f67e0e:749; the 72->48 shrink was MPTCP-only in the Exynos base and sdm670 has no MPTCP. IPA touches only cb[0..4]. Other hits are IPA-local struct ipa_smmu_cb_ctx *cb / a cb() fn ptr / DT "*-cb" strings.
drivers/platform/msm/ipa/ipa_v2/ipa.c:4719	cb	BENIGN/NOTE struct sk_buff.cb: sdm670 already has char cb[48] (skbuff.h:662 @ a30605a54f3b) == series head baa585f67e0e:749; the 72->48 shrink was MPTCP-only in the Exynos base and sdm670 has no MPTCP. IPA touches only cb[0..4]. Other hits are IPA-local struct ipa_smmu_cb_ctx *cb / a cb() fn ptr / DT "*-cb" strings.
drivers/platform/msm/ipa/ipa_v2/ipa.c:4720	cb	BENIGN/NOTE struct sk_buff.cb: sdm670 already has char cb[48] (skbuff.h:662 @ a30605a54f3b) == series head baa585f67e0e:749; the 72->48 shrink was MPTCP-only in the Exynos base and sdm670 has no MPTCP. IPA touches only cb[0..4]. Other hits are IPA-local struct ipa_smmu_cb_ctx *cb / a cb() fn ptr / DT "*-cb" strings.
drivers/platform/msm/ipa/ipa_v2/ipa.c:4721	cb	BENIGN/NOTE struct sk_buff.cb: sdm670 already has char cb[48] (skbuff.h:662 @ a30605a54f3b) == series head baa585f67e0e:749; the 72->48 shrink was MPTCP-only in the Exynos base and sdm670 has no MPTCP. IPA touches only cb[0..4]. Other hits are IPA-local struct ipa_smmu_cb_ctx *cb / a cb() fn ptr / DT "*-cb" strings.
drivers/platform/msm/ipa/ipa_v2/ipa.c:4726	cb	BENIGN/NOTE struct sk_buff.cb: sdm670 already has char cb[48] (skbuff.h:662 @ a30605a54f3b) == series head baa585f67e0e:749; the 72->48 shrink was MPTCP-only in the Exynos base and sdm670 has no MPTCP. IPA touches only cb[0..4]. Other hits are IPA-local struct ipa_smmu_cb_ctx *cb / a cb() fn ptr / DT "*-cb" strings.
drivers/platform/msm/ipa/ipa_v2/ipa.c:4729	cb	BENIGN/NOTE struct sk_buff.cb: sdm670 already has char cb[48] (skbuff.h:662 @ a30605a54f3b) == series head baa585f67e0e:749; the 72->48 shrink was MPTCP-only in the Exynos base and sdm670 has no MPTCP. IPA touches only cb[0..4]. Other hits are IPA-local struct ipa_smmu_cb_ctx *cb / a cb() fn ptr / DT "*-cb" strings.
drivers/platform/msm/ipa/ipa_v2/ipa.c:4733	cb	BENIGN/NOTE struct sk_buff.cb: sdm670 already has char cb[48] (skbuff.h:662 @ a30605a54f3b) == series head baa585f67e0e:749; the 72->48 shrink was MPTCP-only in the Exynos base and sdm670 has no MPTCP. IPA touches only cb[0..4]. Other hits are IPA-local struct ipa_smmu_cb_ctx *cb / a cb() fn ptr / DT "*-cb" strings.
drivers/platform/msm/ipa/ipa_v2/ipa.c:4738	cb	BENIGN/NOTE struct sk_buff.cb: sdm670 already has char cb[48] (skbuff.h:662 @ a30605a54f3b) == series head baa585f67e0e:749; the 72->48 shrink was MPTCP-only in the Exynos base and sdm670 has no MPTCP. IPA touches only cb[0..4]. Other hits are IPA-local struct ipa_smmu_cb_ctx *cb / a cb() fn ptr / DT "*-cb" strings.
drivers/platform/msm/ipa/ipa_v2/ipa.c:4742	cb	BENIGN/NOTE struct sk_buff.cb: sdm670 already has char cb[48] (skbuff.h:662 @ a30605a54f3b) == series head baa585f67e0e:749; the 72->48 shrink was MPTCP-only in the Exynos base and sdm670 has no MPTCP. IPA touches only cb[0..4]. Other hits are IPA-local struct ipa_smmu_cb_ctx *cb / a cb() fn ptr / DT "*-cb" strings.
drivers/platform/msm/ipa/ipa_v2/ipa.c:4747	cb	BENIGN/NOTE struct sk_buff.cb: sdm670 already has char cb[48] (skbuff.h:662 @ a30605a54f3b) == series head baa585f67e0e:749; the 72->48 shrink was MPTCP-only in the Exynos base and sdm670 has no MPTCP. IPA touches only cb[0..4]. Other hits are IPA-local struct ipa_smmu_cb_ctx *cb / a cb() fn ptr / DT "*-cb" strings.
drivers/platform/msm/ipa/ipa_v2/ipa.c:4751	cb	BENIGN/NOTE struct sk_buff.cb: sdm670 already has char cb[48] (skbuff.h:662 @ a30605a54f3b) == series head baa585f67e0e:749; the 72->48 shrink was MPTCP-only in the Exynos base and sdm670 has no MPTCP. IPA touches only cb[0..4]. Other hits are IPA-local struct ipa_smmu_cb_ctx *cb / a cb() fn ptr / DT "*-cb" strings.
drivers/platform/msm/ipa/ipa_v2/ipa.c:4758	cb	BENIGN/NOTE struct sk_buff.cb: sdm670 already has char cb[48] (skbuff.h:662 @ a30605a54f3b) == series head baa585f67e0e:749; the 72->48 shrink was MPTCP-only in the Exynos base and sdm670 has no MPTCP. IPA touches only cb[0..4]. Other hits are IPA-local struct ipa_smmu_cb_ctx *cb / a cb() fn ptr / DT "*-cb" strings.
drivers/platform/msm/ipa/ipa_v2/ipa.c:4761	cb	BENIGN/NOTE struct sk_buff.cb: sdm670 already has char cb[48] (skbuff.h:662 @ a30605a54f3b) == series head baa585f67e0e:749; the 72->48 shrink was MPTCP-only in the Exynos base and sdm670 has no MPTCP. IPA touches only cb[0..4]. Other hits are IPA-local struct ipa_smmu_cb_ctx *cb / a cb() fn ptr / DT "*-cb" strings.
drivers/platform/msm/ipa/ipa_v2/ipa.c:4767	cb	BENIGN/NOTE struct sk_buff.cb: sdm670 already has char cb[48] (skbuff.h:662 @ a30605a54f3b) == series head baa585f67e0e:749; the 72->48 shrink was MPTCP-only in the Exynos base and sdm670 has no MPTCP. IPA touches only cb[0..4]. Other hits are IPA-local struct ipa_smmu_cb_ctx *cb / a cb() fn ptr / DT "*-cb" strings.
drivers/platform/msm/ipa/ipa_v2/ipa.c:4775	cb	BENIGN/NOTE struct sk_buff.cb: sdm670 already has char cb[48] (skbuff.h:662 @ a30605a54f3b) == series head baa585f67e0e:749; the 72->48 shrink was MPTCP-only in the Exynos base and sdm670 has no MPTCP. IPA touches only cb[0..4]. Other hits are IPA-local struct ipa_smmu_cb_ctx *cb / a cb() fn ptr / DT "*-cb" strings.
drivers/platform/msm/ipa/ipa_v2/ipa.c:4776	cb	BENIGN/NOTE struct sk_buff.cb: sdm670 already has char cb[48] (skbuff.h:662 @ a30605a54f3b) == series head baa585f67e0e:749; the 72->48 shrink was MPTCP-only in the Exynos base and sdm670 has no MPTCP. IPA touches only cb[0..4]. Other hits are IPA-local struct ipa_smmu_cb_ctx *cb / a cb() fn ptr / DT "*-cb" strings.
drivers/platform/msm/ipa/ipa_v2/ipa.c:4786	cb	BENIGN/NOTE struct sk_buff.cb: sdm670 already has char cb[48] (skbuff.h:662 @ a30605a54f3b) == series head baa585f67e0e:749; the 72->48 shrink was MPTCP-only in the Exynos base and sdm670 has no MPTCP. IPA touches only cb[0..4]. Other hits are IPA-local struct ipa_smmu_cb_ctx *cb / a cb() fn ptr / DT "*-cb" strings.
drivers/platform/msm/ipa/ipa_v2/ipa.c:4801	cb	BENIGN/NOTE struct sk_buff.cb: sdm670 already has char cb[48] (skbuff.h:662 @ a30605a54f3b) == series head baa585f67e0e:749; the 72->48 shrink was MPTCP-only in the Exynos base and sdm670 has no MPTCP. IPA touches only cb[0..4]. Other hits are IPA-local struct ipa_smmu_cb_ctx *cb / a cb() fn ptr / DT "*-cb" strings.
drivers/platform/msm/ipa/ipa_v2/ipa.c:4802	cb	BENIGN/NOTE struct sk_buff.cb: sdm670 already has char cb[48] (skbuff.h:662 @ a30605a54f3b) == series head baa585f67e0e:749; the 72->48 shrink was MPTCP-only in the Exynos base and sdm670 has no MPTCP. IPA touches only cb[0..4]. Other hits are IPA-local struct ipa_smmu_cb_ctx *cb / a cb() fn ptr / DT "*-cb" strings.
drivers/platform/msm/ipa/ipa_v2/ipa.c:4803	cb	BENIGN/NOTE struct sk_buff.cb: sdm670 already has char cb[48] (skbuff.h:662 @ a30605a54f3b) == series head baa585f67e0e:749; the 72->48 shrink was MPTCP-only in the Exynos base and sdm670 has no MPTCP. IPA touches only cb[0..4]. Other hits are IPA-local struct ipa_smmu_cb_ctx *cb / a cb() fn ptr / DT "*-cb" strings.
drivers/platform/msm/ipa/ipa_v2/ipa.c:4804	cb	BENIGN/NOTE struct sk_buff.cb: sdm670 already has char cb[48] (skbuff.h:662 @ a30605a54f3b) == series head baa585f67e0e:749; the 72->48 shrink was MPTCP-only in the Exynos base and sdm670 has no MPTCP. IPA touches only cb[0..4]. Other hits are IPA-local struct ipa_smmu_cb_ctx *cb / a cb() fn ptr / DT "*-cb" strings.
drivers/platform/msm/ipa/ipa_v2/ipa.c:4814	cb	BENIGN/NOTE struct sk_buff.cb: sdm670 already has char cb[48] (skbuff.h:662 @ a30605a54f3b) == series head baa585f67e0e:749; the 72->48 shrink was MPTCP-only in the Exynos base and sdm670 has no MPTCP. IPA touches only cb[0..4]. Other hits are IPA-local struct ipa_smmu_cb_ctx *cb / a cb() fn ptr / DT "*-cb" strings.
drivers/platform/msm/ipa/ipa_v2/ipa.c:4815	cb	BENIGN/NOTE struct sk_buff.cb: sdm670 already has char cb[48] (skbuff.h:662 @ a30605a54f3b) == series head baa585f67e0e:749; the 72->48 shrink was MPTCP-only in the Exynos base and sdm670 has no MPTCP. IPA touches only cb[0..4]. Other hits are IPA-local struct ipa_smmu_cb_ctx *cb / a cb() fn ptr / DT "*-cb" strings.
drivers/platform/msm/ipa/ipa_v2/ipa.c:4816	cb	BENIGN/NOTE struct sk_buff.cb: sdm670 already has char cb[48] (skbuff.h:662 @ a30605a54f3b) == series head baa585f67e0e:749; the 72->48 shrink was MPTCP-only in the Exynos base and sdm670 has no MPTCP. IPA touches only cb[0..4]. Other hits are IPA-local struct ipa_smmu_cb_ctx *cb / a cb() fn ptr / DT "*-cb" strings.
drivers/platform/msm/ipa/ipa_v2/ipa.c:4817	cb	BENIGN/NOTE struct sk_buff.cb: sdm670 already has char cb[48] (skbuff.h:662 @ a30605a54f3b) == series head baa585f67e0e:749; the 72->48 shrink was MPTCP-only in the Exynos base and sdm670 has no MPTCP. IPA touches only cb[0..4]. Other hits are IPA-local struct ipa_smmu_cb_ctx *cb / a cb() fn ptr / DT "*-cb" strings.
drivers/platform/msm/ipa/ipa_v2/ipa.c:4823	cb	BENIGN/NOTE struct sk_buff.cb: sdm670 already has char cb[48] (skbuff.h:662 @ a30605a54f3b) == series head baa585f67e0e:749; the 72->48 shrink was MPTCP-only in the Exynos base and sdm670 has no MPTCP. IPA touches only cb[0..4]. Other hits are IPA-local struct ipa_smmu_cb_ctx *cb / a cb() fn ptr / DT "*-cb" strings.
drivers/platform/msm/ipa/ipa_v2/ipa.c:4827	cb	BENIGN/NOTE struct sk_buff.cb: sdm670 already has char cb[48] (skbuff.h:662 @ a30605a54f3b) == series head baa585f67e0e:749; the 72->48 shrink was MPTCP-only in the Exynos base and sdm670 has no MPTCP. IPA touches only cb[0..4]. Other hits are IPA-local struct ipa_smmu_cb_ctx *cb / a cb() fn ptr / DT "*-cb" strings.
drivers/platform/msm/ipa/ipa_v2/ipa.c:4831	cb	BENIGN/NOTE struct sk_buff.cb: sdm670 already has char cb[48] (skbuff.h:662 @ a30605a54f3b) == series head baa585f67e0e:749; the 72->48 shrink was MPTCP-only in the Exynos base and sdm670 has no MPTCP. IPA touches only cb[0..4]. Other hits are IPA-local struct ipa_smmu_cb_ctx *cb / a cb() fn ptr / DT "*-cb" strings.
drivers/platform/msm/ipa/ipa_v2/ipa.c:4832	cb	BENIGN/NOTE struct sk_buff.cb: sdm670 already has char cb[48] (skbuff.h:662 @ a30605a54f3b) == series head baa585f67e0e:749; the 72->48 shrink was MPTCP-only in the Exynos base and sdm670 has no MPTCP. IPA touches only cb[0..4]. Other hits are IPA-local struct ipa_smmu_cb_ctx *cb / a cb() fn ptr / DT "*-cb" strings.
drivers/platform/msm/ipa/ipa_v2/ipa.c:4837	cb	BENIGN/NOTE struct sk_buff.cb: sdm670 already has char cb[48] (skbuff.h:662 @ a30605a54f3b) == series head baa585f67e0e:749; the 72->48 shrink was MPTCP-only in the Exynos base and sdm670 has no MPTCP. IPA touches only cb[0..4]. Other hits are IPA-local struct ipa_smmu_cb_ctx *cb / a cb() fn ptr / DT "*-cb" strings.
drivers/platform/msm/ipa/ipa_v2/ipa.c:4841	cb	BENIGN/NOTE struct sk_buff.cb: sdm670 already has char cb[48] (skbuff.h:662 @ a30605a54f3b) == series head baa585f67e0e:749; the 72->48 shrink was MPTCP-only in the Exynos base and sdm670 has no MPTCP. IPA touches only cb[0..4]. Other hits are IPA-local struct ipa_smmu_cb_ctx *cb / a cb() fn ptr / DT "*-cb" strings.
drivers/platform/msm/ipa/ipa_v2/ipa.c:4842	cb	BENIGN/NOTE struct sk_buff.cb: sdm670 already has char cb[48] (skbuff.h:662 @ a30605a54f3b) == series head baa585f67e0e:749; the 72->48 shrink was MPTCP-only in the Exynos base and sdm670 has no MPTCP. IPA touches only cb[0..4]. Other hits are IPA-local struct ipa_smmu_cb_ctx *cb / a cb() fn ptr / DT "*-cb" strings.
drivers/platform/msm/ipa/ipa_v2/ipa.c:4847	cb	BENIGN/NOTE struct sk_buff.cb: sdm670 already has char cb[48] (skbuff.h:662 @ a30605a54f3b) == series head baa585f67e0e:749; the 72->48 shrink was MPTCP-only in the Exynos base and sdm670 has no MPTCP. IPA touches only cb[0..4]. Other hits are IPA-local struct ipa_smmu_cb_ctx *cb / a cb() fn ptr / DT "*-cb" strings.
drivers/platform/msm/ipa/ipa_v2/ipa.c:4851	cb	BENIGN/NOTE struct sk_buff.cb: sdm670 already has char cb[48] (skbuff.h:662 @ a30605a54f3b) == series head baa585f67e0e:749; the 72->48 shrink was MPTCP-only in the Exynos base and sdm670 has no MPTCP. IPA touches only cb[0..4]. Other hits are IPA-local struct ipa_smmu_cb_ctx *cb / a cb() fn ptr / DT "*-cb" strings.
drivers/platform/msm/ipa/ipa_v2/ipa.c:4852	cb	BENIGN/NOTE struct sk_buff.cb: sdm670 already has char cb[48] (skbuff.h:662 @ a30605a54f3b) == series head baa585f67e0e:749; the 72->48 shrink was MPTCP-only in the Exynos base and sdm670 has no MPTCP. IPA touches only cb[0..4]. Other hits are IPA-local struct ipa_smmu_cb_ctx *cb / a cb() fn ptr / DT "*-cb" strings.
drivers/platform/msm/ipa/ipa_v2/ipa.c:4860	cb	BENIGN/NOTE struct sk_buff.cb: sdm670 already has char cb[48] (skbuff.h:662 @ a30605a54f3b) == series head baa585f67e0e:749; the 72->48 shrink was MPTCP-only in the Exynos base and sdm670 has no MPTCP. IPA touches only cb[0..4]. Other hits are IPA-local struct ipa_smmu_cb_ctx *cb / a cb() fn ptr / DT "*-cb" strings.
drivers/platform/msm/ipa/ipa_v2/ipa.c:4863	cb	BENIGN/NOTE struct sk_buff.cb: sdm670 already has char cb[48] (skbuff.h:662 @ a30605a54f3b) == series head baa585f67e0e:749; the 72->48 shrink was MPTCP-only in the Exynos base and sdm670 has no MPTCP. IPA touches only cb[0..4]. Other hits are IPA-local struct ipa_smmu_cb_ctx *cb / a cb() fn ptr / DT "*-cb" strings.
drivers/platform/msm/ipa/ipa_v2/ipa.c:4864	cb	BENIGN/NOTE struct sk_buff.cb: sdm670 already has char cb[48] (skbuff.h:662 @ a30605a54f3b) == series head baa585f67e0e:749; the 72->48 shrink was MPTCP-only in the Exynos base and sdm670 has no MPTCP. IPA touches only cb[0..4]. Other hits are IPA-local struct ipa_smmu_cb_ctx *cb / a cb() fn ptr / DT "*-cb" strings.
drivers/platform/msm/ipa/ipa_v2/ipa.c:4868	cb	BENIGN/NOTE struct sk_buff.cb: sdm670 already has char cb[48] (skbuff.h:662 @ a30605a54f3b) == series head baa585f67e0e:749; the 72->48 shrink was MPTCP-only in the Exynos base and sdm670 has no MPTCP. IPA touches only cb[0..4]. Other hits are IPA-local struct ipa_smmu_cb_ctx *cb / a cb() fn ptr / DT "*-cb" strings.
drivers/platform/msm/ipa/ipa_v2/ipa.c:4877	cb	BENIGN/NOTE struct sk_buff.cb: sdm670 already has char cb[48] (skbuff.h:662 @ a30605a54f3b) == series head baa585f67e0e:749; the 72->48 shrink was MPTCP-only in the Exynos base and sdm670 has no MPTCP. IPA touches only cb[0..4]. Other hits are IPA-local struct ipa_smmu_cb_ctx *cb / a cb() fn ptr / DT "*-cb" strings.
drivers/platform/msm/ipa/ipa_v2/ipa.c:4892	cb	BENIGN/NOTE struct sk_buff.cb: sdm670 already has char cb[48] (skbuff.h:662 @ a30605a54f3b) == series head baa585f67e0e:749; the 72->48 shrink was MPTCP-only in the Exynos base and sdm670 has no MPTCP. IPA touches only cb[0..4]. Other hits are IPA-local struct ipa_smmu_cb_ctx *cb / a cb() fn ptr / DT "*-cb" strings.
drivers/platform/msm/ipa/ipa_v2/ipa.c:4893	cb	BENIGN/NOTE struct sk_buff.cb: sdm670 already has char cb[48] (skbuff.h:662 @ a30605a54f3b) == series head baa585f67e0e:749; the 72->48 shrink was MPTCP-only in the Exynos base and sdm670 has no MPTCP. IPA touches only cb[0..4]. Other hits are IPA-local struct ipa_smmu_cb_ctx *cb / a cb() fn ptr / DT "*-cb" strings.
drivers/platform/msm/ipa/ipa_v2/ipa.c:4894	cb	BENIGN/NOTE struct sk_buff.cb: sdm670 already has char cb[48] (skbuff.h:662 @ a30605a54f3b) == series head baa585f67e0e:749; the 72->48 shrink was MPTCP-only in the Exynos base and sdm670 has no MPTCP. IPA touches only cb[0..4]. Other hits are IPA-local struct ipa_smmu_cb_ctx *cb / a cb() fn ptr / DT "*-cb" strings.
drivers/platform/msm/ipa/ipa_v2/ipa.c:4895	cb	BENIGN/NOTE struct sk_buff.cb: sdm670 already has char cb[48] (skbuff.h:662 @ a30605a54f3b) == series head baa585f67e0e:749; the 72->48 shrink was MPTCP-only in the Exynos base and sdm670 has no MPTCP. IPA touches only cb[0..4]. Other hits are IPA-local struct ipa_smmu_cb_ctx *cb / a cb() fn ptr / DT "*-cb" strings.
drivers/platform/msm/ipa/ipa_v2/ipa.c:4903	cb	BENIGN/NOTE struct sk_buff.cb: sdm670 already has char cb[48] (skbuff.h:662 @ a30605a54f3b) == series head baa585f67e0e:749; the 72->48 shrink was MPTCP-only in the Exynos base and sdm670 has no MPTCP. IPA touches only cb[0..4]. Other hits are IPA-local struct ipa_smmu_cb_ctx *cb / a cb() fn ptr / DT "*-cb" strings.
drivers/platform/msm/ipa/ipa_v2/ipa.c:4904	cb	BENIGN/NOTE struct sk_buff.cb: sdm670 already has char cb[48] (skbuff.h:662 @ a30605a54f3b) == series head baa585f67e0e:749; the 72->48 shrink was MPTCP-only in the Exynos base and sdm670 has no MPTCP. IPA touches only cb[0..4]. Other hits are IPA-local struct ipa_smmu_cb_ctx *cb / a cb() fn ptr / DT "*-cb" strings.
drivers/platform/msm/ipa/ipa_v2/ipa.c:4905	cb	BENIGN/NOTE struct sk_buff.cb: sdm670 already has char cb[48] (skbuff.h:662 @ a30605a54f3b) == series head baa585f67e0e:749; the 72->48 shrink was MPTCP-only in the Exynos base and sdm670 has no MPTCP. IPA touches only cb[0..4]. Other hits are IPA-local struct ipa_smmu_cb_ctx *cb / a cb() fn ptr / DT "*-cb" strings.
drivers/platform/msm/ipa/ipa_v2/ipa.c:4906	cb	BENIGN/NOTE struct sk_buff.cb: sdm670 already has char cb[48] (skbuff.h:662 @ a30605a54f3b) == series head baa585f67e0e:749; the 72->48 shrink was MPTCP-only in the Exynos base and sdm670 has no MPTCP. IPA touches only cb[0..4]. Other hits are IPA-local struct ipa_smmu_cb_ctx *cb / a cb() fn ptr / DT "*-cb" strings.
drivers/platform/msm/ipa/ipa_v2/ipa.c:4907	cb	BENIGN/NOTE struct sk_buff.cb: sdm670 already has char cb[48] (skbuff.h:662 @ a30605a54f3b) == series head baa585f67e0e:749; the 72->48 shrink was MPTCP-only in the Exynos base and sdm670 has no MPTCP. IPA touches only cb[0..4]. Other hits are IPA-local struct ipa_smmu_cb_ctx *cb / a cb() fn ptr / DT "*-cb" strings.
drivers/platform/msm/ipa/ipa_v2/ipa.c:4913	cb	BENIGN/NOTE struct sk_buff.cb: sdm670 already has char cb[48] (skbuff.h:662 @ a30605a54f3b) == series head baa585f67e0e:749; the 72->48 shrink was MPTCP-only in the Exynos base and sdm670 has no MPTCP. IPA touches only cb[0..4]. Other hits are IPA-local struct ipa_smmu_cb_ctx *cb / a cb() fn ptr / DT "*-cb" strings.
drivers/platform/msm/ipa/ipa_v2/ipa.c:4916	cb	BENIGN/NOTE struct sk_buff.cb: sdm670 already has char cb[48] (skbuff.h:662 @ a30605a54f3b) == series head baa585f67e0e:749; the 72->48 shrink was MPTCP-only in the Exynos base and sdm670 has no MPTCP. IPA touches only cb[0..4]. Other hits are IPA-local struct ipa_smmu_cb_ctx *cb / a cb() fn ptr / DT "*-cb" strings.
drivers/platform/msm/ipa/ipa_v2/ipa.c:4920	cb	BENIGN/NOTE struct sk_buff.cb: sdm670 already has char cb[48] (skbuff.h:662 @ a30605a54f3b) == series head baa585f67e0e:749; the 72->48 shrink was MPTCP-only in the Exynos base and sdm670 has no MPTCP. IPA touches only cb[0..4]. Other hits are IPA-local struct ipa_smmu_cb_ctx *cb / a cb() fn ptr / DT "*-cb" strings.
drivers/platform/msm/ipa/ipa_v2/ipa.c:4921	cb	BENIGN/NOTE struct sk_buff.cb: sdm670 already has char cb[48] (skbuff.h:662 @ a30605a54f3b) == series head baa585f67e0e:749; the 72->48 shrink was MPTCP-only in the Exynos base and sdm670 has no MPTCP. IPA touches only cb[0..4]. Other hits are IPA-local struct ipa_smmu_cb_ctx *cb / a cb() fn ptr / DT "*-cb" strings.
drivers/platform/msm/ipa/ipa_v2/ipa.c:4926	cb	BENIGN/NOTE struct sk_buff.cb: sdm670 already has char cb[48] (skbuff.h:662 @ a30605a54f3b) == series head baa585f67e0e:749; the 72->48 shrink was MPTCP-only in the Exynos base and sdm670 has no MPTCP. IPA touches only cb[0..4]. Other hits are IPA-local struct ipa_smmu_cb_ctx *cb / a cb() fn ptr / DT "*-cb" strings.
drivers/platform/msm/ipa/ipa_v2/ipa.c:4930	cb	BENIGN/NOTE struct sk_buff.cb: sdm670 already has char cb[48] (skbuff.h:662 @ a30605a54f3b) == series head baa585f67e0e:749; the 72->48 shrink was MPTCP-only in the Exynos base and sdm670 has no MPTCP. IPA touches only cb[0..4]. Other hits are IPA-local struct ipa_smmu_cb_ctx *cb / a cb() fn ptr / DT "*-cb" strings.
drivers/platform/msm/ipa/ipa_v2/ipa.c:4931	cb	BENIGN/NOTE struct sk_buff.cb: sdm670 already has char cb[48] (skbuff.h:662 @ a30605a54f3b) == series head baa585f67e0e:749; the 72->48 shrink was MPTCP-only in the Exynos base and sdm670 has no MPTCP. IPA touches only cb[0..4]. Other hits are IPA-local struct ipa_smmu_cb_ctx *cb / a cb() fn ptr / DT "*-cb" strings.
drivers/platform/msm/ipa/ipa_v2/ipa.c:4936	cb	BENIGN/NOTE struct sk_buff.cb: sdm670 already has char cb[48] (skbuff.h:662 @ a30605a54f3b) == series head baa585f67e0e:749; the 72->48 shrink was MPTCP-only in the Exynos base and sdm670 has no MPTCP. IPA touches only cb[0..4]. Other hits are IPA-local struct ipa_smmu_cb_ctx *cb / a cb() fn ptr / DT "*-cb" strings.
drivers/platform/msm/ipa/ipa_v2/ipa.c:4940	cb	BENIGN/NOTE struct sk_buff.cb: sdm670 already has char cb[48] (skbuff.h:662 @ a30605a54f3b) == series head baa585f67e0e:749; the 72->48 shrink was MPTCP-only in the Exynos base and sdm670 has no MPTCP. IPA touches only cb[0..4]. Other hits are IPA-local struct ipa_smmu_cb_ctx *cb / a cb() fn ptr / DT "*-cb" strings.
drivers/platform/msm/ipa/ipa_v2/ipa.c:4941	cb	BENIGN/NOTE struct sk_buff.cb: sdm670 already has char cb[48] (skbuff.h:662 @ a30605a54f3b) == series head baa585f67e0e:749; the 72->48 shrink was MPTCP-only in the Exynos base and sdm670 has no MPTCP. IPA touches only cb[0..4]. Other hits are IPA-local struct ipa_smmu_cb_ctx *cb / a cb() fn ptr / DT "*-cb" strings.
drivers/platform/msm/ipa/ipa_v2/ipa.c:4947	cb	BENIGN/NOTE struct sk_buff.cb: sdm670 already has char cb[48] (skbuff.h:662 @ a30605a54f3b) == series head baa585f67e0e:749; the 72->48 shrink was MPTCP-only in the Exynos base and sdm670 has no MPTCP. IPA touches only cb[0..4]. Other hits are IPA-local struct ipa_smmu_cb_ctx *cb / a cb() fn ptr / DT "*-cb" strings.
drivers/platform/msm/ipa/ipa_v2/ipa.c:4950	cb	BENIGN/NOTE struct sk_buff.cb: sdm670 already has char cb[48] (skbuff.h:662 @ a30605a54f3b) == series head baa585f67e0e:749; the 72->48 shrink was MPTCP-only in the Exynos base and sdm670 has no MPTCP. IPA touches only cb[0..4]. Other hits are IPA-local struct ipa_smmu_cb_ctx *cb / a cb() fn ptr / DT "*-cb" strings.
drivers/platform/msm/ipa/ipa_v2/ipa.c:4956	cb	BENIGN/NOTE struct sk_buff.cb: sdm670 already has char cb[48] (skbuff.h:662 @ a30605a54f3b) == series head baa585f67e0e:749; the 72->48 shrink was MPTCP-only in the Exynos base and sdm670 has no MPTCP. IPA touches only cb[0..4]. Other hits are IPA-local struct ipa_smmu_cb_ctx *cb / a cb() fn ptr / DT "*-cb" strings.
drivers/platform/msm/ipa/ipa_v2/ipa.c:4964	cb	BENIGN/NOTE struct sk_buff.cb: sdm670 already has char cb[48] (skbuff.h:662 @ a30605a54f3b) == series head baa585f67e0e:749; the 72->48 shrink was MPTCP-only in the Exynos base and sdm670 has no MPTCP. IPA touches only cb[0..4]. Other hits are IPA-local struct ipa_smmu_cb_ctx *cb / a cb() fn ptr / DT "*-cb" strings.
drivers/platform/msm/ipa/ipa_v2/ipa.c:4965	cb	BENIGN/NOTE struct sk_buff.cb: sdm670 already has char cb[48] (skbuff.h:662 @ a30605a54f3b) == series head baa585f67e0e:749; the 72->48 shrink was MPTCP-only in the Exynos base and sdm670 has no MPTCP. IPA touches only cb[0..4]. Other hits are IPA-local struct ipa_smmu_cb_ctx *cb / a cb() fn ptr / DT "*-cb" strings.
drivers/platform/msm/ipa/ipa_v2/ipa.c:4979	cb	BENIGN/NOTE struct sk_buff.cb: sdm670 already has char cb[48] (skbuff.h:662 @ a30605a54f3b) == series head baa585f67e0e:749; the 72->48 shrink was MPTCP-only in the Exynos base and sdm670 has no MPTCP. IPA touches only cb[0..4]. Other hits are IPA-local struct ipa_smmu_cb_ctx *cb / a cb() fn ptr / DT "*-cb" strings.
drivers/platform/msm/ipa/ipa_v2/ipa.c:4980	cb	BENIGN/NOTE struct sk_buff.cb: sdm670 already has char cb[48] (skbuff.h:662 @ a30605a54f3b) == series head baa585f67e0e:749; the 72->48 shrink was MPTCP-only in the Exynos base and sdm670 has no MPTCP. IPA touches only cb[0..4]. Other hits are IPA-local struct ipa_smmu_cb_ctx *cb / a cb() fn ptr / DT "*-cb" strings.
drivers/platform/msm/ipa/ipa_v2/ipa.c:4981	cb	BENIGN/NOTE struct sk_buff.cb: sdm670 already has char cb[48] (skbuff.h:662 @ a30605a54f3b) == series head baa585f67e0e:749; the 72->48 shrink was MPTCP-only in the Exynos base and sdm670 has no MPTCP. IPA touches only cb[0..4]. Other hits are IPA-local struct ipa_smmu_cb_ctx *cb / a cb() fn ptr / DT "*-cb" strings.
drivers/platform/msm/ipa/ipa_v2/ipa.c:4997	cb	BENIGN/NOTE struct sk_buff.cb: sdm670 already has char cb[48] (skbuff.h:662 @ a30605a54f3b) == series head baa585f67e0e:749; the 72->48 shrink was MPTCP-only in the Exynos base and sdm670 has no MPTCP. IPA touches only cb[0..4]. Other hits are IPA-local struct ipa_smmu_cb_ctx *cb / a cb() fn ptr / DT "*-cb" strings.
drivers/platform/msm/ipa/ipa_v2/ipa.c:5000	cb	BENIGN/NOTE struct sk_buff.cb: sdm670 already has char cb[48] (skbuff.h:662 @ a30605a54f3b) == series head baa585f67e0e:749; the 72->48 shrink was MPTCP-only in the Exynos base and sdm670 has no MPTCP. IPA touches only cb[0..4]. Other hits are IPA-local struct ipa_smmu_cb_ctx *cb / a cb() fn ptr / DT "*-cb" strings.
drivers/platform/msm/ipa/ipa_v2/ipa.c:5003	cb	BENIGN/NOTE struct sk_buff.cb: sdm670 already has char cb[48] (skbuff.h:662 @ a30605a54f3b) == series head baa585f67e0e:749; the 72->48 shrink was MPTCP-only in the Exynos base and sdm670 has no MPTCP. IPA touches only cb[0..4]. Other hits are IPA-local struct ipa_smmu_cb_ctx *cb / a cb() fn ptr / DT "*-cb" strings.
drivers/platform/msm/ipa/ipa_v2/ipa_client.c:143	cb	BENIGN/NOTE struct sk_buff.cb: sdm670 already has char cb[48] (skbuff.h:662 @ a30605a54f3b) == series head baa585f67e0e:749; the 72->48 shrink was MPTCP-only in the Exynos base and sdm670 has no MPTCP. IPA touches only cb[0..4]. Other hits are IPA-local struct ipa_smmu_cb_ctx *cb / a cb() fn ptr / DT "*-cb" strings.
drivers/platform/msm/ipa/ipa_v2/ipa_client.c:154	cb	BENIGN/NOTE struct sk_buff.cb: sdm670 already has char cb[48] (skbuff.h:662 @ a30605a54f3b) == series head baa585f67e0e:749; the 72->48 shrink was MPTCP-only in the Exynos base and sdm670 has no MPTCP. IPA touches only cb[0..4]. Other hits are IPA-local struct ipa_smmu_cb_ctx *cb / a cb() fn ptr / DT "*-cb" strings.
drivers/platform/msm/ipa/ipa_v2/ipa_client.c:165	cb	BENIGN/NOTE struct sk_buff.cb: sdm670 already has char cb[48] (skbuff.h:662 @ a30605a54f3b) == series head baa585f67e0e:749; the 72->48 shrink was MPTCP-only in the Exynos base and sdm670 has no MPTCP. IPA touches only cb[0..4]. Other hits are IPA-local struct ipa_smmu_cb_ctx *cb / a cb() fn ptr / DT "*-cb" strings.
drivers/platform/msm/ipa/ipa_v2/ipa_client.c:539	cb	BENIGN/NOTE struct sk_buff.cb: sdm670 already has char cb[48] (skbuff.h:662 @ a30605a54f3b) == series head baa585f67e0e:749; the 72->48 shrink was MPTCP-only in the Exynos base and sdm670 has no MPTCP. IPA touches only cb[0..4]. Other hits are IPA-local struct ipa_smmu_cb_ctx *cb / a cb() fn ptr / DT "*-cb" strings.
drivers/platform/msm/ipa/ipa_v2/ipa_client.c:552	cb	BENIGN/NOTE struct sk_buff.cb: sdm670 already has char cb[48] (skbuff.h:662 @ a30605a54f3b) == series head baa585f67e0e:749; the 72->48 shrink was MPTCP-only in the Exynos base and sdm670 has no MPTCP. IPA touches only cb[0..4]. Other hits are IPA-local struct ipa_smmu_cb_ctx *cb / a cb() fn ptr / DT "*-cb" strings.
drivers/platform/msm/ipa/ipa_v2/ipa_dp.c:2352	cb	BENIGN/NOTE struct sk_buff.cb: sdm670 already has char cb[48] (skbuff.h:662 @ a30605a54f3b) == series head baa585f67e0e:749; the 72->48 shrink was MPTCP-only in the Exynos base and sdm670 has no MPTCP. IPA touches only cb[0..4]. Other hits are IPA-local struct ipa_smmu_cb_ctx *cb / a cb() fn ptr / DT "*-cb" strings.
drivers/platform/msm/ipa/ipa_v2/ipa_dp.c:2681	cb	BENIGN/NOTE struct sk_buff.cb: sdm670 already has char cb[48] (skbuff.h:662 @ a30605a54f3b) == series head baa585f67e0e:749; the 72->48 shrink was MPTCP-only in the Exynos base and sdm670 has no MPTCP. IPA touches only cb[0..4]. Other hits are IPA-local struct ipa_smmu_cb_ctx *cb / a cb() fn ptr / DT "*-cb" strings.
drivers/platform/msm/ipa/ipa_v2/ipa_dp.c:2946	cb	BENIGN/NOTE struct sk_buff.cb: sdm670 already has char cb[48] (skbuff.h:662 @ a30605a54f3b) == series head baa585f67e0e:749; the 72->48 shrink was MPTCP-only in the Exynos base and sdm670 has no MPTCP. IPA touches only cb[0..4]. Other hits are IPA-local struct ipa_smmu_cb_ctx *cb / a cb() fn ptr / DT "*-cb" strings.
drivers/platform/msm/ipa/ipa_v2/ipa_dp.c:2947	cb	BENIGN/NOTE struct sk_buff.cb: sdm670 already has char cb[48] (skbuff.h:662 @ a30605a54f3b) == series head baa585f67e0e:749; the 72->48 shrink was MPTCP-only in the Exynos base and sdm670 has no MPTCP. IPA touches only cb[0..4]. Other hits are IPA-local struct ipa_smmu_cb_ctx *cb / a cb() fn ptr / DT "*-cb" strings.
drivers/platform/msm/ipa/ipa_v2/ipa_dp.c:2948	cb	BENIGN/NOTE struct sk_buff.cb: sdm670 already has char cb[48] (skbuff.h:662 @ a30605a54f3b) == series head baa585f67e0e:749; the 72->48 shrink was MPTCP-only in the Exynos base and sdm670 has no MPTCP. IPA touches only cb[0..4]. Other hits are IPA-local struct ipa_smmu_cb_ctx *cb / a cb() fn ptr / DT "*-cb" strings.
drivers/platform/msm/ipa/ipa_v2/ipa_dp.c:2949	cb	BENIGN/NOTE struct sk_buff.cb: sdm670 already has char cb[48] (skbuff.h:662 @ a30605a54f3b) == series head baa585f67e0e:749; the 72->48 shrink was MPTCP-only in the Exynos base and sdm670 has no MPTCP. IPA touches only cb[0..4]. Other hits are IPA-local struct ipa_smmu_cb_ctx *cb / a cb() fn ptr / DT "*-cb" strings.
drivers/platform/msm/ipa/ipa_v2/ipa_dp.c:2950	cb	BENIGN/NOTE struct sk_buff.cb: sdm670 already has char cb[48] (skbuff.h:662 @ a30605a54f3b) == series head baa585f67e0e:749; the 72->48 shrink was MPTCP-only in the Exynos base and sdm670 has no MPTCP. IPA touches only cb[0..4]. Other hits are IPA-local struct ipa_smmu_cb_ctx *cb / a cb() fn ptr / DT "*-cb" strings.
drivers/platform/msm/ipa/ipa_v2/ipa_dp.c:3010	cb	BENIGN/NOTE struct sk_buff.cb: sdm670 already has char cb[48] (skbuff.h:662 @ a30605a54f3b) == series head baa585f67e0e:749; the 72->48 shrink was MPTCP-only in the Exynos base and sdm670 has no MPTCP. IPA touches only cb[0..4]. Other hits are IPA-local struct ipa_smmu_cb_ctx *cb / a cb() fn ptr / DT "*-cb" strings.
drivers/platform/msm/ipa/ipa_v2/ipa_uc_offload_i.h:176	cb	BENIGN/NOTE struct sk_buff.cb: sdm670 already has char cb[48] (skbuff.h:662 @ a30605a54f3b) == series head baa585f67e0e:749; the 72->48 shrink was MPTCP-only in the Exynos base and sdm670 has no MPTCP. IPA touches only cb[0..4]. Other hits are IPA-local struct ipa_smmu_cb_ctx *cb / a cb() fn ptr / DT "*-cb" strings.
drivers/platform/msm/ipa/ipa_v2/ipa_uc_wdi.c:1839	cb	BENIGN/NOTE struct sk_buff.cb: sdm670 already has char cb[48] (skbuff.h:662 @ a30605a54f3b) == series head baa585f67e0e:749; the 72->48 shrink was MPTCP-only in the Exynos base and sdm670 has no MPTCP. IPA touches only cb[0..4]. Other hits are IPA-local struct ipa_smmu_cb_ctx *cb / a cb() fn ptr / DT "*-cb" strings.
drivers/platform/msm/ipa/ipa_v2/ipa_uc_wdi.c:1849	cb	BENIGN/NOTE struct sk_buff.cb: sdm670 already has char cb[48] (skbuff.h:662 @ a30605a54f3b) == series head baa585f67e0e:749; the 72->48 shrink was MPTCP-only in the Exynos base and sdm670 has no MPTCP. IPA touches only cb[0..4]. Other hits are IPA-local struct ipa_smmu_cb_ctx *cb / a cb() fn ptr / DT "*-cb" strings.
drivers/platform/msm/ipa/ipa_v2/ipa_uc_wdi.c:1857	cb	BENIGN/NOTE struct sk_buff.cb: sdm670 already has char cb[48] (skbuff.h:662 @ a30605a54f3b) == series head baa585f67e0e:749; the 72->48 shrink was MPTCP-only in the Exynos base and sdm670 has no MPTCP. IPA touches only cb[0..4]. Other hits are IPA-local struct ipa_smmu_cb_ctx *cb / a cb() fn ptr / DT "*-cb" strings.
drivers/platform/msm/ipa/ipa_v2/ipa_uc_wdi.c:1870	cb	BENIGN/NOTE struct sk_buff.cb: sdm670 already has char cb[48] (skbuff.h:662 @ a30605a54f3b) == series head baa585f67e0e:749; the 72->48 shrink was MPTCP-only in the Exynos base and sdm670 has no MPTCP. IPA touches only cb[0..4]. Other hits are IPA-local struct ipa_smmu_cb_ctx *cb / a cb() fn ptr / DT "*-cb" strings.
drivers/platform/msm/ipa/ipa_v2/ipa_uc_wdi.c:1879	cb	BENIGN/NOTE struct sk_buff.cb: sdm670 already has char cb[48] (skbuff.h:662 @ a30605a54f3b) == series head baa585f67e0e:749; the 72->48 shrink was MPTCP-only in the Exynos base and sdm670 has no MPTCP. IPA touches only cb[0..4]. Other hits are IPA-local struct ipa_smmu_cb_ctx *cb / a cb() fn ptr / DT "*-cb" strings.
drivers/platform/msm/ipa/ipa_v2/ipa_uc_wdi.c:1887	cb	BENIGN/NOTE struct sk_buff.cb: sdm670 already has char cb[48] (skbuff.h:662 @ a30605a54f3b) == series head baa585f67e0e:749; the 72->48 shrink was MPTCP-only in the Exynos base and sdm670 has no MPTCP. IPA touches only cb[0..4]. Other hits are IPA-local struct ipa_smmu_cb_ctx *cb / a cb() fn ptr / DT "*-cb" strings.
drivers/platform/msm/ipa/ipa_v2/ipa_uc_wdi.c:460	cb	BENIGN/NOTE struct sk_buff.cb: sdm670 already has char cb[48] (skbuff.h:662 @ a30605a54f3b) == series head baa585f67e0e:749; the 72->48 shrink was MPTCP-only in the Exynos base and sdm670 has no MPTCP. IPA touches only cb[0..4]. Other hits are IPA-local struct ipa_smmu_cb_ctx *cb / a cb() fn ptr / DT "*-cb" strings.
drivers/platform/msm/ipa/ipa_v2/ipa_uc_wdi.c:461	cb	BENIGN/NOTE struct sk_buff.cb: sdm670 already has char cb[48] (skbuff.h:662 @ a30605a54f3b) == series head baa585f67e0e:749; the 72->48 shrink was MPTCP-only in the Exynos base and sdm670 has no MPTCP. IPA touches only cb[0..4]. Other hits are IPA-local struct ipa_smmu_cb_ctx *cb / a cb() fn ptr / DT "*-cb" strings.
drivers/platform/msm/ipa/ipa_v2/ipa_uc_wdi.c:467	cb	BENIGN/NOTE struct sk_buff.cb: sdm670 already has char cb[48] (skbuff.h:662 @ a30605a54f3b) == series head baa585f67e0e:749; the 72->48 shrink was MPTCP-only in the Exynos base and sdm670 has no MPTCP. IPA touches only cb[0..4]. Other hits are IPA-local struct ipa_smmu_cb_ctx *cb / a cb() fn ptr / DT "*-cb" strings.
drivers/platform/msm/ipa/ipa_v2/ipa_uc_wdi.c:472	cb	BENIGN/NOTE struct sk_buff.cb: sdm670 already has char cb[48] (skbuff.h:662 @ a30605a54f3b) == series head baa585f67e0e:749; the 72->48 shrink was MPTCP-only in the Exynos base and sdm670 has no MPTCP. IPA touches only cb[0..4]. Other hits are IPA-local struct ipa_smmu_cb_ctx *cb / a cb() fn ptr / DT "*-cb" strings.
drivers/platform/msm/ipa/ipa_v2/ipa_uc_wdi.c:481	cb	BENIGN/NOTE struct sk_buff.cb: sdm670 already has char cb[48] (skbuff.h:662 @ a30605a54f3b) == series head baa585f67e0e:749; the 72->48 shrink was MPTCP-only in the Exynos base and sdm670 has no MPTCP. IPA touches only cb[0..4]. Other hits are IPA-local struct ipa_smmu_cb_ctx *cb / a cb() fn ptr / DT "*-cb" strings.
drivers/platform/msm/ipa/ipa_v2/ipa_uc_wdi.c:489	cb	BENIGN/NOTE struct sk_buff.cb: sdm670 already has char cb[48] (skbuff.h:662 @ a30605a54f3b) == series head baa585f67e0e:749; the 72->48 shrink was MPTCP-only in the Exynos base and sdm670 has no MPTCP. IPA touches only cb[0..4]. Other hits are IPA-local struct ipa_smmu_cb_ctx *cb / a cb() fn ptr / DT "*-cb" strings.
drivers/platform/msm/ipa/ipa_v2/ipa_uc_wdi.c:490	cb	BENIGN/NOTE struct sk_buff.cb: sdm670 already has char cb[48] (skbuff.h:662 @ a30605a54f3b) == series head baa585f67e0e:749; the 72->48 shrink was MPTCP-only in the Exynos base and sdm670 has no MPTCP. IPA touches only cb[0..4]. Other hits are IPA-local struct ipa_smmu_cb_ctx *cb / a cb() fn ptr / DT "*-cb" strings.
drivers/platform/msm/ipa/ipa_v2/ipa_uc_wdi.c:500	cb	BENIGN/NOTE struct sk_buff.cb: sdm670 already has char cb[48] (skbuff.h:662 @ a30605a54f3b) == series head baa585f67e0e:749; the 72->48 shrink was MPTCP-only in the Exynos base and sdm670 has no MPTCP. IPA touches only cb[0..4]. Other hits are IPA-local struct ipa_smmu_cb_ctx *cb / a cb() fn ptr / DT "*-cb" strings.
drivers/platform/msm/ipa/ipa_v2/ipa_uc_wdi.c:513	cb	BENIGN/NOTE struct sk_buff.cb: sdm670 already has char cb[48] (skbuff.h:662 @ a30605a54f3b) == series head baa585f67e0e:749; the 72->48 shrink was MPTCP-only in the Exynos base and sdm670 has no MPTCP. IPA touches only cb[0..4]. Other hits are IPA-local struct ipa_smmu_cb_ctx *cb / a cb() fn ptr / DT "*-cb" strings.
drivers/platform/msm/ipa/ipa_v2/ipa_uc_wdi.c:523	cb	BENIGN/NOTE struct sk_buff.cb: sdm670 already has char cb[48] (skbuff.h:662 @ a30605a54f3b) == series head baa585f67e0e:749; the 72->48 shrink was MPTCP-only in the Exynos base and sdm670 has no MPTCP. IPA touches only cb[0..4]. Other hits are IPA-local struct ipa_smmu_cb_ctx *cb / a cb() fn ptr / DT "*-cb" strings.
drivers/platform/msm/ipa/ipa_v2/ipa_uc_wdi.c:530	cb	BENIGN/NOTE struct sk_buff.cb: sdm670 already has char cb[48] (skbuff.h:662 @ a30605a54f3b) == series head baa585f67e0e:749; the 72->48 shrink was MPTCP-only in the Exynos base and sdm670 has no MPTCP. IPA touches only cb[0..4]. Other hits are IPA-local struct ipa_smmu_cb_ctx *cb / a cb() fn ptr / DT "*-cb" strings.
drivers/platform/msm/ipa/ipa_v2/ipa_uc_wdi.c:537	cb	BENIGN/NOTE struct sk_buff.cb: sdm670 already has char cb[48] (skbuff.h:662 @ a30605a54f3b) == series head baa585f67e0e:749; the 72->48 shrink was MPTCP-only in the Exynos base and sdm670 has no MPTCP. IPA touches only cb[0..4]. Other hits are IPA-local struct ipa_smmu_cb_ctx *cb / a cb() fn ptr / DT "*-cb" strings.
drivers/platform/msm/ipa/ipa_v2/ipa_uc_wdi.c:557	cb	BENIGN/NOTE struct sk_buff.cb: sdm670 already has char cb[48] (skbuff.h:662 @ a30605a54f3b) == series head baa585f67e0e:749; the 72->48 shrink was MPTCP-only in the Exynos base and sdm670 has no MPTCP. IPA touches only cb[0..4]. Other hits are IPA-local struct ipa_smmu_cb_ctx *cb / a cb() fn ptr / DT "*-cb" strings.
drivers/platform/msm/ipa/ipa_v2/ipa_uc_wdi.c:568	cb	BENIGN/NOTE struct sk_buff.cb: sdm670 already has char cb[48] (skbuff.h:662 @ a30605a54f3b) == series head baa585f67e0e:749; the 72->48 shrink was MPTCP-only in the Exynos base and sdm670 has no MPTCP. IPA touches only cb[0..4]. Other hits are IPA-local struct ipa_smmu_cb_ctx *cb / a cb() fn ptr / DT "*-cb" strings.
drivers/platform/msm/ipa/ipa_v3/ipa.c:2838	cb	BENIGN/NOTE struct sk_buff.cb: sdm670 already has char cb[48] (skbuff.h:662 @ a30605a54f3b) == series head baa585f67e0e:749; the 72->48 shrink was MPTCP-only in the Exynos base and sdm670 has no MPTCP. IPA touches only cb[0..4]. Other hits are IPA-local struct ipa_smmu_cb_ctx *cb / a cb() fn ptr / DT "*-cb" strings.
drivers/platform/msm/ipa/ipa_v3/ipa.c:6301	cb	BENIGN/NOTE struct sk_buff.cb: sdm670 already has char cb[48] (skbuff.h:662 @ a30605a54f3b) == series head baa585f67e0e:749; the 72->48 shrink was MPTCP-only in the Exynos base and sdm670 has no MPTCP. IPA touches only cb[0..4]. Other hits are IPA-local struct ipa_smmu_cb_ctx *cb / a cb() fn ptr / DT "*-cb" strings.
drivers/platform/msm/ipa/ipa_v3/ipa.c:6317	cb	BENIGN/NOTE struct sk_buff.cb: sdm670 already has char cb[48] (skbuff.h:662 @ a30605a54f3b) == series head baa585f67e0e:749; the 72->48 shrink was MPTCP-only in the Exynos base and sdm670 has no MPTCP. IPA touches only cb[0..4]. Other hits are IPA-local struct ipa_smmu_cb_ctx *cb / a cb() fn ptr / DT "*-cb" strings.
drivers/platform/msm/ipa/ipa_v3/ipa.c:6318	cb	BENIGN/NOTE struct sk_buff.cb: sdm670 already has char cb[48] (skbuff.h:662 @ a30605a54f3b) == series head baa585f67e0e:749; the 72->48 shrink was MPTCP-only in the Exynos base and sdm670 has no MPTCP. IPA touches only cb[0..4]. Other hits are IPA-local struct ipa_smmu_cb_ctx *cb / a cb() fn ptr / DT "*-cb" strings.
drivers/platform/msm/ipa/ipa_v3/ipa.c:6319	cb	BENIGN/NOTE struct sk_buff.cb: sdm670 already has char cb[48] (skbuff.h:662 @ a30605a54f3b) == series head baa585f67e0e:749; the 72->48 shrink was MPTCP-only in the Exynos base and sdm670 has no MPTCP. IPA touches only cb[0..4]. Other hits are IPA-local struct ipa_smmu_cb_ctx *cb / a cb() fn ptr / DT "*-cb" strings.
drivers/platform/msm/ipa/ipa_v3/ipa.c:6324	cb	BENIGN/NOTE struct sk_buff.cb: sdm670 already has char cb[48] (skbuff.h:662 @ a30605a54f3b) == series head baa585f67e0e:749; the 72->48 shrink was MPTCP-only in the Exynos base and sdm670 has no MPTCP. IPA touches only cb[0..4]. Other hits are IPA-local struct ipa_smmu_cb_ctx *cb / a cb() fn ptr / DT "*-cb" strings.
drivers/platform/msm/ipa/ipa_v3/ipa.c:6331	cb	BENIGN/NOTE struct sk_buff.cb: sdm670 already has char cb[48] (skbuff.h:662 @ a30605a54f3b) == series head baa585f67e0e:749; the 72->48 shrink was MPTCP-only in the Exynos base and sdm670 has no MPTCP. IPA touches only cb[0..4]. Other hits are IPA-local struct ipa_smmu_cb_ctx *cb / a cb() fn ptr / DT "*-cb" strings.
drivers/platform/msm/ipa/ipa_v3/ipa.c:6335	cb	BENIGN/NOTE struct sk_buff.cb: sdm670 already has char cb[48] (skbuff.h:662 @ a30605a54f3b) == series head baa585f67e0e:749; the 72->48 shrink was MPTCP-only in the Exynos base and sdm670 has no MPTCP. IPA touches only cb[0..4]. Other hits are IPA-local struct ipa_smmu_cb_ctx *cb / a cb() fn ptr / DT "*-cb" strings.
drivers/platform/msm/ipa/ipa_v3/ipa.c:6343	cb	BENIGN/NOTE struct sk_buff.cb: sdm670 already has char cb[48] (skbuff.h:662 @ a30605a54f3b) == series head baa585f67e0e:749; the 72->48 shrink was MPTCP-only in the Exynos base and sdm670 has no MPTCP. IPA touches only cb[0..4]. Other hits are IPA-local struct ipa_smmu_cb_ctx *cb / a cb() fn ptr / DT "*-cb" strings.
drivers/platform/msm/ipa/ipa_v3/ipa.c:6347	cb	BENIGN/NOTE struct sk_buff.cb: sdm670 already has char cb[48] (skbuff.h:662 @ a30605a54f3b) == series head baa585f67e0e:749; the 72->48 shrink was MPTCP-only in the Exynos base and sdm670 has no MPTCP. IPA touches only cb[0..4]. Other hits are IPA-local struct ipa_smmu_cb_ctx *cb / a cb() fn ptr / DT "*-cb" strings.
drivers/platform/msm/ipa/ipa_v3/ipa.c:6353	cb	BENIGN/NOTE struct sk_buff.cb: sdm670 already has char cb[48] (skbuff.h:662 @ a30605a54f3b) == series head baa585f67e0e:749; the 72->48 shrink was MPTCP-only in the Exynos base and sdm670 has no MPTCP. IPA touches only cb[0..4]. Other hits are IPA-local struct ipa_smmu_cb_ctx *cb / a cb() fn ptr / DT "*-cb" strings.
drivers/platform/msm/ipa/ipa_v3/ipa.c:6357	cb	BENIGN/NOTE struct sk_buff.cb: sdm670 already has char cb[48] (skbuff.h:662 @ a30605a54f3b) == series head baa585f67e0e:749; the 72->48 shrink was MPTCP-only in the Exynos base and sdm670 has no MPTCP. IPA touches only cb[0..4]. Other hits are IPA-local struct ipa_smmu_cb_ctx *cb / a cb() fn ptr / DT "*-cb" strings.
drivers/platform/msm/ipa/ipa_v3/ipa.c:6367	cb	BENIGN/NOTE struct sk_buff.cb: sdm670 already has char cb[48] (skbuff.h:662 @ a30605a54f3b) == series head baa585f67e0e:749; the 72->48 shrink was MPTCP-only in the Exynos base and sdm670 has no MPTCP. IPA touches only cb[0..4]. Other hits are IPA-local struct ipa_smmu_cb_ctx *cb / a cb() fn ptr / DT "*-cb" strings.
drivers/platform/msm/ipa/ipa_v3/ipa.c:6370	cb	BENIGN/NOTE struct sk_buff.cb: sdm670 already has char cb[48] (skbuff.h:662 @ a30605a54f3b) == series head baa585f67e0e:749; the 72->48 shrink was MPTCP-only in the Exynos base and sdm670 has no MPTCP. IPA touches only cb[0..4]. Other hits are IPA-local struct ipa_smmu_cb_ctx *cb / a cb() fn ptr / DT "*-cb" strings.
drivers/platform/msm/ipa/ipa_v3/ipa.c:6380	cb	BENIGN/NOTE struct sk_buff.cb: sdm670 already has char cb[48] (skbuff.h:662 @ a30605a54f3b) == series head baa585f67e0e:749; the 72->48 shrink was MPTCP-only in the Exynos base and sdm670 has no MPTCP. IPA touches only cb[0..4]. Other hits are IPA-local struct ipa_smmu_cb_ctx *cb / a cb() fn ptr / DT "*-cb" strings.
drivers/platform/msm/ipa/ipa_v3/ipa.c:6397	cb	BENIGN/NOTE struct sk_buff.cb: sdm670 already has char cb[48] (skbuff.h:662 @ a30605a54f3b) == series head baa585f67e0e:749; the 72->48 shrink was MPTCP-only in the Exynos base and sdm670 has no MPTCP. IPA touches only cb[0..4]. Other hits are IPA-local struct ipa_smmu_cb_ctx *cb / a cb() fn ptr / DT "*-cb" strings.
drivers/platform/msm/ipa/ipa_v3/ipa.c:6407	cb	BENIGN/NOTE struct sk_buff.cb: sdm670 already has char cb[48] (skbuff.h:662 @ a30605a54f3b) == series head baa585f67e0e:749; the 72->48 shrink was MPTCP-only in the Exynos base and sdm670 has no MPTCP. IPA touches only cb[0..4]. Other hits are IPA-local struct ipa_smmu_cb_ctx *cb / a cb() fn ptr / DT "*-cb" strings.
drivers/platform/msm/ipa/ipa_v3/ipa.c:6427	cb	BENIGN/NOTE struct sk_buff.cb: sdm670 already has char cb[48] (skbuff.h:662 @ a30605a54f3b) == series head baa585f67e0e:749; the 72->48 shrink was MPTCP-only in the Exynos base and sdm670 has no MPTCP. IPA touches only cb[0..4]. Other hits are IPA-local struct ipa_smmu_cb_ctx *cb / a cb() fn ptr / DT "*-cb" strings.
drivers/platform/msm/ipa/ipa_v3/ipa.c:6428	cb	BENIGN/NOTE struct sk_buff.cb: sdm670 already has char cb[48] (skbuff.h:662 @ a30605a54f3b) == series head baa585f67e0e:749; the 72->48 shrink was MPTCP-only in the Exynos base and sdm670 has no MPTCP. IPA touches only cb[0..4]. Other hits are IPA-local struct ipa_smmu_cb_ctx *cb / a cb() fn ptr / DT "*-cb" strings.
drivers/platform/msm/ipa/ipa_v3/ipa.c:6429	cb	BENIGN/NOTE struct sk_buff.cb: sdm670 already has char cb[48] (skbuff.h:662 @ a30605a54f3b) == series head baa585f67e0e:749; the 72->48 shrink was MPTCP-only in the Exynos base and sdm670 has no MPTCP. IPA touches only cb[0..4]. Other hits are IPA-local struct ipa_smmu_cb_ctx *cb / a cb() fn ptr / DT "*-cb" strings.
drivers/platform/msm/ipa/ipa_v3/ipa.c:6430	cb	BENIGN/NOTE struct sk_buff.cb: sdm670 already has char cb[48] (skbuff.h:662 @ a30605a54f3b) == series head baa585f67e0e:749; the 72->48 shrink was MPTCP-only in the Exynos base and sdm670 has no MPTCP. IPA touches only cb[0..4]. Other hits are IPA-local struct ipa_smmu_cb_ctx *cb / a cb() fn ptr / DT "*-cb" strings.
drivers/platform/msm/ipa/ipa_v3/ipa.c:6447	cb	BENIGN/NOTE struct sk_buff.cb: sdm670 already has char cb[48] (skbuff.h:662 @ a30605a54f3b) == series head baa585f67e0e:749; the 72->48 shrink was MPTCP-only in the Exynos base and sdm670 has no MPTCP. IPA touches only cb[0..4]. Other hits are IPA-local struct ipa_smmu_cb_ctx *cb / a cb() fn ptr / DT "*-cb" strings.
drivers/platform/msm/ipa/ipa_v3/ipa.c:6448	cb	BENIGN/NOTE struct sk_buff.cb: sdm670 already has char cb[48] (skbuff.h:662 @ a30605a54f3b) == series head baa585f67e0e:749; the 72->48 shrink was MPTCP-only in the Exynos base and sdm670 has no MPTCP. IPA touches only cb[0..4]. Other hits are IPA-local struct ipa_smmu_cb_ctx *cb / a cb() fn ptr / DT "*-cb" strings.
drivers/platform/msm/ipa/ipa_v3/ipa.c:6449	cb	BENIGN/NOTE struct sk_buff.cb: sdm670 already has char cb[48] (skbuff.h:662 @ a30605a54f3b) == series head baa585f67e0e:749; the 72->48 shrink was MPTCP-only in the Exynos base and sdm670 has no MPTCP. IPA touches only cb[0..4]. Other hits are IPA-local struct ipa_smmu_cb_ctx *cb / a cb() fn ptr / DT "*-cb" strings.
drivers/platform/msm/ipa/ipa_v3/ipa.c:6450	cb	BENIGN/NOTE struct sk_buff.cb: sdm670 already has char cb[48] (skbuff.h:662 @ a30605a54f3b) == series head baa585f67e0e:749; the 72->48 shrink was MPTCP-only in the Exynos base and sdm670 has no MPTCP. IPA touches only cb[0..4]. Other hits are IPA-local struct ipa_smmu_cb_ctx *cb / a cb() fn ptr / DT "*-cb" strings.
drivers/platform/msm/ipa/ipa_v3/ipa.c:6456	cb	BENIGN/NOTE struct sk_buff.cb: sdm670 already has char cb[48] (skbuff.h:662 @ a30605a54f3b) == series head baa585f67e0e:749; the 72->48 shrink was MPTCP-only in the Exynos base and sdm670 has no MPTCP. IPA touches only cb[0..4]. Other hits are IPA-local struct ipa_smmu_cb_ctx *cb / a cb() fn ptr / DT "*-cb" strings.
drivers/platform/msm/ipa/ipa_v3/ipa.c:6465	cb	BENIGN/NOTE struct sk_buff.cb: sdm670 already has char cb[48] (skbuff.h:662 @ a30605a54f3b) == series head baa585f67e0e:749; the 72->48 shrink was MPTCP-only in the Exynos base and sdm670 has no MPTCP. IPA touches only cb[0..4]. Other hits are IPA-local struct ipa_smmu_cb_ctx *cb / a cb() fn ptr / DT "*-cb" strings.
drivers/platform/msm/ipa/ipa_v3/ipa.c:6469	cb	BENIGN/NOTE struct sk_buff.cb: sdm670 already has char cb[48] (skbuff.h:662 @ a30605a54f3b) == series head baa585f67e0e:749; the 72->48 shrink was MPTCP-only in the Exynos base and sdm670 has no MPTCP. IPA touches only cb[0..4]. Other hits are IPA-local struct ipa_smmu_cb_ctx *cb / a cb() fn ptr / DT "*-cb" strings.
drivers/platform/msm/ipa/ipa_v3/ipa.c:6470	cb	BENIGN/NOTE struct sk_buff.cb: sdm670 already has char cb[48] (skbuff.h:662 @ a30605a54f3b) == series head baa585f67e0e:749; the 72->48 shrink was MPTCP-only in the Exynos base and sdm670 has no MPTCP. IPA touches only cb[0..4]. Other hits are IPA-local struct ipa_smmu_cb_ctx *cb / a cb() fn ptr / DT "*-cb" strings.
drivers/platform/msm/ipa/ipa_v3/ipa.c:6478	cb	BENIGN/NOTE struct sk_buff.cb: sdm670 already has char cb[48] (skbuff.h:662 @ a30605a54f3b) == series head baa585f67e0e:749; the 72->48 shrink was MPTCP-only in the Exynos base and sdm670 has no MPTCP. IPA touches only cb[0..4]. Other hits are IPA-local struct ipa_smmu_cb_ctx *cb / a cb() fn ptr / DT "*-cb" strings.
drivers/platform/msm/ipa/ipa_v3/ipa.c:6482	cb	BENIGN/NOTE struct sk_buff.cb: sdm670 already has char cb[48] (skbuff.h:662 @ a30605a54f3b) == series head baa585f67e0e:749; the 72->48 shrink was MPTCP-only in the Exynos base and sdm670 has no MPTCP. IPA touches only cb[0..4]. Other hits are IPA-local struct ipa_smmu_cb_ctx *cb / a cb() fn ptr / DT "*-cb" strings.
drivers/platform/msm/ipa/ipa_v3/ipa.c:6483	cb	BENIGN/NOTE struct sk_buff.cb: sdm670 already has char cb[48] (skbuff.h:662 @ a30605a54f3b) == series head baa585f67e0e:749; the 72->48 shrink was MPTCP-only in the Exynos base and sdm670 has no MPTCP. IPA touches only cb[0..4]. Other hits are IPA-local struct ipa_smmu_cb_ctx *cb / a cb() fn ptr / DT "*-cb" strings.
drivers/platform/msm/ipa/ipa_v3/ipa.c:6489	cb	BENIGN/NOTE struct sk_buff.cb: sdm670 already has char cb[48] (skbuff.h:662 @ a30605a54f3b) == series head baa585f67e0e:749; the 72->48 shrink was MPTCP-only in the Exynos base and sdm670 has no MPTCP. IPA touches only cb[0..4]. Other hits are IPA-local struct ipa_smmu_cb_ctx *cb / a cb() fn ptr / DT "*-cb" strings.
drivers/platform/msm/ipa/ipa_v3/ipa.c:6493	cb	BENIGN/NOTE struct sk_buff.cb: sdm670 already has char cb[48] (skbuff.h:662 @ a30605a54f3b) == series head baa585f67e0e:749; the 72->48 shrink was MPTCP-only in the Exynos base and sdm670 has no MPTCP. IPA touches only cb[0..4]. Other hits are IPA-local struct ipa_smmu_cb_ctx *cb / a cb() fn ptr / DT "*-cb" strings.
drivers/platform/msm/ipa/ipa_v3/ipa.c:6494	cb	BENIGN/NOTE struct sk_buff.cb: sdm670 already has char cb[48] (skbuff.h:662 @ a30605a54f3b) == series head baa585f67e0e:749; the 72->48 shrink was MPTCP-only in the Exynos base and sdm670 has no MPTCP. IPA touches only cb[0..4]. Other hits are IPA-local struct ipa_smmu_cb_ctx *cb / a cb() fn ptr / DT "*-cb" strings.
drivers/platform/msm/ipa/ipa_v3/ipa.c:6505	cb	BENIGN/NOTE struct sk_buff.cb: sdm670 already has char cb[48] (skbuff.h:662 @ a30605a54f3b) == series head baa585f67e0e:749; the 72->48 shrink was MPTCP-only in the Exynos base and sdm670 has no MPTCP. IPA touches only cb[0..4]. Other hits are IPA-local struct ipa_smmu_cb_ctx *cb / a cb() fn ptr / DT "*-cb" strings.
drivers/platform/msm/ipa/ipa_v3/ipa.c:6508	cb	BENIGN/NOTE struct sk_buff.cb: sdm670 already has char cb[48] (skbuff.h:662 @ a30605a54f3b) == series head baa585f67e0e:749; the 72->48 shrink was MPTCP-only in the Exynos base and sdm670 has no MPTCP. IPA touches only cb[0..4]. Other hits are IPA-local struct ipa_smmu_cb_ctx *cb / a cb() fn ptr / DT "*-cb" strings.
drivers/platform/msm/ipa/ipa_v3/ipa.c:6509	cb	BENIGN/NOTE struct sk_buff.cb: sdm670 already has char cb[48] (skbuff.h:662 @ a30605a54f3b) == series head baa585f67e0e:749; the 72->48 shrink was MPTCP-only in the Exynos base and sdm670 has no MPTCP. IPA touches only cb[0..4]. Other hits are IPA-local struct ipa_smmu_cb_ctx *cb / a cb() fn ptr / DT "*-cb" strings.
drivers/platform/msm/ipa/ipa_v3/ipa.c:6513	cb	BENIGN/NOTE struct sk_buff.cb: sdm670 already has char cb[48] (skbuff.h:662 @ a30605a54f3b) == series head baa585f67e0e:749; the 72->48 shrink was MPTCP-only in the Exynos base and sdm670 has no MPTCP. IPA touches only cb[0..4]. Other hits are IPA-local struct ipa_smmu_cb_ctx *cb / a cb() fn ptr / DT "*-cb" strings.
drivers/platform/msm/ipa/ipa_v3/ipa.c:6521	cb	BENIGN/NOTE struct sk_buff.cb: sdm670 already has char cb[48] (skbuff.h:662 @ a30605a54f3b) == series head baa585f67e0e:749; the 72->48 shrink was MPTCP-only in the Exynos base and sdm670 has no MPTCP. IPA touches only cb[0..4]. Other hits are IPA-local struct ipa_smmu_cb_ctx *cb / a cb() fn ptr / DT "*-cb" strings.
drivers/platform/msm/ipa/ipa_v3/ipa.c:6546	cb	BENIGN/NOTE struct sk_buff.cb: sdm670 already has char cb[48] (skbuff.h:662 @ a30605a54f3b) == series head baa585f67e0e:749; the 72->48 shrink was MPTCP-only in the Exynos base and sdm670 has no MPTCP. IPA touches only cb[0..4]. Other hits are IPA-local struct ipa_smmu_cb_ctx *cb / a cb() fn ptr / DT "*-cb" strings.
drivers/platform/msm/ipa/ipa_v3/ipa.c:6547	cb	BENIGN/NOTE struct sk_buff.cb: sdm670 already has char cb[48] (skbuff.h:662 @ a30605a54f3b) == series head baa585f67e0e:749; the 72->48 shrink was MPTCP-only in the Exynos base and sdm670 has no MPTCP. IPA touches only cb[0..4]. Other hits are IPA-local struct ipa_smmu_cb_ctx *cb / a cb() fn ptr / DT "*-cb" strings.
drivers/platform/msm/ipa/ipa_v3/ipa.c:6548	cb	BENIGN/NOTE struct sk_buff.cb: sdm670 already has char cb[48] (skbuff.h:662 @ a30605a54f3b) == series head baa585f67e0e:749; the 72->48 shrink was MPTCP-only in the Exynos base and sdm670 has no MPTCP. IPA touches only cb[0..4]. Other hits are IPA-local struct ipa_smmu_cb_ctx *cb / a cb() fn ptr / DT "*-cb" strings.
drivers/platform/msm/ipa/ipa_v3/ipa.c:6549	cb	BENIGN/NOTE struct sk_buff.cb: sdm670 already has char cb[48] (skbuff.h:662 @ a30605a54f3b) == series head baa585f67e0e:749; the 72->48 shrink was MPTCP-only in the Exynos base and sdm670 has no MPTCP. IPA touches only cb[0..4]. Other hits are IPA-local struct ipa_smmu_cb_ctx *cb / a cb() fn ptr / DT "*-cb" strings.
drivers/platform/msm/ipa/ipa_v3/ipa.c:6565	cb	BENIGN/NOTE struct sk_buff.cb: sdm670 already has char cb[48] (skbuff.h:662 @ a30605a54f3b) == series head baa585f67e0e:749; the 72->48 shrink was MPTCP-only in the Exynos base and sdm670 has no MPTCP. IPA touches only cb[0..4]. Other hits are IPA-local struct ipa_smmu_cb_ctx *cb / a cb() fn ptr / DT "*-cb" strings.
drivers/platform/msm/ipa/ipa_v3/ipa.c:6566	cb	BENIGN/NOTE struct sk_buff.cb: sdm670 already has char cb[48] (skbuff.h:662 @ a30605a54f3b) == series head baa585f67e0e:749; the 72->48 shrink was MPTCP-only in the Exynos base and sdm670 has no MPTCP. IPA touches only cb[0..4]. Other hits are IPA-local struct ipa_smmu_cb_ctx *cb / a cb() fn ptr / DT "*-cb" strings.
drivers/platform/msm/ipa/ipa_v3/ipa.c:6567	cb	BENIGN/NOTE struct sk_buff.cb: sdm670 already has char cb[48] (skbuff.h:662 @ a30605a54f3b) == series head baa585f67e0e:749; the 72->48 shrink was MPTCP-only in the Exynos base and sdm670 has no MPTCP. IPA touches only cb[0..4]. Other hits are IPA-local struct ipa_smmu_cb_ctx *cb / a cb() fn ptr / DT "*-cb" strings.
drivers/platform/msm/ipa/ipa_v3/ipa.c:6568	cb	BENIGN/NOTE struct sk_buff.cb: sdm670 already has char cb[48] (skbuff.h:662 @ a30605a54f3b) == series head baa585f67e0e:749; the 72->48 shrink was MPTCP-only in the Exynos base and sdm670 has no MPTCP. IPA touches only cb[0..4]. Other hits are IPA-local struct ipa_smmu_cb_ctx *cb / a cb() fn ptr / DT "*-cb" strings.
drivers/platform/msm/ipa/ipa_v3/ipa.c:6574	cb	BENIGN/NOTE struct sk_buff.cb: sdm670 already has char cb[48] (skbuff.h:662 @ a30605a54f3b) == series head baa585f67e0e:749; the 72->48 shrink was MPTCP-only in the Exynos base and sdm670 has no MPTCP. IPA touches only cb[0..4]. Other hits are IPA-local struct ipa_smmu_cb_ctx *cb / a cb() fn ptr / DT "*-cb" strings.
drivers/platform/msm/ipa/ipa_v3/ipa.c:6580	cb	BENIGN/NOTE struct sk_buff.cb: sdm670 already has char cb[48] (skbuff.h:662 @ a30605a54f3b) == series head baa585f67e0e:749; the 72->48 shrink was MPTCP-only in the Exynos base and sdm670 has no MPTCP. IPA touches only cb[0..4]. Other hits are IPA-local struct ipa_smmu_cb_ctx *cb / a cb() fn ptr / DT "*-cb" strings.
drivers/platform/msm/ipa/ipa_v3/ipa.c:6584	cb	BENIGN/NOTE struct sk_buff.cb: sdm670 already has char cb[48] (skbuff.h:662 @ a30605a54f3b) == series head baa585f67e0e:749; the 72->48 shrink was MPTCP-only in the Exynos base and sdm670 has no MPTCP. IPA touches only cb[0..4]. Other hits are IPA-local struct ipa_smmu_cb_ctx *cb / a cb() fn ptr / DT "*-cb" strings.
drivers/platform/msm/ipa/ipa_v3/ipa.c:6585	cb	BENIGN/NOTE struct sk_buff.cb: sdm670 already has char cb[48] (skbuff.h:662 @ a30605a54f3b) == series head baa585f67e0e:749; the 72->48 shrink was MPTCP-only in the Exynos base and sdm670 has no MPTCP. IPA touches only cb[0..4]. Other hits are IPA-local struct ipa_smmu_cb_ctx *cb / a cb() fn ptr / DT "*-cb" strings.
drivers/platform/msm/ipa/ipa_v3/ipa.c:6592	cb	BENIGN/NOTE struct sk_buff.cb: sdm670 already has char cb[48] (skbuff.h:662 @ a30605a54f3b) == series head baa585f67e0e:749; the 72->48 shrink was MPTCP-only in the Exynos base and sdm670 has no MPTCP. IPA touches only cb[0..4]. Other hits are IPA-local struct ipa_smmu_cb_ctx *cb / a cb() fn ptr / DT "*-cb" strings.
drivers/platform/msm/ipa/ipa_v3/ipa.c:6596	cb	BENIGN/NOTE struct sk_buff.cb: sdm670 already has char cb[48] (skbuff.h:662 @ a30605a54f3b) == series head baa585f67e0e:749; the 72->48 shrink was MPTCP-only in the Exynos base and sdm670 has no MPTCP. IPA touches only cb[0..4]. Other hits are IPA-local struct ipa_smmu_cb_ctx *cb / a cb() fn ptr / DT "*-cb" strings.
drivers/platform/msm/ipa/ipa_v3/ipa.c:6597	cb	BENIGN/NOTE struct sk_buff.cb: sdm670 already has char cb[48] (skbuff.h:662 @ a30605a54f3b) == series head baa585f67e0e:749; the 72->48 shrink was MPTCP-only in the Exynos base and sdm670 has no MPTCP. IPA touches only cb[0..4]. Other hits are IPA-local struct ipa_smmu_cb_ctx *cb / a cb() fn ptr / DT "*-cb" strings.
drivers/platform/msm/ipa/ipa_v3/ipa.c:6603	cb	BENIGN/NOTE struct sk_buff.cb: sdm670 already has char cb[48] (skbuff.h:662 @ a30605a54f3b) == series head baa585f67e0e:749; the 72->48 shrink was MPTCP-only in the Exynos base and sdm670 has no MPTCP. IPA touches only cb[0..4]. Other hits are IPA-local struct ipa_smmu_cb_ctx *cb / a cb() fn ptr / DT "*-cb" strings.
drivers/platform/msm/ipa/ipa_v3/ipa.c:6607	cb	BENIGN/NOTE struct sk_buff.cb: sdm670 already has char cb[48] (skbuff.h:662 @ a30605a54f3b) == series head baa585f67e0e:749; the 72->48 shrink was MPTCP-only in the Exynos base and sdm670 has no MPTCP. IPA touches only cb[0..4]. Other hits are IPA-local struct ipa_smmu_cb_ctx *cb / a cb() fn ptr / DT "*-cb" strings.
drivers/platform/msm/ipa/ipa_v3/ipa.c:6608	cb	BENIGN/NOTE struct sk_buff.cb: sdm670 already has char cb[48] (skbuff.h:662 @ a30605a54f3b) == series head baa585f67e0e:749; the 72->48 shrink was MPTCP-only in the Exynos base and sdm670 has no MPTCP. IPA touches only cb[0..4]. Other hits are IPA-local struct ipa_smmu_cb_ctx *cb / a cb() fn ptr / DT "*-cb" strings.
drivers/platform/msm/ipa/ipa_v3/ipa.c:6618	cb	BENIGN/NOTE struct sk_buff.cb: sdm670 already has char cb[48] (skbuff.h:662 @ a30605a54f3b) == series head baa585f67e0e:749; the 72->48 shrink was MPTCP-only in the Exynos base and sdm670 has no MPTCP. IPA touches only cb[0..4]. Other hits are IPA-local struct ipa_smmu_cb_ctx *cb / a cb() fn ptr / DT "*-cb" strings.
drivers/platform/msm/ipa/ipa_v3/ipa.c:6621	cb	BENIGN/NOTE struct sk_buff.cb: sdm670 already has char cb[48] (skbuff.h:662 @ a30605a54f3b) == series head baa585f67e0e:749; the 72->48 shrink was MPTCP-only in the Exynos base and sdm670 has no MPTCP. IPA touches only cb[0..4]. Other hits are IPA-local struct ipa_smmu_cb_ctx *cb / a cb() fn ptr / DT "*-cb" strings.
drivers/platform/msm/ipa/ipa_v3/ipa.c:6631	cb	BENIGN/NOTE struct sk_buff.cb: sdm670 already has char cb[48] (skbuff.h:662 @ a30605a54f3b) == series head baa585f67e0e:749; the 72->48 shrink was MPTCP-only in the Exynos base and sdm670 has no MPTCP. IPA touches only cb[0..4]. Other hits are IPA-local struct ipa_smmu_cb_ctx *cb / a cb() fn ptr / DT "*-cb" strings.
drivers/platform/msm/ipa/ipa_v3/ipa.c:6648	cb	BENIGN/NOTE struct sk_buff.cb: sdm670 already has char cb[48] (skbuff.h:662 @ a30605a54f3b) == series head baa585f67e0e:749; the 72->48 shrink was MPTCP-only in the Exynos base and sdm670 has no MPTCP. IPA touches only cb[0..4]. Other hits are IPA-local struct ipa_smmu_cb_ctx *cb / a cb() fn ptr / DT "*-cb" strings.
drivers/platform/msm/ipa/ipa_v3/ipa.c:6678	cb	BENIGN/NOTE struct sk_buff.cb: sdm670 already has char cb[48] (skbuff.h:662 @ a30605a54f3b) == series head baa585f67e0e:749; the 72->48 shrink was MPTCP-only in the Exynos base and sdm670 has no MPTCP. IPA touches only cb[0..4]. Other hits are IPA-local struct ipa_smmu_cb_ctx *cb / a cb() fn ptr / DT "*-cb" strings.
drivers/platform/msm/ipa/ipa_v3/ipa.c:6707	cb	BENIGN/NOTE struct sk_buff.cb: sdm670 already has char cb[48] (skbuff.h:662 @ a30605a54f3b) == series head baa585f67e0e:749; the 72->48 shrink was MPTCP-only in the Exynos base and sdm670 has no MPTCP. IPA touches only cb[0..4]. Other hits are IPA-local struct ipa_smmu_cb_ctx *cb / a cb() fn ptr / DT "*-cb" strings.
drivers/platform/msm/ipa/ipa_v3/ipa.c:6716	cb	BENIGN/NOTE struct sk_buff.cb: sdm670 already has char cb[48] (skbuff.h:662 @ a30605a54f3b) == series head baa585f67e0e:749; the 72->48 shrink was MPTCP-only in the Exynos base and sdm670 has no MPTCP. IPA touches only cb[0..4]. Other hits are IPA-local struct ipa_smmu_cb_ctx *cb / a cb() fn ptr / DT "*-cb" strings.
drivers/platform/msm/ipa/ipa_v3/ipa.c:6717	cb	BENIGN/NOTE struct sk_buff.cb: sdm670 already has char cb[48] (skbuff.h:662 @ a30605a54f3b) == series head baa585f67e0e:749; the 72->48 shrink was MPTCP-only in the Exynos base and sdm670 has no MPTCP. IPA touches only cb[0..4]. Other hits are IPA-local struct ipa_smmu_cb_ctx *cb / a cb() fn ptr / DT "*-cb" strings.
drivers/platform/msm/ipa/ipa_v3/ipa.c:6719	cb	BENIGN/NOTE struct sk_buff.cb: sdm670 already has char cb[48] (skbuff.h:662 @ a30605a54f3b) == series head baa585f67e0e:749; the 72->48 shrink was MPTCP-only in the Exynos base and sdm670 has no MPTCP. IPA touches only cb[0..4]. Other hits are IPA-local struct ipa_smmu_cb_ctx *cb / a cb() fn ptr / DT "*-cb" strings.
drivers/platform/msm/ipa/ipa_v3/ipa.c:6797	cb	BENIGN/NOTE struct sk_buff.cb: sdm670 already has char cb[48] (skbuff.h:662 @ a30605a54f3b) == series head baa585f67e0e:749; the 72->48 shrink was MPTCP-only in the Exynos base and sdm670 has no MPTCP. IPA touches only cb[0..4]. Other hits are IPA-local struct ipa_smmu_cb_ctx *cb / a cb() fn ptr / DT "*-cb" strings.
drivers/platform/msm/ipa/ipa_v3/ipa.c:6802	cb	BENIGN/NOTE struct sk_buff.cb: sdm670 already has char cb[48] (skbuff.h:662 @ a30605a54f3b) == series head baa585f67e0e:749; the 72->48 shrink was MPTCP-only in the Exynos base and sdm670 has no MPTCP. IPA touches only cb[0..4]. Other hits are IPA-local struct ipa_smmu_cb_ctx *cb / a cb() fn ptr / DT "*-cb" strings.
drivers/platform/msm/ipa/ipa_v3/ipa.c:6803	cb	BENIGN/NOTE struct sk_buff.cb: sdm670 already has char cb[48] (skbuff.h:662 @ a30605a54f3b) == series head baa585f67e0e:749; the 72->48 shrink was MPTCP-only in the Exynos base and sdm670 has no MPTCP. IPA touches only cb[0..4]. Other hits are IPA-local struct ipa_smmu_cb_ctx *cb / a cb() fn ptr / DT "*-cb" strings.
drivers/platform/msm/ipa/ipa_v3/ipa.c:6804	cb	BENIGN/NOTE struct sk_buff.cb: sdm670 already has char cb[48] (skbuff.h:662 @ a30605a54f3b) == series head baa585f67e0e:749; the 72->48 shrink was MPTCP-only in the Exynos base and sdm670 has no MPTCP. IPA touches only cb[0..4]. Other hits are IPA-local struct ipa_smmu_cb_ctx *cb / a cb() fn ptr / DT "*-cb" strings.
drivers/platform/msm/ipa/ipa_v3/ipa.c:6810	cb	BENIGN/NOTE struct sk_buff.cb: sdm670 already has char cb[48] (skbuff.h:662 @ a30605a54f3b) == series head baa585f67e0e:749; the 72->48 shrink was MPTCP-only in the Exynos base and sdm670 has no MPTCP. IPA touches only cb[0..4]. Other hits are IPA-local struct ipa_smmu_cb_ctx *cb / a cb() fn ptr / DT "*-cb" strings.
drivers/platform/msm/ipa/ipa_v3/ipa.c:6811	cb	BENIGN/NOTE struct sk_buff.cb: sdm670 already has char cb[48] (skbuff.h:662 @ a30605a54f3b) == series head baa585f67e0e:749; the 72->48 shrink was MPTCP-only in the Exynos base and sdm670 has no MPTCP. IPA touches only cb[0..4]. Other hits are IPA-local struct ipa_smmu_cb_ctx *cb / a cb() fn ptr / DT "*-cb" strings.
drivers/platform/msm/ipa/ipa_v3/ipa.c:6812	cb	BENIGN/NOTE struct sk_buff.cb: sdm670 already has char cb[48] (skbuff.h:662 @ a30605a54f3b) == series head baa585f67e0e:749; the 72->48 shrink was MPTCP-only in the Exynos base and sdm670 has no MPTCP. IPA touches only cb[0..4]. Other hits are IPA-local struct ipa_smmu_cb_ctx *cb / a cb() fn ptr / DT "*-cb" strings.
drivers/platform/msm/ipa/ipa_v3/ipa.c:6818	cb	BENIGN/NOTE struct sk_buff.cb: sdm670 already has char cb[48] (skbuff.h:662 @ a30605a54f3b) == series head baa585f67e0e:749; the 72->48 shrink was MPTCP-only in the Exynos base and sdm670 has no MPTCP. IPA touches only cb[0..4]. Other hits are IPA-local struct ipa_smmu_cb_ctx *cb / a cb() fn ptr / DT "*-cb" strings.
drivers/platform/msm/ipa/ipa_v3/ipa.c:6819	cb	BENIGN/NOTE struct sk_buff.cb: sdm670 already has char cb[48] (skbuff.h:662 @ a30605a54f3b) == series head baa585f67e0e:749; the 72->48 shrink was MPTCP-only in the Exynos base and sdm670 has no MPTCP. IPA touches only cb[0..4]. Other hits are IPA-local struct ipa_smmu_cb_ctx *cb / a cb() fn ptr / DT "*-cb" strings.
drivers/platform/msm/ipa/ipa_v3/ipa.c:6820	cb	BENIGN/NOTE struct sk_buff.cb: sdm670 already has char cb[48] (skbuff.h:662 @ a30605a54f3b) == series head baa585f67e0e:749; the 72->48 shrink was MPTCP-only in the Exynos base and sdm670 has no MPTCP. IPA touches only cb[0..4]. Other hits are IPA-local struct ipa_smmu_cb_ctx *cb / a cb() fn ptr / DT "*-cb" strings.
drivers/platform/msm/ipa/ipa_v3/ipa_dp.c:2131	cb	BENIGN/NOTE struct sk_buff.cb: sdm670 already has char cb[48] (skbuff.h:662 @ a30605a54f3b) == series head baa585f67e0e:749; the 72->48 shrink was MPTCP-only in the Exynos base and sdm670 has no MPTCP. IPA touches only cb[0..4]. Other hits are IPA-local struct ipa_smmu_cb_ctx *cb / a cb() fn ptr / DT "*-cb" strings.
drivers/platform/msm/ipa/ipa_v3/ipa_dp.c:2466	cb	BENIGN/NOTE struct sk_buff.cb: sdm670 already has char cb[48] (skbuff.h:662 @ a30605a54f3b) == series head baa585f67e0e:749; the 72->48 shrink was MPTCP-only in the Exynos base and sdm670 has no MPTCP. IPA touches only cb[0..4]. Other hits are IPA-local struct ipa_smmu_cb_ctx *cb / a cb() fn ptr / DT "*-cb" strings.
drivers/platform/msm/ipa/ipa_v3/ipa_dp.c:2659	cb	BENIGN/NOTE struct sk_buff.cb: sdm670 already has char cb[48] (skbuff.h:662 @ a30605a54f3b) == series head baa585f67e0e:749; the 72->48 shrink was MPTCP-only in the Exynos base and sdm670 has no MPTCP. IPA touches only cb[0..4]. Other hits are IPA-local struct ipa_smmu_cb_ctx *cb / a cb() fn ptr / DT "*-cb" strings.
drivers/platform/msm/ipa/ipa_v3/ipa_dp.c:2660	cb	BENIGN/NOTE struct sk_buff.cb: sdm670 already has char cb[48] (skbuff.h:662 @ a30605a54f3b) == series head baa585f67e0e:749; the 72->48 shrink was MPTCP-only in the Exynos base and sdm670 has no MPTCP. IPA touches only cb[0..4]. Other hits are IPA-local struct ipa_smmu_cb_ctx *cb / a cb() fn ptr / DT "*-cb" strings.
drivers/platform/msm/ipa/ipa_v3/ipa_dp.c:2661	cb	BENIGN/NOTE struct sk_buff.cb: sdm670 already has char cb[48] (skbuff.h:662 @ a30605a54f3b) == series head baa585f67e0e:749; the 72->48 shrink was MPTCP-only in the Exynos base and sdm670 has no MPTCP. IPA touches only cb[0..4]. Other hits are IPA-local struct ipa_smmu_cb_ctx *cb / a cb() fn ptr / DT "*-cb" strings.
drivers/platform/msm/ipa/ipa_v3/ipa_dp.c:2662	cb	BENIGN/NOTE struct sk_buff.cb: sdm670 already has char cb[48] (skbuff.h:662 @ a30605a54f3b) == series head baa585f67e0e:749; the 72->48 shrink was MPTCP-only in the Exynos base and sdm670 has no MPTCP. IPA touches only cb[0..4]. Other hits are IPA-local struct ipa_smmu_cb_ctx *cb / a cb() fn ptr / DT "*-cb" strings.
drivers/platform/msm/ipa/ipa_v3/ipa_dp.c:2663	cb	BENIGN/NOTE struct sk_buff.cb: sdm670 already has char cb[48] (skbuff.h:662 @ a30605a54f3b) == series head baa585f67e0e:749; the 72->48 shrink was MPTCP-only in the Exynos base and sdm670 has no MPTCP. IPA touches only cb[0..4]. Other hits are IPA-local struct ipa_smmu_cb_ctx *cb / a cb() fn ptr / DT "*-cb" strings.
drivers/platform/msm/ipa/ipa_v3/ipa_dp.c:2730	cb	BENIGN/NOTE struct sk_buff.cb: sdm670 already has char cb[48] (skbuff.h:662 @ a30605a54f3b) == series head baa585f67e0e:749; the 72->48 shrink was MPTCP-only in the Exynos base and sdm670 has no MPTCP. IPA touches only cb[0..4]. Other hits are IPA-local struct ipa_smmu_cb_ctx *cb / a cb() fn ptr / DT "*-cb" strings.
drivers/platform/msm/ipa/ipa_v3/ipa_uc_offload_i.h:245	cb	BENIGN/NOTE struct sk_buff.cb: sdm670 already has char cb[48] (skbuff.h:662 @ a30605a54f3b) == series head baa585f67e0e:749; the 72->48 shrink was MPTCP-only in the Exynos base and sdm670 has no MPTCP. IPA touches only cb[0..4]. Other hits are IPA-local struct ipa_smmu_cb_ctx *cb / a cb() fn ptr / DT "*-cb" strings.
drivers/platform/msm/ipa/ipa_v3/ipa_uc_wdi.c:1865	cb	BENIGN/NOTE struct sk_buff.cb: sdm670 already has char cb[48] (skbuff.h:662 @ a30605a54f3b) == series head baa585f67e0e:749; the 72->48 shrink was MPTCP-only in the Exynos base and sdm670 has no MPTCP. IPA touches only cb[0..4]. Other hits are IPA-local struct ipa_smmu_cb_ctx *cb / a cb() fn ptr / DT "*-cb" strings.
drivers/platform/msm/ipa/ipa_v3/ipa_uc_wdi.c:1875	cb	BENIGN/NOTE struct sk_buff.cb: sdm670 already has char cb[48] (skbuff.h:662 @ a30605a54f3b) == series head baa585f67e0e:749; the 72->48 shrink was MPTCP-only in the Exynos base and sdm670 has no MPTCP. IPA touches only cb[0..4]. Other hits are IPA-local struct ipa_smmu_cb_ctx *cb / a cb() fn ptr / DT "*-cb" strings.
drivers/platform/msm/ipa/ipa_v3/ipa_uc_wdi.c:1888	cb	BENIGN/NOTE struct sk_buff.cb: sdm670 already has char cb[48] (skbuff.h:662 @ a30605a54f3b) == series head baa585f67e0e:749; the 72->48 shrink was MPTCP-only in the Exynos base and sdm670 has no MPTCP. IPA touches only cb[0..4]. Other hits are IPA-local struct ipa_smmu_cb_ctx *cb / a cb() fn ptr / DT "*-cb" strings.
drivers/platform/msm/ipa/ipa_v3/ipa_uc_wdi.c:1901	cb	BENIGN/NOTE struct sk_buff.cb: sdm670 already has char cb[48] (skbuff.h:662 @ a30605a54f3b) == series head baa585f67e0e:749; the 72->48 shrink was MPTCP-only in the Exynos base and sdm670 has no MPTCP. IPA touches only cb[0..4]. Other hits are IPA-local struct ipa_smmu_cb_ctx *cb / a cb() fn ptr / DT "*-cb" strings.
drivers/platform/msm/ipa/ipa_v3/ipa_uc_wdi.c:1910	cb	BENIGN/NOTE struct sk_buff.cb: sdm670 already has char cb[48] (skbuff.h:662 @ a30605a54f3b) == series head baa585f67e0e:749; the 72->48 shrink was MPTCP-only in the Exynos base and sdm670 has no MPTCP. IPA touches only cb[0..4]. Other hits are IPA-local struct ipa_smmu_cb_ctx *cb / a cb() fn ptr / DT "*-cb" strings.
drivers/platform/msm/ipa/ipa_v3/ipa_uc_wdi.c:1918	cb	BENIGN/NOTE struct sk_buff.cb: sdm670 already has char cb[48] (skbuff.h:662 @ a30605a54f3b) == series head baa585f67e0e:749; the 72->48 shrink was MPTCP-only in the Exynos base and sdm670 has no MPTCP. IPA touches only cb[0..4]. Other hits are IPA-local struct ipa_smmu_cb_ctx *cb / a cb() fn ptr / DT "*-cb" strings.
drivers/platform/msm/ipa/ipa_v3/ipa_uc_wdi.c:498	cb	BENIGN/NOTE struct sk_buff.cb: sdm670 already has char cb[48] (skbuff.h:662 @ a30605a54f3b) == series head baa585f67e0e:749; the 72->48 shrink was MPTCP-only in the Exynos base and sdm670 has no MPTCP. IPA touches only cb[0..4]. Other hits are IPA-local struct ipa_smmu_cb_ctx *cb / a cb() fn ptr / DT "*-cb" strings.
drivers/platform/msm/ipa/ipa_v3/ipa_uc_wdi.c:499	cb	BENIGN/NOTE struct sk_buff.cb: sdm670 already has char cb[48] (skbuff.h:662 @ a30605a54f3b) == series head baa585f67e0e:749; the 72->48 shrink was MPTCP-only in the Exynos base and sdm670 has no MPTCP. IPA touches only cb[0..4]. Other hits are IPA-local struct ipa_smmu_cb_ctx *cb / a cb() fn ptr / DT "*-cb" strings.
drivers/platform/msm/ipa/ipa_v3/ipa_uc_wdi.c:505	cb	BENIGN/NOTE struct sk_buff.cb: sdm670 already has char cb[48] (skbuff.h:662 @ a30605a54f3b) == series head baa585f67e0e:749; the 72->48 shrink was MPTCP-only in the Exynos base and sdm670 has no MPTCP. IPA touches only cb[0..4]. Other hits are IPA-local struct ipa_smmu_cb_ctx *cb / a cb() fn ptr / DT "*-cb" strings.
drivers/platform/msm/ipa/ipa_v3/ipa_uc_wdi.c:510	cb	BENIGN/NOTE struct sk_buff.cb: sdm670 already has char cb[48] (skbuff.h:662 @ a30605a54f3b) == series head baa585f67e0e:749; the 72->48 shrink was MPTCP-only in the Exynos base and sdm670 has no MPTCP. IPA touches only cb[0..4]. Other hits are IPA-local struct ipa_smmu_cb_ctx *cb / a cb() fn ptr / DT "*-cb" strings.
drivers/platform/msm/ipa/ipa_v3/ipa_uc_wdi.c:519	cb	BENIGN/NOTE struct sk_buff.cb: sdm670 already has char cb[48] (skbuff.h:662 @ a30605a54f3b) == series head baa585f67e0e:749; the 72->48 shrink was MPTCP-only in the Exynos base and sdm670 has no MPTCP. IPA touches only cb[0..4]. Other hits are IPA-local struct ipa_smmu_cb_ctx *cb / a cb() fn ptr / DT "*-cb" strings.
drivers/platform/msm/ipa/ipa_v3/ipa_uc_wdi.c:527	cb	BENIGN/NOTE struct sk_buff.cb: sdm670 already has char cb[48] (skbuff.h:662 @ a30605a54f3b) == series head baa585f67e0e:749; the 72->48 shrink was MPTCP-only in the Exynos base and sdm670 has no MPTCP. IPA touches only cb[0..4]. Other hits are IPA-local struct ipa_smmu_cb_ctx *cb / a cb() fn ptr / DT "*-cb" strings.
drivers/platform/msm/ipa/ipa_v3/ipa_uc_wdi.c:528	cb	BENIGN/NOTE struct sk_buff.cb: sdm670 already has char cb[48] (skbuff.h:662 @ a30605a54f3b) == series head baa585f67e0e:749; the 72->48 shrink was MPTCP-only in the Exynos base and sdm670 has no MPTCP. IPA touches only cb[0..4]. Other hits are IPA-local struct ipa_smmu_cb_ctx *cb / a cb() fn ptr / DT "*-cb" strings.
drivers/platform/msm/ipa/ipa_v3/ipa_uc_wdi.c:538	cb	BENIGN/NOTE struct sk_buff.cb: sdm670 already has char cb[48] (skbuff.h:662 @ a30605a54f3b) == series head baa585f67e0e:749; the 72->48 shrink was MPTCP-only in the Exynos base and sdm670 has no MPTCP. IPA touches only cb[0..4]. Other hits are IPA-local struct ipa_smmu_cb_ctx *cb / a cb() fn ptr / DT "*-cb" strings.
drivers/platform/msm/ipa/ipa_v3/ipa_uc_wdi.c:552	cb	BENIGN/NOTE struct sk_buff.cb: sdm670 already has char cb[48] (skbuff.h:662 @ a30605a54f3b) == series head baa585f67e0e:749; the 72->48 shrink was MPTCP-only in the Exynos base and sdm670 has no MPTCP. IPA touches only cb[0..4]. Other hits are IPA-local struct ipa_smmu_cb_ctx *cb / a cb() fn ptr / DT "*-cb" strings.
drivers/platform/msm/ipa/ipa_v3/ipa_uc_wdi.c:562	cb	BENIGN/NOTE struct sk_buff.cb: sdm670 already has char cb[48] (skbuff.h:662 @ a30605a54f3b) == series head baa585f67e0e:749; the 72->48 shrink was MPTCP-only in the Exynos base and sdm670 has no MPTCP. IPA touches only cb[0..4]. Other hits are IPA-local struct ipa_smmu_cb_ctx *cb / a cb() fn ptr / DT "*-cb" strings.
drivers/platform/msm/ipa/ipa_v3/ipa_uc_wdi.c:569	cb	BENIGN/NOTE struct sk_buff.cb: sdm670 already has char cb[48] (skbuff.h:662 @ a30605a54f3b) == series head baa585f67e0e:749; the 72->48 shrink was MPTCP-only in the Exynos base and sdm670 has no MPTCP. IPA touches only cb[0..4]. Other hits are IPA-local struct ipa_smmu_cb_ctx *cb / a cb() fn ptr / DT "*-cb" strings.
drivers/platform/msm/ipa/ipa_v3/ipa_uc_wdi.c:576	cb	BENIGN/NOTE struct sk_buff.cb: sdm670 already has char cb[48] (skbuff.h:662 @ a30605a54f3b) == series head baa585f67e0e:749; the 72->48 shrink was MPTCP-only in the Exynos base and sdm670 has no MPTCP. IPA touches only cb[0..4]. Other hits are IPA-local struct ipa_smmu_cb_ctx *cb / a cb() fn ptr / DT "*-cb" strings.
drivers/platform/msm/ipa/ipa_v3/ipa_uc_wdi.c:596	cb	BENIGN/NOTE struct sk_buff.cb: sdm670 already has char cb[48] (skbuff.h:662 @ a30605a54f3b) == series head baa585f67e0e:749; the 72->48 shrink was MPTCP-only in the Exynos base and sdm670 has no MPTCP. IPA touches only cb[0..4]. Other hits are IPA-local struct ipa_smmu_cb_ctx *cb / a cb() fn ptr / DT "*-cb" strings.
drivers/platform/msm/ipa/ipa_v3/ipa_uc_wdi.c:608	cb	BENIGN/NOTE struct sk_buff.cb: sdm670 already has char cb[48] (skbuff.h:662 @ a30605a54f3b) == series head baa585f67e0e:749; the 72->48 shrink was MPTCP-only in the Exynos base and sdm670 has no MPTCP. IPA touches only cb[0..4]. Other hits are IPA-local struct ipa_smmu_cb_ctx *cb / a cb() fn ptr / DT "*-cb" strings.
drivers/platform/msm/ipa/ipa_v2/ipa_dp.c:1668	nr_frags	BENIGN/NOTE struct skb_shared_info.nr_frags: unsigned char -> __u8 (same type); IPA READ-ONLY into local int, no offsetof, no &nr_frags. Field MOVED to 3rd position but accessed by name.
drivers/platform/msm/ipa/ipa_v3/ipa_dp.c:1373	nr_frags	BENIGN/NOTE struct skb_shared_info.nr_frags: unsigned char -> __u8 (same type); IPA READ-ONLY into local int, no offsetof, no &nr_frags. Field MOVED to 3rd position but accessed by name.
drivers/platform/msm/ipa/ipa_clients/ecm_ipa.c:61	ctx	BENIGN struct ubuf_info.ctx: ZERO .ctx / ->ctx field accesses in ipa. Hits are IPA-local ctx pointers and strings/comments.
drivers/platform/msm/ipa/ipa_clients/ecm_ipa.c:71	ctx	BENIGN struct ubuf_info.ctx: ZERO .ctx / ->ctx field accesses in ipa. Hits are IPA-local ctx pointers and strings/comments.
drivers/platform/msm/ipa/ipa_clients/ipa_mhi_client.c:419	ctx	BENIGN struct ubuf_info.ctx: ZERO .ctx / ->ctx field accesses in ipa. Hits are IPA-local ctx pointers and strings/comments.
drivers/platform/msm/ipa/ipa_clients/ipa_uc_offload.c:316	ctx	BENIGN struct ubuf_info.ctx: ZERO .ctx / ->ctx field accesses in ipa. Hits are IPA-local ctx pointers and strings/comments.
drivers/platform/msm/ipa/ipa_clients/ipa_uc_offload.c:331	ctx	BENIGN struct ubuf_info.ctx: ZERO .ctx / ->ctx field accesses in ipa. Hits are IPA-local ctx pointers and strings/comments.
drivers/platform/msm/ipa/ipa_clients/ipa_uc_offload.c:332	ctx	BENIGN struct ubuf_info.ctx: ZERO .ctx / ->ctx field accesses in ipa. Hits are IPA-local ctx pointers and strings/comments.
drivers/platform/msm/ipa/ipa_clients/ipa_uc_offload.c:333	ctx	BENIGN struct ubuf_info.ctx: ZERO .ctx / ->ctx field accesses in ipa. Hits are IPA-local ctx pointers and strings/comments.
drivers/platform/msm/ipa/ipa_clients/ipa_uc_offload.c:336	ctx	BENIGN struct ubuf_info.ctx: ZERO .ctx / ->ctx field accesses in ipa. Hits are IPA-local ctx pointers and strings/comments.
drivers/platform/msm/ipa/ipa_clients/ipa_uc_offload.c:337	ctx	BENIGN struct ubuf_info.ctx: ZERO .ctx / ->ctx field accesses in ipa. Hits are IPA-local ctx pointers and strings/comments.
drivers/platform/msm/ipa/ipa_clients/ipa_uc_offload.c:339	ctx	BENIGN struct ubuf_info.ctx: ZERO .ctx / ->ctx field accesses in ipa. Hits are IPA-local ctx pointers and strings/comments.
drivers/platform/msm/ipa/ipa_clients/ipa_uc_offload.c:341	ctx	BENIGN struct ubuf_info.ctx: ZERO .ctx / ->ctx field accesses in ipa. Hits are IPA-local ctx pointers and strings/comments.
drivers/platform/msm/ipa/ipa_clients/ipa_uc_offload.c:346	ctx	BENIGN struct ubuf_info.ctx: ZERO .ctx / ->ctx field accesses in ipa. Hits are IPA-local ctx pointers and strings/comments.
drivers/platform/msm/ipa/ipa_clients/ipa_uc_offload.c:347	ctx	BENIGN struct ubuf_info.ctx: ZERO .ctx / ->ctx field accesses in ipa. Hits are IPA-local ctx pointers and strings/comments.
drivers/platform/msm/ipa/ipa_clients/ipa_wdi3.c:194	ctx	BENIGN struct ubuf_info.ctx: ZERO .ctx / ->ctx field accesses in ipa. Hits are IPA-local ctx pointers and strings/comments.
drivers/platform/msm/ipa/ipa_clients/ipa_wdi3.c:317	ctx	BENIGN struct ubuf_info.ctx: ZERO .ctx / ->ctx field accesses in ipa. Hits are IPA-local ctx pointers and strings/comments.
drivers/platform/msm/ipa/ipa_clients/ipa_wdi3.c:397	ctx	BENIGN struct ubuf_info.ctx: ZERO .ctx / ->ctx field accesses in ipa. Hits are IPA-local ctx pointers and strings/comments.
drivers/platform/msm/ipa/ipa_clients/ipa_wdi3.c:426	ctx	BENIGN struct ubuf_info.ctx: ZERO .ctx / ->ctx field accesses in ipa. Hits are IPA-local ctx pointers and strings/comments.
drivers/platform/msm/ipa/ipa_clients/ipa_wdi3.c:638	ctx	BENIGN struct ubuf_info.ctx: ZERO .ctx / ->ctx field accesses in ipa. Hits are IPA-local ctx pointers and strings/comments.
drivers/platform/msm/ipa/ipa_clients/ipa_wdi3.c:702	ctx	BENIGN struct ubuf_info.ctx: ZERO .ctx / ->ctx field accesses in ipa. Hits are IPA-local ctx pointers and strings/comments.
drivers/platform/msm/ipa/ipa_clients/ipa_wdi3.c:763	ctx	BENIGN struct ubuf_info.ctx: ZERO .ctx / ->ctx field accesses in ipa. Hits are IPA-local ctx pointers and strings/comments.
drivers/platform/msm/ipa/ipa_clients/rndis_ipa.c:154	ctx	BENIGN struct ubuf_info.ctx: ZERO .ctx / ->ctx field accesses in ipa. Hits are IPA-local ctx pointers and strings/comments.
drivers/platform/msm/ipa/ipa_clients/rndis_ipa.c:156	ctx	BENIGN struct ubuf_info.ctx: ZERO .ctx / ->ctx field accesses in ipa. Hits are IPA-local ctx pointers and strings/comments.
drivers/platform/msm/ipa/ipa_clients/rndis_ipa.c:90	ctx	BENIGN struct ubuf_info.ctx: ZERO .ctx / ->ctx field accesses in ipa. Hits are IPA-local ctx pointers and strings/comments.
drivers/platform/msm/ipa/ipa_v2/ipa.c:1742	ctx	BENIGN struct ubuf_info.ctx: ZERO .ctx / ->ctx field accesses in ipa. Hits are IPA-local ctx pointers and strings/comments.
drivers/platform/msm/ipa/ipa_v2/ipa.c:4167	ctx	BENIGN struct ubuf_info.ctx: ZERO .ctx / ->ctx field accesses in ipa. Hits are IPA-local ctx pointers and strings/comments.
drivers/platform/msm/ipa/ipa_v2/ipa.c:4175	ctx	BENIGN struct ubuf_info.ctx: ZERO .ctx / ->ctx field accesses in ipa. Hits are IPA-local ctx pointers and strings/comments.
drivers/platform/msm/ipa/ipa_v2/ipa.c:477	ctx	BENIGN struct ubuf_info.ctx: ZERO .ctx / ->ctx field accesses in ipa. Hits are IPA-local ctx pointers and strings/comments.
drivers/platform/msm/ipa/ipa_v2/ipa.c:480	ctx	BENIGN struct ubuf_info.ctx: ZERO .ctx / ->ctx field accesses in ipa. Hits are IPA-local ctx pointers and strings/comments.
drivers/platform/msm/ipa/ipa_v2/ipa.c:481	ctx	BENIGN struct ubuf_info.ctx: ZERO .ctx / ->ctx field accesses in ipa. Hits are IPA-local ctx pointers and strings/comments.
drivers/platform/msm/ipa/ipa_v2/ipa_dp.c:1267	ctx	BENIGN struct ubuf_info.ctx: ZERO .ctx / ->ctx field accesses in ipa. Hits are IPA-local ctx pointers and strings/comments.
drivers/platform/msm/ipa/ipa_v2/ipa_dp.c:1305	ctx	BENIGN struct ubuf_info.ctx: ZERO .ctx / ->ctx field accesses in ipa. Hits are IPA-local ctx pointers and strings/comments.
drivers/platform/msm/ipa/ipa_v2/ipa_hdr.c:101	ctx	BENIGN struct ubuf_info.ctx: ZERO .ctx / ->ctx field accesses in ipa. Hits are IPA-local ctx pointers and strings/comments.
drivers/platform/msm/ipa/ipa_v2/ipa_hdr.c:102	ctx	BENIGN struct ubuf_info.ctx: ZERO .ctx / ->ctx field accesses in ipa. Hits are IPA-local ctx pointers and strings/comments.
drivers/platform/msm/ipa/ipa_v2/ipa_hdr.c:103	ctx	BENIGN struct ubuf_info.ctx: ZERO .ctx / ->ctx field accesses in ipa. Hits are IPA-local ctx pointers and strings/comments.
drivers/platform/msm/ipa/ipa_v2/ipa_hdr.c:104	ctx	BENIGN struct ubuf_info.ctx: ZERO .ctx / ->ctx field accesses in ipa. Hits are IPA-local ctx pointers and strings/comments.
drivers/platform/msm/ipa/ipa_v2/ipa_hdr.c:109	ctx	BENIGN struct ubuf_info.ctx: ZERO .ctx / ->ctx field accesses in ipa. Hits are IPA-local ctx pointers and strings/comments.
drivers/platform/msm/ipa/ipa_v2/ipa_hdr.c:110	ctx	BENIGN struct ubuf_info.ctx: ZERO .ctx / ->ctx field accesses in ipa. Hits are IPA-local ctx pointers and strings/comments.
drivers/platform/msm/ipa/ipa_v2/ipa_hdr.c:111	ctx	BENIGN struct ubuf_info.ctx: ZERO .ctx / ->ctx field accesses in ipa. Hits are IPA-local ctx pointers and strings/comments.
drivers/platform/msm/ipa/ipa_v2/ipa_hdr.c:1116	ctx	BENIGN struct ubuf_info.ctx: ZERO .ctx / ->ctx field accesses in ipa. Hits are IPA-local ctx pointers and strings/comments.
drivers/platform/msm/ipa/ipa_v2/ipa_hdr.c:113	ctx	BENIGN struct ubuf_info.ctx: ZERO .ctx / ->ctx field accesses in ipa. Hits are IPA-local ctx pointers and strings/comments.
drivers/platform/msm/ipa/ipa_v2/ipa_hdr.c:115	ctx	BENIGN struct ubuf_info.ctx: ZERO .ctx / ->ctx field accesses in ipa. Hits are IPA-local ctx pointers and strings/comments.
drivers/platform/msm/ipa/ipa_v2/ipa_hdr.c:117	ctx	BENIGN struct ubuf_info.ctx: ZERO .ctx / ->ctx field accesses in ipa. Hits are IPA-local ctx pointers and strings/comments.
drivers/platform/msm/ipa/ipa_v2/ipa_hdr.c:119	ctx	BENIGN struct ubuf_info.ctx: ZERO .ctx / ->ctx field accesses in ipa. Hits are IPA-local ctx pointers and strings/comments.
drivers/platform/msm/ipa/ipa_v2/ipa_hdr.c:120	ctx	BENIGN struct ubuf_info.ctx: ZERO .ctx / ->ctx field accesses in ipa. Hits are IPA-local ctx pointers and strings/comments.
drivers/platform/msm/ipa/ipa_v2/ipa_hdr.c:121	ctx	BENIGN struct ubuf_info.ctx: ZERO .ctx / ->ctx field accesses in ipa. Hits are IPA-local ctx pointers and strings/comments.
drivers/platform/msm/ipa/ipa_v2/ipa_hdr.c:122	ctx	BENIGN struct ubuf_info.ctx: ZERO .ctx / ->ctx field accesses in ipa. Hits are IPA-local ctx pointers and strings/comments.
drivers/platform/msm/ipa/ipa_v2/ipa_hdr.c:123	ctx	BENIGN struct ubuf_info.ctx: ZERO .ctx / ->ctx field accesses in ipa. Hits are IPA-local ctx pointers and strings/comments.
drivers/platform/msm/ipa/ipa_v2/ipa_hdr.c:1278	ctx	BENIGN struct ubuf_info.ctx: ZERO .ctx / ->ctx field accesses in ipa. Hits are IPA-local ctx pointers and strings/comments.
drivers/platform/msm/ipa/ipa_v2/ipa_hdr.c:1346	ctx	BENIGN struct ubuf_info.ctx: ZERO .ctx / ->ctx field accesses in ipa. Hits are IPA-local ctx pointers and strings/comments.
drivers/platform/msm/ipa/ipa_v2/ipa_hdr.c:606	ctx	BENIGN struct ubuf_info.ctx: ZERO .ctx / ->ctx field accesses in ipa. Hits are IPA-local ctx pointers and strings/comments.
drivers/platform/msm/ipa/ipa_v2/ipa_hdr.c:639	ctx	BENIGN struct ubuf_info.ctx: ZERO .ctx / ->ctx field accesses in ipa. Hits are IPA-local ctx pointers and strings/comments.
drivers/platform/msm/ipa/ipa_v2/ipa_hdr.c:80	ctx	BENIGN struct ubuf_info.ctx: ZERO .ctx / ->ctx field accesses in ipa. Hits are IPA-local ctx pointers and strings/comments.
drivers/platform/msm/ipa/ipa_v2/ipa_hdr.c:810	ctx	BENIGN struct ubuf_info.ctx: ZERO .ctx / ->ctx field accesses in ipa. Hits are IPA-local ctx pointers and strings/comments.
drivers/platform/msm/ipa/ipa_v2/ipa_hdr.c:82	ctx	BENIGN struct ubuf_info.ctx: ZERO .ctx / ->ctx field accesses in ipa. Hits are IPA-local ctx pointers and strings/comments.
drivers/platform/msm/ipa/ipa_v2/ipa_hdr.c:84	ctx	BENIGN struct ubuf_info.ctx: ZERO .ctx / ->ctx field accesses in ipa. Hits are IPA-local ctx pointers and strings/comments.
drivers/platform/msm/ipa/ipa_v2/ipa_hdr.c:85	ctx	BENIGN struct ubuf_info.ctx: ZERO .ctx / ->ctx field accesses in ipa. Hits are IPA-local ctx pointers and strings/comments.
drivers/platform/msm/ipa/ipa_v2/ipa_hdr.c:856	ctx	BENIGN struct ubuf_info.ctx: ZERO .ctx / ->ctx field accesses in ipa. Hits are IPA-local ctx pointers and strings/comments.
drivers/platform/msm/ipa/ipa_v2/ipa_hdr.c:86	ctx	BENIGN struct ubuf_info.ctx: ZERO .ctx / ->ctx field accesses in ipa. Hits are IPA-local ctx pointers and strings/comments.
drivers/platform/msm/ipa/ipa_v2/ipa_hdr.c:87	ctx	BENIGN struct ubuf_info.ctx: ZERO .ctx / ->ctx field accesses in ipa. Hits are IPA-local ctx pointers and strings/comments.
drivers/platform/msm/ipa/ipa_v2/ipa_hdr.c:92	ctx	BENIGN struct ubuf_info.ctx: ZERO .ctx / ->ctx field accesses in ipa. Hits are IPA-local ctx pointers and strings/comments.
drivers/platform/msm/ipa/ipa_v2/ipa_hdr.c:93	ctx	BENIGN struct ubuf_info.ctx: ZERO .ctx / ->ctx field accesses in ipa. Hits are IPA-local ctx pointers and strings/comments.
drivers/platform/msm/ipa/ipa_v2/ipa_hdr.c:94	ctx	BENIGN struct ubuf_info.ctx: ZERO .ctx / ->ctx field accesses in ipa. Hits are IPA-local ctx pointers and strings/comments.
drivers/platform/msm/ipa/ipa_v2/ipa_hdr.c:95	ctx	BENIGN struct ubuf_info.ctx: ZERO .ctx / ->ctx field accesses in ipa. Hits are IPA-local ctx pointers and strings/comments.
drivers/platform/msm/ipa/ipa_v2/ipa_hdr.c:97	ctx	BENIGN struct ubuf_info.ctx: ZERO .ctx / ->ctx field accesses in ipa. Hits are IPA-local ctx pointers and strings/comments.
drivers/platform/msm/ipa/ipa_v2/ipa_hdr.c:99	ctx	BENIGN struct ubuf_info.ctx: ZERO .ctx / ->ctx field accesses in ipa. Hits are IPA-local ctx pointers and strings/comments.
drivers/platform/msm/ipa/ipa_v2/ipa_i.h:311	ctx	BENIGN struct ubuf_info.ctx: ZERO .ctx / ->ctx field accesses in ipa. Hits are IPA-local ctx pointers and strings/comments.
drivers/platform/msm/ipa/ipa_v2/ipa_rt.c:1054	ctx	BENIGN struct ubuf_info.ctx: ZERO .ctx / ->ctx field accesses in ipa. Hits are IPA-local ctx pointers and strings/comments.
drivers/platform/msm/ipa/ipa_v2/ipa_uc_ntn.c:154	ctx	BENIGN struct ubuf_info.ctx: ZERO .ctx / ->ctx field accesses in ipa. Hits are IPA-local ctx pointers and strings/comments.
drivers/platform/msm/ipa/ipa_v2/ipa_uc_ntn.c:182	ctx	BENIGN struct ubuf_info.ctx: ZERO .ctx / ->ctx field accesses in ipa. Hits are IPA-local ctx pointers and strings/comments.
drivers/platform/msm/ipa/ipa_v2/ipa_uc_wdi.c:1823	ctx	BENIGN struct ubuf_info.ctx: ZERO .ctx / ->ctx field accesses in ipa. Hits are IPA-local ctx pointers and strings/comments.
drivers/platform/msm/ipa/ipa_v2/ipa_utils.c:681	ctx	BENIGN struct ubuf_info.ctx: ZERO .ctx / ->ctx field accesses in ipa. Hits are IPA-local ctx pointers and strings/comments.
drivers/platform/msm/ipa/ipa_v3/ipa.c:2340	ctx	BENIGN struct ubuf_info.ctx: ZERO .ctx / ->ctx field accesses in ipa. Hits are IPA-local ctx pointers and strings/comments.
drivers/platform/msm/ipa/ipa_v3/ipa.c:5615	ctx	BENIGN struct ubuf_info.ctx: ZERO .ctx / ->ctx field accesses in ipa. Hits are IPA-local ctx pointers and strings/comments.
drivers/platform/msm/ipa/ipa_v3/ipa.c:5623	ctx	BENIGN struct ubuf_info.ctx: ZERO .ctx / ->ctx field accesses in ipa. Hits are IPA-local ctx pointers and strings/comments.
drivers/platform/msm/ipa/ipa_v3/ipa_dma.c:1037	ctx	BENIGN struct ubuf_info.ctx: ZERO .ctx / ->ctx field accesses in ipa. Hits are IPA-local ctx pointers and strings/comments.
drivers/platform/msm/ipa/ipa_v3/ipa_dp.c:1001	ctx	BENIGN struct ubuf_info.ctx: ZERO .ctx / ->ctx field accesses in ipa. Hits are IPA-local ctx pointers and strings/comments.
drivers/platform/msm/ipa/ipa_v3/ipa_dp.c:928	ctx	BENIGN struct ubuf_info.ctx: ZERO .ctx / ->ctx field accesses in ipa. Hits are IPA-local ctx pointers and strings/comments.
drivers/platform/msm/ipa/ipa_v3/ipa_hdr.c:1034	ctx	BENIGN struct ubuf_info.ctx: ZERO .ctx / ->ctx field accesses in ipa. Hits are IPA-local ctx pointers and strings/comments.
drivers/platform/msm/ipa/ipa_v3/ipa_hdr.c:1104	ctx	BENIGN struct ubuf_info.ctx: ZERO .ctx / ->ctx field accesses in ipa. Hits are IPA-local ctx pointers and strings/comments.
drivers/platform/msm/ipa/ipa_v3/ipa_hdr.c:397	ctx	BENIGN struct ubuf_info.ctx: ZERO .ctx / ->ctx field accesses in ipa. Hits are IPA-local ctx pointers and strings/comments.
drivers/platform/msm/ipa/ipa_v3/ipa_hdr.c:430	ctx	BENIGN struct ubuf_info.ctx: ZERO .ctx / ->ctx field accesses in ipa. Hits are IPA-local ctx pointers and strings/comments.
drivers/platform/msm/ipa/ipa_v3/ipa_hdr.c:590	ctx	BENIGN struct ubuf_info.ctx: ZERO .ctx / ->ctx field accesses in ipa. Hits are IPA-local ctx pointers and strings/comments.
drivers/platform/msm/ipa/ipa_v3/ipa_hdr.c:637	ctx	BENIGN struct ubuf_info.ctx: ZERO .ctx / ->ctx field accesses in ipa. Hits are IPA-local ctx pointers and strings/comments.
drivers/platform/msm/ipa/ipa_v3/ipa_hdr.c:881	ctx	BENIGN struct ubuf_info.ctx: ZERO .ctx / ->ctx field accesses in ipa. Hits are IPA-local ctx pointers and strings/comments.
drivers/platform/msm/ipa/ipa_v3/ipa_i.h:495	ctx	BENIGN struct ubuf_info.ctx: ZERO .ctx / ->ctx field accesses in ipa. Hits are IPA-local ctx pointers and strings/comments.
drivers/platform/msm/ipa/ipa_v3/ipa_pm.c:178	ctx	BENIGN struct ubuf_info.ctx: ZERO .ctx / ->ctx field accesses in ipa. Hits are IPA-local ctx pointers and strings/comments.
drivers/platform/msm/ipa/ipa_v3/ipa_rt.c:949	ctx	BENIGN struct ubuf_info.ctx: ZERO .ctx / ->ctx field accesses in ipa. Hits are IPA-local ctx pointers and strings/comments.
drivers/platform/msm/ipa/ipa_v3/ipa_uc_ntn.c:147	ctx	BENIGN struct ubuf_info.ctx: ZERO .ctx / ->ctx field accesses in ipa. Hits are IPA-local ctx pointers and strings/comments.
drivers/platform/msm/ipa/ipa_v3/ipa_uc_ntn.c:170	ctx	BENIGN struct ubuf_info.ctx: ZERO .ctx / ->ctx field accesses in ipa. Hits are IPA-local ctx pointers and strings/comments.
drivers/platform/msm/ipa/ipa_v3/ipa_uc_wdi.c:1849	ctx	BENIGN struct ubuf_info.ctx: ZERO .ctx / ->ctx field accesses in ipa. Hits are IPA-local ctx pointers and strings/comments.
drivers/platform/msm/ipa/ipa_v3/ipa_utils.c:2366	ctx	BENIGN struct ubuf_info.ctx: ZERO .ctx / ->ctx field accesses in ipa. Hits are IPA-local ctx pointers and strings/comments.
drivers/platform/msm/ipa/ipa_v3/ipahal/ipahal.c:1217	ctx	BENIGN struct ubuf_info.ctx: ZERO .ctx / ->ctx field accesses in ipa. Hits are IPA-local ctx pointers and strings/comments.
drivers/platform/msm/ipa/ipa_v3/ipahal/ipahal.c:1219	ctx	BENIGN struct ubuf_info.ctx: ZERO .ctx / ->ctx field accesses in ipa. Hits are IPA-local ctx pointers and strings/comments.
drivers/platform/msm/ipa/ipa_v3/ipahal/ipahal.c:1221	ctx	BENIGN struct ubuf_info.ctx: ZERO .ctx / ->ctx field accesses in ipa. Hits are IPA-local ctx pointers and strings/comments.
drivers/platform/msm/ipa/ipa_v3/ipahal/ipahal.c:1222	ctx	BENIGN struct ubuf_info.ctx: ZERO .ctx / ->ctx field accesses in ipa. Hits are IPA-local ctx pointers and strings/comments.
drivers/platform/msm/ipa/ipa_v3/ipahal/ipahal.c:1223	ctx	BENIGN struct ubuf_info.ctx: ZERO .ctx / ->ctx field accesses in ipa. Hits are IPA-local ctx pointers and strings/comments.
drivers/platform/msm/ipa/ipa_v3/ipahal/ipahal.c:1224	ctx	BENIGN struct ubuf_info.ctx: ZERO .ctx / ->ctx field accesses in ipa. Hits are IPA-local ctx pointers and strings/comments.
drivers/platform/msm/ipa/ipa_v3/ipahal/ipahal.c:1227	ctx	BENIGN struct ubuf_info.ctx: ZERO .ctx / ->ctx field accesses in ipa. Hits are IPA-local ctx pointers and strings/comments.
drivers/platform/msm/ipa/ipa_v3/ipahal/ipahal.c:1228	ctx	BENIGN struct ubuf_info.ctx: ZERO .ctx / ->ctx field accesses in ipa. Hits are IPA-local ctx pointers and strings/comments.
drivers/platform/msm/ipa/ipa_v3/ipahal/ipahal.c:1229	ctx	BENIGN struct ubuf_info.ctx: ZERO .ctx / ->ctx field accesses in ipa. Hits are IPA-local ctx pointers and strings/comments.
drivers/platform/msm/ipa/ipa_v3/ipahal/ipahal.c:1230	ctx	BENIGN struct ubuf_info.ctx: ZERO .ctx / ->ctx field accesses in ipa. Hits are IPA-local ctx pointers and strings/comments.
drivers/platform/msm/ipa/ipa_v3/ipahal/ipahal.c:1232	ctx	BENIGN struct ubuf_info.ctx: ZERO .ctx / ->ctx field accesses in ipa. Hits are IPA-local ctx pointers and strings/comments.
drivers/platform/msm/ipa/ipa_v3/ipahal/ipahal.c:1234	ctx	BENIGN struct ubuf_info.ctx: ZERO .ctx / ->ctx field accesses in ipa. Hits are IPA-local ctx pointers and strings/comments.
drivers/platform/msm/ipa/ipa_v3/ipahal/ipahal.c:1236	ctx	BENIGN struct ubuf_info.ctx: ZERO .ctx / ->ctx field accesses in ipa. Hits are IPA-local ctx pointers and strings/comments.
drivers/platform/msm/ipa/ipa_v3/ipahal/ipahal.c:1237	ctx	BENIGN struct ubuf_info.ctx: ZERO .ctx / ->ctx field accesses in ipa. Hits are IPA-local ctx pointers and strings/comments.
drivers/platform/msm/ipa/ipa_v3/ipahal/ipahal.c:1238	ctx	BENIGN struct ubuf_info.ctx: ZERO .ctx / ->ctx field accesses in ipa. Hits are IPA-local ctx pointers and strings/comments.
drivers/platform/msm/ipa/ipa_v3/ipahal/ipahal.c:1239	ctx	BENIGN struct ubuf_info.ctx: ZERO .ctx / ->ctx field accesses in ipa. Hits are IPA-local ctx pointers and strings/comments.
drivers/platform/msm/ipa/ipa_v3/ipahal/ipahal.c:1242	ctx	BENIGN struct ubuf_info.ctx: ZERO .ctx / ->ctx field accesses in ipa. Hits are IPA-local ctx pointers and strings/comments.
drivers/platform/msm/ipa/ipa_v3/ipahal/ipahal.c:1243	ctx	BENIGN struct ubuf_info.ctx: ZERO .ctx / ->ctx field accesses in ipa. Hits are IPA-local ctx pointers and strings/comments.
drivers/platform/msm/ipa/ipa_v3/ipahal/ipahal.c:1244	ctx	BENIGN struct ubuf_info.ctx: ZERO .ctx / ->ctx field accesses in ipa. Hits are IPA-local ctx pointers and strings/comments.
drivers/platform/msm/ipa/ipa_v3/ipahal/ipahal.c:1245	ctx	BENIGN struct ubuf_info.ctx: ZERO .ctx / ->ctx field accesses in ipa. Hits are IPA-local ctx pointers and strings/comments.
drivers/platform/msm/ipa/ipa_v3/ipahal/ipahal.c:1247	ctx	BENIGN struct ubuf_info.ctx: ZERO .ctx / ->ctx field accesses in ipa. Hits are IPA-local ctx pointers and strings/comments.
drivers/platform/msm/ipa/ipa_v3/ipahal/ipahal.c:1249	ctx	BENIGN struct ubuf_info.ctx: ZERO .ctx / ->ctx field accesses in ipa. Hits are IPA-local ctx pointers and strings/comments.
drivers/platform/msm/ipa/ipa_v3/ipahal/ipahal.c:1251	ctx	BENIGN struct ubuf_info.ctx: ZERO .ctx / ->ctx field accesses in ipa. Hits are IPA-local ctx pointers and strings/comments.
drivers/platform/msm/ipa/ipa_v3/ipahal/ipahal.c:1254	ctx	BENIGN struct ubuf_info.ctx: ZERO .ctx / ->ctx field accesses in ipa. Hits are IPA-local ctx pointers and strings/comments.
drivers/platform/msm/ipa/ipa_v3/ipahal/ipahal.c:1255	ctx	BENIGN struct ubuf_info.ctx: ZERO .ctx / ->ctx field accesses in ipa. Hits are IPA-local ctx pointers and strings/comments.
drivers/platform/msm/ipa/ipa_v3/ipahal/ipahal.c:1256	ctx	BENIGN struct ubuf_info.ctx: ZERO .ctx / ->ctx field accesses in ipa. Hits are IPA-local ctx pointers and strings/comments.
drivers/platform/msm/ipa/ipa_v3/ipahal/ipahal.c:1257	ctx	BENIGN struct ubuf_info.ctx: ZERO .ctx / ->ctx field accesses in ipa. Hits are IPA-local ctx pointers and strings/comments.
drivers/platform/msm/ipa/ipa_v3/ipahal/ipahal.c:1259	ctx	BENIGN struct ubuf_info.ctx: ZERO .ctx / ->ctx field accesses in ipa. Hits are IPA-local ctx pointers and strings/comments.
drivers/platform/msm/ipa/ipa_v3/ipahal/ipahal.c:1261	ctx	BENIGN struct ubuf_info.ctx: ZERO .ctx / ->ctx field accesses in ipa. Hits are IPA-local ctx pointers and strings/comments.
drivers/platform/msm/ipa/ipa_v3/ipahal/ipahal.c:1263	ctx	BENIGN struct ubuf_info.ctx: ZERO .ctx / ->ctx field accesses in ipa. Hits are IPA-local ctx pointers and strings/comments.
drivers/platform/msm/ipa/ipa_v3/ipahal/ipahal.c:1264	ctx	BENIGN struct ubuf_info.ctx: ZERO .ctx / ->ctx field accesses in ipa. Hits are IPA-local ctx pointers and strings/comments.
drivers/platform/msm/ipa/ipa_v3/ipahal/ipahal.c:1265	ctx	BENIGN struct ubuf_info.ctx: ZERO .ctx / ->ctx field accesses in ipa. Hits are IPA-local ctx pointers and strings/comments.
drivers/platform/msm/ipa/ipa_v3/ipahal/ipahal.c:1266	ctx	BENIGN struct ubuf_info.ctx: ZERO .ctx / ->ctx field accesses in ipa. Hits are IPA-local ctx pointers and strings/comments.
drivers/platform/msm/ipa/ipa_v3/ipahal/ipahal.c:1269	ctx	BENIGN struct ubuf_info.ctx: ZERO .ctx / ->ctx field accesses in ipa. Hits are IPA-local ctx pointers and strings/comments.
drivers/platform/msm/ipa/ipa_v3/ipahal/ipahal.c:1270	ctx	BENIGN struct ubuf_info.ctx: ZERO .ctx / ->ctx field accesses in ipa. Hits are IPA-local ctx pointers and strings/comments.
drivers/platform/msm/ipa/ipa_v3/ipahal/ipahal.c:1271	ctx	BENIGN struct ubuf_info.ctx: ZERO .ctx / ->ctx field accesses in ipa. Hits are IPA-local ctx pointers and strings/comments.
drivers/platform/msm/ipa/ipa_v3/ipahal/ipahal.c:1272	ctx	BENIGN struct ubuf_info.ctx: ZERO .ctx / ->ctx field accesses in ipa. Hits are IPA-local ctx pointers and strings/comments.
drivers/platform/msm/ipa/ipa_v3/ipahal/ipahal.c:1274	ctx	BENIGN struct ubuf_info.ctx: ZERO .ctx / ->ctx field accesses in ipa. Hits are IPA-local ctx pointers and strings/comments.
drivers/platform/msm/ipa/ipa_v3/ipahal/ipahal.c:1276	ctx	BENIGN struct ubuf_info.ctx: ZERO .ctx / ->ctx field accesses in ipa. Hits are IPA-local ctx pointers and strings/comments.
drivers/platform/msm/ipa/ipa_v3/ipahal/ipahal.c:1278	ctx	BENIGN struct ubuf_info.ctx: ZERO .ctx / ->ctx field accesses in ipa. Hits are IPA-local ctx pointers and strings/comments.
drivers/platform/msm/ipa/ipa_v3/ipahal/ipahal.c:1280	ctx	BENIGN struct ubuf_info.ctx: ZERO .ctx / ->ctx field accesses in ipa. Hits are IPA-local ctx pointers and strings/comments.
drivers/platform/msm/ipa/ipa_v3/ipahal/ipahal.c:1282	ctx	BENIGN struct ubuf_info.ctx: ZERO .ctx / ->ctx field accesses in ipa. Hits are IPA-local ctx pointers and strings/comments.
drivers/platform/msm/ipa/ipa_v3/ipahal/ipahal.c:1285	ctx	BENIGN struct ubuf_info.ctx: ZERO .ctx / ->ctx field accesses in ipa. Hits are IPA-local ctx pointers and strings/comments.
drivers/platform/msm/ipa/ipa_v3/ipahal/ipahal.c:1286	ctx	BENIGN struct ubuf_info.ctx: ZERO .ctx / ->ctx field accesses in ipa. Hits are IPA-local ctx pointers and strings/comments.
drivers/platform/msm/ipa/ipa_v3/ipahal/ipahal.c:1288	ctx	BENIGN struct ubuf_info.ctx: ZERO .ctx / ->ctx field accesses in ipa. Hits are IPA-local ctx pointers and strings/comments.
drivers/platform/msm/ipa/ipa_v3/ipahal/ipahal.c:1290	ctx	BENIGN struct ubuf_info.ctx: ZERO .ctx / ->ctx field accesses in ipa. Hits are IPA-local ctx pointers and strings/comments.
drivers/platform/msm/ipa/ipa_v3/ipahal/ipahal.c:1291	ctx	BENIGN struct ubuf_info.ctx: ZERO .ctx / ->ctx field accesses in ipa. Hits are IPA-local ctx pointers and strings/comments.
drivers/platform/msm/ipa/ipa_v3/ipahal/ipahal.c:1292	ctx	BENIGN struct ubuf_info.ctx: ZERO .ctx / ->ctx field accesses in ipa. Hits are IPA-local ctx pointers and strings/comments.
drivers/platform/msm/ipa/ipa_v3/ipahal/ipahal.c:1293	ctx	BENIGN struct ubuf_info.ctx: ZERO .ctx / ->ctx field accesses in ipa. Hits are IPA-local ctx pointers and strings/comments.
drivers/platform/msm/ipa/ipa_v3/ipahal/ipahal.c:1295	ctx	BENIGN struct ubuf_info.ctx: ZERO .ctx / ->ctx field accesses in ipa. Hits are IPA-local ctx pointers and strings/comments.
drivers/platform/msm/ipa/ipa_v3/ipahal/ipahal.c:1297	ctx	BENIGN struct ubuf_info.ctx: ZERO .ctx / ->ctx field accesses in ipa. Hits are IPA-local ctx pointers and strings/comments.
drivers/platform/msm/ipa/ipa_v3/ipahal/ipahal.c:1300	ctx	BENIGN struct ubuf_info.ctx: ZERO .ctx / ->ctx field accesses in ipa. Hits are IPA-local ctx pointers and strings/comments.
drivers/platform/msm/ipa/ipa_v3/ipahal/ipahal.c:1301	ctx	BENIGN struct ubuf_info.ctx: ZERO .ctx / ->ctx field accesses in ipa. Hits are IPA-local ctx pointers and strings/comments.
drivers/platform/msm/ipa/ipa_v3/ipahal/ipahal.c:1302	ctx	BENIGN struct ubuf_info.ctx: ZERO .ctx / ->ctx field accesses in ipa. Hits are IPA-local ctx pointers and strings/comments.
drivers/platform/msm/ipa/ipa_v3/ipahal/ipahal.c:1303	ctx	BENIGN struct ubuf_info.ctx: ZERO .ctx / ->ctx field accesses in ipa. Hits are IPA-local ctx pointers and strings/comments.
drivers/platform/msm/ipa/ipa_v3/ipahal/ipahal.c:1306	ctx	BENIGN struct ubuf_info.ctx: ZERO .ctx / ->ctx field accesses in ipa. Hits are IPA-local ctx pointers and strings/comments.
drivers/platform/msm/ipa/ipa_v3/ipahal/ipahal.c:1308	ctx	BENIGN struct ubuf_info.ctx: ZERO .ctx / ->ctx field accesses in ipa. Hits are IPA-local ctx pointers and strings/comments.
drivers/platform/msm/ipa/ipa_v3/ipahal/ipahal.c:1309	ctx	BENIGN struct ubuf_info.ctx: ZERO .ctx / ->ctx field accesses in ipa. Hits are IPA-local ctx pointers and strings/comments.
drivers/platform/msm/ipa/ipa_v3/ipahal/ipahal.c:1310	ctx	BENIGN struct ubuf_info.ctx: ZERO .ctx / ->ctx field accesses in ipa. Hits are IPA-local ctx pointers and strings/comments.
drivers/platform/msm/ipa/ipa_v3/ipahal/ipahal.c:1312	ctx	BENIGN struct ubuf_info.ctx: ZERO .ctx / ->ctx field accesses in ipa. Hits are IPA-local ctx pointers and strings/comments.
drivers/platform/msm/ipa/ipa_v3/ipahal/ipahal.c:1314	ctx	BENIGN struct ubuf_info.ctx: ZERO .ctx / ->ctx field accesses in ipa. Hits are IPA-local ctx pointers and strings/comments.
drivers/platform/msm/ipa/ipa_v3/ipahal/ipahal.c:1316	ctx	BENIGN struct ubuf_info.ctx: ZERO .ctx / ->ctx field accesses in ipa. Hits are IPA-local ctx pointers and strings/comments.
drivers/platform/msm/ipa/ipa_v3/ipahal/ipahal.c:1318	ctx	BENIGN struct ubuf_info.ctx: ZERO .ctx / ->ctx field accesses in ipa. Hits are IPA-local ctx pointers and strings/comments.
drivers/platform/msm/ipa/ipa_v3/ipahal/ipahal.c:1319	ctx	BENIGN struct ubuf_info.ctx: ZERO .ctx / ->ctx field accesses in ipa. Hits are IPA-local ctx pointers and strings/comments.
drivers/platform/msm/ipa/ipa_v3/ipahal/ipahal.c:1320	ctx	BENIGN struct ubuf_info.ctx: ZERO .ctx / ->ctx field accesses in ipa. Hits are IPA-local ctx pointers and strings/comments.
drivers/platform/msm/ipa/ipa_v3/ipahal/ipahal.c:1322	ctx	BENIGN struct ubuf_info.ctx: ZERO .ctx / ->ctx field accesses in ipa. Hits are IPA-local ctx pointers and strings/comments.
drivers/platform/msm/ipa/ipa_v3/ipahal/ipahal.c:1324	ctx	BENIGN struct ubuf_info.ctx: ZERO .ctx / ->ctx field accesses in ipa. Hits are IPA-local ctx pointers and strings/comments.
drivers/platform/msm/ipa/ipa_v3/ipahal/ipahal.c:1326	ctx	BENIGN struct ubuf_info.ctx: ZERO .ctx / ->ctx field accesses in ipa. Hits are IPA-local ctx pointers and strings/comments.
drivers/platform/msm/ipa/ipa_v3/ipahal/ipahal.c:1327	ctx	BENIGN struct ubuf_info.ctx: ZERO .ctx / ->ctx field accesses in ipa. Hits are IPA-local ctx pointers and strings/comments.
drivers/platform/msm/ipa/ipa_v3/ipahal/ipahal.c:1328	ctx	BENIGN struct ubuf_info.ctx: ZERO .ctx / ->ctx field accesses in ipa. Hits are IPA-local ctx pointers and strings/comments.
drivers/platform/msm/ipa/ipa_v3/ipahal/ipahal.c:1329	ctx	BENIGN struct ubuf_info.ctx: ZERO .ctx / ->ctx field accesses in ipa. Hits are IPA-local ctx pointers and strings/comments.
drivers/platform/msm/ipa/ipa_v3/ipahal/ipahal.c:1332	ctx	BENIGN struct ubuf_info.ctx: ZERO .ctx / ->ctx field accesses in ipa. Hits are IPA-local ctx pointers and strings/comments.
drivers/platform/msm/ipa/ipa_v3/ipahal/ipahal.c:1333	ctx	BENIGN struct ubuf_info.ctx: ZERO .ctx / ->ctx field accesses in ipa. Hits are IPA-local ctx pointers and strings/comments.
drivers/platform/msm/ipa/ipa_v3/ipahal/ipahal.c:1334	ctx	BENIGN struct ubuf_info.ctx: ZERO .ctx / ->ctx field accesses in ipa. Hits are IPA-local ctx pointers and strings/comments.
drivers/platform/msm/ipa/ipa_v3/ipahal/ipahal.c:1337	ctx	BENIGN struct ubuf_info.ctx: ZERO .ctx / ->ctx field accesses in ipa. Hits are IPA-local ctx pointers and strings/comments.
drivers/platform/msm/ipa/ipa_v3/ipahal/ipahal.c:1340	ctx	BENIGN struct ubuf_info.ctx: ZERO .ctx / ->ctx field accesses in ipa. Hits are IPA-local ctx pointers and strings/comments.
drivers/platform/msm/ipa/ipa_v3/ipahal/ipahal.c:1343	ctx	BENIGN struct ubuf_info.ctx: ZERO .ctx / ->ctx field accesses in ipa. Hits are IPA-local ctx pointers and strings/comments.
drivers/platform/msm/ipa/ipa_v3/ipahal/ipahal.c:1346	ctx	BENIGN struct ubuf_info.ctx: ZERO .ctx / ->ctx field accesses in ipa. Hits are IPA-local ctx pointers and strings/comments.
drivers/platform/msm/ipa/ipa_v3/ipahal/ipahal.c:1353	ctx	BENIGN struct ubuf_info.ctx: ZERO .ctx / ->ctx field accesses in ipa. Hits are IPA-local ctx pointers and strings/comments.
drivers/platform/msm/ipa/ipa_v3/ipahal/ipahal.c:1354	ctx	BENIGN struct ubuf_info.ctx: ZERO .ctx / ->ctx field accesses in ipa. Hits are IPA-local ctx pointers and strings/comments.
drivers/platform/msm/ipa/ipa_v3/ipahal/ipahal.c:1355	ctx	BENIGN struct ubuf_info.ctx: ZERO .ctx / ->ctx field accesses in ipa. Hits are IPA-local ctx pointers and strings/comments.
drivers/platform/msm/ipa/ipa_v3/ipahal/ipahal.c:1356	ctx	BENIGN struct ubuf_info.ctx: ZERO .ctx / ->ctx field accesses in ipa. Hits are IPA-local ctx pointers and strings/comments.
drivers/platform/msm/ipa/test/ipa_test_dma.c:61	ctx	BENIGN struct ubuf_info.ctx: ZERO .ctx / ->ctx field accesses in ipa. Hits are IPA-local ctx pointers and strings/comments.
drivers/platform/msm/ipa/test/ipa_test_hw_stats.c:103	ctx	BENIGN struct ubuf_info.ctx: ZERO .ctx / ->ctx field accesses in ipa. Hits are IPA-local ctx pointers and strings/comments.
drivers/platform/msm/ipa/test/ipa_test_hw_stats.c:114	ctx	BENIGN struct ubuf_info.ctx: ZERO .ctx / ->ctx field accesses in ipa. Hits are IPA-local ctx pointers and strings/comments.
drivers/platform/msm/ipa/test/ipa_test_hw_stats.c:117	ctx	BENIGN struct ubuf_info.ctx: ZERO .ctx / ->ctx field accesses in ipa. Hits are IPA-local ctx pointers and strings/comments.
drivers/platform/msm/ipa/test/ipa_test_hw_stats.c:169	ctx	BENIGN struct ubuf_info.ctx: ZERO .ctx / ->ctx field accesses in ipa. Hits are IPA-local ctx pointers and strings/comments.
drivers/platform/msm/ipa/test/ipa_test_hw_stats.c:193	ctx	BENIGN struct ubuf_info.ctx: ZERO .ctx / ->ctx field accesses in ipa. Hits are IPA-local ctx pointers and strings/comments.
drivers/platform/msm/ipa/test/ipa_test_hw_stats.c:216	ctx	BENIGN struct ubuf_info.ctx: ZERO .ctx / ->ctx field accesses in ipa. Hits are IPA-local ctx pointers and strings/comments.
drivers/platform/msm/ipa/test/ipa_test_hw_stats.c:240	ctx	BENIGN struct ubuf_info.ctx: ZERO .ctx / ->ctx field accesses in ipa. Hits are IPA-local ctx pointers and strings/comments.
drivers/platform/msm/ipa/test/ipa_test_hw_stats.c:250	ctx	BENIGN struct ubuf_info.ctx: ZERO .ctx / ->ctx field accesses in ipa. Hits are IPA-local ctx pointers and strings/comments.
drivers/platform/msm/ipa/test/ipa_test_hw_stats.c:26	ctx	BENIGN struct ubuf_info.ctx: ZERO .ctx / ->ctx field accesses in ipa. Hits are IPA-local ctx pointers and strings/comments.
drivers/platform/msm/ipa/test/ipa_test_hw_stats.c:267	ctx	BENIGN struct ubuf_info.ctx: ZERO .ctx / ->ctx field accesses in ipa. Hits are IPA-local ctx pointers and strings/comments.
drivers/platform/msm/ipa/test/ipa_test_hw_stats.c:284	ctx	BENIGN struct ubuf_info.ctx: ZERO .ctx / ->ctx field accesses in ipa. Hits are IPA-local ctx pointers and strings/comments.
drivers/platform/msm/ipa/test/ipa_test_hw_stats.c:301	ctx	BENIGN struct ubuf_info.ctx: ZERO .ctx / ->ctx field accesses in ipa. Hits are IPA-local ctx pointers and strings/comments.
drivers/platform/msm/ipa/test/ipa_test_hw_stats.c:32	ctx	BENIGN struct ubuf_info.ctx: ZERO .ctx / ->ctx field accesses in ipa. Hits are IPA-local ctx pointers and strings/comments.
drivers/platform/msm/ipa/test/ipa_test_hw_stats.c:33	ctx	BENIGN struct ubuf_info.ctx: ZERO .ctx / ->ctx field accesses in ipa. Hits are IPA-local ctx pointers and strings/comments.
drivers/platform/msm/ipa/test/ipa_test_hw_stats.c:55	ctx	BENIGN struct ubuf_info.ctx: ZERO .ctx / ->ctx field accesses in ipa. Hits are IPA-local ctx pointers and strings/comments.
drivers/platform/msm/ipa/test/ipa_test_hw_stats.c:70	ctx	BENIGN struct ubuf_info.ctx: ZERO .ctx / ->ctx field accesses in ipa. Hits are IPA-local ctx pointers and strings/comments.
drivers/platform/msm/ipa/test/ipa_test_hw_stats.c:72	ctx	BENIGN struct ubuf_info.ctx: ZERO .ctx / ->ctx field accesses in ipa. Hits are IPA-local ctx pointers and strings/comments.
drivers/platform/msm/ipa/test/ipa_test_mhi.c:1011	ctx	BENIGN struct ubuf_info.ctx: ZERO .ctx / ->ctx field accesses in ipa. Hits are IPA-local ctx pointers and strings/comments.
drivers/platform/msm/ipa/test/ipa_test_mhi.c:1020	ctx	BENIGN struct ubuf_info.ctx: ZERO .ctx / ->ctx field accesses in ipa. Hits are IPA-local ctx pointers and strings/comments.
drivers/platform/msm/ipa/test/ipa_test_mhi.c:1021	ctx	BENIGN struct ubuf_info.ctx: ZERO .ctx / ->ctx field accesses in ipa. Hits are IPA-local ctx pointers and strings/comments.
drivers/platform/msm/ipa/test/ipa_test_mhi.c:1025	ctx	BENIGN struct ubuf_info.ctx: ZERO .ctx / ->ctx field accesses in ipa. Hits are IPA-local ctx pointers and strings/comments.
drivers/platform/msm/ipa/test/ipa_test_mhi.c:1030	ctx	BENIGN struct ubuf_info.ctx: ZERO .ctx / ->ctx field accesses in ipa. Hits are IPA-local ctx pointers and strings/comments.
drivers/platform/msm/ipa/test/ipa_test_mhi.c:1031	ctx	BENIGN struct ubuf_info.ctx: ZERO .ctx / ->ctx field accesses in ipa. Hits are IPA-local ctx pointers and strings/comments.
drivers/platform/msm/ipa/test/ipa_test_mhi.c:1039	ctx	BENIGN struct ubuf_info.ctx: ZERO .ctx / ->ctx field accesses in ipa. Hits are IPA-local ctx pointers and strings/comments.
drivers/platform/msm/ipa/test/ipa_test_mhi.c:1040	ctx	BENIGN struct ubuf_info.ctx: ZERO .ctx / ->ctx field accesses in ipa. Hits are IPA-local ctx pointers and strings/comments.
drivers/platform/msm/ipa/test/ipa_test_mhi.c:1049	ctx	BENIGN struct ubuf_info.ctx: ZERO .ctx / ->ctx field accesses in ipa. Hits are IPA-local ctx pointers and strings/comments.
drivers/platform/msm/ipa/test/ipa_test_mhi.c:1050	ctx	BENIGN struct ubuf_info.ctx: ZERO .ctx / ->ctx field accesses in ipa. Hits are IPA-local ctx pointers and strings/comments.
drivers/platform/msm/ipa/test/ipa_test_mhi.c:1052	ctx	BENIGN struct ubuf_info.ctx: ZERO .ctx / ->ctx field accesses in ipa. Hits are IPA-local ctx pointers and strings/comments.
drivers/platform/msm/ipa/test/ipa_test_mhi.c:1053	ctx	BENIGN struct ubuf_info.ctx: ZERO .ctx / ->ctx field accesses in ipa. Hits are IPA-local ctx pointers and strings/comments.
drivers/platform/msm/ipa/test/ipa_test_mhi.c:1054	ctx	BENIGN struct ubuf_info.ctx: ZERO .ctx / ->ctx field accesses in ipa. Hits are IPA-local ctx pointers and strings/comments.
drivers/platform/msm/ipa/test/ipa_test_mhi.c:1059	ctx	BENIGN struct ubuf_info.ctx: ZERO .ctx / ->ctx field accesses in ipa. Hits are IPA-local ctx pointers and strings/comments.
drivers/platform/msm/ipa/test/ipa_test_mhi.c:1060	ctx	BENIGN struct ubuf_info.ctx: ZERO .ctx / ->ctx field accesses in ipa. Hits are IPA-local ctx pointers and strings/comments.
drivers/platform/msm/ipa/test/ipa_test_mhi.c:1061	ctx	BENIGN struct ubuf_info.ctx: ZERO .ctx / ->ctx field accesses in ipa. Hits are IPA-local ctx pointers and strings/comments.
drivers/platform/msm/ipa/test/ipa_test_mhi.c:1070	ctx	BENIGN struct ubuf_info.ctx: ZERO .ctx / ->ctx field accesses in ipa. Hits are IPA-local ctx pointers and strings/comments.
drivers/platform/msm/ipa/test/ipa_test_mhi.c:1074	ctx	BENIGN struct ubuf_info.ctx: ZERO .ctx / ->ctx field accesses in ipa. Hits are IPA-local ctx pointers and strings/comments.
drivers/platform/msm/ipa/test/ipa_test_mhi.c:1075	ctx	BENIGN struct ubuf_info.ctx: ZERO .ctx / ->ctx field accesses in ipa. Hits are IPA-local ctx pointers and strings/comments.
drivers/platform/msm/ipa/test/ipa_test_mhi.c:1076	ctx	BENIGN struct ubuf_info.ctx: ZERO .ctx / ->ctx field accesses in ipa. Hits are IPA-local ctx pointers and strings/comments.
drivers/platform/msm/ipa/test/ipa_test_mhi.c:1081	ctx	BENIGN struct ubuf_info.ctx: ZERO .ctx / ->ctx field accesses in ipa. Hits are IPA-local ctx pointers and strings/comments.
drivers/platform/msm/ipa/test/ipa_test_mhi.c:1082	ctx	BENIGN struct ubuf_info.ctx: ZERO .ctx / ->ctx field accesses in ipa. Hits are IPA-local ctx pointers and strings/comments.
drivers/platform/msm/ipa/test/ipa_test_mhi.c:1083	ctx	BENIGN struct ubuf_info.ctx: ZERO .ctx / ->ctx field accesses in ipa. Hits are IPA-local ctx pointers and strings/comments.
drivers/platform/msm/ipa/test/ipa_test_mhi.c:1092	ctx	BENIGN struct ubuf_info.ctx: ZERO .ctx / ->ctx field accesses in ipa. Hits are IPA-local ctx pointers and strings/comments.
drivers/platform/msm/ipa/test/ipa_test_mhi.c:1104	ctx	BENIGN struct ubuf_info.ctx: ZERO .ctx / ->ctx field accesses in ipa. Hits are IPA-local ctx pointers and strings/comments.
drivers/platform/msm/ipa/test/ipa_test_mhi.c:1111	ctx	BENIGN struct ubuf_info.ctx: ZERO .ctx / ->ctx field accesses in ipa. Hits are IPA-local ctx pointers and strings/comments.
drivers/platform/msm/ipa/test/ipa_test_mhi.c:2204	ctx	BENIGN struct ubuf_info.ctx: ZERO .ctx / ->ctx field accesses in ipa. Hits are IPA-local ctx pointers and strings/comments.
drivers/platform/msm/ipa/test/ipa_test_mhi.c:2217	ctx	BENIGN struct ubuf_info.ctx: ZERO .ctx / ->ctx field accesses in ipa. Hits are IPA-local ctx pointers and strings/comments.
drivers/platform/msm/ipa/test/ipa_test_mhi.c:2396	ctx	BENIGN struct ubuf_info.ctx: ZERO .ctx / ->ctx field accesses in ipa. Hits are IPA-local ctx pointers and strings/comments.
drivers/platform/msm/ipa/test/ipa_test_mhi.c:2400	ctx	BENIGN struct ubuf_info.ctx: ZERO .ctx / ->ctx field accesses in ipa. Hits are IPA-local ctx pointers and strings/comments.
drivers/platform/msm/ipa/test/ipa_test_mhi.c:2412	ctx	BENIGN struct ubuf_info.ctx: ZERO .ctx / ->ctx field accesses in ipa. Hits are IPA-local ctx pointers and strings/comments.
drivers/platform/msm/ipa/test/ipa_test_mhi.c:2419	ctx	BENIGN struct ubuf_info.ctx: ZERO .ctx / ->ctx field accesses in ipa. Hits are IPA-local ctx pointers and strings/comments.
drivers/platform/msm/ipa/test/ipa_test_mhi.c:2438	ctx	BENIGN struct ubuf_info.ctx: ZERO .ctx / ->ctx field accesses in ipa. Hits are IPA-local ctx pointers and strings/comments.
drivers/platform/msm/ipa/test/ipa_test_mhi.c:2442	ctx	BENIGN struct ubuf_info.ctx: ZERO .ctx / ->ctx field accesses in ipa. Hits are IPA-local ctx pointers and strings/comments.
drivers/platform/msm/ipa/test/ipa_test_mhi.c:2455	ctx	BENIGN struct ubuf_info.ctx: ZERO .ctx / ->ctx field accesses in ipa. Hits are IPA-local ctx pointers and strings/comments.
drivers/platform/msm/ipa/test/ipa_test_mhi.c:2462	ctx	BENIGN struct ubuf_info.ctx: ZERO .ctx / ->ctx field accesses in ipa. Hits are IPA-local ctx pointers and strings/comments.
drivers/platform/msm/ipa/test/ipa_test_mhi.c:2481	ctx	BENIGN struct ubuf_info.ctx: ZERO .ctx / ->ctx field accesses in ipa. Hits are IPA-local ctx pointers and strings/comments.
drivers/platform/msm/ipa/test/ipa_test_mhi.c:2485	ctx	BENIGN struct ubuf_info.ctx: ZERO .ctx / ->ctx field accesses in ipa. Hits are IPA-local ctx pointers and strings/comments.
drivers/platform/msm/ipa/test/ipa_test_mhi.c:2498	ctx	BENIGN struct ubuf_info.ctx: ZERO .ctx / ->ctx field accesses in ipa. Hits are IPA-local ctx pointers and strings/comments.
drivers/platform/msm/ipa/test/ipa_test_mhi.c:2506	ctx	BENIGN struct ubuf_info.ctx: ZERO .ctx / ->ctx field accesses in ipa. Hits are IPA-local ctx pointers and strings/comments.
drivers/platform/msm/ipa/test/ipa_test_mhi.c:2528	ctx	BENIGN struct ubuf_info.ctx: ZERO .ctx / ->ctx field accesses in ipa. Hits are IPA-local ctx pointers and strings/comments.
drivers/platform/msm/ipa/test/ipa_test_mhi.c:2532	ctx	BENIGN struct ubuf_info.ctx: ZERO .ctx / ->ctx field accesses in ipa. Hits are IPA-local ctx pointers and strings/comments.
drivers/platform/msm/ipa/test/ipa_test_mhi.c:2545	ctx	BENIGN struct ubuf_info.ctx: ZERO .ctx / ->ctx field accesses in ipa. Hits are IPA-local ctx pointers and strings/comments.
drivers/platform/msm/ipa/test/ipa_test_mhi.c:2559	ctx	BENIGN struct ubuf_info.ctx: ZERO .ctx / ->ctx field accesses in ipa. Hits are IPA-local ctx pointers and strings/comments.
drivers/platform/msm/ipa/test/ipa_test_mhi.c:2573	ctx	BENIGN struct ubuf_info.ctx: ZERO .ctx / ->ctx field accesses in ipa. Hits are IPA-local ctx pointers and strings/comments.
drivers/platform/msm/ipa/test/ipa_test_mhi.c:2593	ctx	BENIGN struct ubuf_info.ctx: ZERO .ctx / ->ctx field accesses in ipa. Hits are IPA-local ctx pointers and strings/comments.
drivers/platform/msm/ipa/test/ipa_test_mhi.c:2597	ctx	BENIGN struct ubuf_info.ctx: ZERO .ctx / ->ctx field accesses in ipa. Hits are IPA-local ctx pointers and strings/comments.
drivers/platform/msm/ipa/test/ipa_test_mhi.c:2610	ctx	BENIGN struct ubuf_info.ctx: ZERO .ctx / ->ctx field accesses in ipa. Hits are IPA-local ctx pointers and strings/comments.
drivers/platform/msm/ipa/test/ipa_test_mhi.c:2617	ctx	BENIGN struct ubuf_info.ctx: ZERO .ctx / ->ctx field accesses in ipa. Hits are IPA-local ctx pointers and strings/comments.
drivers/platform/msm/ipa/test/ipa_test_mhi.c:2638	ctx	BENIGN struct ubuf_info.ctx: ZERO .ctx / ->ctx field accesses in ipa. Hits are IPA-local ctx pointers and strings/comments.
drivers/platform/msm/ipa/test/ipa_test_mhi.c:2642	ctx	BENIGN struct ubuf_info.ctx: ZERO .ctx / ->ctx field accesses in ipa. Hits are IPA-local ctx pointers and strings/comments.
drivers/platform/msm/ipa/test/ipa_test_mhi.c:2655	ctx	BENIGN struct ubuf_info.ctx: ZERO .ctx / ->ctx field accesses in ipa. Hits are IPA-local ctx pointers and strings/comments.
drivers/platform/msm/ipa/test/ipa_test_mhi.c:2662	ctx	BENIGN struct ubuf_info.ctx: ZERO .ctx / ->ctx field accesses in ipa. Hits are IPA-local ctx pointers and strings/comments.
drivers/platform/msm/ipa/test/ipa_test_mhi.c:2685	ctx	BENIGN struct ubuf_info.ctx: ZERO .ctx / ->ctx field accesses in ipa. Hits are IPA-local ctx pointers and strings/comments.
drivers/platform/msm/ipa/test/ipa_test_mhi.c:2689	ctx	BENIGN struct ubuf_info.ctx: ZERO .ctx / ->ctx field accesses in ipa. Hits are IPA-local ctx pointers and strings/comments.
drivers/platform/msm/ipa/test/ipa_test_mhi.c:2702	ctx	BENIGN struct ubuf_info.ctx: ZERO .ctx / ->ctx field accesses in ipa. Hits are IPA-local ctx pointers and strings/comments.
drivers/platform/msm/ipa/test/ipa_test_mhi.c:2716	ctx	BENIGN struct ubuf_info.ctx: ZERO .ctx / ->ctx field accesses in ipa. Hits are IPA-local ctx pointers and strings/comments.
drivers/platform/msm/ipa/test/ipa_test_mhi.c:2723	ctx	BENIGN struct ubuf_info.ctx: ZERO .ctx / ->ctx field accesses in ipa. Hits are IPA-local ctx pointers and strings/comments.
drivers/platform/msm/ipa/test/ipa_test_mhi.c:2743	ctx	BENIGN struct ubuf_info.ctx: ZERO .ctx / ->ctx field accesses in ipa. Hits are IPA-local ctx pointers and strings/comments.
drivers/platform/msm/ipa/test/ipa_test_mhi.c:2747	ctx	BENIGN struct ubuf_info.ctx: ZERO .ctx / ->ctx field accesses in ipa. Hits are IPA-local ctx pointers and strings/comments.
drivers/platform/msm/ipa/test/ipa_test_mhi.c:2774	ctx	BENIGN struct ubuf_info.ctx: ZERO .ctx / ->ctx field accesses in ipa. Hits are IPA-local ctx pointers and strings/comments.
drivers/platform/msm/ipa/test/ipa_test_mhi.c:2794	ctx	BENIGN struct ubuf_info.ctx: ZERO .ctx / ->ctx field accesses in ipa. Hits are IPA-local ctx pointers and strings/comments.
drivers/platform/msm/ipa/test/ipa_test_mhi.c:2798	ctx	BENIGN struct ubuf_info.ctx: ZERO .ctx / ->ctx field accesses in ipa. Hits are IPA-local ctx pointers and strings/comments.
drivers/platform/msm/ipa/test/ipa_test_mhi.c:2827	ctx	BENIGN struct ubuf_info.ctx: ZERO .ctx / ->ctx field accesses in ipa. Hits are IPA-local ctx pointers and strings/comments.
drivers/platform/msm/ipa/test/ipa_test_mhi.c:2847	ctx	BENIGN struct ubuf_info.ctx: ZERO .ctx / ->ctx field accesses in ipa. Hits are IPA-local ctx pointers and strings/comments.
drivers/platform/msm/ipa/test/ipa_test_mhi.c:2851	ctx	BENIGN struct ubuf_info.ctx: ZERO .ctx / ->ctx field accesses in ipa. Hits are IPA-local ctx pointers and strings/comments.
drivers/platform/msm/ipa/test/ipa_test_mhi.c:2881	ctx	BENIGN struct ubuf_info.ctx: ZERO .ctx / ->ctx field accesses in ipa. Hits are IPA-local ctx pointers and strings/comments.
drivers/platform/msm/ipa/test/ipa_test_mhi.c:2901	ctx	BENIGN struct ubuf_info.ctx: ZERO .ctx / ->ctx field accesses in ipa. Hits are IPA-local ctx pointers and strings/comments.
drivers/platform/msm/ipa/test/ipa_test_mhi.c:2905	ctx	BENIGN struct ubuf_info.ctx: ZERO .ctx / ->ctx field accesses in ipa. Hits are IPA-local ctx pointers and strings/comments.
drivers/platform/msm/ipa/test/ipa_test_mhi.c:2933	ctx	BENIGN struct ubuf_info.ctx: ZERO .ctx / ->ctx field accesses in ipa. Hits are IPA-local ctx pointers and strings/comments.
drivers/platform/msm/ipa/test/ipa_test_mhi.c:2953	ctx	BENIGN struct ubuf_info.ctx: ZERO .ctx / ->ctx field accesses in ipa. Hits are IPA-local ctx pointers and strings/comments.
drivers/platform/msm/ipa/test/ipa_test_mhi.c:2957	ctx	BENIGN struct ubuf_info.ctx: ZERO .ctx / ->ctx field accesses in ipa. Hits are IPA-local ctx pointers and strings/comments.
drivers/platform/msm/ipa/test/ipa_test_mhi.c:2986	ctx	BENIGN struct ubuf_info.ctx: ZERO .ctx / ->ctx field accesses in ipa. Hits are IPA-local ctx pointers and strings/comments.
drivers/platform/msm/ipa/test/ipa_test_mhi.c:3006	ctx	BENIGN struct ubuf_info.ctx: ZERO .ctx / ->ctx field accesses in ipa. Hits are IPA-local ctx pointers and strings/comments.
drivers/platform/msm/ipa/test/ipa_test_mhi.c:3010	ctx	BENIGN struct ubuf_info.ctx: ZERO .ctx / ->ctx field accesses in ipa. Hits are IPA-local ctx pointers and strings/comments.
drivers/platform/msm/ipa/test/ipa_test_mhi.c:3040	ctx	BENIGN struct ubuf_info.ctx: ZERO .ctx / ->ctx field accesses in ipa. Hits are IPA-local ctx pointers and strings/comments.
drivers/platform/msm/ipa/test/ipa_test_mhi.c:3060	ctx	BENIGN struct ubuf_info.ctx: ZERO .ctx / ->ctx field accesses in ipa. Hits are IPA-local ctx pointers and strings/comments.
drivers/platform/msm/ipa/test/ipa_test_mhi.c:3064	ctx	BENIGN struct ubuf_info.ctx: ZERO .ctx / ->ctx field accesses in ipa. Hits are IPA-local ctx pointers and strings/comments.
drivers/platform/msm/ipa/test/ipa_test_mhi.c:3092	ctx	BENIGN struct ubuf_info.ctx: ZERO .ctx / ->ctx field accesses in ipa. Hits are IPA-local ctx pointers and strings/comments.
drivers/platform/msm/ipa/test/ipa_test_mhi.c:3112	ctx	BENIGN struct ubuf_info.ctx: ZERO .ctx / ->ctx field accesses in ipa. Hits are IPA-local ctx pointers and strings/comments.
drivers/platform/msm/ipa/test/ipa_test_mhi.c:3116	ctx	BENIGN struct ubuf_info.ctx: ZERO .ctx / ->ctx field accesses in ipa. Hits are IPA-local ctx pointers and strings/comments.
drivers/platform/msm/ipa/test/ipa_test_mhi.c:3144	ctx	BENIGN struct ubuf_info.ctx: ZERO .ctx / ->ctx field accesses in ipa. Hits are IPA-local ctx pointers and strings/comments.
drivers/platform/msm/ipa/test/ipa_test_mhi.c:3164	ctx	BENIGN struct ubuf_info.ctx: ZERO .ctx / ->ctx field accesses in ipa. Hits are IPA-local ctx pointers and strings/comments.
drivers/platform/msm/ipa/test/ipa_test_mhi.c:3168	ctx	BENIGN struct ubuf_info.ctx: ZERO .ctx / ->ctx field accesses in ipa. Hits are IPA-local ctx pointers and strings/comments.
drivers/platform/msm/ipa/test/ipa_test_mhi.c:3197	ctx	BENIGN struct ubuf_info.ctx: ZERO .ctx / ->ctx field accesses in ipa. Hits are IPA-local ctx pointers and strings/comments.
drivers/platform/msm/ipa/test/ipa_test_mhi.c:3217	ctx	BENIGN struct ubuf_info.ctx: ZERO .ctx / ->ctx field accesses in ipa. Hits are IPA-local ctx pointers and strings/comments.
drivers/platform/msm/ipa/test/ipa_test_mhi.c:3221	ctx	BENIGN struct ubuf_info.ctx: ZERO .ctx / ->ctx field accesses in ipa. Hits are IPA-local ctx pointers and strings/comments.
drivers/platform/msm/ipa/test/ipa_test_mhi.c:3250	ctx	BENIGN struct ubuf_info.ctx: ZERO .ctx / ->ctx field accesses in ipa. Hits are IPA-local ctx pointers and strings/comments.
drivers/platform/msm/ipa/test/ipa_test_mhi.c:406	ctx	BENIGN struct ubuf_info.ctx: ZERO .ctx / ->ctx field accesses in ipa. Hits are IPA-local ctx pointers and strings/comments.
drivers/platform/msm/ipa/test/ipa_test_mhi.c:410	ctx	BENIGN struct ubuf_info.ctx: ZERO .ctx / ->ctx field accesses in ipa. Hits are IPA-local ctx pointers and strings/comments.
drivers/platform/msm/ipa/test/ipa_test_mhi.c:420	ctx	BENIGN struct ubuf_info.ctx: ZERO .ctx / ->ctx field accesses in ipa. Hits are IPA-local ctx pointers and strings/comments.
drivers/platform/msm/ipa/test/ipa_test_mhi.c:424	ctx	BENIGN struct ubuf_info.ctx: ZERO .ctx / ->ctx field accesses in ipa. Hits are IPA-local ctx pointers and strings/comments.
drivers/platform/msm/ipa/test/ipa_test_mhi.c:675	ctx	BENIGN struct ubuf_info.ctx: ZERO .ctx / ->ctx field accesses in ipa. Hits are IPA-local ctx pointers and strings/comments.
drivers/platform/msm/ipa/test/ipa_test_mhi.c:682	ctx	BENIGN struct ubuf_info.ctx: ZERO .ctx / ->ctx field accesses in ipa. Hits are IPA-local ctx pointers and strings/comments.
drivers/platform/msm/ipa/test/ipa_test_mhi.c:707	ctx	BENIGN struct ubuf_info.ctx: ZERO .ctx / ->ctx field accesses in ipa. Hits are IPA-local ctx pointers and strings/comments.
drivers/platform/msm/ipa/test/ipa_test_mhi.c:722	ctx	BENIGN struct ubuf_info.ctx: ZERO .ctx / ->ctx field accesses in ipa. Hits are IPA-local ctx pointers and strings/comments.
drivers/platform/msm/ipa/test/ipa_test_mhi.c:786	ctx	BENIGN struct ubuf_info.ctx: ZERO .ctx / ->ctx field accesses in ipa. Hits are IPA-local ctx pointers and strings/comments.
drivers/platform/msm/ipa/test/ipa_test_mhi.c:793	ctx	BENIGN struct ubuf_info.ctx: ZERO .ctx / ->ctx field accesses in ipa. Hits are IPA-local ctx pointers and strings/comments.
drivers/platform/msm/ipa/test/ipa_ut_framework.c:1050	ctx	BENIGN struct ubuf_info.ctx: ZERO .ctx / ->ctx field accesses in ipa. Hits are IPA-local ctx pointers and strings/comments.
drivers/platform/msm/ipa/ipa_clients/ipa_gsb.c:138	desc	BENIGN struct ubuf_info.desc: ZERO ubuf_info accesses in ipa. Hits are IPA-local struct ipa_desc desc, ->desc on IPA structs, ipa_sys_desc_size, strings/comments.
drivers/platform/msm/ipa/ipa_clients/ipa_gsb.c:552	desc	BENIGN struct ubuf_info.desc: ZERO ubuf_info accesses in ipa. Hits are IPA-local struct ipa_desc desc, ->desc on IPA structs, ipa_sys_desc_size, strings/comments.
drivers/platform/msm/ipa/ipa_clients/ipa_gsb.c:558	desc	BENIGN struct ubuf_info.desc: ZERO ubuf_info accesses in ipa. Hits are IPA-local struct ipa_desc desc, ->desc on IPA structs, ipa_sys_desc_size, strings/comments.
drivers/platform/msm/ipa/ipa_clients/ipa_usb.c:1221	desc	BENIGN struct ubuf_info.desc: ZERO ubuf_info accesses in ipa. Hits are IPA-local struct ipa_desc desc, ->desc on IPA structs, ipa_sys_desc_size, strings/comments.
drivers/platform/msm/ipa/ipa_v2/ipa.c:1650	desc	BENIGN struct ubuf_info.desc: ZERO ubuf_info accesses in ipa. Hits are IPA-local struct ipa_desc desc, ->desc on IPA structs, ipa_sys_desc_size, strings/comments.
drivers/platform/msm/ipa/ipa_v2/ipa.c:1658	desc	BENIGN struct ubuf_info.desc: ZERO ubuf_info accesses in ipa. Hits are IPA-local struct ipa_desc desc, ->desc on IPA structs, ipa_sys_desc_size, strings/comments.
drivers/platform/msm/ipa/ipa_v2/ipa.c:1683	desc	BENIGN struct ubuf_info.desc: ZERO ubuf_info accesses in ipa. Hits are IPA-local struct ipa_desc desc, ->desc on IPA structs, ipa_sys_desc_size, strings/comments.
drivers/platform/msm/ipa/ipa_v2/ipa.c:1684	desc	BENIGN struct ubuf_info.desc: ZERO ubuf_info accesses in ipa. Hits are IPA-local struct ipa_desc desc, ->desc on IPA structs, ipa_sys_desc_size, strings/comments.
drivers/platform/msm/ipa/ipa_v2/ipa.c:1685	desc	BENIGN struct ubuf_info.desc: ZERO ubuf_info accesses in ipa. Hits are IPA-local struct ipa_desc desc, ->desc on IPA structs, ipa_sys_desc_size, strings/comments.
drivers/platform/msm/ipa/ipa_v2/ipa.c:1686	desc	BENIGN struct ubuf_info.desc: ZERO ubuf_info accesses in ipa. Hits are IPA-local struct ipa_desc desc, ->desc on IPA structs, ipa_sys_desc_size, strings/comments.
drivers/platform/msm/ipa/ipa_v2/ipa.c:1688	desc	BENIGN struct ubuf_info.desc: ZERO ubuf_info accesses in ipa. Hits are IPA-local struct ipa_desc desc, ->desc on IPA structs, ipa_sys_desc_size, strings/comments.
drivers/platform/msm/ipa/ipa_v2/ipa.c:1895	desc	BENIGN struct ubuf_info.desc: ZERO ubuf_info accesses in ipa. Hits are IPA-local struct ipa_desc desc, ->desc on IPA structs, ipa_sys_desc_size, strings/comments.
drivers/platform/msm/ipa/ipa_v2/ipa.c:1917	desc	BENIGN struct ubuf_info.desc: ZERO ubuf_info accesses in ipa. Hits are IPA-local struct ipa_desc desc, ->desc on IPA structs, ipa_sys_desc_size, strings/comments.
drivers/platform/msm/ipa/ipa_v2/ipa.c:1918	desc	BENIGN struct ubuf_info.desc: ZERO ubuf_info accesses in ipa. Hits are IPA-local struct ipa_desc desc, ->desc on IPA structs, ipa_sys_desc_size, strings/comments.
drivers/platform/msm/ipa/ipa_v2/ipa.c:1949	desc	BENIGN struct ubuf_info.desc: ZERO ubuf_info accesses in ipa. Hits are IPA-local struct ipa_desc desc, ->desc on IPA structs, ipa_sys_desc_size, strings/comments.
drivers/platform/msm/ipa/ipa_v2/ipa.c:1950	desc	BENIGN struct ubuf_info.desc: ZERO ubuf_info accesses in ipa. Hits are IPA-local struct ipa_desc desc, ->desc on IPA structs, ipa_sys_desc_size, strings/comments.
drivers/platform/msm/ipa/ipa_v2/ipa.c:1951	desc	BENIGN struct ubuf_info.desc: ZERO ubuf_info accesses in ipa. Hits are IPA-local struct ipa_desc desc, ->desc on IPA structs, ipa_sys_desc_size, strings/comments.
drivers/platform/msm/ipa/ipa_v2/ipa.c:1952	desc	BENIGN struct ubuf_info.desc: ZERO ubuf_info accesses in ipa. Hits are IPA-local struct ipa_desc desc, ->desc on IPA structs, ipa_sys_desc_size, strings/comments.
drivers/platform/msm/ipa/ipa_v2/ipa.c:1961	desc	BENIGN struct ubuf_info.desc: ZERO ubuf_info accesses in ipa. Hits are IPA-local struct ipa_desc desc, ->desc on IPA structs, ipa_sys_desc_size, strings/comments.
drivers/platform/msm/ipa/ipa_v2/ipa.c:1962	desc	BENIGN struct ubuf_info.desc: ZERO ubuf_info accesses in ipa. Hits are IPA-local struct ipa_desc desc, ->desc on IPA structs, ipa_sys_desc_size, strings/comments.
drivers/platform/msm/ipa/ipa_v2/ipa.c:1963	desc	BENIGN struct ubuf_info.desc: ZERO ubuf_info accesses in ipa. Hits are IPA-local struct ipa_desc desc, ->desc on IPA structs, ipa_sys_desc_size, strings/comments.
drivers/platform/msm/ipa/ipa_v2/ipa.c:1964	desc	BENIGN struct ubuf_info.desc: ZERO ubuf_info accesses in ipa. Hits are IPA-local struct ipa_desc desc, ->desc on IPA structs, ipa_sys_desc_size, strings/comments.
drivers/platform/msm/ipa/ipa_v2/ipa.c:1978	desc	BENIGN struct ubuf_info.desc: ZERO ubuf_info accesses in ipa. Hits are IPA-local struct ipa_desc desc, ->desc on IPA structs, ipa_sys_desc_size, strings/comments.
drivers/platform/msm/ipa/ipa_v2/ipa.c:1979	desc	BENIGN struct ubuf_info.desc: ZERO ubuf_info accesses in ipa. Hits are IPA-local struct ipa_desc desc, ->desc on IPA structs, ipa_sys_desc_size, strings/comments.
drivers/platform/msm/ipa/ipa_v2/ipa.c:1980	desc	BENIGN struct ubuf_info.desc: ZERO ubuf_info accesses in ipa. Hits are IPA-local struct ipa_desc desc, ->desc on IPA structs, ipa_sys_desc_size, strings/comments.
drivers/platform/msm/ipa/ipa_v2/ipa.c:1981	desc	BENIGN struct ubuf_info.desc: ZERO ubuf_info accesses in ipa. Hits are IPA-local struct ipa_desc desc, ->desc on IPA structs, ipa_sys_desc_size, strings/comments.
drivers/platform/msm/ipa/ipa_v2/ipa.c:1993	desc	BENIGN struct ubuf_info.desc: ZERO ubuf_info accesses in ipa. Hits are IPA-local struct ipa_desc desc, ->desc on IPA structs, ipa_sys_desc_size, strings/comments.
drivers/platform/msm/ipa/ipa_v2/ipa.c:1994	desc	BENIGN struct ubuf_info.desc: ZERO ubuf_info accesses in ipa. Hits are IPA-local struct ipa_desc desc, ->desc on IPA structs, ipa_sys_desc_size, strings/comments.
drivers/platform/msm/ipa/ipa_v2/ipa.c:1995	desc	BENIGN struct ubuf_info.desc: ZERO ubuf_info accesses in ipa. Hits are IPA-local struct ipa_desc desc, ->desc on IPA structs, ipa_sys_desc_size, strings/comments.
drivers/platform/msm/ipa/ipa_v2/ipa.c:1996	desc	BENIGN struct ubuf_info.desc: ZERO ubuf_info accesses in ipa. Hits are IPA-local struct ipa_desc desc, ->desc on IPA structs, ipa_sys_desc_size, strings/comments.
drivers/platform/msm/ipa/ipa_v2/ipa.c:2000	desc	BENIGN struct ubuf_info.desc: ZERO ubuf_info accesses in ipa. Hits are IPA-local struct ipa_desc desc, ->desc on IPA structs, ipa_sys_desc_size, strings/comments.
drivers/platform/msm/ipa/ipa_v2/ipa.c:2009	desc	BENIGN struct ubuf_info.desc: ZERO ubuf_info accesses in ipa. Hits are IPA-local struct ipa_desc desc, ->desc on IPA structs, ipa_sys_desc_size, strings/comments.
drivers/platform/msm/ipa/ipa_v2/ipa.c:2042	desc	BENIGN struct ubuf_info.desc: ZERO ubuf_info accesses in ipa. Hits are IPA-local struct ipa_desc desc, ->desc on IPA structs, ipa_sys_desc_size, strings/comments.
drivers/platform/msm/ipa/ipa_v2/ipa.c:2049	desc	BENIGN struct ubuf_info.desc: ZERO ubuf_info accesses in ipa. Hits are IPA-local struct ipa_desc desc, ->desc on IPA structs, ipa_sys_desc_size, strings/comments.
drivers/platform/msm/ipa/ipa_v2/ipa.c:2051	desc	BENIGN struct ubuf_info.desc: ZERO ubuf_info accesses in ipa. Hits are IPA-local struct ipa_desc desc, ->desc on IPA structs, ipa_sys_desc_size, strings/comments.
drivers/platform/msm/ipa/ipa_v2/ipa.c:2081	desc	BENIGN struct ubuf_info.desc: ZERO ubuf_info accesses in ipa. Hits are IPA-local struct ipa_desc desc, ->desc on IPA structs, ipa_sys_desc_size, strings/comments.
drivers/platform/msm/ipa/ipa_v2/ipa.c:2082	desc	BENIGN struct ubuf_info.desc: ZERO ubuf_info accesses in ipa. Hits are IPA-local struct ipa_desc desc, ->desc on IPA structs, ipa_sys_desc_size, strings/comments.
drivers/platform/msm/ipa/ipa_v2/ipa.c:2083	desc	BENIGN struct ubuf_info.desc: ZERO ubuf_info accesses in ipa. Hits are IPA-local struct ipa_desc desc, ->desc on IPA structs, ipa_sys_desc_size, strings/comments.
drivers/platform/msm/ipa/ipa_v2/ipa.c:2084	desc	BENIGN struct ubuf_info.desc: ZERO ubuf_info accesses in ipa. Hits are IPA-local struct ipa_desc desc, ->desc on IPA structs, ipa_sys_desc_size, strings/comments.
drivers/platform/msm/ipa/ipa_v2/ipa.c:2085	desc	BENIGN struct ubuf_info.desc: ZERO ubuf_info accesses in ipa. Hits are IPA-local struct ipa_desc desc, ->desc on IPA structs, ipa_sys_desc_size, strings/comments.
drivers/platform/msm/ipa/ipa_v2/ipa.c:2086	desc	BENIGN struct ubuf_info.desc: ZERO ubuf_info accesses in ipa. Hits are IPA-local struct ipa_desc desc, ->desc on IPA structs, ipa_sys_desc_size, strings/comments.
drivers/platform/msm/ipa/ipa_v2/ipa.c:2107	desc	BENIGN struct ubuf_info.desc: ZERO ubuf_info accesses in ipa. Hits are IPA-local struct ipa_desc desc, ->desc on IPA structs, ipa_sys_desc_size, strings/comments.
drivers/platform/msm/ipa/ipa_v2/ipa.c:2108	desc	BENIGN struct ubuf_info.desc: ZERO ubuf_info accesses in ipa. Hits are IPA-local struct ipa_desc desc, ->desc on IPA structs, ipa_sys_desc_size, strings/comments.
drivers/platform/msm/ipa/ipa_v2/ipa.c:2109	desc	BENIGN struct ubuf_info.desc: ZERO ubuf_info accesses in ipa. Hits are IPA-local struct ipa_desc desc, ->desc on IPA structs, ipa_sys_desc_size, strings/comments.
drivers/platform/msm/ipa/ipa_v2/ipa.c:2110	desc	BENIGN struct ubuf_info.desc: ZERO ubuf_info accesses in ipa. Hits are IPA-local struct ipa_desc desc, ->desc on IPA structs, ipa_sys_desc_size, strings/comments.
drivers/platform/msm/ipa/ipa_v2/ipa.c:2111	desc	BENIGN struct ubuf_info.desc: ZERO ubuf_info accesses in ipa. Hits are IPA-local struct ipa_desc desc, ->desc on IPA structs, ipa_sys_desc_size, strings/comments.
drivers/platform/msm/ipa/ipa_v2/ipa.c:2112	desc	BENIGN struct ubuf_info.desc: ZERO ubuf_info accesses in ipa. Hits are IPA-local struct ipa_desc desc, ->desc on IPA structs, ipa_sys_desc_size, strings/comments.
drivers/platform/msm/ipa/ipa_v2/ipa.c:2118	desc	BENIGN struct ubuf_info.desc: ZERO ubuf_info accesses in ipa. Hits are IPA-local struct ipa_desc desc, ->desc on IPA structs, ipa_sys_desc_size, strings/comments.
drivers/platform/msm/ipa/ipa_v2/ipa.c:2125	desc	BENIGN struct ubuf_info.desc: ZERO ubuf_info accesses in ipa. Hits are IPA-local struct ipa_desc desc, ->desc on IPA structs, ipa_sys_desc_size, strings/comments.
drivers/platform/msm/ipa/ipa_v2/ipa.c:2130	desc	BENIGN struct ubuf_info.desc: ZERO ubuf_info accesses in ipa. Hits are IPA-local struct ipa_desc desc, ->desc on IPA structs, ipa_sys_desc_size, strings/comments.
drivers/platform/msm/ipa/ipa_v2/ipa.c:2235	desc	BENIGN struct ubuf_info.desc: ZERO ubuf_info accesses in ipa. Hits are IPA-local struct ipa_desc desc, ->desc on IPA structs, ipa_sys_desc_size, strings/comments.
drivers/platform/msm/ipa/ipa_v2/ipa.c:2285	desc	BENIGN struct ubuf_info.desc: ZERO ubuf_info accesses in ipa. Hits are IPA-local struct ipa_desc desc, ->desc on IPA structs, ipa_sys_desc_size, strings/comments.
drivers/platform/msm/ipa/ipa_v2/ipa.c:2286	desc	BENIGN struct ubuf_info.desc: ZERO ubuf_info accesses in ipa. Hits are IPA-local struct ipa_desc desc, ->desc on IPA structs, ipa_sys_desc_size, strings/comments.
drivers/platform/msm/ipa/ipa_v2/ipa.c:2287	desc	BENIGN struct ubuf_info.desc: ZERO ubuf_info accesses in ipa. Hits are IPA-local struct ipa_desc desc, ->desc on IPA structs, ipa_sys_desc_size, strings/comments.
drivers/platform/msm/ipa/ipa_v2/ipa.c:2288	desc	BENIGN struct ubuf_info.desc: ZERO ubuf_info accesses in ipa. Hits are IPA-local struct ipa_desc desc, ->desc on IPA structs, ipa_sys_desc_size, strings/comments.
drivers/platform/msm/ipa/ipa_v2/ipa.c:2290	desc	BENIGN struct ubuf_info.desc: ZERO ubuf_info accesses in ipa. Hits are IPA-local struct ipa_desc desc, ->desc on IPA structs, ipa_sys_desc_size, strings/comments.
drivers/platform/msm/ipa/ipa_v2/ipa.c:2383	desc	BENIGN struct ubuf_info.desc: ZERO ubuf_info accesses in ipa. Hits are IPA-local struct ipa_desc desc, ->desc on IPA structs, ipa_sys_desc_size, strings/comments.
drivers/platform/msm/ipa/ipa_v2/ipa.c:2410	desc	BENIGN struct ubuf_info.desc: ZERO ubuf_info accesses in ipa. Hits are IPA-local struct ipa_desc desc, ->desc on IPA structs, ipa_sys_desc_size, strings/comments.
drivers/platform/msm/ipa/ipa_v2/ipa.c:2411	desc	BENIGN struct ubuf_info.desc: ZERO ubuf_info accesses in ipa. Hits are IPA-local struct ipa_desc desc, ->desc on IPA structs, ipa_sys_desc_size, strings/comments.
drivers/platform/msm/ipa/ipa_v2/ipa.c:2412	desc	BENIGN struct ubuf_info.desc: ZERO ubuf_info accesses in ipa. Hits are IPA-local struct ipa_desc desc, ->desc on IPA structs, ipa_sys_desc_size, strings/comments.
drivers/platform/msm/ipa/ipa_v2/ipa.c:2413	desc	BENIGN struct ubuf_info.desc: ZERO ubuf_info accesses in ipa. Hits are IPA-local struct ipa_desc desc, ->desc on IPA structs, ipa_sys_desc_size, strings/comments.
drivers/platform/msm/ipa/ipa_v2/ipa.c:2416	desc	BENIGN struct ubuf_info.desc: ZERO ubuf_info accesses in ipa. Hits are IPA-local struct ipa_desc desc, ->desc on IPA structs, ipa_sys_desc_size, strings/comments.
drivers/platform/msm/ipa/ipa_v2/ipa.c:2429	desc	BENIGN struct ubuf_info.desc: ZERO ubuf_info accesses in ipa. Hits are IPA-local struct ipa_desc desc, ->desc on IPA structs, ipa_sys_desc_size, strings/comments.
drivers/platform/msm/ipa/ipa_v2/ipa.c:2457	desc	BENIGN struct ubuf_info.desc: ZERO ubuf_info accesses in ipa. Hits are IPA-local struct ipa_desc desc, ->desc on IPA structs, ipa_sys_desc_size, strings/comments.
drivers/platform/msm/ipa/ipa_v2/ipa.c:2458	desc	BENIGN struct ubuf_info.desc: ZERO ubuf_info accesses in ipa. Hits are IPA-local struct ipa_desc desc, ->desc on IPA structs, ipa_sys_desc_size, strings/comments.
drivers/platform/msm/ipa/ipa_v2/ipa.c:2459	desc	BENIGN struct ubuf_info.desc: ZERO ubuf_info accesses in ipa. Hits are IPA-local struct ipa_desc desc, ->desc on IPA structs, ipa_sys_desc_size, strings/comments.
drivers/platform/msm/ipa/ipa_v2/ipa.c:2460	desc	BENIGN struct ubuf_info.desc: ZERO ubuf_info accesses in ipa. Hits are IPA-local struct ipa_desc desc, ->desc on IPA structs, ipa_sys_desc_size, strings/comments.
drivers/platform/msm/ipa/ipa_v2/ipa.c:2463	desc	BENIGN struct ubuf_info.desc: ZERO ubuf_info accesses in ipa. Hits are IPA-local struct ipa_desc desc, ->desc on IPA structs, ipa_sys_desc_size, strings/comments.
drivers/platform/msm/ipa/ipa_v2/ipa.c:2483	desc	BENIGN struct ubuf_info.desc: ZERO ubuf_info accesses in ipa. Hits are IPA-local struct ipa_desc desc, ->desc on IPA structs, ipa_sys_desc_size, strings/comments.
drivers/platform/msm/ipa/ipa_v2/ipa.c:2499	desc	BENIGN struct ubuf_info.desc: ZERO ubuf_info accesses in ipa. Hits are IPA-local struct ipa_desc desc, ->desc on IPA structs, ipa_sys_desc_size, strings/comments.
drivers/platform/msm/ipa/ipa_v2/ipa.c:2500	desc	BENIGN struct ubuf_info.desc: ZERO ubuf_info accesses in ipa. Hits are IPA-local struct ipa_desc desc, ->desc on IPA structs, ipa_sys_desc_size, strings/comments.
drivers/platform/msm/ipa/ipa_v2/ipa.c:2501	desc	BENIGN struct ubuf_info.desc: ZERO ubuf_info accesses in ipa. Hits are IPA-local struct ipa_desc desc, ->desc on IPA structs, ipa_sys_desc_size, strings/comments.
drivers/platform/msm/ipa/ipa_v2/ipa.c:2502	desc	BENIGN struct ubuf_info.desc: ZERO ubuf_info accesses in ipa. Hits are IPA-local struct ipa_desc desc, ->desc on IPA structs, ipa_sys_desc_size, strings/comments.
drivers/platform/msm/ipa/ipa_v2/ipa.c:2505	desc	BENIGN struct ubuf_info.desc: ZERO ubuf_info accesses in ipa. Hits are IPA-local struct ipa_desc desc, ->desc on IPA structs, ipa_sys_desc_size, strings/comments.
drivers/platform/msm/ipa/ipa_v2/ipa.c:2533	desc	BENIGN struct ubuf_info.desc: ZERO ubuf_info accesses in ipa. Hits are IPA-local struct ipa_desc desc, ->desc on IPA structs, ipa_sys_desc_size, strings/comments.
drivers/platform/msm/ipa/ipa_v2/ipa.c:2568	desc	BENIGN struct ubuf_info.desc: ZERO ubuf_info accesses in ipa. Hits are IPA-local struct ipa_desc desc, ->desc on IPA structs, ipa_sys_desc_size, strings/comments.
drivers/platform/msm/ipa/ipa_v2/ipa.c:2576	desc	BENIGN struct ubuf_info.desc: ZERO ubuf_info accesses in ipa. Hits are IPA-local struct ipa_desc desc, ->desc on IPA structs, ipa_sys_desc_size, strings/comments.
drivers/platform/msm/ipa/ipa_v2/ipa.c:2577	desc	BENIGN struct ubuf_info.desc: ZERO ubuf_info accesses in ipa. Hits are IPA-local struct ipa_desc desc, ->desc on IPA structs, ipa_sys_desc_size, strings/comments.
drivers/platform/msm/ipa/ipa_v2/ipa.c:2578	desc	BENIGN struct ubuf_info.desc: ZERO ubuf_info accesses in ipa. Hits are IPA-local struct ipa_desc desc, ->desc on IPA structs, ipa_sys_desc_size, strings/comments.
drivers/platform/msm/ipa/ipa_v2/ipa.c:2581	desc	BENIGN struct ubuf_info.desc: ZERO ubuf_info accesses in ipa. Hits are IPA-local struct ipa_desc desc, ->desc on IPA structs, ipa_sys_desc_size, strings/comments.
drivers/platform/msm/ipa/ipa_v2/ipa.c:2594	desc	BENIGN struct ubuf_info.desc: ZERO ubuf_info accesses in ipa. Hits are IPA-local struct ipa_desc desc, ->desc on IPA structs, ipa_sys_desc_size, strings/comments.
drivers/platform/msm/ipa/ipa_v2/ipa.c:2629	desc	BENIGN struct ubuf_info.desc: ZERO ubuf_info accesses in ipa. Hits are IPA-local struct ipa_desc desc, ->desc on IPA structs, ipa_sys_desc_size, strings/comments.
drivers/platform/msm/ipa/ipa_v2/ipa.c:2637	desc	BENIGN struct ubuf_info.desc: ZERO ubuf_info accesses in ipa. Hits are IPA-local struct ipa_desc desc, ->desc on IPA structs, ipa_sys_desc_size, strings/comments.
drivers/platform/msm/ipa/ipa_v2/ipa.c:2638	desc	BENIGN struct ubuf_info.desc: ZERO ubuf_info accesses in ipa. Hits are IPA-local struct ipa_desc desc, ->desc on IPA structs, ipa_sys_desc_size, strings/comments.
drivers/platform/msm/ipa/ipa_v2/ipa.c:2639	desc	BENIGN struct ubuf_info.desc: ZERO ubuf_info accesses in ipa. Hits are IPA-local struct ipa_desc desc, ->desc on IPA structs, ipa_sys_desc_size, strings/comments.
drivers/platform/msm/ipa/ipa_v2/ipa.c:2642	desc	BENIGN struct ubuf_info.desc: ZERO ubuf_info accesses in ipa. Hits are IPA-local struct ipa_desc desc, ->desc on IPA structs, ipa_sys_desc_size, strings/comments.
drivers/platform/msm/ipa/ipa_v2/ipa.c:2655	desc	BENIGN struct ubuf_info.desc: ZERO ubuf_info accesses in ipa. Hits are IPA-local struct ipa_desc desc, ->desc on IPA structs, ipa_sys_desc_size, strings/comments.
drivers/platform/msm/ipa/ipa_v2/ipa.c:2688	desc	BENIGN struct ubuf_info.desc: ZERO ubuf_info accesses in ipa. Hits are IPA-local struct ipa_desc desc, ->desc on IPA structs, ipa_sys_desc_size, strings/comments.
drivers/platform/msm/ipa/ipa_v2/ipa.c:2696	desc	BENIGN struct ubuf_info.desc: ZERO ubuf_info accesses in ipa. Hits are IPA-local struct ipa_desc desc, ->desc on IPA structs, ipa_sys_desc_size, strings/comments.
drivers/platform/msm/ipa/ipa_v2/ipa.c:2697	desc	BENIGN struct ubuf_info.desc: ZERO ubuf_info accesses in ipa. Hits are IPA-local struct ipa_desc desc, ->desc on IPA structs, ipa_sys_desc_size, strings/comments.
drivers/platform/msm/ipa/ipa_v2/ipa.c:2698	desc	BENIGN struct ubuf_info.desc: ZERO ubuf_info accesses in ipa. Hits are IPA-local struct ipa_desc desc, ->desc on IPA structs, ipa_sys_desc_size, strings/comments.
drivers/platform/msm/ipa/ipa_v2/ipa.c:2701	desc	BENIGN struct ubuf_info.desc: ZERO ubuf_info accesses in ipa. Hits are IPA-local struct ipa_desc desc, ->desc on IPA structs, ipa_sys_desc_size, strings/comments.
drivers/platform/msm/ipa/ipa_v2/ipa.c:2714	desc	BENIGN struct ubuf_info.desc: ZERO ubuf_info accesses in ipa. Hits are IPA-local struct ipa_desc desc, ->desc on IPA structs, ipa_sys_desc_size, strings/comments.
drivers/platform/msm/ipa/ipa_v2/ipa.c:2747	desc	BENIGN struct ubuf_info.desc: ZERO ubuf_info accesses in ipa. Hits are IPA-local struct ipa_desc desc, ->desc on IPA structs, ipa_sys_desc_size, strings/comments.
drivers/platform/msm/ipa/ipa_v2/ipa.c:2755	desc	BENIGN struct ubuf_info.desc: ZERO ubuf_info accesses in ipa. Hits are IPA-local struct ipa_desc desc, ->desc on IPA structs, ipa_sys_desc_size, strings/comments.
drivers/platform/msm/ipa/ipa_v2/ipa.c:2756	desc	BENIGN struct ubuf_info.desc: ZERO ubuf_info accesses in ipa. Hits are IPA-local struct ipa_desc desc, ->desc on IPA structs, ipa_sys_desc_size, strings/comments.
drivers/platform/msm/ipa/ipa_v2/ipa.c:2757	desc	BENIGN struct ubuf_info.desc: ZERO ubuf_info accesses in ipa. Hits are IPA-local struct ipa_desc desc, ->desc on IPA structs, ipa_sys_desc_size, strings/comments.
drivers/platform/msm/ipa/ipa_v2/ipa.c:2760	desc	BENIGN struct ubuf_info.desc: ZERO ubuf_info accesses in ipa. Hits are IPA-local struct ipa_desc desc, ->desc on IPA structs, ipa_sys_desc_size, strings/comments.
drivers/platform/msm/ipa/ipa_v2/ipa_client.c:379	desc	BENIGN struct ubuf_info.desc: ZERO ubuf_info accesses in ipa. Hits are IPA-local struct ipa_desc desc, ->desc on IPA structs, ipa_sys_desc_size, strings/comments.
drivers/platform/msm/ipa/ipa_v2/ipa_client.c:382	desc	BENIGN struct ubuf_info.desc: ZERO ubuf_info accesses in ipa. Hits are IPA-local struct ipa_desc desc, ->desc on IPA structs, ipa_sys_desc_size, strings/comments.
drivers/platform/msm/ipa/ipa_v2/ipa_client.c:386	desc	BENIGN struct ubuf_info.desc: ZERO ubuf_info accesses in ipa. Hits are IPA-local struct ipa_desc desc, ->desc on IPA structs, ipa_sys_desc_size, strings/comments.
drivers/platform/msm/ipa/ipa_v2/ipa_client.c:387	desc	BENIGN struct ubuf_info.desc: ZERO ubuf_info accesses in ipa. Hits are IPA-local struct ipa_desc desc, ->desc on IPA structs, ipa_sys_desc_size, strings/comments.
drivers/platform/msm/ipa/ipa_v2/ipa_client.c:397	desc	BENIGN struct ubuf_info.desc: ZERO ubuf_info accesses in ipa. Hits are IPA-local struct ipa_desc desc, ->desc on IPA structs, ipa_sys_desc_size, strings/comments.
drivers/platform/msm/ipa/ipa_v2/ipa_client.c:400	desc	BENIGN struct ubuf_info.desc: ZERO ubuf_info accesses in ipa. Hits are IPA-local struct ipa_desc desc, ->desc on IPA structs, ipa_sys_desc_size, strings/comments.
drivers/platform/msm/ipa/ipa_v2/ipa_client.c:401	desc	BENIGN struct ubuf_info.desc: ZERO ubuf_info accesses in ipa. Hits are IPA-local struct ipa_desc desc, ->desc on IPA structs, ipa_sys_desc_size, strings/comments.
drivers/platform/msm/ipa/ipa_v2/ipa_client.c:435	desc	BENIGN struct ubuf_info.desc: ZERO ubuf_info accesses in ipa. Hits are IPA-local struct ipa_desc desc, ->desc on IPA structs, ipa_sys_desc_size, strings/comments.
drivers/platform/msm/ipa/ipa_v2/ipa_client.c:436	desc	BENIGN struct ubuf_info.desc: ZERO ubuf_info accesses in ipa. Hits are IPA-local struct ipa_desc desc, ->desc on IPA structs, ipa_sys_desc_size, strings/comments.
drivers/platform/msm/ipa/ipa_v2/ipa_client.c:441	desc	BENIGN struct ubuf_info.desc: ZERO ubuf_info accesses in ipa. Hits are IPA-local struct ipa_desc desc, ->desc on IPA structs, ipa_sys_desc_size, strings/comments.
drivers/platform/msm/ipa/ipa_v2/ipa_client.c:444	desc	BENIGN struct ubuf_info.desc: ZERO ubuf_info accesses in ipa. Hits are IPA-local struct ipa_desc desc, ->desc on IPA structs, ipa_sys_desc_size, strings/comments.
drivers/platform/msm/ipa/ipa_v2/ipa_client.c:468	desc	BENIGN struct ubuf_info.desc: ZERO ubuf_info accesses in ipa. Hits are IPA-local struct ipa_desc desc, ->desc on IPA structs, ipa_sys_desc_size, strings/comments.
drivers/platform/msm/ipa/ipa_v2/ipa_client.c:484	desc	BENIGN struct ubuf_info.desc: ZERO ubuf_info accesses in ipa. Hits are IPA-local struct ipa_desc desc, ->desc on IPA structs, ipa_sys_desc_size, strings/comments.
drivers/platform/msm/ipa/ipa_v2/ipa_client.c:489	desc	BENIGN struct ubuf_info.desc: ZERO ubuf_info accesses in ipa. Hits are IPA-local struct ipa_desc desc, ->desc on IPA structs, ipa_sys_desc_size, strings/comments.
drivers/platform/msm/ipa/ipa_v2/ipa_client.c:519	desc	BENIGN struct ubuf_info.desc: ZERO ubuf_info accesses in ipa. Hits are IPA-local struct ipa_desc desc, ->desc on IPA structs, ipa_sys_desc_size, strings/comments.
drivers/platform/msm/ipa/ipa_v2/ipa_client.c:520	desc	BENIGN struct ubuf_info.desc: ZERO ubuf_info accesses in ipa. Hits are IPA-local struct ipa_desc desc, ->desc on IPA structs, ipa_sys_desc_size, strings/comments.
drivers/platform/msm/ipa/ipa_v2/ipa_client.c:521	desc	BENIGN struct ubuf_info.desc: ZERO ubuf_info accesses in ipa. Hits are IPA-local struct ipa_desc desc, ->desc on IPA structs, ipa_sys_desc_size, strings/comments.
drivers/platform/msm/ipa/ipa_v2/ipa_client.c:524	desc	BENIGN struct ubuf_info.desc: ZERO ubuf_info accesses in ipa. Hits are IPA-local struct ipa_desc desc, ->desc on IPA structs, ipa_sys_desc_size, strings/comments.
drivers/platform/msm/ipa/ipa_v2/ipa_client.c:646	desc	BENIGN struct ubuf_info.desc: ZERO ubuf_info accesses in ipa. Hits are IPA-local struct ipa_desc desc, ->desc on IPA structs, ipa_sys_desc_size, strings/comments.
drivers/platform/msm/ipa/ipa_v2/ipa_client.c:649	desc	BENIGN struct ubuf_info.desc: ZERO ubuf_info accesses in ipa. Hits are IPA-local struct ipa_desc desc, ->desc on IPA structs, ipa_sys_desc_size, strings/comments.
drivers/platform/msm/ipa/ipa_v2/ipa_client.c:650	desc	BENIGN struct ubuf_info.desc: ZERO ubuf_info accesses in ipa. Hits are IPA-local struct ipa_desc desc, ->desc on IPA structs, ipa_sys_desc_size, strings/comments.
drivers/platform/msm/ipa/ipa_v2/ipa_client.c:651	desc	BENIGN struct ubuf_info.desc: ZERO ubuf_info accesses in ipa. Hits are IPA-local struct ipa_desc desc, ->desc on IPA structs, ipa_sys_desc_size, strings/comments.
drivers/platform/msm/ipa/ipa_v2/ipa_client.c:654	desc	BENIGN struct ubuf_info.desc: ZERO ubuf_info accesses in ipa. Hits are IPA-local struct ipa_desc desc, ->desc on IPA structs, ipa_sys_desc_size, strings/comments.
drivers/platform/msm/ipa/ipa_v2/ipa_client.c:670	desc	BENIGN struct ubuf_info.desc: ZERO ubuf_info accesses in ipa. Hits are IPA-local struct ipa_desc desc, ->desc on IPA structs, ipa_sys_desc_size, strings/comments.
drivers/platform/msm/ipa/ipa_v2/ipa_client.c:675	desc	BENIGN struct ubuf_info.desc: ZERO ubuf_info accesses in ipa. Hits are IPA-local struct ipa_desc desc, ->desc on IPA structs, ipa_sys_desc_size, strings/comments.
drivers/platform/msm/ipa/ipa_v2/ipa_dp.c:1401	desc	BENIGN struct ubuf_info.desc: ZERO ubuf_info accesses in ipa. Hits are IPA-local struct ipa_desc desc, ->desc on IPA structs, ipa_sys_desc_size, strings/comments.
drivers/platform/msm/ipa/ipa_v2/ipa_dp.c:1402	desc	BENIGN struct ubuf_info.desc: ZERO ubuf_info accesses in ipa. Hits are IPA-local struct ipa_desc desc, ->desc on IPA structs, ipa_sys_desc_size, strings/comments.
drivers/platform/msm/ipa/ipa_v2/ipa_dp.c:1403	desc	BENIGN struct ubuf_info.desc: ZERO ubuf_info accesses in ipa. Hits are IPA-local struct ipa_desc desc, ->desc on IPA structs, ipa_sys_desc_size, strings/comments.
drivers/platform/msm/ipa/ipa_v2/ipa_dp.c:1405	desc	BENIGN struct ubuf_info.desc: ZERO ubuf_info accesses in ipa. Hits are IPA-local struct ipa_desc desc, ->desc on IPA structs, ipa_sys_desc_size, strings/comments.
drivers/platform/msm/ipa/ipa_v2/ipa_dp.c:1407	desc	BENIGN struct ubuf_info.desc: ZERO ubuf_info accesses in ipa. Hits are IPA-local struct ipa_desc desc, ->desc on IPA structs, ipa_sys_desc_size, strings/comments.
drivers/platform/msm/ipa/ipa_v2/ipa_dp.c:1410	desc	BENIGN struct ubuf_info.desc: ZERO ubuf_info accesses in ipa. Hits are IPA-local struct ipa_desc desc, ->desc on IPA structs, ipa_sys_desc_size, strings/comments.
drivers/platform/msm/ipa/ipa_v2/ipa_dp.c:1414	desc	BENIGN struct ubuf_info.desc: ZERO ubuf_info accesses in ipa. Hits are IPA-local struct ipa_desc desc, ->desc on IPA structs, ipa_sys_desc_size, strings/comments.
drivers/platform/msm/ipa/ipa_v2/ipa_dp.c:1415	desc	BENIGN struct ubuf_info.desc: ZERO ubuf_info accesses in ipa. Hits are IPA-local struct ipa_desc desc, ->desc on IPA structs, ipa_sys_desc_size, strings/comments.
drivers/platform/msm/ipa/ipa_v2/ipa_dp.c:1483	desc	BENIGN struct ubuf_info.desc: ZERO ubuf_info accesses in ipa. Hits are IPA-local struct ipa_desc desc, ->desc on IPA structs, ipa_sys_desc_size, strings/comments.
drivers/platform/msm/ipa/ipa_v2/ipa_dp.c:1484	desc	BENIGN struct ubuf_info.desc: ZERO ubuf_info accesses in ipa. Hits are IPA-local struct ipa_desc desc, ->desc on IPA structs, ipa_sys_desc_size, strings/comments.
drivers/platform/msm/ipa/ipa_v2/ipa_dp.c:1485	desc	BENIGN struct ubuf_info.desc: ZERO ubuf_info accesses in ipa. Hits are IPA-local struct ipa_desc desc, ->desc on IPA structs, ipa_sys_desc_size, strings/comments.
drivers/platform/msm/ipa/ipa_v2/ipa_dp.c:1555	desc	BENIGN struct ubuf_info.desc: ZERO ubuf_info accesses in ipa. Hits are IPA-local struct ipa_desc desc, ->desc on IPA structs, ipa_sys_desc_size, strings/comments.
drivers/platform/msm/ipa/ipa_v2/ipa_dp.c:1556	desc	BENIGN struct ubuf_info.desc: ZERO ubuf_info accesses in ipa. Hits are IPA-local struct ipa_desc desc, ->desc on IPA structs, ipa_sys_desc_size, strings/comments.
drivers/platform/msm/ipa/ipa_v2/ipa_dp.c:1557	desc	BENIGN struct ubuf_info.desc: ZERO ubuf_info accesses in ipa. Hits are IPA-local struct ipa_desc desc, ->desc on IPA structs, ipa_sys_desc_size, strings/comments.
drivers/platform/msm/ipa/ipa_v2/ipa_dp.c:1649	desc	BENIGN struct ubuf_info.desc: ZERO ubuf_info accesses in ipa. Hits are IPA-local struct ipa_desc desc, ->desc on IPA structs, ipa_sys_desc_size, strings/comments.
drivers/platform/msm/ipa/ipa_v2/ipa_dp.c:1670	desc	BENIGN struct ubuf_info.desc: ZERO ubuf_info accesses in ipa. Hits are IPA-local struct ipa_desc desc, ->desc on IPA structs, ipa_sys_desc_size, strings/comments.
drivers/platform/msm/ipa/ipa_v2/ipa_dp.c:1671	desc	BENIGN struct ubuf_info.desc: ZERO ubuf_info accesses in ipa. Hits are IPA-local struct ipa_desc desc, ->desc on IPA structs, ipa_sys_desc_size, strings/comments.
drivers/platform/msm/ipa/ipa_v2/ipa_dp.c:1672	desc	BENIGN struct ubuf_info.desc: ZERO ubuf_info accesses in ipa. Hits are IPA-local struct ipa_desc desc, ->desc on IPA structs, ipa_sys_desc_size, strings/comments.
drivers/platform/msm/ipa/ipa_v2/ipa_dp.c:1674	desc	BENIGN struct ubuf_info.desc: ZERO ubuf_info accesses in ipa. Hits are IPA-local struct ipa_desc desc, ->desc on IPA structs, ipa_sys_desc_size, strings/comments.
drivers/platform/msm/ipa/ipa_v2/ipa_dp.c:1675	desc	BENIGN struct ubuf_info.desc: ZERO ubuf_info accesses in ipa. Hits are IPA-local struct ipa_desc desc, ->desc on IPA structs, ipa_sys_desc_size, strings/comments.
drivers/platform/msm/ipa/ipa_v2/ipa_dp.c:1676	desc	BENIGN struct ubuf_info.desc: ZERO ubuf_info accesses in ipa. Hits are IPA-local struct ipa_desc desc, ->desc on IPA structs, ipa_sys_desc_size, strings/comments.
drivers/platform/msm/ipa/ipa_v2/ipa_dp.c:1681	desc	BENIGN struct ubuf_info.desc: ZERO ubuf_info accesses in ipa. Hits are IPA-local struct ipa_desc desc, ->desc on IPA structs, ipa_sys_desc_size, strings/comments.
drivers/platform/msm/ipa/ipa_v2/ipa_dp.c:1729	desc	BENIGN struct ubuf_info.desc: ZERO ubuf_info accesses in ipa. Hits are IPA-local struct ipa_desc desc, ->desc on IPA structs, ipa_sys_desc_size, strings/comments.
drivers/platform/msm/ipa/ipa_v2/ipa_dp.c:1730	desc	BENIGN struct ubuf_info.desc: ZERO ubuf_info accesses in ipa. Hits are IPA-local struct ipa_desc desc, ->desc on IPA structs, ipa_sys_desc_size, strings/comments.
drivers/platform/msm/ipa/ipa_v2/ipa_dp.c:1731	desc	BENIGN struct ubuf_info.desc: ZERO ubuf_info accesses in ipa. Hits are IPA-local struct ipa_desc desc, ->desc on IPA structs, ipa_sys_desc_size, strings/comments.
drivers/platform/msm/ipa/ipa_v2/ipa_dp.c:1732	desc	BENIGN struct ubuf_info.desc: ZERO ubuf_info accesses in ipa. Hits are IPA-local struct ipa_desc desc, ->desc on IPA structs, ipa_sys_desc_size, strings/comments.
drivers/platform/msm/ipa/ipa_v2/ipa_dp.c:1733	desc	BENIGN struct ubuf_info.desc: ZERO ubuf_info accesses in ipa. Hits are IPA-local struct ipa_desc desc, ->desc on IPA structs, ipa_sys_desc_size, strings/comments.
drivers/platform/msm/ipa/ipa_v2/ipa_dp.c:1734	desc	BENIGN struct ubuf_info.desc: ZERO ubuf_info accesses in ipa. Hits are IPA-local struct ipa_desc desc, ->desc on IPA structs, ipa_sys_desc_size, strings/comments.
drivers/platform/msm/ipa/ipa_v2/ipa_dp.c:1735	desc	BENIGN struct ubuf_info.desc: ZERO ubuf_info accesses in ipa. Hits are IPA-local struct ipa_desc desc, ->desc on IPA structs, ipa_sys_desc_size, strings/comments.
drivers/platform/msm/ipa/ipa_v2/ipa_dp.c:1736	desc	BENIGN struct ubuf_info.desc: ZERO ubuf_info accesses in ipa. Hits are IPA-local struct ipa_desc desc, ->desc on IPA structs, ipa_sys_desc_size, strings/comments.
drivers/platform/msm/ipa/ipa_v2/ipa_dp.c:1737	desc	BENIGN struct ubuf_info.desc: ZERO ubuf_info accesses in ipa. Hits are IPA-local struct ipa_desc desc, ->desc on IPA structs, ipa_sys_desc_size, strings/comments.
drivers/platform/msm/ipa/ipa_v2/ipa_dp.c:1738	desc	BENIGN struct ubuf_info.desc: ZERO ubuf_info accesses in ipa. Hits are IPA-local struct ipa_desc desc, ->desc on IPA structs, ipa_sys_desc_size, strings/comments.
drivers/platform/msm/ipa/ipa_v2/ipa_dp.c:1739	desc	BENIGN struct ubuf_info.desc: ZERO ubuf_info accesses in ipa. Hits are IPA-local struct ipa_desc desc, ->desc on IPA structs, ipa_sys_desc_size, strings/comments.
drivers/platform/msm/ipa/ipa_v2/ipa_dp.c:1740	desc	BENIGN struct ubuf_info.desc: ZERO ubuf_info accesses in ipa. Hits are IPA-local struct ipa_desc desc, ->desc on IPA structs, ipa_sys_desc_size, strings/comments.
drivers/platform/msm/ipa/ipa_v2/ipa_dp.c:1745	desc	BENIGN struct ubuf_info.desc: ZERO ubuf_info accesses in ipa. Hits are IPA-local struct ipa_desc desc, ->desc on IPA structs, ipa_sys_desc_size, strings/comments.
drivers/platform/msm/ipa/ipa_v2/ipa_dp.c:1746	desc	BENIGN struct ubuf_info.desc: ZERO ubuf_info accesses in ipa. Hits are IPA-local struct ipa_desc desc, ->desc on IPA structs, ipa_sys_desc_size, strings/comments.
drivers/platform/msm/ipa/ipa_v2/ipa_dp.c:1750	desc	BENIGN struct ubuf_info.desc: ZERO ubuf_info accesses in ipa. Hits are IPA-local struct ipa_desc desc, ->desc on IPA structs, ipa_sys_desc_size, strings/comments.
drivers/platform/msm/ipa/ipa_v2/ipa_dp.c:1751	desc	BENIGN struct ubuf_info.desc: ZERO ubuf_info accesses in ipa. Hits are IPA-local struct ipa_desc desc, ->desc on IPA structs, ipa_sys_desc_size, strings/comments.
drivers/platform/msm/ipa/ipa_v2/ipa_dp.c:1752	desc	BENIGN struct ubuf_info.desc: ZERO ubuf_info accesses in ipa. Hits are IPA-local struct ipa_desc desc, ->desc on IPA structs, ipa_sys_desc_size, strings/comments.
drivers/platform/msm/ipa/ipa_v2/ipa_dp.c:1757	desc	BENIGN struct ubuf_info.desc: ZERO ubuf_info accesses in ipa. Hits are IPA-local struct ipa_desc desc, ->desc on IPA structs, ipa_sys_desc_size, strings/comments.
drivers/platform/msm/ipa/ipa_v2/ipa_dp.c:1758	desc	BENIGN struct ubuf_info.desc: ZERO ubuf_info accesses in ipa. Hits are IPA-local struct ipa_desc desc, ->desc on IPA structs, ipa_sys_desc_size, strings/comments.
drivers/platform/msm/ipa/ipa_v2/ipa_dp.c:1759	desc	BENIGN struct ubuf_info.desc: ZERO ubuf_info accesses in ipa. Hits are IPA-local struct ipa_desc desc, ->desc on IPA structs, ipa_sys_desc_size, strings/comments.
drivers/platform/msm/ipa/ipa_v2/ipa_dp.c:1760	desc	BENIGN struct ubuf_info.desc: ZERO ubuf_info accesses in ipa. Hits are IPA-local struct ipa_desc desc, ->desc on IPA structs, ipa_sys_desc_size, strings/comments.
drivers/platform/msm/ipa/ipa_v2/ipa_dp.c:1763	desc	BENIGN struct ubuf_info.desc: ZERO ubuf_info accesses in ipa. Hits are IPA-local struct ipa_desc desc, ->desc on IPA structs, ipa_sys_desc_size, strings/comments.
drivers/platform/msm/ipa/ipa_v2/ipa_dp.c:1771	desc	BENIGN struct ubuf_info.desc: ZERO ubuf_info accesses in ipa. Hits are IPA-local struct ipa_desc desc, ->desc on IPA structs, ipa_sys_desc_size, strings/comments.
drivers/platform/msm/ipa/ipa_v2/ipa_dp.c:1772	desc	BENIGN struct ubuf_info.desc: ZERO ubuf_info accesses in ipa. Hits are IPA-local struct ipa_desc desc, ->desc on IPA structs, ipa_sys_desc_size, strings/comments.
drivers/platform/msm/ipa/ipa_v2/ipa_dp.c:1773	desc	BENIGN struct ubuf_info.desc: ZERO ubuf_info accesses in ipa. Hits are IPA-local struct ipa_desc desc, ->desc on IPA structs, ipa_sys_desc_size, strings/comments.
drivers/platform/msm/ipa/ipa_v2/ipa_dp.c:1774	desc	BENIGN struct ubuf_info.desc: ZERO ubuf_info accesses in ipa. Hits are IPA-local struct ipa_desc desc, ->desc on IPA structs, ipa_sys_desc_size, strings/comments.
drivers/platform/msm/ipa/ipa_v2/ipa_dp.c:1775	desc	BENIGN struct ubuf_info.desc: ZERO ubuf_info accesses in ipa. Hits are IPA-local struct ipa_desc desc, ->desc on IPA structs, ipa_sys_desc_size, strings/comments.
drivers/platform/msm/ipa/ipa_v2/ipa_dp.c:1776	desc	BENIGN struct ubuf_info.desc: ZERO ubuf_info accesses in ipa. Hits are IPA-local struct ipa_desc desc, ->desc on IPA structs, ipa_sys_desc_size, strings/comments.
drivers/platform/msm/ipa/ipa_v2/ipa_dp.c:1779	desc	BENIGN struct ubuf_info.desc: ZERO ubuf_info accesses in ipa. Hits are IPA-local struct ipa_desc desc, ->desc on IPA structs, ipa_sys_desc_size, strings/comments.
drivers/platform/msm/ipa/ipa_v2/ipa_dp.c:1780	desc	BENIGN struct ubuf_info.desc: ZERO ubuf_info accesses in ipa. Hits are IPA-local struct ipa_desc desc, ->desc on IPA structs, ipa_sys_desc_size, strings/comments.
drivers/platform/msm/ipa/ipa_v2/ipa_dp.c:1784	desc	BENIGN struct ubuf_info.desc: ZERO ubuf_info accesses in ipa. Hits are IPA-local struct ipa_desc desc, ->desc on IPA structs, ipa_sys_desc_size, strings/comments.
drivers/platform/msm/ipa/ipa_v2/ipa_dp.c:1790	desc	BENIGN struct ubuf_info.desc: ZERO ubuf_info accesses in ipa. Hits are IPA-local struct ipa_desc desc, ->desc on IPA structs, ipa_sys_desc_size, strings/comments.
drivers/platform/msm/ipa/ipa_v2/ipa_dp.c:1791	desc	BENIGN struct ubuf_info.desc: ZERO ubuf_info accesses in ipa. Hits are IPA-local struct ipa_desc desc, ->desc on IPA structs, ipa_sys_desc_size, strings/comments.
drivers/platform/msm/ipa/ipa_v2/ipa_dp.c:1792	desc	BENIGN struct ubuf_info.desc: ZERO ubuf_info accesses in ipa. Hits are IPA-local struct ipa_desc desc, ->desc on IPA structs, ipa_sys_desc_size, strings/comments.
drivers/platform/msm/ipa/ipa_v2/ipa_dp.c:1796	desc	BENIGN struct ubuf_info.desc: ZERO ubuf_info accesses in ipa. Hits are IPA-local struct ipa_desc desc, ->desc on IPA structs, ipa_sys_desc_size, strings/comments.
drivers/platform/msm/ipa/ipa_v2/ipa_dp.c:1797	desc	BENIGN struct ubuf_info.desc: ZERO ubuf_info accesses in ipa. Hits are IPA-local struct ipa_desc desc, ->desc on IPA structs, ipa_sys_desc_size, strings/comments.
drivers/platform/msm/ipa/ipa_v2/ipa_dp.c:1798	desc	BENIGN struct ubuf_info.desc: ZERO ubuf_info accesses in ipa. Hits are IPA-local struct ipa_desc desc, ->desc on IPA structs, ipa_sys_desc_size, strings/comments.
drivers/platform/msm/ipa/ipa_v2/ipa_dp.c:1799	desc	BENIGN struct ubuf_info.desc: ZERO ubuf_info accesses in ipa. Hits are IPA-local struct ipa_desc desc, ->desc on IPA structs, ipa_sys_desc_size, strings/comments.
drivers/platform/msm/ipa/ipa_v2/ipa_dp.c:1801	desc	BENIGN struct ubuf_info.desc: ZERO ubuf_info accesses in ipa. Hits are IPA-local struct ipa_desc desc, ->desc on IPA structs, ipa_sys_desc_size, strings/comments.
drivers/platform/msm/ipa/ipa_v2/ipa_dp.c:1812	desc	BENIGN struct ubuf_info.desc: ZERO ubuf_info accesses in ipa. Hits are IPA-local struct ipa_desc desc, ->desc on IPA structs, ipa_sys_desc_size, strings/comments.
drivers/platform/msm/ipa/ipa_v2/ipa_dp.c:1822	desc	BENIGN struct ubuf_info.desc: ZERO ubuf_info accesses in ipa. Hits are IPA-local struct ipa_desc desc, ->desc on IPA structs, ipa_sys_desc_size, strings/comments.
drivers/platform/msm/ipa/ipa_v2/ipa_dp.c:287	desc	BENIGN struct ubuf_info.desc: ZERO ubuf_info accesses in ipa. Hits are IPA-local struct ipa_desc desc, ->desc on IPA structs, ipa_sys_desc_size, strings/comments.
drivers/platform/msm/ipa/ipa_v2/ipa_dp.c:297	desc	BENIGN struct ubuf_info.desc: ZERO ubuf_info accesses in ipa. Hits are IPA-local struct ipa_desc desc, ->desc on IPA structs, ipa_sys_desc_size, strings/comments.
drivers/platform/msm/ipa/ipa_v2/ipa_dp.c:318	desc	BENIGN struct ubuf_info.desc: ZERO ubuf_info accesses in ipa. Hits are IPA-local struct ipa_desc desc, ->desc on IPA structs, ipa_sys_desc_size, strings/comments.
drivers/platform/msm/ipa/ipa_v2/ipa_dp.c:319	desc	BENIGN struct ubuf_info.desc: ZERO ubuf_info accesses in ipa. Hits are IPA-local struct ipa_desc desc, ->desc on IPA structs, ipa_sys_desc_size, strings/comments.
drivers/platform/msm/ipa/ipa_v2/ipa_dp.c:320	desc	BENIGN struct ubuf_info.desc: ZERO ubuf_info accesses in ipa. Hits are IPA-local struct ipa_desc desc, ->desc on IPA structs, ipa_sys_desc_size, strings/comments.
drivers/platform/msm/ipa/ipa_v2/ipa_dp.c:322	desc	BENIGN struct ubuf_info.desc: ZERO ubuf_info accesses in ipa. Hits are IPA-local struct ipa_desc desc, ->desc on IPA structs, ipa_sys_desc_size, strings/comments.
drivers/platform/msm/ipa/ipa_v2/ipa_dp.c:331	desc	BENIGN struct ubuf_info.desc: ZERO ubuf_info accesses in ipa. Hits are IPA-local struct ipa_desc desc, ->desc on IPA structs, ipa_sys_desc_size, strings/comments.
drivers/platform/msm/ipa/ipa_v2/ipa_dp.c:332	desc	BENIGN struct ubuf_info.desc: ZERO ubuf_info accesses in ipa. Hits are IPA-local struct ipa_desc desc, ->desc on IPA structs, ipa_sys_desc_size, strings/comments.
drivers/platform/msm/ipa/ipa_v2/ipa_dp.c:335	desc	BENIGN struct ubuf_info.desc: ZERO ubuf_info accesses in ipa. Hits are IPA-local struct ipa_desc desc, ->desc on IPA structs, ipa_sys_desc_size, strings/comments.
drivers/platform/msm/ipa/ipa_v2/ipa_dp.c:336	desc	BENIGN struct ubuf_info.desc: ZERO ubuf_info accesses in ipa. Hits are IPA-local struct ipa_desc desc, ->desc on IPA structs, ipa_sys_desc_size, strings/comments.
drivers/platform/msm/ipa/ipa_v2/ipa_dp.c:338	desc	BENIGN struct ubuf_info.desc: ZERO ubuf_info accesses in ipa. Hits are IPA-local struct ipa_desc desc, ->desc on IPA structs, ipa_sys_desc_size, strings/comments.
drivers/platform/msm/ipa/ipa_v2/ipa_dp.c:339	desc	BENIGN struct ubuf_info.desc: ZERO ubuf_info accesses in ipa. Hits are IPA-local struct ipa_desc desc, ->desc on IPA structs, ipa_sys_desc_size, strings/comments.
drivers/platform/msm/ipa/ipa_v2/ipa_dp.c:340	desc	BENIGN struct ubuf_info.desc: ZERO ubuf_info accesses in ipa. Hits are IPA-local struct ipa_desc desc, ->desc on IPA structs, ipa_sys_desc_size, strings/comments.
drivers/platform/msm/ipa/ipa_v2/ipa_dp.c:3412	desc	BENIGN struct ubuf_info.desc: ZERO ubuf_info accesses in ipa. Hits are IPA-local struct ipa_desc desc, ->desc on IPA structs, ipa_sys_desc_size, strings/comments.
drivers/platform/msm/ipa/ipa_v2/ipa_dp.c:346	desc	BENIGN struct ubuf_info.desc: ZERO ubuf_info accesses in ipa. Hits are IPA-local struct ipa_desc desc, ->desc on IPA structs, ipa_sys_desc_size, strings/comments.
drivers/platform/msm/ipa/ipa_v2/ipa_dp.c:3475	desc	BENIGN struct ubuf_info.desc: ZERO ubuf_info accesses in ipa. Hits are IPA-local struct ipa_desc desc, ->desc on IPA structs, ipa_sys_desc_size, strings/comments.
drivers/platform/msm/ipa/ipa_v2/ipa_dp.c:348	desc	BENIGN struct ubuf_info.desc: ZERO ubuf_info accesses in ipa. Hits are IPA-local struct ipa_desc desc, ->desc on IPA structs, ipa_sys_desc_size, strings/comments.
drivers/platform/msm/ipa/ipa_v2/ipa_dp.c:3484	desc	BENIGN struct ubuf_info.desc: ZERO ubuf_info accesses in ipa. Hits are IPA-local struct ipa_desc desc, ->desc on IPA structs, ipa_sys_desc_size, strings/comments.
drivers/platform/msm/ipa/ipa_v2/ipa_dp.c:350	desc	BENIGN struct ubuf_info.desc: ZERO ubuf_info accesses in ipa. Hits are IPA-local struct ipa_desc desc, ->desc on IPA structs, ipa_sys_desc_size, strings/comments.
drivers/platform/msm/ipa/ipa_v2/ipa_dp.c:351	desc	BENIGN struct ubuf_info.desc: ZERO ubuf_info accesses in ipa. Hits are IPA-local struct ipa_desc desc, ->desc on IPA structs, ipa_sys_desc_size, strings/comments.
drivers/platform/msm/ipa/ipa_v2/ipa_dp.c:3517	desc	BENIGN struct ubuf_info.desc: ZERO ubuf_info accesses in ipa. Hits are IPA-local struct ipa_desc desc, ->desc on IPA structs, ipa_sys_desc_size, strings/comments.
drivers/platform/msm/ipa/ipa_v2/ipa_dp.c:3521	desc	BENIGN struct ubuf_info.desc: ZERO ubuf_info accesses in ipa. Hits are IPA-local struct ipa_desc desc, ->desc on IPA structs, ipa_sys_desc_size, strings/comments.
drivers/platform/msm/ipa/ipa_v2/ipa_dp.c:3522	desc	BENIGN struct ubuf_info.desc: ZERO ubuf_info accesses in ipa. Hits are IPA-local struct ipa_desc desc, ->desc on IPA structs, ipa_sys_desc_size, strings/comments.
drivers/platform/msm/ipa/ipa_v2/ipa_dp.c:3523	desc	BENIGN struct ubuf_info.desc: ZERO ubuf_info accesses in ipa. Hits are IPA-local struct ipa_desc desc, ->desc on IPA structs, ipa_sys_desc_size, strings/comments.
drivers/platform/msm/ipa/ipa_v2/ipa_dp.c:3524	desc	BENIGN struct ubuf_info.desc: ZERO ubuf_info accesses in ipa. Hits are IPA-local struct ipa_desc desc, ->desc on IPA structs, ipa_sys_desc_size, strings/comments.
drivers/platform/msm/ipa/ipa_v2/ipa_dp.c:3525	desc	BENIGN struct ubuf_info.desc: ZERO ubuf_info accesses in ipa. Hits are IPA-local struct ipa_desc desc, ->desc on IPA structs, ipa_sys_desc_size, strings/comments.
drivers/platform/msm/ipa/ipa_v2/ipa_dp.c:3527	desc	BENIGN struct ubuf_info.desc: ZERO ubuf_info accesses in ipa. Hits are IPA-local struct ipa_desc desc, ->desc on IPA structs, ipa_sys_desc_size, strings/comments.
drivers/platform/msm/ipa/ipa_v2/ipa_dp.c:353	desc	BENIGN struct ubuf_info.desc: ZERO ubuf_info accesses in ipa. Hits are IPA-local struct ipa_desc desc, ->desc on IPA structs, ipa_sys_desc_size, strings/comments.
drivers/platform/msm/ipa/ipa_v2/ipa_dp.c:3531	desc	BENIGN struct ubuf_info.desc: ZERO ubuf_info accesses in ipa. Hits are IPA-local struct ipa_desc desc, ->desc on IPA structs, ipa_sys_desc_size, strings/comments.
drivers/platform/msm/ipa/ipa_v2/ipa_dp.c:3532	desc	BENIGN struct ubuf_info.desc: ZERO ubuf_info accesses in ipa. Hits are IPA-local struct ipa_desc desc, ->desc on IPA structs, ipa_sys_desc_size, strings/comments.
drivers/platform/msm/ipa/ipa_v2/ipa_dp.c:3534	desc	BENIGN struct ubuf_info.desc: ZERO ubuf_info accesses in ipa. Hits are IPA-local struct ipa_desc desc, ->desc on IPA structs, ipa_sys_desc_size, strings/comments.
drivers/platform/msm/ipa/ipa_v2/ipa_dp.c:3538	desc	BENIGN struct ubuf_info.desc: ZERO ubuf_info accesses in ipa. Hits are IPA-local struct ipa_desc desc, ->desc on IPA structs, ipa_sys_desc_size, strings/comments.
drivers/platform/msm/ipa/ipa_v2/ipa_dp.c:3549	desc	BENIGN struct ubuf_info.desc: ZERO ubuf_info accesses in ipa. Hits are IPA-local struct ipa_desc desc, ->desc on IPA structs, ipa_sys_desc_size, strings/comments.
drivers/platform/msm/ipa/ipa_v2/ipa_dp.c:385	desc	BENIGN struct ubuf_info.desc: ZERO ubuf_info accesses in ipa. Hits are IPA-local struct ipa_desc desc, ->desc on IPA structs, ipa_sys_desc_size, strings/comments.
drivers/platform/msm/ipa/ipa_v2/ipa_dp.c:396	desc	BENIGN struct ubuf_info.desc: ZERO ubuf_info accesses in ipa. Hits are IPA-local struct ipa_desc desc, ->desc on IPA structs, ipa_sys_desc_size, strings/comments.
drivers/platform/msm/ipa/ipa_v2/ipa_dp.c:404	desc	BENIGN struct ubuf_info.desc: ZERO ubuf_info accesses in ipa. Hits are IPA-local struct ipa_desc desc, ->desc on IPA structs, ipa_sys_desc_size, strings/comments.
drivers/platform/msm/ipa/ipa_v2/ipa_dp.c:412	desc	BENIGN struct ubuf_info.desc: ZERO ubuf_info accesses in ipa. Hits are IPA-local struct ipa_desc desc, ->desc on IPA structs, ipa_sys_desc_size, strings/comments.
drivers/platform/msm/ipa/ipa_v2/ipa_dp.c:469	desc	BENIGN struct ubuf_info.desc: ZERO ubuf_info accesses in ipa. Hits are IPA-local struct ipa_desc desc, ->desc on IPA structs, ipa_sys_desc_size, strings/comments.
drivers/platform/msm/ipa/ipa_v2/ipa_dp.c:485	desc	BENIGN struct ubuf_info.desc: ZERO ubuf_info accesses in ipa. Hits are IPA-local struct ipa_desc desc, ->desc on IPA structs, ipa_sys_desc_size, strings/comments.
drivers/platform/msm/ipa/ipa_v2/ipa_dp.c:487	desc	BENIGN struct ubuf_info.desc: ZERO ubuf_info accesses in ipa. Hits are IPA-local struct ipa_desc desc, ->desc on IPA structs, ipa_sys_desc_size, strings/comments.
drivers/platform/msm/ipa/ipa_v2/ipa_dp.c:488	desc	BENIGN struct ubuf_info.desc: ZERO ubuf_info accesses in ipa. Hits are IPA-local struct ipa_desc desc, ->desc on IPA structs, ipa_sys_desc_size, strings/comments.
drivers/platform/msm/ipa/ipa_v2/ipa_dp.c:489	desc	BENIGN struct ubuf_info.desc: ZERO ubuf_info accesses in ipa. Hits are IPA-local struct ipa_desc desc, ->desc on IPA structs, ipa_sys_desc_size, strings/comments.
drivers/platform/msm/ipa/ipa_v2/ipa_dp.c:491	desc	BENIGN struct ubuf_info.desc: ZERO ubuf_info accesses in ipa. Hits are IPA-local struct ipa_desc desc, ->desc on IPA structs, ipa_sys_desc_size, strings/comments.
drivers/platform/msm/ipa/ipa_v2/ipa_dp.c:498	desc	BENIGN struct ubuf_info.desc: ZERO ubuf_info accesses in ipa. Hits are IPA-local struct ipa_desc desc, ->desc on IPA structs, ipa_sys_desc_size, strings/comments.
drivers/platform/msm/ipa/ipa_v2/ipa_dp.c:502	desc	BENIGN struct ubuf_info.desc: ZERO ubuf_info accesses in ipa. Hits are IPA-local struct ipa_desc desc, ->desc on IPA structs, ipa_sys_desc_size, strings/comments.
drivers/platform/msm/ipa/ipa_v2/ipa_dp.c:503	desc	BENIGN struct ubuf_info.desc: ZERO ubuf_info accesses in ipa. Hits are IPA-local struct ipa_desc desc, ->desc on IPA structs, ipa_sys_desc_size, strings/comments.
drivers/platform/msm/ipa/ipa_v2/ipa_dp.c:505	desc	BENIGN struct ubuf_info.desc: ZERO ubuf_info accesses in ipa. Hits are IPA-local struct ipa_desc desc, ->desc on IPA structs, ipa_sys_desc_size, strings/comments.
drivers/platform/msm/ipa/ipa_v2/ipa_dp.c:508	desc	BENIGN struct ubuf_info.desc: ZERO ubuf_info accesses in ipa. Hits are IPA-local struct ipa_desc desc, ->desc on IPA structs, ipa_sys_desc_size, strings/comments.
drivers/platform/msm/ipa/ipa_v2/ipa_dp.c:512	desc	BENIGN struct ubuf_info.desc: ZERO ubuf_info accesses in ipa. Hits are IPA-local struct ipa_desc desc, ->desc on IPA structs, ipa_sys_desc_size, strings/comments.
drivers/platform/msm/ipa/ipa_v2/ipa_dp.c:523	desc	BENIGN struct ubuf_info.desc: ZERO ubuf_info accesses in ipa. Hits are IPA-local struct ipa_desc desc, ->desc on IPA structs, ipa_sys_desc_size, strings/comments.
drivers/platform/msm/ipa/ipa_v2/ipa_dp.c:524	desc	BENIGN struct ubuf_info.desc: ZERO ubuf_info accesses in ipa. Hits are IPA-local struct ipa_desc desc, ->desc on IPA structs, ipa_sys_desc_size, strings/comments.
drivers/platform/msm/ipa/ipa_v2/ipa_dp.c:525	desc	BENIGN struct ubuf_info.desc: ZERO ubuf_info accesses in ipa. Hits are IPA-local struct ipa_desc desc, ->desc on IPA structs, ipa_sys_desc_size, strings/comments.
drivers/platform/msm/ipa/ipa_v2/ipa_dp.c:538	desc	BENIGN struct ubuf_info.desc: ZERO ubuf_info accesses in ipa. Hits are IPA-local struct ipa_desc desc, ->desc on IPA structs, ipa_sys_desc_size, strings/comments.
drivers/platform/msm/ipa/ipa_v2/ipa_dp.c:539	desc	BENIGN struct ubuf_info.desc: ZERO ubuf_info accesses in ipa. Hits are IPA-local struct ipa_desc desc, ->desc on IPA structs, ipa_sys_desc_size, strings/comments.
drivers/platform/msm/ipa/ipa_v2/ipa_dp.c:541	desc	BENIGN struct ubuf_info.desc: ZERO ubuf_info accesses in ipa. Hits are IPA-local struct ipa_desc desc, ->desc on IPA structs, ipa_sys_desc_size, strings/comments.
drivers/platform/msm/ipa/ipa_v2/ipa_dp.c:542	desc	BENIGN struct ubuf_info.desc: ZERO ubuf_info accesses in ipa. Hits are IPA-local struct ipa_desc desc, ->desc on IPA structs, ipa_sys_desc_size, strings/comments.
drivers/platform/msm/ipa/ipa_v2/ipa_dp.c:544	desc	BENIGN struct ubuf_info.desc: ZERO ubuf_info accesses in ipa. Hits are IPA-local struct ipa_desc desc, ->desc on IPA structs, ipa_sys_desc_size, strings/comments.
drivers/platform/msm/ipa/ipa_v2/ipa_dp.c:549	desc	BENIGN struct ubuf_info.desc: ZERO ubuf_info accesses in ipa. Hits are IPA-local struct ipa_desc desc, ->desc on IPA structs, ipa_sys_desc_size, strings/comments.
drivers/platform/msm/ipa/ipa_v2/ipa_dp.c:583	desc	BENIGN struct ubuf_info.desc: ZERO ubuf_info accesses in ipa. Hits are IPA-local struct ipa_desc desc, ->desc on IPA structs, ipa_sys_desc_size, strings/comments.
drivers/platform/msm/ipa/ipa_v2/ipa_dp.c:623	desc	BENIGN struct ubuf_info.desc: ZERO ubuf_info accesses in ipa. Hits are IPA-local struct ipa_desc desc, ->desc on IPA structs, ipa_sys_desc_size, strings/comments.
drivers/platform/msm/ipa/ipa_v2/ipa_dp.c:625	desc	BENIGN struct ubuf_info.desc: ZERO ubuf_info accesses in ipa. Hits are IPA-local struct ipa_desc desc, ->desc on IPA structs, ipa_sys_desc_size, strings/comments.
drivers/platform/msm/ipa/ipa_v2/ipa_dp.c:626	desc	BENIGN struct ubuf_info.desc: ZERO ubuf_info accesses in ipa. Hits are IPA-local struct ipa_desc desc, ->desc on IPA structs, ipa_sys_desc_size, strings/comments.
drivers/platform/msm/ipa/ipa_v2/ipa_dp.c:630	desc	BENIGN struct ubuf_info.desc: ZERO ubuf_info accesses in ipa. Hits are IPA-local struct ipa_desc desc, ->desc on IPA structs, ipa_sys_desc_size, strings/comments.
drivers/platform/msm/ipa/ipa_v2/ipa_dp.c:631	desc	BENIGN struct ubuf_info.desc: ZERO ubuf_info accesses in ipa. Hits are IPA-local struct ipa_desc desc, ->desc on IPA structs, ipa_sys_desc_size, strings/comments.
drivers/platform/msm/ipa/ipa_v2/ipa_dp.c:636	desc	BENIGN struct ubuf_info.desc: ZERO ubuf_info accesses in ipa. Hits are IPA-local struct ipa_desc desc, ->desc on IPA structs, ipa_sys_desc_size, strings/comments.
drivers/platform/msm/ipa/ipa_v2/ipa_dp.c:646	desc	BENIGN struct ubuf_info.desc: ZERO ubuf_info accesses in ipa. Hits are IPA-local struct ipa_desc desc, ->desc on IPA structs, ipa_sys_desc_size, strings/comments.
drivers/platform/msm/ipa/ipa_v2/ipa_dp.c:679	desc	BENIGN struct ubuf_info.desc: ZERO ubuf_info accesses in ipa. Hits are IPA-local struct ipa_desc desc, ->desc on IPA structs, ipa_sys_desc_size, strings/comments.
drivers/platform/msm/ipa/ipa_v2/ipa_dp.c:680	desc	BENIGN struct ubuf_info.desc: ZERO ubuf_info accesses in ipa. Hits are IPA-local struct ipa_desc desc, ->desc on IPA structs, ipa_sys_desc_size, strings/comments.
drivers/platform/msm/ipa/ipa_v2/ipa_dp.c:682	desc	BENIGN struct ubuf_info.desc: ZERO ubuf_info accesses in ipa. Hits are IPA-local struct ipa_desc desc, ->desc on IPA structs, ipa_sys_desc_size, strings/comments.
drivers/platform/msm/ipa/ipa_v2/ipa_dp.c:685	desc	BENIGN struct ubuf_info.desc: ZERO ubuf_info accesses in ipa. Hits are IPA-local struct ipa_desc desc, ->desc on IPA structs, ipa_sys_desc_size, strings/comments.
drivers/platform/msm/ipa/ipa_v2/ipa_dp.c:686	desc	BENIGN struct ubuf_info.desc: ZERO ubuf_info accesses in ipa. Hits are IPA-local struct ipa_desc desc, ->desc on IPA structs, ipa_sys_desc_size, strings/comments.
drivers/platform/msm/ipa/ipa_v2/ipa_dp.c:692	desc	BENIGN struct ubuf_info.desc: ZERO ubuf_info accesses in ipa. Hits are IPA-local struct ipa_desc desc, ->desc on IPA structs, ipa_sys_desc_size, strings/comments.
drivers/platform/msm/ipa/ipa_v2/ipa_flt.c:1004	desc	BENIGN struct ubuf_info.desc: ZERO ubuf_info accesses in ipa. Hits are IPA-local struct ipa_desc desc, ->desc on IPA structs, ipa_sys_desc_size, strings/comments.
drivers/platform/msm/ipa/ipa_v2/ipa_flt.c:649	desc	BENIGN struct ubuf_info.desc: ZERO ubuf_info accesses in ipa. Hits are IPA-local struct ipa_desc desc, ->desc on IPA structs, ipa_sys_desc_size, strings/comments.
drivers/platform/msm/ipa/ipa_v2/ipa_flt.c:691	desc	BENIGN struct ubuf_info.desc: ZERO ubuf_info accesses in ipa. Hits are IPA-local struct ipa_desc desc, ->desc on IPA structs, ipa_sys_desc_size, strings/comments.
drivers/platform/msm/ipa/ipa_v2/ipa_flt.c:697	desc	BENIGN struct ubuf_info.desc: ZERO ubuf_info accesses in ipa. Hits are IPA-local struct ipa_desc desc, ->desc on IPA structs, ipa_sys_desc_size, strings/comments.
drivers/platform/msm/ipa/ipa_v2/ipa_flt.c:703	desc	BENIGN struct ubuf_info.desc: ZERO ubuf_info accesses in ipa. Hits are IPA-local struct ipa_desc desc, ->desc on IPA structs, ipa_sys_desc_size, strings/comments.
drivers/platform/msm/ipa/ipa_v2/ipa_flt.c:704	desc	BENIGN struct ubuf_info.desc: ZERO ubuf_info accesses in ipa. Hits are IPA-local struct ipa_desc desc, ->desc on IPA structs, ipa_sys_desc_size, strings/comments.
drivers/platform/msm/ipa/ipa_v2/ipa_flt.c:705	desc	BENIGN struct ubuf_info.desc: ZERO ubuf_info accesses in ipa. Hits are IPA-local struct ipa_desc desc, ->desc on IPA structs, ipa_sys_desc_size, strings/comments.
drivers/platform/msm/ipa/ipa_v2/ipa_flt.c:708	desc	BENIGN struct ubuf_info.desc: ZERO ubuf_info accesses in ipa. Hits are IPA-local struct ipa_desc desc, ->desc on IPA structs, ipa_sys_desc_size, strings/comments.
drivers/platform/msm/ipa/ipa_v2/ipa_flt.c:834	desc	BENIGN struct ubuf_info.desc: ZERO ubuf_info accesses in ipa. Hits are IPA-local struct ipa_desc desc, ->desc on IPA structs, ipa_sys_desc_size, strings/comments.
drivers/platform/msm/ipa/ipa_v2/ipa_flt.c:848	desc	BENIGN struct ubuf_info.desc: ZERO ubuf_info accesses in ipa. Hits are IPA-local struct ipa_desc desc, ->desc on IPA structs, ipa_sys_desc_size, strings/comments.
drivers/platform/msm/ipa/ipa_v2/ipa_flt.c:849	desc	BENIGN struct ubuf_info.desc: ZERO ubuf_info accesses in ipa. Hits are IPA-local struct ipa_desc desc, ->desc on IPA structs, ipa_sys_desc_size, strings/comments.
drivers/platform/msm/ipa/ipa_v2/ipa_flt.c:850	desc	BENIGN struct ubuf_info.desc: ZERO ubuf_info accesses in ipa. Hits are IPA-local struct ipa_desc desc, ->desc on IPA structs, ipa_sys_desc_size, strings/comments.
drivers/platform/msm/ipa/ipa_v2/ipa_flt.c:897	desc	BENIGN struct ubuf_info.desc: ZERO ubuf_info accesses in ipa. Hits are IPA-local struct ipa_desc desc, ->desc on IPA structs, ipa_sys_desc_size, strings/comments.
drivers/platform/msm/ipa/ipa_v2/ipa_flt.c:898	desc	BENIGN struct ubuf_info.desc: ZERO ubuf_info accesses in ipa. Hits are IPA-local struct ipa_desc desc, ->desc on IPA structs, ipa_sys_desc_size, strings/comments.
drivers/platform/msm/ipa/ipa_v2/ipa_flt.c:899	desc	BENIGN struct ubuf_info.desc: ZERO ubuf_info accesses in ipa. Hits are IPA-local struct ipa_desc desc, ->desc on IPA structs, ipa_sys_desc_size, strings/comments.
drivers/platform/msm/ipa/ipa_v2/ipa_flt.c:900	desc	BENIGN struct ubuf_info.desc: ZERO ubuf_info accesses in ipa. Hits are IPA-local struct ipa_desc desc, ->desc on IPA structs, ipa_sys_desc_size, strings/comments.
drivers/platform/msm/ipa/ipa_v2/ipa_flt.c:930	desc	BENIGN struct ubuf_info.desc: ZERO ubuf_info accesses in ipa. Hits are IPA-local struct ipa_desc desc, ->desc on IPA structs, ipa_sys_desc_size, strings/comments.
drivers/platform/msm/ipa/ipa_v2/ipa_flt.c:931	desc	BENIGN struct ubuf_info.desc: ZERO ubuf_info accesses in ipa. Hits are IPA-local struct ipa_desc desc, ->desc on IPA structs, ipa_sys_desc_size, strings/comments.
drivers/platform/msm/ipa/ipa_v2/ipa_flt.c:932	desc	BENIGN struct ubuf_info.desc: ZERO ubuf_info accesses in ipa. Hits are IPA-local struct ipa_desc desc, ->desc on IPA structs, ipa_sys_desc_size, strings/comments.
drivers/platform/msm/ipa/ipa_v2/ipa_flt.c:934	desc	BENIGN struct ubuf_info.desc: ZERO ubuf_info accesses in ipa. Hits are IPA-local struct ipa_desc desc, ->desc on IPA structs, ipa_sys_desc_size, strings/comments.
drivers/platform/msm/ipa/ipa_v2/ipa_flt.c:960	desc	BENIGN struct ubuf_info.desc: ZERO ubuf_info accesses in ipa. Hits are IPA-local struct ipa_desc desc, ->desc on IPA structs, ipa_sys_desc_size, strings/comments.
drivers/platform/msm/ipa/ipa_v2/ipa_flt.c:961	desc	BENIGN struct ubuf_info.desc: ZERO ubuf_info accesses in ipa. Hits are IPA-local struct ipa_desc desc, ->desc on IPA structs, ipa_sys_desc_size, strings/comments.
drivers/platform/msm/ipa/ipa_v2/ipa_flt.c:962	desc	BENIGN struct ubuf_info.desc: ZERO ubuf_info accesses in ipa. Hits are IPA-local struct ipa_desc desc, ->desc on IPA structs, ipa_sys_desc_size, strings/comments.
drivers/platform/msm/ipa/ipa_v2/ipa_flt.c:964	desc	BENIGN struct ubuf_info.desc: ZERO ubuf_info accesses in ipa. Hits are IPA-local struct ipa_desc desc, ->desc on IPA structs, ipa_sys_desc_size, strings/comments.
drivers/platform/msm/ipa/ipa_v2/ipa_flt.c:972	desc	BENIGN struct ubuf_info.desc: ZERO ubuf_info accesses in ipa. Hits are IPA-local struct ipa_desc desc, ->desc on IPA structs, ipa_sys_desc_size, strings/comments.
drivers/platform/msm/ipa/ipa_v2/ipa_flt.c:973	desc	BENIGN struct ubuf_info.desc: ZERO ubuf_info accesses in ipa. Hits are IPA-local struct ipa_desc desc, ->desc on IPA structs, ipa_sys_desc_size, strings/comments.
drivers/platform/msm/ipa/ipa_v2/ipa_flt.c:974	desc	BENIGN struct ubuf_info.desc: ZERO ubuf_info accesses in ipa. Hits are IPA-local struct ipa_desc desc, ->desc on IPA structs, ipa_sys_desc_size, strings/comments.
drivers/platform/msm/ipa/ipa_v2/ipa_flt.c:976	desc	BENIGN struct ubuf_info.desc: ZERO ubuf_info accesses in ipa. Hits are IPA-local struct ipa_desc desc, ->desc on IPA structs, ipa_sys_desc_size, strings/comments.
drivers/platform/msm/ipa/ipa_v2/ipa_flt.c:978	desc	BENIGN struct ubuf_info.desc: ZERO ubuf_info accesses in ipa. Hits are IPA-local struct ipa_desc desc, ->desc on IPA structs, ipa_sys_desc_size, strings/comments.
drivers/platform/msm/ipa/ipa_v2/ipa_flt.c:984	desc	BENIGN struct ubuf_info.desc: ZERO ubuf_info accesses in ipa. Hits are IPA-local struct ipa_desc desc, ->desc on IPA structs, ipa_sys_desc_size, strings/comments.
drivers/platform/msm/ipa/ipa_v2/ipa_hdr.c:175	desc	BENIGN struct ubuf_info.desc: ZERO ubuf_info accesses in ipa. Hits are IPA-local struct ipa_desc desc, ->desc on IPA structs, ipa_sys_desc_size, strings/comments.
drivers/platform/msm/ipa/ipa_v2/ipa_hdr.c:223	desc	BENIGN struct ubuf_info.desc: ZERO ubuf_info accesses in ipa. Hits are IPA-local struct ipa_desc desc, ->desc on IPA structs, ipa_sys_desc_size, strings/comments.
drivers/platform/msm/ipa/ipa_v2/ipa_hdr.c:225	desc	BENIGN struct ubuf_info.desc: ZERO ubuf_info accesses in ipa. Hits are IPA-local struct ipa_desc desc, ->desc on IPA structs, ipa_sys_desc_size, strings/comments.
drivers/platform/msm/ipa/ipa_v2/ipa_hdr.c:227	desc	BENIGN struct ubuf_info.desc: ZERO ubuf_info accesses in ipa. Hits are IPA-local struct ipa_desc desc, ->desc on IPA structs, ipa_sys_desc_size, strings/comments.
drivers/platform/msm/ipa/ipa_v2/ipa_hdr.c:228	desc	BENIGN struct ubuf_info.desc: ZERO ubuf_info accesses in ipa. Hits are IPA-local struct ipa_desc desc, ->desc on IPA structs, ipa_sys_desc_size, strings/comments.
drivers/platform/msm/ipa/ipa_v2/ipa_hdr.c:229	desc	BENIGN struct ubuf_info.desc: ZERO ubuf_info accesses in ipa. Hits are IPA-local struct ipa_desc desc, ->desc on IPA structs, ipa_sys_desc_size, strings/comments.
drivers/platform/msm/ipa/ipa_v2/ipa_hdr.c:232	desc	BENIGN struct ubuf_info.desc: ZERO ubuf_info accesses in ipa. Hits are IPA-local struct ipa_desc desc, ->desc on IPA structs, ipa_sys_desc_size, strings/comments.
drivers/platform/msm/ipa/ipa_v2/ipa_hdr.c:268	desc	BENIGN struct ubuf_info.desc: ZERO ubuf_info accesses in ipa. Hits are IPA-local struct ipa_desc desc, ->desc on IPA structs, ipa_sys_desc_size, strings/comments.
drivers/platform/msm/ipa/ipa_v2/ipa_hdr.c:297	desc	BENIGN struct ubuf_info.desc: ZERO ubuf_info accesses in ipa. Hits are IPA-local struct ipa_desc desc, ->desc on IPA structs, ipa_sys_desc_size, strings/comments.
drivers/platform/msm/ipa/ipa_v2/ipa_hdr.c:298	desc	BENIGN struct ubuf_info.desc: ZERO ubuf_info accesses in ipa. Hits are IPA-local struct ipa_desc desc, ->desc on IPA structs, ipa_sys_desc_size, strings/comments.
drivers/platform/msm/ipa/ipa_v2/ipa_hdr.c:299	desc	BENIGN struct ubuf_info.desc: ZERO ubuf_info accesses in ipa. Hits are IPA-local struct ipa_desc desc, ->desc on IPA structs, ipa_sys_desc_size, strings/comments.
drivers/platform/msm/ipa/ipa_v2/ipa_hdr.c:315	desc	BENIGN struct ubuf_info.desc: ZERO ubuf_info accesses in ipa. Hits are IPA-local struct ipa_desc desc, ->desc on IPA structs, ipa_sys_desc_size, strings/comments.
drivers/platform/msm/ipa/ipa_v2/ipa_hdr.c:316	desc	BENIGN struct ubuf_info.desc: ZERO ubuf_info accesses in ipa. Hits are IPA-local struct ipa_desc desc, ->desc on IPA structs, ipa_sys_desc_size, strings/comments.
drivers/platform/msm/ipa/ipa_v2/ipa_hdr.c:317	desc	BENIGN struct ubuf_info.desc: ZERO ubuf_info accesses in ipa. Hits are IPA-local struct ipa_desc desc, ->desc on IPA structs, ipa_sys_desc_size, strings/comments.
drivers/platform/msm/ipa/ipa_v2/ipa_hdr.c:321	desc	BENIGN struct ubuf_info.desc: ZERO ubuf_info accesses in ipa. Hits are IPA-local struct ipa_desc desc, ->desc on IPA structs, ipa_sys_desc_size, strings/comments.
drivers/platform/msm/ipa/ipa_v2/ipa_hdr.c:324	desc	BENIGN struct ubuf_info.desc: ZERO ubuf_info accesses in ipa. Hits are IPA-local struct ipa_desc desc, ->desc on IPA structs, ipa_sys_desc_size, strings/comments.
drivers/platform/msm/ipa/ipa_v2/ipa_hdr.c:356	desc	BENIGN struct ubuf_info.desc: ZERO ubuf_info accesses in ipa. Hits are IPA-local struct ipa_desc desc, ->desc on IPA structs, ipa_sys_desc_size, strings/comments.
drivers/platform/msm/ipa/ipa_v2/ipa_hdr.c:370	desc	BENIGN struct ubuf_info.desc: ZERO ubuf_info accesses in ipa. Hits are IPA-local struct ipa_desc desc, ->desc on IPA structs, ipa_sys_desc_size, strings/comments.
drivers/platform/msm/ipa/ipa_v2/ipa_hdr.c:400	desc	BENIGN struct ubuf_info.desc: ZERO ubuf_info accesses in ipa. Hits are IPA-local struct ipa_desc desc, ->desc on IPA structs, ipa_sys_desc_size, strings/comments.
drivers/platform/msm/ipa/ipa_v2/ipa_hdr.c:401	desc	BENIGN struct ubuf_info.desc: ZERO ubuf_info accesses in ipa. Hits are IPA-local struct ipa_desc desc, ->desc on IPA structs, ipa_sys_desc_size, strings/comments.
drivers/platform/msm/ipa/ipa_v2/ipa_hdr.c:402	desc	BENIGN struct ubuf_info.desc: ZERO ubuf_info accesses in ipa. Hits are IPA-local struct ipa_desc desc, ->desc on IPA structs, ipa_sys_desc_size, strings/comments.
drivers/platform/msm/ipa/ipa_v2/ipa_hdr.c:419	desc	BENIGN struct ubuf_info.desc: ZERO ubuf_info accesses in ipa. Hits are IPA-local struct ipa_desc desc, ->desc on IPA structs, ipa_sys_desc_size, strings/comments.
drivers/platform/msm/ipa/ipa_v2/ipa_hdr.c:420	desc	BENIGN struct ubuf_info.desc: ZERO ubuf_info accesses in ipa. Hits are IPA-local struct ipa_desc desc, ->desc on IPA structs, ipa_sys_desc_size, strings/comments.
drivers/platform/msm/ipa/ipa_v2/ipa_hdr.c:421	desc	BENIGN struct ubuf_info.desc: ZERO ubuf_info accesses in ipa. Hits are IPA-local struct ipa_desc desc, ->desc on IPA structs, ipa_sys_desc_size, strings/comments.
drivers/platform/msm/ipa/ipa_v2/ipa_hdr.c:424	desc	BENIGN struct ubuf_info.desc: ZERO ubuf_info accesses in ipa. Hits are IPA-local struct ipa_desc desc, ->desc on IPA structs, ipa_sys_desc_size, strings/comments.
drivers/platform/msm/ipa/ipa_v2/ipa_hdr.c:448	desc	BENIGN struct ubuf_info.desc: ZERO ubuf_info accesses in ipa. Hits are IPA-local struct ipa_desc desc, ->desc on IPA structs, ipa_sys_desc_size, strings/comments.
drivers/platform/msm/ipa/ipa_v2/ipa_hdr.c:449	desc	BENIGN struct ubuf_info.desc: ZERO ubuf_info accesses in ipa. Hits are IPA-local struct ipa_desc desc, ->desc on IPA structs, ipa_sys_desc_size, strings/comments.
drivers/platform/msm/ipa/ipa_v2/ipa_hdr.c:450	desc	BENIGN struct ubuf_info.desc: ZERO ubuf_info accesses in ipa. Hits are IPA-local struct ipa_desc desc, ->desc on IPA structs, ipa_sys_desc_size, strings/comments.
drivers/platform/msm/ipa/ipa_v2/ipa_hdr.c:473	desc	BENIGN struct ubuf_info.desc: ZERO ubuf_info accesses in ipa. Hits are IPA-local struct ipa_desc desc, ->desc on IPA structs, ipa_sys_desc_size, strings/comments.
drivers/platform/msm/ipa/ipa_v2/ipa_hdr.c:474	desc	BENIGN struct ubuf_info.desc: ZERO ubuf_info accesses in ipa. Hits are IPA-local struct ipa_desc desc, ->desc on IPA structs, ipa_sys_desc_size, strings/comments.
drivers/platform/msm/ipa/ipa_v2/ipa_hdr.c:475	desc	BENIGN struct ubuf_info.desc: ZERO ubuf_info accesses in ipa. Hits are IPA-local struct ipa_desc desc, ->desc on IPA structs, ipa_sys_desc_size, strings/comments.
drivers/platform/msm/ipa/ipa_v2/ipa_hdr.c:478	desc	BENIGN struct ubuf_info.desc: ZERO ubuf_info accesses in ipa. Hits are IPA-local struct ipa_desc desc, ->desc on IPA structs, ipa_sys_desc_size, strings/comments.
drivers/platform/msm/ipa/ipa_v2/ipa_hdr.c:481	desc	BENIGN struct ubuf_info.desc: ZERO ubuf_info accesses in ipa. Hits are IPA-local struct ipa_desc desc, ->desc on IPA structs, ipa_sys_desc_size, strings/comments.
drivers/platform/msm/ipa/ipa_v2/ipa_i.h:1750	desc	BENIGN struct ubuf_info.desc: ZERO ubuf_info accesses in ipa. Hits are IPA-local struct ipa_desc desc, ->desc on IPA structs, ipa_sys_desc_size, strings/comments.
drivers/platform/msm/ipa/ipa_v2/ipa_i.h:1752	desc	BENIGN struct ubuf_info.desc: ZERO ubuf_info accesses in ipa. Hits are IPA-local struct ipa_desc desc, ->desc on IPA structs, ipa_sys_desc_size, strings/comments.
drivers/platform/msm/ipa/ipa_v2/ipa_i.h:1909	desc	BENIGN struct ubuf_info.desc: ZERO ubuf_info accesses in ipa. Hits are IPA-local struct ipa_desc desc, ->desc on IPA structs, ipa_sys_desc_size, strings/comments.
drivers/platform/msm/ipa/ipa_v2/ipa_i.h:728	desc	BENIGN struct ubuf_info.desc: ZERO ubuf_info accesses in ipa. Hits are IPA-local struct ipa_desc desc, ->desc on IPA structs, ipa_sys_desc_size, strings/comments.
drivers/platform/msm/ipa/ipa_v2/ipa_nat.c:336	desc	BENIGN struct ubuf_info.desc: ZERO ubuf_info accesses in ipa. Hits are IPA-local struct ipa_desc desc, ->desc on IPA structs, ipa_sys_desc_size, strings/comments.
drivers/platform/msm/ipa/ipa_v2/ipa_nat.c:443	desc	BENIGN struct ubuf_info.desc: ZERO ubuf_info accesses in ipa. Hits are IPA-local struct ipa_desc desc, ->desc on IPA structs, ipa_sys_desc_size, strings/comments.
drivers/platform/msm/ipa/ipa_v2/ipa_nat.c:455	desc	BENIGN struct ubuf_info.desc: ZERO ubuf_info accesses in ipa. Hits are IPA-local struct ipa_desc desc, ->desc on IPA structs, ipa_sys_desc_size, strings/comments.
drivers/platform/msm/ipa/ipa_v2/ipa_nat.c:456	desc	BENIGN struct ubuf_info.desc: ZERO ubuf_info accesses in ipa. Hits are IPA-local struct ipa_desc desc, ->desc on IPA structs, ipa_sys_desc_size, strings/comments.
drivers/platform/msm/ipa/ipa_v2/ipa_nat.c:457	desc	BENIGN struct ubuf_info.desc: ZERO ubuf_info accesses in ipa. Hits are IPA-local struct ipa_desc desc, ->desc on IPA structs, ipa_sys_desc_size, strings/comments.
drivers/platform/msm/ipa/ipa_v2/ipa_nat.c:458	desc	BENIGN struct ubuf_info.desc: ZERO ubuf_info accesses in ipa. Hits are IPA-local struct ipa_desc desc, ->desc on IPA structs, ipa_sys_desc_size, strings/comments.
drivers/platform/msm/ipa/ipa_v2/ipa_nat.c:459	desc	BENIGN struct ubuf_info.desc: ZERO ubuf_info accesses in ipa. Hits are IPA-local struct ipa_desc desc, ->desc on IPA structs, ipa_sys_desc_size, strings/comments.
drivers/platform/msm/ipa/ipa_v2/ipa_nat.c:460	desc	BENIGN struct ubuf_info.desc: ZERO ubuf_info accesses in ipa. Hits are IPA-local struct ipa_desc desc, ->desc on IPA structs, ipa_sys_desc_size, strings/comments.
drivers/platform/msm/ipa/ipa_v2/ipa_nat.c:461	desc	BENIGN struct ubuf_info.desc: ZERO ubuf_info accesses in ipa. Hits are IPA-local struct ipa_desc desc, ->desc on IPA structs, ipa_sys_desc_size, strings/comments.
drivers/platform/msm/ipa/ipa_v2/ipa_nat.c:538	desc	BENIGN struct ubuf_info.desc: ZERO ubuf_info accesses in ipa. Hits are IPA-local struct ipa_desc desc, ->desc on IPA structs, ipa_sys_desc_size, strings/comments.
drivers/platform/msm/ipa/ipa_v2/ipa_nat.c:539	desc	BENIGN struct ubuf_info.desc: ZERO ubuf_info accesses in ipa. Hits are IPA-local struct ipa_desc desc, ->desc on IPA structs, ipa_sys_desc_size, strings/comments.
drivers/platform/msm/ipa/ipa_v2/ipa_nat.c:540	desc	BENIGN struct ubuf_info.desc: ZERO ubuf_info accesses in ipa. Hits are IPA-local struct ipa_desc desc, ->desc on IPA structs, ipa_sys_desc_size, strings/comments.
drivers/platform/msm/ipa/ipa_v2/ipa_nat.c:541	desc	BENIGN struct ubuf_info.desc: ZERO ubuf_info accesses in ipa. Hits are IPA-local struct ipa_desc desc, ->desc on IPA structs, ipa_sys_desc_size, strings/comments.
drivers/platform/msm/ipa/ipa_v2/ipa_nat.c:542	desc	BENIGN struct ubuf_info.desc: ZERO ubuf_info accesses in ipa. Hits are IPA-local struct ipa_desc desc, ->desc on IPA structs, ipa_sys_desc_size, strings/comments.
drivers/platform/msm/ipa/ipa_v2/ipa_nat.c:543	desc	BENIGN struct ubuf_info.desc: ZERO ubuf_info accesses in ipa. Hits are IPA-local struct ipa_desc desc, ->desc on IPA structs, ipa_sys_desc_size, strings/comments.
drivers/platform/msm/ipa/ipa_v2/ipa_nat.c:544	desc	BENIGN struct ubuf_info.desc: ZERO ubuf_info accesses in ipa. Hits are IPA-local struct ipa_desc desc, ->desc on IPA structs, ipa_sys_desc_size, strings/comments.
drivers/platform/msm/ipa/ipa_v2/ipa_nat.c:546	desc	BENIGN struct ubuf_info.desc: ZERO ubuf_info accesses in ipa. Hits are IPA-local struct ipa_desc desc, ->desc on IPA structs, ipa_sys_desc_size, strings/comments.
drivers/platform/msm/ipa/ipa_v2/ipa_nat.c:606	desc	BENIGN struct ubuf_info.desc: ZERO ubuf_info accesses in ipa. Hits are IPA-local struct ipa_desc desc, ->desc on IPA structs, ipa_sys_desc_size, strings/comments.
drivers/platform/msm/ipa/ipa_v2/ipa_nat.c:690	desc	BENIGN struct ubuf_info.desc: ZERO ubuf_info accesses in ipa. Hits are IPA-local struct ipa_desc desc, ->desc on IPA structs, ipa_sys_desc_size, strings/comments.
drivers/platform/msm/ipa/ipa_v2/ipa_nat.c:691	desc	BENIGN struct ubuf_info.desc: ZERO ubuf_info accesses in ipa. Hits are IPA-local struct ipa_desc desc, ->desc on IPA structs, ipa_sys_desc_size, strings/comments.
drivers/platform/msm/ipa/ipa_v2/ipa_nat.c:716	desc	BENIGN struct ubuf_info.desc: ZERO ubuf_info accesses in ipa. Hits are IPA-local struct ipa_desc desc, ->desc on IPA structs, ipa_sys_desc_size, strings/comments.
drivers/platform/msm/ipa/ipa_v2/ipa_nat.c:717	desc	BENIGN struct ubuf_info.desc: ZERO ubuf_info accesses in ipa. Hits are IPA-local struct ipa_desc desc, ->desc on IPA structs, ipa_sys_desc_size, strings/comments.
drivers/platform/msm/ipa/ipa_v2/ipa_nat.c:718	desc	BENIGN struct ubuf_info.desc: ZERO ubuf_info accesses in ipa. Hits are IPA-local struct ipa_desc desc, ->desc on IPA structs, ipa_sys_desc_size, strings/comments.
drivers/platform/msm/ipa/ipa_v2/ipa_nat.c:719	desc	BENIGN struct ubuf_info.desc: ZERO ubuf_info accesses in ipa. Hits are IPA-local struct ipa_desc desc, ->desc on IPA structs, ipa_sys_desc_size, strings/comments.
drivers/platform/msm/ipa/ipa_v2/ipa_nat.c:720	desc	BENIGN struct ubuf_info.desc: ZERO ubuf_info accesses in ipa. Hits are IPA-local struct ipa_desc desc, ->desc on IPA structs, ipa_sys_desc_size, strings/comments.
drivers/platform/msm/ipa/ipa_v2/ipa_nat.c:721	desc	BENIGN struct ubuf_info.desc: ZERO ubuf_info accesses in ipa. Hits are IPA-local struct ipa_desc desc, ->desc on IPA structs, ipa_sys_desc_size, strings/comments.
drivers/platform/msm/ipa/ipa_v2/ipa_nat.c:722	desc	BENIGN struct ubuf_info.desc: ZERO ubuf_info accesses in ipa. Hits are IPA-local struct ipa_desc desc, ->desc on IPA structs, ipa_sys_desc_size, strings/comments.
drivers/platform/msm/ipa/ipa_v2/ipa_nat.c:730	desc	BENIGN struct ubuf_info.desc: ZERO ubuf_info accesses in ipa. Hits are IPA-local struct ipa_desc desc, ->desc on IPA structs, ipa_sys_desc_size, strings/comments.
drivers/platform/msm/ipa/ipa_v2/ipa_nat.c:731	desc	BENIGN struct ubuf_info.desc: ZERO ubuf_info accesses in ipa. Hits are IPA-local struct ipa_desc desc, ->desc on IPA structs, ipa_sys_desc_size, strings/comments.
drivers/platform/msm/ipa/ipa_v2/ipa_nat.c:732	desc	BENIGN struct ubuf_info.desc: ZERO ubuf_info accesses in ipa. Hits are IPA-local struct ipa_desc desc, ->desc on IPA structs, ipa_sys_desc_size, strings/comments.
drivers/platform/msm/ipa/ipa_v2/ipa_nat.c:733	desc	BENIGN struct ubuf_info.desc: ZERO ubuf_info accesses in ipa. Hits are IPA-local struct ipa_desc desc, ->desc on IPA structs, ipa_sys_desc_size, strings/comments.
drivers/platform/msm/ipa/ipa_v2/ipa_nat.c:734	desc	BENIGN struct ubuf_info.desc: ZERO ubuf_info accesses in ipa. Hits are IPA-local struct ipa_desc desc, ->desc on IPA structs, ipa_sys_desc_size, strings/comments.
drivers/platform/msm/ipa/ipa_v2/ipa_nat.c:735	desc	BENIGN struct ubuf_info.desc: ZERO ubuf_info accesses in ipa. Hits are IPA-local struct ipa_desc desc, ->desc on IPA structs, ipa_sys_desc_size, strings/comments.
drivers/platform/msm/ipa/ipa_v2/ipa_nat.c:736	desc	BENIGN struct ubuf_info.desc: ZERO ubuf_info accesses in ipa. Hits are IPA-local struct ipa_desc desc, ->desc on IPA structs, ipa_sys_desc_size, strings/comments.
drivers/platform/msm/ipa/ipa_v2/ipa_nat.c:738	desc	BENIGN struct ubuf_info.desc: ZERO ubuf_info accesses in ipa. Hits are IPA-local struct ipa_desc desc, ->desc on IPA structs, ipa_sys_desc_size, strings/comments.
drivers/platform/msm/ipa/ipa_v2/ipa_nat.c:747	desc	BENIGN struct ubuf_info.desc: ZERO ubuf_info accesses in ipa. Hits are IPA-local struct ipa_desc desc, ->desc on IPA structs, ipa_sys_desc_size, strings/comments.
drivers/platform/msm/ipa/ipa_v2/ipa_nat.c:748	desc	BENIGN struct ubuf_info.desc: ZERO ubuf_info accesses in ipa. Hits are IPA-local struct ipa_desc desc, ->desc on IPA structs, ipa_sys_desc_size, strings/comments.
drivers/platform/msm/ipa/ipa_v2/ipa_nat.c:794	desc	BENIGN struct ubuf_info.desc: ZERO ubuf_info accesses in ipa. Hits are IPA-local struct ipa_desc desc, ->desc on IPA structs, ipa_sys_desc_size, strings/comments.
drivers/platform/msm/ipa/ipa_v2/ipa_nat.c:819	desc	BENIGN struct ubuf_info.desc: ZERO ubuf_info accesses in ipa. Hits are IPA-local struct ipa_desc desc, ->desc on IPA structs, ipa_sys_desc_size, strings/comments.
drivers/platform/msm/ipa/ipa_v2/ipa_nat.c:831	desc	BENIGN struct ubuf_info.desc: ZERO ubuf_info accesses in ipa. Hits are IPA-local struct ipa_desc desc, ->desc on IPA structs, ipa_sys_desc_size, strings/comments.
drivers/platform/msm/ipa/ipa_v2/ipa_nat.c:832	desc	BENIGN struct ubuf_info.desc: ZERO ubuf_info accesses in ipa. Hits are IPA-local struct ipa_desc desc, ->desc on IPA structs, ipa_sys_desc_size, strings/comments.
drivers/platform/msm/ipa/ipa_v2/ipa_nat.c:833	desc	BENIGN struct ubuf_info.desc: ZERO ubuf_info accesses in ipa. Hits are IPA-local struct ipa_desc desc, ->desc on IPA structs, ipa_sys_desc_size, strings/comments.
drivers/platform/msm/ipa/ipa_v2/ipa_nat.c:834	desc	BENIGN struct ubuf_info.desc: ZERO ubuf_info accesses in ipa. Hits are IPA-local struct ipa_desc desc, ->desc on IPA structs, ipa_sys_desc_size, strings/comments.
drivers/platform/msm/ipa/ipa_v2/ipa_nat.c:835	desc	BENIGN struct ubuf_info.desc: ZERO ubuf_info accesses in ipa. Hits are IPA-local struct ipa_desc desc, ->desc on IPA structs, ipa_sys_desc_size, strings/comments.
drivers/platform/msm/ipa/ipa_v2/ipa_nat.c:836	desc	BENIGN struct ubuf_info.desc: ZERO ubuf_info accesses in ipa. Hits are IPA-local struct ipa_desc desc, ->desc on IPA structs, ipa_sys_desc_size, strings/comments.
drivers/platform/msm/ipa/ipa_v2/ipa_nat.c:837	desc	BENIGN struct ubuf_info.desc: ZERO ubuf_info accesses in ipa. Hits are IPA-local struct ipa_desc desc, ->desc on IPA structs, ipa_sys_desc_size, strings/comments.
drivers/platform/msm/ipa/ipa_v2/ipa_nat.c:858	desc	BENIGN struct ubuf_info.desc: ZERO ubuf_info accesses in ipa. Hits are IPA-local struct ipa_desc desc, ->desc on IPA structs, ipa_sys_desc_size, strings/comments.
drivers/platform/msm/ipa/ipa_v2/ipa_nat.c:859	desc	BENIGN struct ubuf_info.desc: ZERO ubuf_info accesses in ipa. Hits are IPA-local struct ipa_desc desc, ->desc on IPA structs, ipa_sys_desc_size, strings/comments.
drivers/platform/msm/ipa/ipa_v2/ipa_nat.c:860	desc	BENIGN struct ubuf_info.desc: ZERO ubuf_info accesses in ipa. Hits are IPA-local struct ipa_desc desc, ->desc on IPA structs, ipa_sys_desc_size, strings/comments.
drivers/platform/msm/ipa/ipa_v2/ipa_nat.c:861	desc	BENIGN struct ubuf_info.desc: ZERO ubuf_info accesses in ipa. Hits are IPA-local struct ipa_desc desc, ->desc on IPA structs, ipa_sys_desc_size, strings/comments.
drivers/platform/msm/ipa/ipa_v2/ipa_nat.c:862	desc	BENIGN struct ubuf_info.desc: ZERO ubuf_info accesses in ipa. Hits are IPA-local struct ipa_desc desc, ->desc on IPA structs, ipa_sys_desc_size, strings/comments.
drivers/platform/msm/ipa/ipa_v2/ipa_nat.c:863	desc	BENIGN struct ubuf_info.desc: ZERO ubuf_info accesses in ipa. Hits are IPA-local struct ipa_desc desc, ->desc on IPA structs, ipa_sys_desc_size, strings/comments.
drivers/platform/msm/ipa/ipa_v2/ipa_nat.c:864	desc	BENIGN struct ubuf_info.desc: ZERO ubuf_info accesses in ipa. Hits are IPA-local struct ipa_desc desc, ->desc on IPA structs, ipa_sys_desc_size, strings/comments.
drivers/platform/msm/ipa/ipa_v2/ipa_nat.c:865	desc	BENIGN struct ubuf_info.desc: ZERO ubuf_info accesses in ipa. Hits are IPA-local struct ipa_desc desc, ->desc on IPA structs, ipa_sys_desc_size, strings/comments.
drivers/platform/msm/ipa/ipa_v2/ipa_rt.c:561	desc	BENIGN struct ubuf_info.desc: ZERO ubuf_info accesses in ipa. Hits are IPA-local struct ipa_desc desc, ->desc on IPA structs, ipa_sys_desc_size, strings/comments.
drivers/platform/msm/ipa/ipa_v2/ipa_rt.c:603	desc	BENIGN struct ubuf_info.desc: ZERO ubuf_info accesses in ipa. Hits are IPA-local struct ipa_desc desc, ->desc on IPA structs, ipa_sys_desc_size, strings/comments.
drivers/platform/msm/ipa/ipa_v2/ipa_rt.c:611	desc	BENIGN struct ubuf_info.desc: ZERO ubuf_info accesses in ipa. Hits are IPA-local struct ipa_desc desc, ->desc on IPA structs, ipa_sys_desc_size, strings/comments.
drivers/platform/msm/ipa/ipa_v2/ipa_rt.c:619	desc	BENIGN struct ubuf_info.desc: ZERO ubuf_info accesses in ipa. Hits are IPA-local struct ipa_desc desc, ->desc on IPA structs, ipa_sys_desc_size, strings/comments.
drivers/platform/msm/ipa/ipa_v2/ipa_rt.c:620	desc	BENIGN struct ubuf_info.desc: ZERO ubuf_info accesses in ipa. Hits are IPA-local struct ipa_desc desc, ->desc on IPA structs, ipa_sys_desc_size, strings/comments.
drivers/platform/msm/ipa/ipa_v2/ipa_rt.c:621	desc	BENIGN struct ubuf_info.desc: ZERO ubuf_info accesses in ipa. Hits are IPA-local struct ipa_desc desc, ->desc on IPA structs, ipa_sys_desc_size, strings/comments.
drivers/platform/msm/ipa/ipa_v2/ipa_rt.c:624	desc	BENIGN struct ubuf_info.desc: ZERO ubuf_info accesses in ipa. Hits are IPA-local struct ipa_desc desc, ->desc on IPA structs, ipa_sys_desc_size, strings/comments.
drivers/platform/msm/ipa/ipa_v2/ipa_rt.c:737	desc	BENIGN struct ubuf_info.desc: ZERO ubuf_info accesses in ipa. Hits are IPA-local struct ipa_desc desc, ->desc on IPA structs, ipa_sys_desc_size, strings/comments.
drivers/platform/msm/ipa/ipa_v2/ipa_rt.c:750	desc	BENIGN struct ubuf_info.desc: ZERO ubuf_info accesses in ipa. Hits are IPA-local struct ipa_desc desc, ->desc on IPA structs, ipa_sys_desc_size, strings/comments.
drivers/platform/msm/ipa/ipa_v2/ipa_rt.c:803	desc	BENIGN struct ubuf_info.desc: ZERO ubuf_info accesses in ipa. Hits are IPA-local struct ipa_desc desc, ->desc on IPA structs, ipa_sys_desc_size, strings/comments.
drivers/platform/msm/ipa/ipa_v2/ipa_rt.c:804	desc	BENIGN struct ubuf_info.desc: ZERO ubuf_info accesses in ipa. Hits are IPA-local struct ipa_desc desc, ->desc on IPA structs, ipa_sys_desc_size, strings/comments.
drivers/platform/msm/ipa/ipa_v2/ipa_rt.c:805	desc	BENIGN struct ubuf_info.desc: ZERO ubuf_info accesses in ipa. Hits are IPA-local struct ipa_desc desc, ->desc on IPA structs, ipa_sys_desc_size, strings/comments.
drivers/platform/msm/ipa/ipa_v2/ipa_rt.c:806	desc	BENIGN struct ubuf_info.desc: ZERO ubuf_info accesses in ipa. Hits are IPA-local struct ipa_desc desc, ->desc on IPA structs, ipa_sys_desc_size, strings/comments.
drivers/platform/msm/ipa/ipa_v2/ipa_rt.c:821	desc	BENIGN struct ubuf_info.desc: ZERO ubuf_info accesses in ipa. Hits are IPA-local struct ipa_desc desc, ->desc on IPA structs, ipa_sys_desc_size, strings/comments.
drivers/platform/msm/ipa/ipa_v2/ipa_rt.c:822	desc	BENIGN struct ubuf_info.desc: ZERO ubuf_info accesses in ipa. Hits are IPA-local struct ipa_desc desc, ->desc on IPA structs, ipa_sys_desc_size, strings/comments.
drivers/platform/msm/ipa/ipa_v2/ipa_rt.c:823	desc	BENIGN struct ubuf_info.desc: ZERO ubuf_info accesses in ipa. Hits are IPA-local struct ipa_desc desc, ->desc on IPA structs, ipa_sys_desc_size, strings/comments.
drivers/platform/msm/ipa/ipa_v2/ipa_rt.c:824	desc	BENIGN struct ubuf_info.desc: ZERO ubuf_info accesses in ipa. Hits are IPA-local struct ipa_desc desc, ->desc on IPA structs, ipa_sys_desc_size, strings/comments.
drivers/platform/msm/ipa/ipa_v2/ipa_rt.c:826	desc	BENIGN struct ubuf_info.desc: ZERO ubuf_info accesses in ipa. Hits are IPA-local struct ipa_desc desc, ->desc on IPA structs, ipa_sys_desc_size, strings/comments.
drivers/platform/msm/ipa/ipa_v2/ipa_rt.c:832	desc	BENIGN struct ubuf_info.desc: ZERO ubuf_info accesses in ipa. Hits are IPA-local struct ipa_desc desc, ->desc on IPA structs, ipa_sys_desc_size, strings/comments.
drivers/platform/msm/ipa/ipa_v2/ipa_utils.c:4502	desc	BENIGN struct ubuf_info.desc: ZERO ubuf_info accesses in ipa. Hits are IPA-local struct ipa_desc desc, ->desc on IPA structs, ipa_sys_desc_size, strings/comments.
drivers/platform/msm/ipa/ipa_v2/ipa_utils.c:4510	desc	BENIGN struct ubuf_info.desc: ZERO ubuf_info accesses in ipa. Hits are IPA-local struct ipa_desc desc, ->desc on IPA structs, ipa_sys_desc_size, strings/comments.
drivers/platform/msm/ipa/ipa_v2/ipa_utils.c:4607	desc	BENIGN struct ubuf_info.desc: ZERO ubuf_info accesses in ipa. Hits are IPA-local struct ipa_desc desc, ->desc on IPA structs, ipa_sys_desc_size, strings/comments.
drivers/platform/msm/ipa/ipa_v2/ipa_utils.c:4608	desc	BENIGN struct ubuf_info.desc: ZERO ubuf_info accesses in ipa. Hits are IPA-local struct ipa_desc desc, ->desc on IPA structs, ipa_sys_desc_size, strings/comments.
drivers/platform/msm/ipa/ipa_v2/ipa_utils.c:4698	desc	BENIGN struct ubuf_info.desc: ZERO ubuf_info accesses in ipa. Hits are IPA-local struct ipa_desc desc, ->desc on IPA structs, ipa_sys_desc_size, strings/comments.
drivers/platform/msm/ipa/ipa_v2/ipa_utils.c:4699	desc	BENIGN struct ubuf_info.desc: ZERO ubuf_info accesses in ipa. Hits are IPA-local struct ipa_desc desc, ->desc on IPA structs, ipa_sys_desc_size, strings/comments.
drivers/platform/msm/ipa/ipa_v2/ipa_utils.c:4705	desc	BENIGN struct ubuf_info.desc: ZERO ubuf_info accesses in ipa. Hits are IPA-local struct ipa_desc desc, ->desc on IPA structs, ipa_sys_desc_size, strings/comments.
drivers/platform/msm/ipa/ipa_v2/ipa_utils.c:4744	desc	BENIGN struct ubuf_info.desc: ZERO ubuf_info accesses in ipa. Hits are IPA-local struct ipa_desc desc, ->desc on IPA structs, ipa_sys_desc_size, strings/comments.
drivers/platform/msm/ipa/ipa_v2/ipa_utils.c:4745	desc	BENIGN struct ubuf_info.desc: ZERO ubuf_info accesses in ipa. Hits are IPA-local struct ipa_desc desc, ->desc on IPA structs, ipa_sys_desc_size, strings/comments.
drivers/platform/msm/ipa/ipa_v2/ipa_utils.c:4746	desc	BENIGN struct ubuf_info.desc: ZERO ubuf_info accesses in ipa. Hits are IPA-local struct ipa_desc desc, ->desc on IPA structs, ipa_sys_desc_size, strings/comments.
drivers/platform/msm/ipa/ipa_v2/ipa_utils.c:4747	desc	BENIGN struct ubuf_info.desc: ZERO ubuf_info accesses in ipa. Hits are IPA-local struct ipa_desc desc, ->desc on IPA structs, ipa_sys_desc_size, strings/comments.
drivers/platform/msm/ipa/ipa_v2/ipa_utils.c:4748	desc	BENIGN struct ubuf_info.desc: ZERO ubuf_info accesses in ipa. Hits are IPA-local struct ipa_desc desc, ->desc on IPA structs, ipa_sys_desc_size, strings/comments.
drivers/platform/msm/ipa/ipa_v2/ipa_utils.c:4749	desc	BENIGN struct ubuf_info.desc: ZERO ubuf_info accesses in ipa. Hits are IPA-local struct ipa_desc desc, ->desc on IPA structs, ipa_sys_desc_size, strings/comments.
drivers/platform/msm/ipa/ipa_v2/ipa_utils.c:4757	desc	BENIGN struct ubuf_info.desc: ZERO ubuf_info accesses in ipa. Hits are IPA-local struct ipa_desc desc, ->desc on IPA structs, ipa_sys_desc_size, strings/comments.
drivers/platform/msm/ipa/ipa_v2/ipa_utils.c:4769	desc	BENIGN struct ubuf_info.desc: ZERO ubuf_info accesses in ipa. Hits are IPA-local struct ipa_desc desc, ->desc on IPA structs, ipa_sys_desc_size, strings/comments.
drivers/platform/msm/ipa/ipa_v2/ipa_utils.c:4791	desc	BENIGN struct ubuf_info.desc: ZERO ubuf_info accesses in ipa. Hits are IPA-local struct ipa_desc desc, ->desc on IPA structs, ipa_sys_desc_size, strings/comments.
drivers/platform/msm/ipa/ipa_v2/ipa_utils.c:4792	desc	BENIGN struct ubuf_info.desc: ZERO ubuf_info accesses in ipa. Hits are IPA-local struct ipa_desc desc, ->desc on IPA structs, ipa_sys_desc_size, strings/comments.
drivers/platform/msm/ipa/ipa_v2/ipa_utils.c:4798	desc	BENIGN struct ubuf_info.desc: ZERO ubuf_info accesses in ipa. Hits are IPA-local struct ipa_desc desc, ->desc on IPA structs, ipa_sys_desc_size, strings/comments.
drivers/platform/msm/ipa/ipa_v2/ipa_utils.c:4806	desc	BENIGN struct ubuf_info.desc: ZERO ubuf_info accesses in ipa. Hits are IPA-local struct ipa_desc desc, ->desc on IPA structs, ipa_sys_desc_size, strings/comments.
drivers/platform/msm/ipa/ipa_v2/ipa_utils.c:4810	desc	BENIGN struct ubuf_info.desc: ZERO ubuf_info accesses in ipa. Hits are IPA-local struct ipa_desc desc, ->desc on IPA structs, ipa_sys_desc_size, strings/comments.
drivers/platform/msm/ipa/ipa_v2/rmnet_ipa.c:2003	desc	BENIGN struct ubuf_info.desc: ZERO ubuf_info accesses in ipa. Hits are IPA-local struct ipa_desc desc, ->desc on IPA structs, ipa_sys_desc_size, strings/comments.
drivers/platform/msm/ipa/ipa_v2/rmnet_ipa.c:2005	desc	BENIGN struct ubuf_info.desc: ZERO ubuf_info accesses in ipa. Hits are IPA-local struct ipa_desc desc, ->desc on IPA structs, ipa_sys_desc_size, strings/comments.
drivers/platform/msm/ipa/ipa_v2/rmnet_ipa.c:2008	desc	BENIGN struct ubuf_info.desc: ZERO ubuf_info accesses in ipa. Hits are IPA-local struct ipa_desc desc, ->desc on IPA structs, ipa_sys_desc_size, strings/comments.
drivers/platform/msm/ipa/ipa_v2/rmnet_ipa.c:2011	desc	BENIGN struct ubuf_info.desc: ZERO ubuf_info accesses in ipa. Hits are IPA-local struct ipa_desc desc, ->desc on IPA structs, ipa_sys_desc_size, strings/comments.
drivers/platform/msm/ipa/ipa_v3/ipa.c:2258	desc	BENIGN struct ubuf_info.desc: ZERO ubuf_info accesses in ipa. Hits are IPA-local struct ipa_desc desc, ->desc on IPA structs, ipa_sys_desc_size, strings/comments.
drivers/platform/msm/ipa/ipa_v3/ipa.c:2265	desc	BENIGN struct ubuf_info.desc: ZERO ubuf_info accesses in ipa. Hits are IPA-local struct ipa_desc desc, ->desc on IPA structs, ipa_sys_desc_size, strings/comments.
drivers/platform/msm/ipa/ipa_v3/ipa.c:2291	desc	BENIGN struct ubuf_info.desc: ZERO ubuf_info accesses in ipa. Hits are IPA-local struct ipa_desc desc, ->desc on IPA structs, ipa_sys_desc_size, strings/comments.
drivers/platform/msm/ipa/ipa_v3/ipa.c:2293	desc	BENIGN struct ubuf_info.desc: ZERO ubuf_info accesses in ipa. Hits are IPA-local struct ipa_desc desc, ->desc on IPA structs, ipa_sys_desc_size, strings/comments.
drivers/platform/msm/ipa/ipa_v3/ipa.c:2482	desc	BENIGN struct ubuf_info.desc: ZERO ubuf_info accesses in ipa. Hits are IPA-local struct ipa_desc desc, ->desc on IPA structs, ipa_sys_desc_size, strings/comments.
drivers/platform/msm/ipa/ipa_v3/ipa.c:2502	desc	BENIGN struct ubuf_info.desc: ZERO ubuf_info accesses in ipa. Hits are IPA-local struct ipa_desc desc, ->desc on IPA structs, ipa_sys_desc_size, strings/comments.
drivers/platform/msm/ipa/ipa_v3/ipa.c:2504	desc	BENIGN struct ubuf_info.desc: ZERO ubuf_info accesses in ipa. Hits are IPA-local struct ipa_desc desc, ->desc on IPA structs, ipa_sys_desc_size, strings/comments.
drivers/platform/msm/ipa/ipa_v3/ipa.c:2576	desc	BENIGN struct ubuf_info.desc: ZERO ubuf_info accesses in ipa. Hits are IPA-local struct ipa_desc desc, ->desc on IPA structs, ipa_sys_desc_size, strings/comments.
drivers/platform/msm/ipa/ipa_v3/ipa.c:2585	desc	BENIGN struct ubuf_info.desc: ZERO ubuf_info accesses in ipa. Hits are IPA-local struct ipa_desc desc, ->desc on IPA structs, ipa_sys_desc_size, strings/comments.
drivers/platform/msm/ipa/ipa_v3/ipa.c:2598	desc	BENIGN struct ubuf_info.desc: ZERO ubuf_info accesses in ipa. Hits are IPA-local struct ipa_desc desc, ->desc on IPA structs, ipa_sys_desc_size, strings/comments.
drivers/platform/msm/ipa/ipa_v3/ipa.c:2605	desc	BENIGN struct ubuf_info.desc: ZERO ubuf_info accesses in ipa. Hits are IPA-local struct ipa_desc desc, ->desc on IPA structs, ipa_sys_desc_size, strings/comments.
drivers/platform/msm/ipa/ipa_v3/ipa.c:2652	desc	BENIGN struct ubuf_info.desc: ZERO ubuf_info accesses in ipa. Hits are IPA-local struct ipa_desc desc, ->desc on IPA structs, ipa_sys_desc_size, strings/comments.
drivers/platform/msm/ipa/ipa_v3/ipa.c:2653	desc	BENIGN struct ubuf_info.desc: ZERO ubuf_info accesses in ipa. Hits are IPA-local struct ipa_desc desc, ->desc on IPA structs, ipa_sys_desc_size, strings/comments.
drivers/platform/msm/ipa/ipa_v3/ipa.c:2673	desc	BENIGN struct ubuf_info.desc: ZERO ubuf_info accesses in ipa. Hits are IPA-local struct ipa_desc desc, ->desc on IPA structs, ipa_sys_desc_size, strings/comments.
drivers/platform/msm/ipa/ipa_v3/ipa.c:2676	desc	BENIGN struct ubuf_info.desc: ZERO ubuf_info accesses in ipa. Hits are IPA-local struct ipa_desc desc, ->desc on IPA structs, ipa_sys_desc_size, strings/comments.
drivers/platform/msm/ipa/ipa_v3/ipa.c:2684	desc	BENIGN struct ubuf_info.desc: ZERO ubuf_info accesses in ipa. Hits are IPA-local struct ipa_desc desc, ->desc on IPA structs, ipa_sys_desc_size, strings/comments.
drivers/platform/msm/ipa/ipa_v3/ipa.c:2692	desc	BENIGN struct ubuf_info.desc: ZERO ubuf_info accesses in ipa. Hits are IPA-local struct ipa_desc desc, ->desc on IPA structs, ipa_sys_desc_size, strings/comments.
drivers/platform/msm/ipa/ipa_v3/ipa.c:2737	desc	BENIGN struct ubuf_info.desc: ZERO ubuf_info accesses in ipa. Hits are IPA-local struct ipa_desc desc, ->desc on IPA structs, ipa_sys_desc_size, strings/comments.
drivers/platform/msm/ipa/ipa_v3/ipa.c:2738	desc	BENIGN struct ubuf_info.desc: ZERO ubuf_info accesses in ipa. Hits are IPA-local struct ipa_desc desc, ->desc on IPA structs, ipa_sys_desc_size, strings/comments.
drivers/platform/msm/ipa/ipa_v3/ipa.c:2760	desc	BENIGN struct ubuf_info.desc: ZERO ubuf_info accesses in ipa. Hits are IPA-local struct ipa_desc desc, ->desc on IPA structs, ipa_sys_desc_size, strings/comments.
drivers/platform/msm/ipa/ipa_v3/ipa.c:2763	desc	BENIGN struct ubuf_info.desc: ZERO ubuf_info accesses in ipa. Hits are IPA-local struct ipa_desc desc, ->desc on IPA structs, ipa_sys_desc_size, strings/comments.
drivers/platform/msm/ipa/ipa_v3/ipa.c:2772	desc	BENIGN struct ubuf_info.desc: ZERO ubuf_info accesses in ipa. Hits are IPA-local struct ipa_desc desc, ->desc on IPA structs, ipa_sys_desc_size, strings/comments.
drivers/platform/msm/ipa/ipa_v3/ipa.c:2781	desc	BENIGN struct ubuf_info.desc: ZERO ubuf_info accesses in ipa. Hits are IPA-local struct ipa_desc desc, ->desc on IPA structs, ipa_sys_desc_size, strings/comments.
drivers/platform/msm/ipa/ipa_v3/ipa.c:2788	desc	BENIGN struct ubuf_info.desc: ZERO ubuf_info accesses in ipa. Hits are IPA-local struct ipa_desc desc, ->desc on IPA structs, ipa_sys_desc_size, strings/comments.
drivers/platform/msm/ipa/ipa_v3/ipa.c:2790	desc	BENIGN struct ubuf_info.desc: ZERO ubuf_info accesses in ipa. Hits are IPA-local struct ipa_desc desc, ->desc on IPA structs, ipa_sys_desc_size, strings/comments.
drivers/platform/msm/ipa/ipa_v3/ipa.c:2826	desc	BENIGN struct ubuf_info.desc: ZERO ubuf_info accesses in ipa. Hits are IPA-local struct ipa_desc desc, ->desc on IPA structs, ipa_sys_desc_size, strings/comments.
drivers/platform/msm/ipa/ipa_v3/ipa.c:2827	desc	BENIGN struct ubuf_info.desc: ZERO ubuf_info accesses in ipa. Hits are IPA-local struct ipa_desc desc, ->desc on IPA structs, ipa_sys_desc_size, strings/comments.
drivers/platform/msm/ipa/ipa_v3/ipa.c:2828	desc	BENIGN struct ubuf_info.desc: ZERO ubuf_info accesses in ipa. Hits are IPA-local struct ipa_desc desc, ->desc on IPA structs, ipa_sys_desc_size, strings/comments.
drivers/platform/msm/ipa/ipa_v3/ipa.c:2834	desc	BENIGN struct ubuf_info.desc: ZERO ubuf_info accesses in ipa. Hits are IPA-local struct ipa_desc desc, ->desc on IPA structs, ipa_sys_desc_size, strings/comments.
drivers/platform/msm/ipa/ipa_v3/ipa.c:2841	desc	BENIGN struct ubuf_info.desc: ZERO ubuf_info accesses in ipa. Hits are IPA-local struct ipa_desc desc, ->desc on IPA structs, ipa_sys_desc_size, strings/comments.
drivers/platform/msm/ipa/ipa_v3/ipa.c:2842	desc	BENIGN struct ubuf_info.desc: ZERO ubuf_info accesses in ipa. Hits are IPA-local struct ipa_desc desc, ->desc on IPA structs, ipa_sys_desc_size, strings/comments.
drivers/platform/msm/ipa/ipa_v3/ipa.c:2843	desc	BENIGN struct ubuf_info.desc: ZERO ubuf_info accesses in ipa. Hits are IPA-local struct ipa_desc desc, ->desc on IPA structs, ipa_sys_desc_size, strings/comments.
drivers/platform/msm/ipa/ipa_v3/ipa.c:2848	desc	BENIGN struct ubuf_info.desc: ZERO ubuf_info accesses in ipa. Hits are IPA-local struct ipa_desc desc, ->desc on IPA structs, ipa_sys_desc_size, strings/comments.
drivers/platform/msm/ipa/ipa_v3/ipa.c:3058	desc	BENIGN struct ubuf_info.desc: ZERO ubuf_info accesses in ipa. Hits are IPA-local struct ipa_desc desc, ->desc on IPA structs, ipa_sys_desc_size, strings/comments.
drivers/platform/msm/ipa/ipa_v3/ipa.c:3086	desc	BENIGN struct ubuf_info.desc: ZERO ubuf_info accesses in ipa. Hits are IPA-local struct ipa_desc desc, ->desc on IPA structs, ipa_sys_desc_size, strings/comments.
drivers/platform/msm/ipa/ipa_v3/ipa.c:3089	desc	BENIGN struct ubuf_info.desc: ZERO ubuf_info accesses in ipa. Hits are IPA-local struct ipa_desc desc, ->desc on IPA structs, ipa_sys_desc_size, strings/comments.
drivers/platform/msm/ipa/ipa_v3/ipa.c:3127	desc	BENIGN struct ubuf_info.desc: ZERO ubuf_info accesses in ipa. Hits are IPA-local struct ipa_desc desc, ->desc on IPA structs, ipa_sys_desc_size, strings/comments.
drivers/platform/msm/ipa/ipa_v3/ipa.c:3130	desc	BENIGN struct ubuf_info.desc: ZERO ubuf_info accesses in ipa. Hits are IPA-local struct ipa_desc desc, ->desc on IPA structs, ipa_sys_desc_size, strings/comments.
drivers/platform/msm/ipa/ipa_v3/ipa.c:3155	desc	BENIGN struct ubuf_info.desc: ZERO ubuf_info accesses in ipa. Hits are IPA-local struct ipa_desc desc, ->desc on IPA structs, ipa_sys_desc_size, strings/comments.
drivers/platform/msm/ipa/ipa_v3/ipa.c:3196	desc	BENIGN struct ubuf_info.desc: ZERO ubuf_info accesses in ipa. Hits are IPA-local struct ipa_desc desc, ->desc on IPA structs, ipa_sys_desc_size, strings/comments.
drivers/platform/msm/ipa/ipa_v3/ipa.c:3199	desc	BENIGN struct ubuf_info.desc: ZERO ubuf_info accesses in ipa. Hits are IPA-local struct ipa_desc desc, ->desc on IPA structs, ipa_sys_desc_size, strings/comments.
drivers/platform/msm/ipa/ipa_v3/ipa.c:3218	desc	BENIGN struct ubuf_info.desc: ZERO ubuf_info accesses in ipa. Hits are IPA-local struct ipa_desc desc, ->desc on IPA structs, ipa_sys_desc_size, strings/comments.
drivers/platform/msm/ipa/ipa_v3/ipa.c:3259	desc	BENIGN struct ubuf_info.desc: ZERO ubuf_info accesses in ipa. Hits are IPA-local struct ipa_desc desc, ->desc on IPA structs, ipa_sys_desc_size, strings/comments.
drivers/platform/msm/ipa/ipa_v3/ipa.c:3262	desc	BENIGN struct ubuf_info.desc: ZERO ubuf_info accesses in ipa. Hits are IPA-local struct ipa_desc desc, ->desc on IPA structs, ipa_sys_desc_size, strings/comments.
drivers/platform/msm/ipa/ipa_v3/ipa.c:3281	desc	BENIGN struct ubuf_info.desc: ZERO ubuf_info accesses in ipa. Hits are IPA-local struct ipa_desc desc, ->desc on IPA structs, ipa_sys_desc_size, strings/comments.
drivers/platform/msm/ipa/ipa_v3/ipa.c:3316	desc	BENIGN struct ubuf_info.desc: ZERO ubuf_info accesses in ipa. Hits are IPA-local struct ipa_desc desc, ->desc on IPA structs, ipa_sys_desc_size, strings/comments.
drivers/platform/msm/ipa/ipa_v3/ipa.c:3319	desc	BENIGN struct ubuf_info.desc: ZERO ubuf_info accesses in ipa. Hits are IPA-local struct ipa_desc desc, ->desc on IPA structs, ipa_sys_desc_size, strings/comments.
drivers/platform/msm/ipa/ipa_v3/ipa.c:3338	desc	BENIGN struct ubuf_info.desc: ZERO ubuf_info accesses in ipa. Hits are IPA-local struct ipa_desc desc, ->desc on IPA structs, ipa_sys_desc_size, strings/comments.
drivers/platform/msm/ipa/ipa_v3/ipa.c:3374	desc	BENIGN struct ubuf_info.desc: ZERO ubuf_info accesses in ipa. Hits are IPA-local struct ipa_desc desc, ->desc on IPA structs, ipa_sys_desc_size, strings/comments.
drivers/platform/msm/ipa/ipa_v3/ipa.c:3377	desc	BENIGN struct ubuf_info.desc: ZERO ubuf_info accesses in ipa. Hits are IPA-local struct ipa_desc desc, ->desc on IPA structs, ipa_sys_desc_size, strings/comments.
drivers/platform/msm/ipa/ipa_v3/ipa.c:5247	desc	BENIGN struct ubuf_info.desc: ZERO ubuf_info accesses in ipa. Hits are IPA-local struct ipa_desc desc, ->desc on IPA structs, ipa_sys_desc_size, strings/comments.
drivers/platform/msm/ipa/ipa_v3/ipa.c:5279	desc	BENIGN struct ubuf_info.desc: ZERO ubuf_info accesses in ipa. Hits are IPA-local struct ipa_desc desc, ->desc on IPA structs, ipa_sys_desc_size, strings/comments.
drivers/platform/msm/ipa/ipa_v3/ipa.c:5280	desc	BENIGN struct ubuf_info.desc: ZERO ubuf_info accesses in ipa. Hits are IPA-local struct ipa_desc desc, ->desc on IPA structs, ipa_sys_desc_size, strings/comments.
drivers/platform/msm/ipa/ipa_v3/ipa.c:5281	desc	BENIGN struct ubuf_info.desc: ZERO ubuf_info accesses in ipa. Hits are IPA-local struct ipa_desc desc, ->desc on IPA structs, ipa_sys_desc_size, strings/comments.
drivers/platform/msm/ipa/ipa_v3/ipa.c:5283	desc	BENIGN struct ubuf_info.desc: ZERO ubuf_info accesses in ipa. Hits are IPA-local struct ipa_desc desc, ->desc on IPA structs, ipa_sys_desc_size, strings/comments.
drivers/platform/msm/ipa/ipa_v3/ipa_dp.c:101	desc	BENIGN struct ubuf_info.desc: ZERO ubuf_info accesses in ipa. Hits are IPA-local struct ipa_desc desc, ->desc on IPA structs, ipa_sys_desc_size, strings/comments.
drivers/platform/msm/ipa/ipa_v3/ipa_dp.c:1317	desc	BENIGN struct ubuf_info.desc: ZERO ubuf_info accesses in ipa. Hits are IPA-local struct ipa_desc desc, ->desc on IPA structs, ipa_sys_desc_size, strings/comments.
drivers/platform/msm/ipa/ipa_v3/ipa_dp.c:1389	desc	BENIGN struct ubuf_info.desc: ZERO ubuf_info accesses in ipa. Hits are IPA-local struct ipa_desc desc, ->desc on IPA structs, ipa_sys_desc_size, strings/comments.
drivers/platform/msm/ipa/ipa_v3/ipa_dp.c:1390	desc	BENIGN struct ubuf_info.desc: ZERO ubuf_info accesses in ipa. Hits are IPA-local struct ipa_desc desc, ->desc on IPA structs, ipa_sys_desc_size, strings/comments.
drivers/platform/msm/ipa/ipa_v3/ipa_dp.c:1391	desc	BENIGN struct ubuf_info.desc: ZERO ubuf_info accesses in ipa. Hits are IPA-local struct ipa_desc desc, ->desc on IPA structs, ipa_sys_desc_size, strings/comments.
drivers/platform/msm/ipa/ipa_v3/ipa_dp.c:1392	desc	BENIGN struct ubuf_info.desc: ZERO ubuf_info accesses in ipa. Hits are IPA-local struct ipa_desc desc, ->desc on IPA structs, ipa_sys_desc_size, strings/comments.
drivers/platform/msm/ipa/ipa_v3/ipa_dp.c:1394	desc	BENIGN struct ubuf_info.desc: ZERO ubuf_info accesses in ipa. Hits are IPA-local struct ipa_desc desc, ->desc on IPA structs, ipa_sys_desc_size, strings/comments.
drivers/platform/msm/ipa/ipa_v3/ipa_dp.c:1395	desc	BENIGN struct ubuf_info.desc: ZERO ubuf_info accesses in ipa. Hits are IPA-local struct ipa_desc desc, ->desc on IPA structs, ipa_sys_desc_size, strings/comments.
drivers/platform/msm/ipa/ipa_v3/ipa_dp.c:1396	desc	BENIGN struct ubuf_info.desc: ZERO ubuf_info accesses in ipa. Hits are IPA-local struct ipa_desc desc, ->desc on IPA structs, ipa_sys_desc_size, strings/comments.
drivers/platform/msm/ipa/ipa_v3/ipa_dp.c:1401	desc	BENIGN struct ubuf_info.desc: ZERO ubuf_info accesses in ipa. Hits are IPA-local struct ipa_desc desc, ->desc on IPA structs, ipa_sys_desc_size, strings/comments.
drivers/platform/msm/ipa/ipa_v3/ipa_dp.c:1414	desc	BENIGN struct ubuf_info.desc: ZERO ubuf_info accesses in ipa. Hits are IPA-local struct ipa_desc desc, ->desc on IPA structs, ipa_sys_desc_size, strings/comments.
drivers/platform/msm/ipa/ipa_v3/ipa_dp.c:1417	desc	BENIGN struct ubuf_info.desc: ZERO ubuf_info accesses in ipa. Hits are IPA-local struct ipa_desc desc, ->desc on IPA structs, ipa_sys_desc_size, strings/comments.
drivers/platform/msm/ipa/ipa_v3/ipa_dp.c:1418	desc	BENIGN struct ubuf_info.desc: ZERO ubuf_info accesses in ipa. Hits are IPA-local struct ipa_desc desc, ->desc on IPA structs, ipa_sys_desc_size, strings/comments.
drivers/platform/msm/ipa/ipa_v3/ipa_dp.c:1419	desc	BENIGN struct ubuf_info.desc: ZERO ubuf_info accesses in ipa. Hits are IPA-local struct ipa_desc desc, ->desc on IPA structs, ipa_sys_desc_size, strings/comments.
drivers/platform/msm/ipa/ipa_v3/ipa_dp.c:1420	desc	BENIGN struct ubuf_info.desc: ZERO ubuf_info accesses in ipa. Hits are IPA-local struct ipa_desc desc, ->desc on IPA structs, ipa_sys_desc_size, strings/comments.
drivers/platform/msm/ipa/ipa_v3/ipa_dp.c:1421	desc	BENIGN struct ubuf_info.desc: ZERO ubuf_info accesses in ipa. Hits are IPA-local struct ipa_desc desc, ->desc on IPA structs, ipa_sys_desc_size, strings/comments.
drivers/platform/msm/ipa/ipa_v3/ipa_dp.c:1423	desc	BENIGN struct ubuf_info.desc: ZERO ubuf_info accesses in ipa. Hits are IPA-local struct ipa_desc desc, ->desc on IPA structs, ipa_sys_desc_size, strings/comments.
drivers/platform/msm/ipa/ipa_v3/ipa_dp.c:1424	desc	BENIGN struct ubuf_info.desc: ZERO ubuf_info accesses in ipa. Hits are IPA-local struct ipa_desc desc, ->desc on IPA structs, ipa_sys_desc_size, strings/comments.
drivers/platform/msm/ipa/ipa_v3/ipa_dp.c:1425	desc	BENIGN struct ubuf_info.desc: ZERO ubuf_info accesses in ipa. Hits are IPA-local struct ipa_desc desc, ->desc on IPA structs, ipa_sys_desc_size, strings/comments.
drivers/platform/msm/ipa/ipa_v3/ipa_dp.c:1426	desc	BENIGN struct ubuf_info.desc: ZERO ubuf_info accesses in ipa. Hits are IPA-local struct ipa_desc desc, ->desc on IPA structs, ipa_sys_desc_size, strings/comments.
drivers/platform/msm/ipa/ipa_v3/ipa_dp.c:1427	desc	BENIGN struct ubuf_info.desc: ZERO ubuf_info accesses in ipa. Hits are IPA-local struct ipa_desc desc, ->desc on IPA structs, ipa_sys_desc_size, strings/comments.
drivers/platform/msm/ipa/ipa_v3/ipa_dp.c:1428	desc	BENIGN struct ubuf_info.desc: ZERO ubuf_info accesses in ipa. Hits are IPA-local struct ipa_desc desc, ->desc on IPA structs, ipa_sys_desc_size, strings/comments.
drivers/platform/msm/ipa/ipa_v3/ipa_dp.c:1433	desc	BENIGN struct ubuf_info.desc: ZERO ubuf_info accesses in ipa. Hits are IPA-local struct ipa_desc desc, ->desc on IPA structs, ipa_sys_desc_size, strings/comments.
drivers/platform/msm/ipa/ipa_v3/ipa_dp.c:1434	desc	BENIGN struct ubuf_info.desc: ZERO ubuf_info accesses in ipa. Hits are IPA-local struct ipa_desc desc, ->desc on IPA structs, ipa_sys_desc_size, strings/comments.
drivers/platform/msm/ipa/ipa_v3/ipa_dp.c:1439	desc	BENIGN struct ubuf_info.desc: ZERO ubuf_info accesses in ipa. Hits are IPA-local struct ipa_desc desc, ->desc on IPA structs, ipa_sys_desc_size, strings/comments.
drivers/platform/msm/ipa/ipa_v3/ipa_dp.c:1440	desc	BENIGN struct ubuf_info.desc: ZERO ubuf_info accesses in ipa. Hits are IPA-local struct ipa_desc desc, ->desc on IPA structs, ipa_sys_desc_size, strings/comments.
drivers/platform/msm/ipa/ipa_v3/ipa_dp.c:1441	desc	BENIGN struct ubuf_info.desc: ZERO ubuf_info accesses in ipa. Hits are IPA-local struct ipa_desc desc, ->desc on IPA structs, ipa_sys_desc_size, strings/comments.
drivers/platform/msm/ipa/ipa_v3/ipa_dp.c:1442	desc	BENIGN struct ubuf_info.desc: ZERO ubuf_info accesses in ipa. Hits are IPA-local struct ipa_desc desc, ->desc on IPA structs, ipa_sys_desc_size, strings/comments.
drivers/platform/msm/ipa/ipa_v3/ipa_dp.c:1446	desc	BENIGN struct ubuf_info.desc: ZERO ubuf_info accesses in ipa. Hits are IPA-local struct ipa_desc desc, ->desc on IPA structs, ipa_sys_desc_size, strings/comments.
drivers/platform/msm/ipa/ipa_v3/ipa_dp.c:1447	desc	BENIGN struct ubuf_info.desc: ZERO ubuf_info accesses in ipa. Hits are IPA-local struct ipa_desc desc, ->desc on IPA structs, ipa_sys_desc_size, strings/comments.
drivers/platform/msm/ipa/ipa_v3/ipa_dp.c:1448	desc	BENIGN struct ubuf_info.desc: ZERO ubuf_info accesses in ipa. Hits are IPA-local struct ipa_desc desc, ->desc on IPA structs, ipa_sys_desc_size, strings/comments.
drivers/platform/msm/ipa/ipa_v3/ipa_dp.c:1449	desc	BENIGN struct ubuf_info.desc: ZERO ubuf_info accesses in ipa. Hits are IPA-local struct ipa_desc desc, ->desc on IPA structs, ipa_sys_desc_size, strings/comments.
drivers/platform/msm/ipa/ipa_v3/ipa_dp.c:1452	desc	BENIGN struct ubuf_info.desc: ZERO ubuf_info accesses in ipa. Hits are IPA-local struct ipa_desc desc, ->desc on IPA structs, ipa_sys_desc_size, strings/comments.
drivers/platform/msm/ipa/ipa_v3/ipa_dp.c:1468	desc	BENIGN struct ubuf_info.desc: ZERO ubuf_info accesses in ipa. Hits are IPA-local struct ipa_desc desc, ->desc on IPA structs, ipa_sys_desc_size, strings/comments.
drivers/platform/msm/ipa/ipa_v3/ipa_dp.c:1471	desc	BENIGN struct ubuf_info.desc: ZERO ubuf_info accesses in ipa. Hits are IPA-local struct ipa_desc desc, ->desc on IPA structs, ipa_sys_desc_size, strings/comments.
drivers/platform/msm/ipa/ipa_v3/ipa_dp.c:1472	desc	BENIGN struct ubuf_info.desc: ZERO ubuf_info accesses in ipa. Hits are IPA-local struct ipa_desc desc, ->desc on IPA structs, ipa_sys_desc_size, strings/comments.
drivers/platform/msm/ipa/ipa_v3/ipa_dp.c:1473	desc	BENIGN struct ubuf_info.desc: ZERO ubuf_info accesses in ipa. Hits are IPA-local struct ipa_desc desc, ->desc on IPA structs, ipa_sys_desc_size, strings/comments.
drivers/platform/msm/ipa/ipa_v3/ipa_dp.c:1474	desc	BENIGN struct ubuf_info.desc: ZERO ubuf_info accesses in ipa. Hits are IPA-local struct ipa_desc desc, ->desc on IPA structs, ipa_sys_desc_size, strings/comments.
drivers/platform/msm/ipa/ipa_v3/ipa_dp.c:1475	desc	BENIGN struct ubuf_info.desc: ZERO ubuf_info accesses in ipa. Hits are IPA-local struct ipa_desc desc, ->desc on IPA structs, ipa_sys_desc_size, strings/comments.
drivers/platform/msm/ipa/ipa_v3/ipa_dp.c:1476	desc	BENIGN struct ubuf_info.desc: ZERO ubuf_info accesses in ipa. Hits are IPA-local struct ipa_desc desc, ->desc on IPA structs, ipa_sys_desc_size, strings/comments.
drivers/platform/msm/ipa/ipa_v3/ipa_dp.c:1479	desc	BENIGN struct ubuf_info.desc: ZERO ubuf_info accesses in ipa. Hits are IPA-local struct ipa_desc desc, ->desc on IPA structs, ipa_sys_desc_size, strings/comments.
drivers/platform/msm/ipa/ipa_v3/ipa_dp.c:1480	desc	BENIGN struct ubuf_info.desc: ZERO ubuf_info accesses in ipa. Hits are IPA-local struct ipa_desc desc, ->desc on IPA structs, ipa_sys_desc_size, strings/comments.
drivers/platform/msm/ipa/ipa_v3/ipa_dp.c:1483	desc	BENIGN struct ubuf_info.desc: ZERO ubuf_info accesses in ipa. Hits are IPA-local struct ipa_desc desc, ->desc on IPA structs, ipa_sys_desc_size, strings/comments.
drivers/platform/msm/ipa/ipa_v3/ipa_dp.c:1489	desc	BENIGN struct ubuf_info.desc: ZERO ubuf_info accesses in ipa. Hits are IPA-local struct ipa_desc desc, ->desc on IPA structs, ipa_sys_desc_size, strings/comments.
drivers/platform/msm/ipa/ipa_v3/ipa_dp.c:1491	desc	BENIGN struct ubuf_info.desc: ZERO ubuf_info accesses in ipa. Hits are IPA-local struct ipa_desc desc, ->desc on IPA structs, ipa_sys_desc_size, strings/comments.
drivers/platform/msm/ipa/ipa_v3/ipa_dp.c:1493	desc	BENIGN struct ubuf_info.desc: ZERO ubuf_info accesses in ipa. Hits are IPA-local struct ipa_desc desc, ->desc on IPA structs, ipa_sys_desc_size, strings/comments.
drivers/platform/msm/ipa/ipa_v3/ipa_dp.c:1494	desc	BENIGN struct ubuf_info.desc: ZERO ubuf_info accesses in ipa. Hits are IPA-local struct ipa_desc desc, ->desc on IPA structs, ipa_sys_desc_size, strings/comments.
drivers/platform/msm/ipa/ipa_v3/ipa_dp.c:1497	desc	BENIGN struct ubuf_info.desc: ZERO ubuf_info accesses in ipa. Hits are IPA-local struct ipa_desc desc, ->desc on IPA structs, ipa_sys_desc_size, strings/comments.
drivers/platform/msm/ipa/ipa_v3/ipa_dp.c:1498	desc	BENIGN struct ubuf_info.desc: ZERO ubuf_info accesses in ipa. Hits are IPA-local struct ipa_desc desc, ->desc on IPA structs, ipa_sys_desc_size, strings/comments.
drivers/platform/msm/ipa/ipa_v3/ipa_dp.c:1499	desc	BENIGN struct ubuf_info.desc: ZERO ubuf_info accesses in ipa. Hits are IPA-local struct ipa_desc desc, ->desc on IPA structs, ipa_sys_desc_size, strings/comments.
drivers/platform/msm/ipa/ipa_v3/ipa_dp.c:1500	desc	BENIGN struct ubuf_info.desc: ZERO ubuf_info accesses in ipa. Hits are IPA-local struct ipa_desc desc, ->desc on IPA structs, ipa_sys_desc_size, strings/comments.
drivers/platform/msm/ipa/ipa_v3/ipa_dp.c:1503	desc	BENIGN struct ubuf_info.desc: ZERO ubuf_info accesses in ipa. Hits are IPA-local struct ipa_desc desc, ->desc on IPA structs, ipa_sys_desc_size, strings/comments.
drivers/platform/msm/ipa/ipa_v3/ipa_dp.c:1513	desc	BENIGN struct ubuf_info.desc: ZERO ubuf_info accesses in ipa. Hits are IPA-local struct ipa_desc desc, ->desc on IPA structs, ipa_sys_desc_size, strings/comments.
drivers/platform/msm/ipa/ipa_v3/ipa_dp.c:1522	desc	BENIGN struct ubuf_info.desc: ZERO ubuf_info accesses in ipa. Hits are IPA-local struct ipa_desc desc, ->desc on IPA structs, ipa_sys_desc_size, strings/comments.
drivers/platform/msm/ipa/ipa_v3/ipa_dp.c:261	desc	BENIGN struct ubuf_info.desc: ZERO ubuf_info accesses in ipa. Hits are IPA-local struct ipa_desc desc, ->desc on IPA structs, ipa_sys_desc_size, strings/comments.
drivers/platform/msm/ipa/ipa_v3/ipa_dp.c:267	desc	BENIGN struct ubuf_info.desc: ZERO ubuf_info accesses in ipa. Hits are IPA-local struct ipa_desc desc, ->desc on IPA structs, ipa_sys_desc_size, strings/comments.
drivers/platform/msm/ipa/ipa_v3/ipa_dp.c:276	desc	BENIGN struct ubuf_info.desc: ZERO ubuf_info accesses in ipa. Hits are IPA-local struct ipa_desc desc, ->desc on IPA structs, ipa_sys_desc_size, strings/comments.
drivers/platform/msm/ipa/ipa_v3/ipa_dp.c:3046	desc	BENIGN struct ubuf_info.desc: ZERO ubuf_info accesses in ipa. Hits are IPA-local struct ipa_desc desc, ->desc on IPA structs, ipa_sys_desc_size, strings/comments.
drivers/platform/msm/ipa/ipa_v3/ipa_dp.c:3107	desc	BENIGN struct ubuf_info.desc: ZERO ubuf_info accesses in ipa. Hits are IPA-local struct ipa_desc desc, ->desc on IPA structs, ipa_sys_desc_size, strings/comments.
drivers/platform/msm/ipa/ipa_v3/ipa_dp.c:3111	desc	BENIGN struct ubuf_info.desc: ZERO ubuf_info accesses in ipa. Hits are IPA-local struct ipa_desc desc, ->desc on IPA structs, ipa_sys_desc_size, strings/comments.
drivers/platform/msm/ipa/ipa_v3/ipa_dp.c:3144	desc	BENIGN struct ubuf_info.desc: ZERO ubuf_info accesses in ipa. Hits are IPA-local struct ipa_desc desc, ->desc on IPA structs, ipa_sys_desc_size, strings/comments.
drivers/platform/msm/ipa/ipa_v3/ipa_dp.c:3146	desc	BENIGN struct ubuf_info.desc: ZERO ubuf_info accesses in ipa. Hits are IPA-local struct ipa_desc desc, ->desc on IPA structs, ipa_sys_desc_size, strings/comments.
drivers/platform/msm/ipa/ipa_v3/ipa_dp.c:3152	desc	BENIGN struct ubuf_info.desc: ZERO ubuf_info accesses in ipa. Hits are IPA-local struct ipa_desc desc, ->desc on IPA structs, ipa_sys_desc_size, strings/comments.
drivers/platform/msm/ipa/ipa_v3/ipa_dp.c:3153	desc	BENIGN struct ubuf_info.desc: ZERO ubuf_info accesses in ipa. Hits are IPA-local struct ipa_desc desc, ->desc on IPA structs, ipa_sys_desc_size, strings/comments.
drivers/platform/msm/ipa/ipa_v3/ipa_dp.c:3154	desc	BENIGN struct ubuf_info.desc: ZERO ubuf_info accesses in ipa. Hits are IPA-local struct ipa_desc desc, ->desc on IPA structs, ipa_sys_desc_size, strings/comments.
drivers/platform/msm/ipa/ipa_v3/ipa_dp.c:3155	desc	BENIGN struct ubuf_info.desc: ZERO ubuf_info accesses in ipa. Hits are IPA-local struct ipa_desc desc, ->desc on IPA structs, ipa_sys_desc_size, strings/comments.
drivers/platform/msm/ipa/ipa_v3/ipa_dp.c:3156	desc	BENIGN struct ubuf_info.desc: ZERO ubuf_info accesses in ipa. Hits are IPA-local struct ipa_desc desc, ->desc on IPA structs, ipa_sys_desc_size, strings/comments.
drivers/platform/msm/ipa/ipa_v3/ipa_dp.c:3157	desc	BENIGN struct ubuf_info.desc: ZERO ubuf_info accesses in ipa. Hits are IPA-local struct ipa_desc desc, ->desc on IPA structs, ipa_sys_desc_size, strings/comments.
drivers/platform/msm/ipa/ipa_v3/ipa_dp.c:3159	desc	BENIGN struct ubuf_info.desc: ZERO ubuf_info accesses in ipa. Hits are IPA-local struct ipa_desc desc, ->desc on IPA structs, ipa_sys_desc_size, strings/comments.
drivers/platform/msm/ipa/ipa_v3/ipa_dp.c:3163	desc	BENIGN struct ubuf_info.desc: ZERO ubuf_info accesses in ipa. Hits are IPA-local struct ipa_desc desc, ->desc on IPA structs, ipa_sys_desc_size, strings/comments.
drivers/platform/msm/ipa/ipa_v3/ipa_dp.c:3164	desc	BENIGN struct ubuf_info.desc: ZERO ubuf_info accesses in ipa. Hits are IPA-local struct ipa_desc desc, ->desc on IPA structs, ipa_sys_desc_size, strings/comments.
drivers/platform/msm/ipa/ipa_v3/ipa_dp.c:3166	desc	BENIGN struct ubuf_info.desc: ZERO ubuf_info accesses in ipa. Hits are IPA-local struct ipa_desc desc, ->desc on IPA structs, ipa_sys_desc_size, strings/comments.
drivers/platform/msm/ipa/ipa_v3/ipa_dp.c:3170	desc	BENIGN struct ubuf_info.desc: ZERO ubuf_info accesses in ipa. Hits are IPA-local struct ipa_desc desc, ->desc on IPA structs, ipa_sys_desc_size, strings/comments.
drivers/platform/msm/ipa/ipa_v3/ipa_dp.c:3181	desc	BENIGN struct ubuf_info.desc: ZERO ubuf_info accesses in ipa. Hits are IPA-local struct ipa_desc desc, ->desc on IPA structs, ipa_sys_desc_size, strings/comments.
drivers/platform/msm/ipa/ipa_v3/ipa_dp.c:334	desc	BENIGN struct ubuf_info.desc: ZERO ubuf_info accesses in ipa. Hits are IPA-local struct ipa_desc desc, ->desc on IPA structs, ipa_sys_desc_size, strings/comments.
drivers/platform/msm/ipa/ipa_v3/ipa_dp.c:335	desc	BENIGN struct ubuf_info.desc: ZERO ubuf_info accesses in ipa. Hits are IPA-local struct ipa_desc desc, ->desc on IPA structs, ipa_sys_desc_size, strings/comments.
drivers/platform/msm/ipa/ipa_v3/ipa_dp.c:343	desc	BENIGN struct ubuf_info.desc: ZERO ubuf_info accesses in ipa. Hits are IPA-local struct ipa_desc desc, ->desc on IPA structs, ipa_sys_desc_size, strings/comments.
drivers/platform/msm/ipa/ipa_v3/ipa_dp.c:345	desc	BENIGN struct ubuf_info.desc: ZERO ubuf_info accesses in ipa. Hits are IPA-local struct ipa_desc desc, ->desc on IPA structs, ipa_sys_desc_size, strings/comments.
drivers/platform/msm/ipa/ipa_v3/ipa_dp.c:346	desc	BENIGN struct ubuf_info.desc: ZERO ubuf_info accesses in ipa. Hits are IPA-local struct ipa_desc desc, ->desc on IPA structs, ipa_sys_desc_size, strings/comments.
drivers/platform/msm/ipa/ipa_v3/ipa_dp.c:347	desc	BENIGN struct ubuf_info.desc: ZERO ubuf_info accesses in ipa. Hits are IPA-local struct ipa_desc desc, ->desc on IPA structs, ipa_sys_desc_size, strings/comments.
drivers/platform/msm/ipa/ipa_v3/ipa_dp.c:349	desc	BENIGN struct ubuf_info.desc: ZERO ubuf_info accesses in ipa. Hits are IPA-local struct ipa_desc desc, ->desc on IPA structs, ipa_sys_desc_size, strings/comments.
drivers/platform/msm/ipa/ipa_v3/ipa_dp.c:357	desc	BENIGN struct ubuf_info.desc: ZERO ubuf_info accesses in ipa. Hits are IPA-local struct ipa_desc desc, ->desc on IPA structs, ipa_sys_desc_size, strings/comments.
drivers/platform/msm/ipa/ipa_v3/ipa_dp.c:361	desc	BENIGN struct ubuf_info.desc: ZERO ubuf_info accesses in ipa. Hits are IPA-local struct ipa_desc desc, ->desc on IPA structs, ipa_sys_desc_size, strings/comments.
drivers/platform/msm/ipa/ipa_v3/ipa_dp.c:362	desc	BENIGN struct ubuf_info.desc: ZERO ubuf_info accesses in ipa. Hits are IPA-local struct ipa_desc desc, ->desc on IPA structs, ipa_sys_desc_size, strings/comments.
drivers/platform/msm/ipa/ipa_v3/ipa_dp.c:364	desc	BENIGN struct ubuf_info.desc: ZERO ubuf_info accesses in ipa. Hits are IPA-local struct ipa_desc desc, ->desc on IPA structs, ipa_sys_desc_size, strings/comments.
drivers/platform/msm/ipa/ipa_v3/ipa_dp.c:367	desc	BENIGN struct ubuf_info.desc: ZERO ubuf_info accesses in ipa. Hits are IPA-local struct ipa_desc desc, ->desc on IPA structs, ipa_sys_desc_size, strings/comments.
drivers/platform/msm/ipa/ipa_v3/ipa_dp.c:3684	desc	BENIGN struct ubuf_info.desc: ZERO ubuf_info accesses in ipa. Hits are IPA-local struct ipa_desc desc, ->desc on IPA structs, ipa_sys_desc_size, strings/comments.
drivers/platform/msm/ipa/ipa_v3/ipa_dp.c:372	desc	BENIGN struct ubuf_info.desc: ZERO ubuf_info accesses in ipa. Hits are IPA-local struct ipa_desc desc, ->desc on IPA structs, ipa_sys_desc_size, strings/comments.
drivers/platform/msm/ipa/ipa_v3/ipa_dp.c:3757	desc	BENIGN struct ubuf_info.desc: ZERO ubuf_info accesses in ipa. Hits are IPA-local struct ipa_desc desc, ->desc on IPA structs, ipa_sys_desc_size, strings/comments.
drivers/platform/msm/ipa/ipa_v3/ipa_dp.c:383	desc	BENIGN struct ubuf_info.desc: ZERO ubuf_info accesses in ipa. Hits are IPA-local struct ipa_desc desc, ->desc on IPA structs, ipa_sys_desc_size, strings/comments.
drivers/platform/msm/ipa/ipa_v3/ipa_dp.c:384	desc	BENIGN struct ubuf_info.desc: ZERO ubuf_info accesses in ipa. Hits are IPA-local struct ipa_desc desc, ->desc on IPA structs, ipa_sys_desc_size, strings/comments.
drivers/platform/msm/ipa/ipa_v3/ipa_dp.c:385	desc	BENIGN struct ubuf_info.desc: ZERO ubuf_info accesses in ipa. Hits are IPA-local struct ipa_desc desc, ->desc on IPA structs, ipa_sys_desc_size, strings/comments.
drivers/platform/msm/ipa/ipa_v3/ipa_dp.c:3861	desc	BENIGN struct ubuf_info.desc: ZERO ubuf_info accesses in ipa. Hits are IPA-local struct ipa_desc desc, ->desc on IPA structs, ipa_sys_desc_size, strings/comments.
drivers/platform/msm/ipa/ipa_v3/ipa_dp.c:3869	desc	BENIGN struct ubuf_info.desc: ZERO ubuf_info accesses in ipa. Hits are IPA-local struct ipa_desc desc, ->desc on IPA structs, ipa_sys_desc_size, strings/comments.
drivers/platform/msm/ipa/ipa_v3/ipa_dp.c:3882	desc	BENIGN struct ubuf_info.desc: ZERO ubuf_info accesses in ipa. Hits are IPA-local struct ipa_desc desc, ->desc on IPA structs, ipa_sys_desc_size, strings/comments.
drivers/platform/msm/ipa/ipa_v3/ipa_dp.c:3883	desc	BENIGN struct ubuf_info.desc: ZERO ubuf_info accesses in ipa. Hits are IPA-local struct ipa_desc desc, ->desc on IPA structs, ipa_sys_desc_size, strings/comments.
drivers/platform/msm/ipa/ipa_v3/ipa_dp.c:3884	desc	BENIGN struct ubuf_info.desc: ZERO ubuf_info accesses in ipa. Hits are IPA-local struct ipa_desc desc, ->desc on IPA structs, ipa_sys_desc_size, strings/comments.
drivers/platform/msm/ipa/ipa_v3/ipa_dp.c:3885	desc	BENIGN struct ubuf_info.desc: ZERO ubuf_info accesses in ipa. Hits are IPA-local struct ipa_desc desc, ->desc on IPA structs, ipa_sys_desc_size, strings/comments.
drivers/platform/msm/ipa/ipa_v3/ipa_dp.c:3886	desc	BENIGN struct ubuf_info.desc: ZERO ubuf_info accesses in ipa. Hits are IPA-local struct ipa_desc desc, ->desc on IPA structs, ipa_sys_desc_size, strings/comments.
drivers/platform/msm/ipa/ipa_v3/ipa_dp.c:3887	desc	BENIGN struct ubuf_info.desc: ZERO ubuf_info accesses in ipa. Hits are IPA-local struct ipa_desc desc, ->desc on IPA structs, ipa_sys_desc_size, strings/comments.
drivers/platform/msm/ipa/ipa_v3/ipa_dp.c:395	desc	BENIGN struct ubuf_info.desc: ZERO ubuf_info accesses in ipa. Hits are IPA-local struct ipa_desc desc, ->desc on IPA structs, ipa_sys_desc_size, strings/comments.
drivers/platform/msm/ipa/ipa_v3/ipa_dp.c:396	desc	BENIGN struct ubuf_info.desc: ZERO ubuf_info accesses in ipa. Hits are IPA-local struct ipa_desc desc, ->desc on IPA structs, ipa_sys_desc_size, strings/comments.
drivers/platform/msm/ipa/ipa_v3/ipa_dp.c:400	desc	BENIGN struct ubuf_info.desc: ZERO ubuf_info accesses in ipa. Hits are IPA-local struct ipa_desc desc, ->desc on IPA structs, ipa_sys_desc_size, strings/comments.
drivers/platform/msm/ipa/ipa_v3/ipa_dp.c:461	desc	BENIGN struct ubuf_info.desc: ZERO ubuf_info accesses in ipa. Hits are IPA-local struct ipa_desc desc, ->desc on IPA structs, ipa_sys_desc_size, strings/comments.
drivers/platform/msm/ipa/ipa_v3/ipa_dp.c:485	desc	BENIGN struct ubuf_info.desc: ZERO ubuf_info accesses in ipa. Hits are IPA-local struct ipa_desc desc, ->desc on IPA structs, ipa_sys_desc_size, strings/comments.
drivers/platform/msm/ipa/ipa_v3/ipa_dp.c:495	desc	BENIGN struct ubuf_info.desc: ZERO ubuf_info accesses in ipa. Hits are IPA-local struct ipa_desc desc, ->desc on IPA structs, ipa_sys_desc_size, strings/comments.
drivers/platform/msm/ipa/ipa_v3/ipa_dp.c:498	desc	BENIGN struct ubuf_info.desc: ZERO ubuf_info accesses in ipa. Hits are IPA-local struct ipa_desc desc, ->desc on IPA structs, ipa_sys_desc_size, strings/comments.
drivers/platform/msm/ipa/ipa_v3/ipa_dp.c:512	desc	BENIGN struct ubuf_info.desc: ZERO ubuf_info accesses in ipa. Hits are IPA-local struct ipa_desc desc, ->desc on IPA structs, ipa_sys_desc_size, strings/comments.
drivers/platform/msm/ipa/ipa_v3/ipa_dp.c:514	desc	BENIGN struct ubuf_info.desc: ZERO ubuf_info accesses in ipa. Hits are IPA-local struct ipa_desc desc, ->desc on IPA structs, ipa_sys_desc_size, strings/comments.
drivers/platform/msm/ipa/ipa_v3/ipa_dp.c:515	desc	BENIGN struct ubuf_info.desc: ZERO ubuf_info accesses in ipa. Hits are IPA-local struct ipa_desc desc, ->desc on IPA structs, ipa_sys_desc_size, strings/comments.
drivers/platform/msm/ipa/ipa_v3/ipa_dp.c:519	desc	BENIGN struct ubuf_info.desc: ZERO ubuf_info accesses in ipa. Hits are IPA-local struct ipa_desc desc, ->desc on IPA structs, ipa_sys_desc_size, strings/comments.
drivers/platform/msm/ipa/ipa_v3/ipa_dp.c:520	desc	BENIGN struct ubuf_info.desc: ZERO ubuf_info accesses in ipa. Hits are IPA-local struct ipa_desc desc, ->desc on IPA structs, ipa_sys_desc_size, strings/comments.
drivers/platform/msm/ipa/ipa_v3/ipa_dp.c:549	desc	BENIGN struct ubuf_info.desc: ZERO ubuf_info accesses in ipa. Hits are IPA-local struct ipa_desc desc, ->desc on IPA structs, ipa_sys_desc_size, strings/comments.
drivers/platform/msm/ipa/ipa_v3/ipa_dp.c:559	desc	BENIGN struct ubuf_info.desc: ZERO ubuf_info accesses in ipa. Hits are IPA-local struct ipa_desc desc, ->desc on IPA structs, ipa_sys_desc_size, strings/comments.
drivers/platform/msm/ipa/ipa_v3/ipa_dp.c:592	desc	BENIGN struct ubuf_info.desc: ZERO ubuf_info accesses in ipa. Hits are IPA-local struct ipa_desc desc, ->desc on IPA structs, ipa_sys_desc_size, strings/comments.
drivers/platform/msm/ipa/ipa_v3/ipa_dp.c:593	desc	BENIGN struct ubuf_info.desc: ZERO ubuf_info accesses in ipa. Hits are IPA-local struct ipa_desc desc, ->desc on IPA structs, ipa_sys_desc_size, strings/comments.
drivers/platform/msm/ipa/ipa_v3/ipa_dp.c:595	desc	BENIGN struct ubuf_info.desc: ZERO ubuf_info accesses in ipa. Hits are IPA-local struct ipa_desc desc, ->desc on IPA structs, ipa_sys_desc_size, strings/comments.
drivers/platform/msm/ipa/ipa_v3/ipa_dp.c:598	desc	BENIGN struct ubuf_info.desc: ZERO ubuf_info accesses in ipa. Hits are IPA-local struct ipa_desc desc, ->desc on IPA structs, ipa_sys_desc_size, strings/comments.
drivers/platform/msm/ipa/ipa_v3/ipa_dp.c:599	desc	BENIGN struct ubuf_info.desc: ZERO ubuf_info accesses in ipa. Hits are IPA-local struct ipa_desc desc, ->desc on IPA structs, ipa_sys_desc_size, strings/comments.
drivers/platform/msm/ipa/ipa_v3/ipa_dp.c:605	desc	BENIGN struct ubuf_info.desc: ZERO ubuf_info accesses in ipa. Hits are IPA-local struct ipa_desc desc, ->desc on IPA structs, ipa_sys_desc_size, strings/comments.
drivers/platform/msm/ipa/ipa_v3/ipa_dp.c:616	desc	BENIGN struct ubuf_info.desc: ZERO ubuf_info accesses in ipa. Hits are IPA-local struct ipa_desc desc, ->desc on IPA structs, ipa_sys_desc_size, strings/comments.
drivers/platform/msm/ipa/ipa_v3/ipa_dp.c:627	desc	BENIGN struct ubuf_info.desc: ZERO ubuf_info accesses in ipa. Hits are IPA-local struct ipa_desc desc, ->desc on IPA structs, ipa_sys_desc_size, strings/comments.
drivers/platform/msm/ipa/ipa_v3/ipa_dp.c:669	desc	BENIGN struct ubuf_info.desc: ZERO ubuf_info accesses in ipa. Hits are IPA-local struct ipa_desc desc, ->desc on IPA structs, ipa_sys_desc_size, strings/comments.
drivers/platform/msm/ipa/ipa_v3/ipa_dp.c:671	desc	BENIGN struct ubuf_info.desc: ZERO ubuf_info accesses in ipa. Hits are IPA-local struct ipa_desc desc, ->desc on IPA structs, ipa_sys_desc_size, strings/comments.
drivers/platform/msm/ipa/ipa_v3/ipa_dp.c:674	desc	BENIGN struct ubuf_info.desc: ZERO ubuf_info accesses in ipa. Hits are IPA-local struct ipa_desc desc, ->desc on IPA structs, ipa_sys_desc_size, strings/comments.
drivers/platform/msm/ipa/ipa_v3/ipa_dp.c:675	desc	BENIGN struct ubuf_info.desc: ZERO ubuf_info accesses in ipa. Hits are IPA-local struct ipa_desc desc, ->desc on IPA structs, ipa_sys_desc_size, strings/comments.
drivers/platform/msm/ipa/ipa_v3/ipa_flt.c:391	desc	BENIGN struct ubuf_info.desc: ZERO ubuf_info accesses in ipa. Hits are IPA-local struct ipa_desc desc, ->desc on IPA structs, ipa_sys_desc_size, strings/comments.
drivers/platform/msm/ipa/ipa_v3/ipa_flt.c:397	desc	BENIGN struct ubuf_info.desc: ZERO ubuf_info accesses in ipa. Hits are IPA-local struct ipa_desc desc, ->desc on IPA structs, ipa_sys_desc_size, strings/comments.
drivers/platform/msm/ipa/ipa_v3/ipa_flt.c:399	desc	BENIGN struct ubuf_info.desc: ZERO ubuf_info accesses in ipa. Hits are IPA-local struct ipa_desc desc, ->desc on IPA structs, ipa_sys_desc_size, strings/comments.
drivers/platform/msm/ipa/ipa_v3/ipa_flt.c:400	desc	BENIGN struct ubuf_info.desc: ZERO ubuf_info accesses in ipa. Hits are IPA-local struct ipa_desc desc, ->desc on IPA structs, ipa_sys_desc_size, strings/comments.
drivers/platform/msm/ipa/ipa_v3/ipa_flt.c:401	desc	BENIGN struct ubuf_info.desc: ZERO ubuf_info accesses in ipa. Hits are IPA-local struct ipa_desc desc, ->desc on IPA structs, ipa_sys_desc_size, strings/comments.
drivers/platform/msm/ipa/ipa_v3/ipa_flt.c:414	desc	BENIGN struct ubuf_info.desc: ZERO ubuf_info accesses in ipa. Hits are IPA-local struct ipa_desc desc, ->desc on IPA structs, ipa_sys_desc_size, strings/comments.
drivers/platform/msm/ipa/ipa_v3/ipa_flt.c:460	desc	BENIGN struct ubuf_info.desc: ZERO ubuf_info accesses in ipa. Hits are IPA-local struct ipa_desc desc, ->desc on IPA structs, ipa_sys_desc_size, strings/comments.
drivers/platform/msm/ipa/ipa_v3/ipa_flt.c:554	desc	BENIGN struct ubuf_info.desc: ZERO ubuf_info accesses in ipa. Hits are IPA-local struct ipa_desc desc, ->desc on IPA structs, ipa_sys_desc_size, strings/comments.
drivers/platform/msm/ipa/ipa_v3/ipa_flt.c:578	desc	BENIGN struct ubuf_info.desc: ZERO ubuf_info accesses in ipa. Hits are IPA-local struct ipa_desc desc, ->desc on IPA structs, ipa_sys_desc_size, strings/comments.
drivers/platform/msm/ipa/ipa_v3/ipa_flt.c:619	desc	BENIGN struct ubuf_info.desc: ZERO ubuf_info accesses in ipa. Hits are IPA-local struct ipa_desc desc, ->desc on IPA structs, ipa_sys_desc_size, strings/comments.
drivers/platform/msm/ipa/ipa_v3/ipa_flt.c:638	desc	BENIGN struct ubuf_info.desc: ZERO ubuf_info accesses in ipa. Hits are IPA-local struct ipa_desc desc, ->desc on IPA structs, ipa_sys_desc_size, strings/comments.
drivers/platform/msm/ipa/ipa_v3/ipa_flt.c:666	desc	BENIGN struct ubuf_info.desc: ZERO ubuf_info accesses in ipa. Hits are IPA-local struct ipa_desc desc, ->desc on IPA structs, ipa_sys_desc_size, strings/comments.
drivers/platform/msm/ipa/ipa_v3/ipa_flt.c:691	desc	BENIGN struct ubuf_info.desc: ZERO ubuf_info accesses in ipa. Hits are IPA-local struct ipa_desc desc, ->desc on IPA structs, ipa_sys_desc_size, strings/comments.
drivers/platform/msm/ipa/ipa_v3/ipa_flt.c:695	desc	BENIGN struct ubuf_info.desc: ZERO ubuf_info accesses in ipa. Hits are IPA-local struct ipa_desc desc, ->desc on IPA structs, ipa_sys_desc_size, strings/comments.
drivers/platform/msm/ipa/ipa_v3/ipa_flt.c:730	desc	BENIGN struct ubuf_info.desc: ZERO ubuf_info accesses in ipa. Hits are IPA-local struct ipa_desc desc, ->desc on IPA structs, ipa_sys_desc_size, strings/comments.
drivers/platform/msm/ipa/ipa_v3/ipa_hdr.c:160	desc	BENIGN struct ubuf_info.desc: ZERO ubuf_info accesses in ipa. Hits are IPA-local struct ipa_desc desc, ->desc on IPA structs, ipa_sys_desc_size, strings/comments.
drivers/platform/msm/ipa/ipa_v3/ipa_hdr.c:175	desc	BENIGN struct ubuf_info.desc: ZERO ubuf_info accesses in ipa. Hits are IPA-local struct ipa_desc desc, ->desc on IPA structs, ipa_sys_desc_size, strings/comments.
drivers/platform/msm/ipa/ipa_v3/ipa_hdr.c:226	desc	BENIGN struct ubuf_info.desc: ZERO ubuf_info accesses in ipa. Hits are IPA-local struct ipa_desc desc, ->desc on IPA structs, ipa_sys_desc_size, strings/comments.
drivers/platform/msm/ipa/ipa_v3/ipa_hdr.c:280	desc	BENIGN struct ubuf_info.desc: ZERO ubuf_info accesses in ipa. Hits are IPA-local struct ipa_desc desc, ->desc on IPA structs, ipa_sys_desc_size, strings/comments.
drivers/platform/msm/ipa/ipa_v3/ipa_hdr.c:283	desc	BENIGN struct ubuf_info.desc: ZERO ubuf_info accesses in ipa. Hits are IPA-local struct ipa_desc desc, ->desc on IPA structs, ipa_sys_desc_size, strings/comments.
drivers/platform/msm/ipa/ipa_v3/ipa_hw_stats.c:1000	desc	BENIGN struct ubuf_info.desc: ZERO ubuf_info accesses in ipa. Hits are IPA-local struct ipa_desc desc, ->desc on IPA structs, ipa_sys_desc_size, strings/comments.
drivers/platform/msm/ipa/ipa_v3/ipa_hw_stats.c:1001	desc	BENIGN struct ubuf_info.desc: ZERO ubuf_info accesses in ipa. Hits are IPA-local struct ipa_desc desc, ->desc on IPA structs, ipa_sys_desc_size, strings/comments.
drivers/platform/msm/ipa/ipa_v3/ipa_hw_stats.c:1002	desc	BENIGN struct ubuf_info.desc: ZERO ubuf_info accesses in ipa. Hits are IPA-local struct ipa_desc desc, ->desc on IPA structs, ipa_sys_desc_size, strings/comments.
drivers/platform/msm/ipa/ipa_v3/ipa_hw_stats.c:1004	desc	BENIGN struct ubuf_info.desc: ZERO ubuf_info accesses in ipa. Hits are IPA-local struct ipa_desc desc, ->desc on IPA structs, ipa_sys_desc_size, strings/comments.
drivers/platform/msm/ipa/ipa_v3/ipa_hw_stats.c:1066	desc	BENIGN struct ubuf_info.desc: ZERO ubuf_info accesses in ipa. Hits are IPA-local struct ipa_desc desc, ->desc on IPA structs, ipa_sys_desc_size, strings/comments.
drivers/platform/msm/ipa/ipa_v3/ipa_hw_stats.c:1138	desc	BENIGN struct ubuf_info.desc: ZERO ubuf_info accesses in ipa. Hits are IPA-local struct ipa_desc desc, ->desc on IPA structs, ipa_sys_desc_size, strings/comments.
drivers/platform/msm/ipa/ipa_v3/ipa_hw_stats.c:1139	desc	BENIGN struct ubuf_info.desc: ZERO ubuf_info accesses in ipa. Hits are IPA-local struct ipa_desc desc, ->desc on IPA structs, ipa_sys_desc_size, strings/comments.
drivers/platform/msm/ipa/ipa_v3/ipa_hw_stats.c:1140	desc	BENIGN struct ubuf_info.desc: ZERO ubuf_info accesses in ipa. Hits are IPA-local struct ipa_desc desc, ->desc on IPA structs, ipa_sys_desc_size, strings/comments.
drivers/platform/msm/ipa/ipa_v3/ipa_hw_stats.c:1141	desc	BENIGN struct ubuf_info.desc: ZERO ubuf_info accesses in ipa. Hits are IPA-local struct ipa_desc desc, ->desc on IPA structs, ipa_sys_desc_size, strings/comments.
drivers/platform/msm/ipa/ipa_v3/ipa_hw_stats.c:1143	desc	BENIGN struct ubuf_info.desc: ZERO ubuf_info accesses in ipa. Hits are IPA-local struct ipa_desc desc, ->desc on IPA structs, ipa_sys_desc_size, strings/comments.
drivers/platform/msm/ipa/ipa_v3/ipa_hw_stats.c:1243	desc	BENIGN struct ubuf_info.desc: ZERO ubuf_info accesses in ipa. Hits are IPA-local struct ipa_desc desc, ->desc on IPA structs, ipa_sys_desc_size, strings/comments.
drivers/platform/msm/ipa/ipa_v3/ipa_hw_stats.c:1293	desc	BENIGN struct ubuf_info.desc: ZERO ubuf_info accesses in ipa. Hits are IPA-local struct ipa_desc desc, ->desc on IPA structs, ipa_sys_desc_size, strings/comments.
drivers/platform/msm/ipa/ipa_v3/ipa_hw_stats.c:1294	desc	BENIGN struct ubuf_info.desc: ZERO ubuf_info accesses in ipa. Hits are IPA-local struct ipa_desc desc, ->desc on IPA structs, ipa_sys_desc_size, strings/comments.
drivers/platform/msm/ipa/ipa_v3/ipa_hw_stats.c:1295	desc	BENIGN struct ubuf_info.desc: ZERO ubuf_info accesses in ipa. Hits are IPA-local struct ipa_desc desc, ->desc on IPA structs, ipa_sys_desc_size, strings/comments.
drivers/platform/msm/ipa/ipa_v3/ipa_hw_stats.c:1296	desc	BENIGN struct ubuf_info.desc: ZERO ubuf_info accesses in ipa. Hits are IPA-local struct ipa_desc desc, ->desc on IPA structs, ipa_sys_desc_size, strings/comments.
drivers/platform/msm/ipa/ipa_v3/ipa_hw_stats.c:1312	desc	BENIGN struct ubuf_info.desc: ZERO ubuf_info accesses in ipa. Hits are IPA-local struct ipa_desc desc, ->desc on IPA structs, ipa_sys_desc_size, strings/comments.
drivers/platform/msm/ipa/ipa_v3/ipa_hw_stats.c:1313	desc	BENIGN struct ubuf_info.desc: ZERO ubuf_info accesses in ipa. Hits are IPA-local struct ipa_desc desc, ->desc on IPA structs, ipa_sys_desc_size, strings/comments.
drivers/platform/msm/ipa/ipa_v3/ipa_hw_stats.c:1314	desc	BENIGN struct ubuf_info.desc: ZERO ubuf_info accesses in ipa. Hits are IPA-local struct ipa_desc desc, ->desc on IPA structs, ipa_sys_desc_size, strings/comments.
drivers/platform/msm/ipa/ipa_v3/ipa_hw_stats.c:1315	desc	BENIGN struct ubuf_info.desc: ZERO ubuf_info accesses in ipa. Hits are IPA-local struct ipa_desc desc, ->desc on IPA structs, ipa_sys_desc_size, strings/comments.
drivers/platform/msm/ipa/ipa_v3/ipa_hw_stats.c:1331	desc	BENIGN struct ubuf_info.desc: ZERO ubuf_info accesses in ipa. Hits are IPA-local struct ipa_desc desc, ->desc on IPA structs, ipa_sys_desc_size, strings/comments.
drivers/platform/msm/ipa/ipa_v3/ipa_hw_stats.c:1332	desc	BENIGN struct ubuf_info.desc: ZERO ubuf_info accesses in ipa. Hits are IPA-local struct ipa_desc desc, ->desc on IPA structs, ipa_sys_desc_size, strings/comments.
drivers/platform/msm/ipa/ipa_v3/ipa_hw_stats.c:1333	desc	BENIGN struct ubuf_info.desc: ZERO ubuf_info accesses in ipa. Hits are IPA-local struct ipa_desc desc, ->desc on IPA structs, ipa_sys_desc_size, strings/comments.
drivers/platform/msm/ipa/ipa_v3/ipa_hw_stats.c:1334	desc	BENIGN struct ubuf_info.desc: ZERO ubuf_info accesses in ipa. Hits are IPA-local struct ipa_desc desc, ->desc on IPA structs, ipa_sys_desc_size, strings/comments.
drivers/platform/msm/ipa/ipa_v3/ipa_hw_stats.c:1336	desc	BENIGN struct ubuf_info.desc: ZERO ubuf_info accesses in ipa. Hits are IPA-local struct ipa_desc desc, ->desc on IPA structs, ipa_sys_desc_size, strings/comments.
drivers/platform/msm/ipa/ipa_v3/ipa_hw_stats.c:1366	desc	BENIGN struct ubuf_info.desc: ZERO ubuf_info accesses in ipa. Hits are IPA-local struct ipa_desc desc, ->desc on IPA structs, ipa_sys_desc_size, strings/comments.
drivers/platform/msm/ipa/ipa_v3/ipa_hw_stats.c:1410	desc	BENIGN struct ubuf_info.desc: ZERO ubuf_info accesses in ipa. Hits are IPA-local struct ipa_desc desc, ->desc on IPA structs, ipa_sys_desc_size, strings/comments.
drivers/platform/msm/ipa/ipa_v3/ipa_hw_stats.c:1411	desc	BENIGN struct ubuf_info.desc: ZERO ubuf_info accesses in ipa. Hits are IPA-local struct ipa_desc desc, ->desc on IPA structs, ipa_sys_desc_size, strings/comments.
drivers/platform/msm/ipa/ipa_v3/ipa_hw_stats.c:1412	desc	BENIGN struct ubuf_info.desc: ZERO ubuf_info accesses in ipa. Hits are IPA-local struct ipa_desc desc, ->desc on IPA structs, ipa_sys_desc_size, strings/comments.
drivers/platform/msm/ipa/ipa_v3/ipa_hw_stats.c:1413	desc	BENIGN struct ubuf_info.desc: ZERO ubuf_info accesses in ipa. Hits are IPA-local struct ipa_desc desc, ->desc on IPA structs, ipa_sys_desc_size, strings/comments.
drivers/platform/msm/ipa/ipa_v3/ipa_hw_stats.c:1415	desc	BENIGN struct ubuf_info.desc: ZERO ubuf_info accesses in ipa. Hits are IPA-local struct ipa_desc desc, ->desc on IPA structs, ipa_sys_desc_size, strings/comments.
drivers/platform/msm/ipa/ipa_v3/ipa_hw_stats.c:145	desc	BENIGN struct ubuf_info.desc: ZERO ubuf_info accesses in ipa. Hits are IPA-local struct ipa_desc desc, ->desc on IPA structs, ipa_sys_desc_size, strings/comments.
drivers/platform/msm/ipa/ipa_v3/ipa_hw_stats.c:146	desc	BENIGN struct ubuf_info.desc: ZERO ubuf_info accesses in ipa. Hits are IPA-local struct ipa_desc desc, ->desc on IPA structs, ipa_sys_desc_size, strings/comments.
drivers/platform/msm/ipa/ipa_v3/ipa_hw_stats.c:147	desc	BENIGN struct ubuf_info.desc: ZERO ubuf_info accesses in ipa. Hits are IPA-local struct ipa_desc desc, ->desc on IPA structs, ipa_sys_desc_size, strings/comments.
drivers/platform/msm/ipa/ipa_v3/ipa_hw_stats.c:148	desc	BENIGN struct ubuf_info.desc: ZERO ubuf_info accesses in ipa. Hits are IPA-local struct ipa_desc desc, ->desc on IPA structs, ipa_sys_desc_size, strings/comments.
drivers/platform/msm/ipa/ipa_v3/ipa_hw_stats.c:164	desc	BENIGN struct ubuf_info.desc: ZERO ubuf_info accesses in ipa. Hits are IPA-local struct ipa_desc desc, ->desc on IPA structs, ipa_sys_desc_size, strings/comments.
drivers/platform/msm/ipa/ipa_v3/ipa_hw_stats.c:165	desc	BENIGN struct ubuf_info.desc: ZERO ubuf_info accesses in ipa. Hits are IPA-local struct ipa_desc desc, ->desc on IPA structs, ipa_sys_desc_size, strings/comments.
drivers/platform/msm/ipa/ipa_v3/ipa_hw_stats.c:166	desc	BENIGN struct ubuf_info.desc: ZERO ubuf_info accesses in ipa. Hits are IPA-local struct ipa_desc desc, ->desc on IPA structs, ipa_sys_desc_size, strings/comments.
drivers/platform/msm/ipa/ipa_v3/ipa_hw_stats.c:167	desc	BENIGN struct ubuf_info.desc: ZERO ubuf_info accesses in ipa. Hits are IPA-local struct ipa_desc desc, ->desc on IPA structs, ipa_sys_desc_size, strings/comments.
drivers/platform/msm/ipa/ipa_v3/ipa_hw_stats.c:183	desc	BENIGN struct ubuf_info.desc: ZERO ubuf_info accesses in ipa. Hits are IPA-local struct ipa_desc desc, ->desc on IPA structs, ipa_sys_desc_size, strings/comments.
drivers/platform/msm/ipa/ipa_v3/ipa_hw_stats.c:184	desc	BENIGN struct ubuf_info.desc: ZERO ubuf_info accesses in ipa. Hits are IPA-local struct ipa_desc desc, ->desc on IPA structs, ipa_sys_desc_size, strings/comments.
drivers/platform/msm/ipa/ipa_v3/ipa_hw_stats.c:185	desc	BENIGN struct ubuf_info.desc: ZERO ubuf_info accesses in ipa. Hits are IPA-local struct ipa_desc desc, ->desc on IPA structs, ipa_sys_desc_size, strings/comments.
drivers/platform/msm/ipa/ipa_v3/ipa_hw_stats.c:186	desc	BENIGN struct ubuf_info.desc: ZERO ubuf_info accesses in ipa. Hits are IPA-local struct ipa_desc desc, ->desc on IPA structs, ipa_sys_desc_size, strings/comments.
drivers/platform/msm/ipa/ipa_v3/ipa_hw_stats.c:188	desc	BENIGN struct ubuf_info.desc: ZERO ubuf_info accesses in ipa. Hits are IPA-local struct ipa_desc desc, ->desc on IPA structs, ipa_sys_desc_size, strings/comments.
drivers/platform/msm/ipa/ipa_v3/ipa_hw_stats.c:218	desc	BENIGN struct ubuf_info.desc: ZERO ubuf_info accesses in ipa. Hits are IPA-local struct ipa_desc desc, ->desc on IPA structs, ipa_sys_desc_size, strings/comments.
drivers/platform/msm/ipa/ipa_v3/ipa_hw_stats.c:262	desc	BENIGN struct ubuf_info.desc: ZERO ubuf_info accesses in ipa. Hits are IPA-local struct ipa_desc desc, ->desc on IPA structs, ipa_sys_desc_size, strings/comments.
drivers/platform/msm/ipa/ipa_v3/ipa_hw_stats.c:263	desc	BENIGN struct ubuf_info.desc: ZERO ubuf_info accesses in ipa. Hits are IPA-local struct ipa_desc desc, ->desc on IPA structs, ipa_sys_desc_size, strings/comments.
drivers/platform/msm/ipa/ipa_v3/ipa_hw_stats.c:264	desc	BENIGN struct ubuf_info.desc: ZERO ubuf_info accesses in ipa. Hits are IPA-local struct ipa_desc desc, ->desc on IPA structs, ipa_sys_desc_size, strings/comments.
drivers/platform/msm/ipa/ipa_v3/ipa_hw_stats.c:265	desc	BENIGN struct ubuf_info.desc: ZERO ubuf_info accesses in ipa. Hits are IPA-local struct ipa_desc desc, ->desc on IPA structs, ipa_sys_desc_size, strings/comments.
drivers/platform/msm/ipa/ipa_v3/ipa_hw_stats.c:267	desc	BENIGN struct ubuf_info.desc: ZERO ubuf_info accesses in ipa. Hits are IPA-local struct ipa_desc desc, ->desc on IPA structs, ipa_sys_desc_size, strings/comments.
drivers/platform/msm/ipa/ipa_v3/ipa_hw_stats.c:381	desc	BENIGN struct ubuf_info.desc: ZERO ubuf_info accesses in ipa. Hits are IPA-local struct ipa_desc desc, ->desc on IPA structs, ipa_sys_desc_size, strings/comments.
drivers/platform/msm/ipa/ipa_v3/ipa_hw_stats.c:454	desc	BENIGN struct ubuf_info.desc: ZERO ubuf_info accesses in ipa. Hits are IPA-local struct ipa_desc desc, ->desc on IPA structs, ipa_sys_desc_size, strings/comments.
drivers/platform/msm/ipa/ipa_v3/ipa_hw_stats.c:455	desc	BENIGN struct ubuf_info.desc: ZERO ubuf_info accesses in ipa. Hits are IPA-local struct ipa_desc desc, ->desc on IPA structs, ipa_sys_desc_size, strings/comments.
drivers/platform/msm/ipa/ipa_v3/ipa_hw_stats.c:456	desc	BENIGN struct ubuf_info.desc: ZERO ubuf_info accesses in ipa. Hits are IPA-local struct ipa_desc desc, ->desc on IPA structs, ipa_sys_desc_size, strings/comments.
drivers/platform/msm/ipa/ipa_v3/ipa_hw_stats.c:457	desc	BENIGN struct ubuf_info.desc: ZERO ubuf_info accesses in ipa. Hits are IPA-local struct ipa_desc desc, ->desc on IPA structs, ipa_sys_desc_size, strings/comments.
drivers/platform/msm/ipa/ipa_v3/ipa_hw_stats.c:473	desc	BENIGN struct ubuf_info.desc: ZERO ubuf_info accesses in ipa. Hits are IPA-local struct ipa_desc desc, ->desc on IPA structs, ipa_sys_desc_size, strings/comments.
drivers/platform/msm/ipa/ipa_v3/ipa_hw_stats.c:474	desc	BENIGN struct ubuf_info.desc: ZERO ubuf_info accesses in ipa. Hits are IPA-local struct ipa_desc desc, ->desc on IPA structs, ipa_sys_desc_size, strings/comments.
drivers/platform/msm/ipa/ipa_v3/ipa_hw_stats.c:475	desc	BENIGN struct ubuf_info.desc: ZERO ubuf_info accesses in ipa. Hits are IPA-local struct ipa_desc desc, ->desc on IPA structs, ipa_sys_desc_size, strings/comments.
drivers/platform/msm/ipa/ipa_v3/ipa_hw_stats.c:476	desc	BENIGN struct ubuf_info.desc: ZERO ubuf_info accesses in ipa. Hits are IPA-local struct ipa_desc desc, ->desc on IPA structs, ipa_sys_desc_size, strings/comments.
drivers/platform/msm/ipa/ipa_v3/ipa_hw_stats.c:492	desc	BENIGN struct ubuf_info.desc: ZERO ubuf_info accesses in ipa. Hits are IPA-local struct ipa_desc desc, ->desc on IPA structs, ipa_sys_desc_size, strings/comments.
drivers/platform/msm/ipa/ipa_v3/ipa_hw_stats.c:493	desc	BENIGN struct ubuf_info.desc: ZERO ubuf_info accesses in ipa. Hits are IPA-local struct ipa_desc desc, ->desc on IPA structs, ipa_sys_desc_size, strings/comments.
drivers/platform/msm/ipa/ipa_v3/ipa_hw_stats.c:494	desc	BENIGN struct ubuf_info.desc: ZERO ubuf_info accesses in ipa. Hits are IPA-local struct ipa_desc desc, ->desc on IPA structs, ipa_sys_desc_size, strings/comments.
drivers/platform/msm/ipa/ipa_v3/ipa_hw_stats.c:495	desc	BENIGN struct ubuf_info.desc: ZERO ubuf_info accesses in ipa. Hits are IPA-local struct ipa_desc desc, ->desc on IPA structs, ipa_sys_desc_size, strings/comments.
drivers/platform/msm/ipa/ipa_v3/ipa_hw_stats.c:497	desc	BENIGN struct ubuf_info.desc: ZERO ubuf_info accesses in ipa. Hits are IPA-local struct ipa_desc desc, ->desc on IPA structs, ipa_sys_desc_size, strings/comments.
drivers/platform/msm/ipa/ipa_v3/ipa_hw_stats.c:527	desc	BENIGN struct ubuf_info.desc: ZERO ubuf_info accesses in ipa. Hits are IPA-local struct ipa_desc desc, ->desc on IPA structs, ipa_sys_desc_size, strings/comments.
drivers/platform/msm/ipa/ipa_v3/ipa_hw_stats.c:575	desc	BENIGN struct ubuf_info.desc: ZERO ubuf_info accesses in ipa. Hits are IPA-local struct ipa_desc desc, ->desc on IPA structs, ipa_sys_desc_size, strings/comments.
drivers/platform/msm/ipa/ipa_v3/ipa_hw_stats.c:576	desc	BENIGN struct ubuf_info.desc: ZERO ubuf_info accesses in ipa. Hits are IPA-local struct ipa_desc desc, ->desc on IPA structs, ipa_sys_desc_size, strings/comments.
drivers/platform/msm/ipa/ipa_v3/ipa_hw_stats.c:577	desc	BENIGN struct ubuf_info.desc: ZERO ubuf_info accesses in ipa. Hits are IPA-local struct ipa_desc desc, ->desc on IPA structs, ipa_sys_desc_size, strings/comments.
drivers/platform/msm/ipa/ipa_v3/ipa_hw_stats.c:578	desc	BENIGN struct ubuf_info.desc: ZERO ubuf_info accesses in ipa. Hits are IPA-local struct ipa_desc desc, ->desc on IPA structs, ipa_sys_desc_size, strings/comments.
drivers/platform/msm/ipa/ipa_v3/ipa_hw_stats.c:580	desc	BENIGN struct ubuf_info.desc: ZERO ubuf_info accesses in ipa. Hits are IPA-local struct ipa_desc desc, ->desc on IPA structs, ipa_sys_desc_size, strings/comments.
drivers/platform/msm/ipa/ipa_v3/ipa_hw_stats.c:848	desc	BENIGN struct ubuf_info.desc: ZERO ubuf_info accesses in ipa. Hits are IPA-local struct ipa_desc desc, ->desc on IPA structs, ipa_sys_desc_size, strings/comments.
drivers/platform/msm/ipa/ipa_v3/ipa_hw_stats.c:945	desc	BENIGN struct ubuf_info.desc: ZERO ubuf_info accesses in ipa. Hits are IPA-local struct ipa_desc desc, ->desc on IPA structs, ipa_sys_desc_size, strings/comments.
drivers/platform/msm/ipa/ipa_v3/ipa_hw_stats.c:946	desc	BENIGN struct ubuf_info.desc: ZERO ubuf_info accesses in ipa. Hits are IPA-local struct ipa_desc desc, ->desc on IPA structs, ipa_sys_desc_size, strings/comments.
drivers/platform/msm/ipa/ipa_v3/ipa_hw_stats.c:947	desc	BENIGN struct ubuf_info.desc: ZERO ubuf_info accesses in ipa. Hits are IPA-local struct ipa_desc desc, ->desc on IPA structs, ipa_sys_desc_size, strings/comments.
drivers/platform/msm/ipa/ipa_v3/ipa_hw_stats.c:948	desc	BENIGN struct ubuf_info.desc: ZERO ubuf_info accesses in ipa. Hits are IPA-local struct ipa_desc desc, ->desc on IPA structs, ipa_sys_desc_size, strings/comments.
drivers/platform/msm/ipa/ipa_v3/ipa_hw_stats.c:95	desc	BENIGN struct ubuf_info.desc: ZERO ubuf_info accesses in ipa. Hits are IPA-local struct ipa_desc desc, ->desc on IPA structs, ipa_sys_desc_size, strings/comments.
drivers/platform/msm/ipa/ipa_v3/ipa_hw_stats.c:962	desc	BENIGN struct ubuf_info.desc: ZERO ubuf_info accesses in ipa. Hits are IPA-local struct ipa_desc desc, ->desc on IPA structs, ipa_sys_desc_size, strings/comments.
drivers/platform/msm/ipa/ipa_v3/ipa_hw_stats.c:963	desc	BENIGN struct ubuf_info.desc: ZERO ubuf_info accesses in ipa. Hits are IPA-local struct ipa_desc desc, ->desc on IPA structs, ipa_sys_desc_size, strings/comments.
drivers/platform/msm/ipa/ipa_v3/ipa_hw_stats.c:964	desc	BENIGN struct ubuf_info.desc: ZERO ubuf_info accesses in ipa. Hits are IPA-local struct ipa_desc desc, ->desc on IPA structs, ipa_sys_desc_size, strings/comments.
drivers/platform/msm/ipa/ipa_v3/ipa_hw_stats.c:965	desc	BENIGN struct ubuf_info.desc: ZERO ubuf_info accesses in ipa. Hits are IPA-local struct ipa_desc desc, ->desc on IPA structs, ipa_sys_desc_size, strings/comments.
drivers/platform/msm/ipa/ipa_v3/ipa_hw_stats.c:980	desc	BENIGN struct ubuf_info.desc: ZERO ubuf_info accesses in ipa. Hits are IPA-local struct ipa_desc desc, ->desc on IPA structs, ipa_sys_desc_size, strings/comments.
drivers/platform/msm/ipa/ipa_v3/ipa_hw_stats.c:981	desc	BENIGN struct ubuf_info.desc: ZERO ubuf_info accesses in ipa. Hits are IPA-local struct ipa_desc desc, ->desc on IPA structs, ipa_sys_desc_size, strings/comments.
drivers/platform/msm/ipa/ipa_v3/ipa_hw_stats.c:982	desc	BENIGN struct ubuf_info.desc: ZERO ubuf_info accesses in ipa. Hits are IPA-local struct ipa_desc desc, ->desc on IPA structs, ipa_sys_desc_size, strings/comments.
drivers/platform/msm/ipa/ipa_v3/ipa_hw_stats.c:983	desc	BENIGN struct ubuf_info.desc: ZERO ubuf_info accesses in ipa. Hits are IPA-local struct ipa_desc desc, ->desc on IPA structs, ipa_sys_desc_size, strings/comments.
drivers/platform/msm/ipa/ipa_v3/ipa_hw_stats.c:999	desc	BENIGN struct ubuf_info.desc: ZERO ubuf_info accesses in ipa. Hits are IPA-local struct ipa_desc desc, ->desc on IPA structs, ipa_sys_desc_size, strings/comments.
drivers/platform/msm/ipa/ipa_v3/ipa_i.h:2328	desc	BENIGN struct ubuf_info.desc: ZERO ubuf_info accesses in ipa. Hits are IPA-local struct ipa_desc desc, ->desc on IPA structs, ipa_sys_desc_size, strings/comments.
drivers/platform/msm/ipa/ipa_v3/ipa_i.h:2332	desc	BENIGN struct ubuf_info.desc: ZERO ubuf_info accesses in ipa. Hits are IPA-local struct ipa_desc desc, ->desc on IPA structs, ipa_sys_desc_size, strings/comments.
drivers/platform/msm/ipa/ipa_v3/ipa_i.h:2447	desc	BENIGN struct ubuf_info.desc: ZERO ubuf_info accesses in ipa. Hits are IPA-local struct ipa_desc desc, ->desc on IPA structs, ipa_sys_desc_size, strings/comments.
drivers/platform/msm/ipa/ipa_v3/ipa_i.h:2620	desc	BENIGN struct ubuf_info.desc: ZERO ubuf_info accesses in ipa. Hits are IPA-local struct ipa_desc desc, ->desc on IPA structs, ipa_sys_desc_size, strings/comments.
drivers/platform/msm/ipa/ipa_v3/ipa_i.h:906	desc	BENIGN struct ubuf_info.desc: ZERO ubuf_info accesses in ipa. Hits are IPA-local struct ipa_desc desc, ->desc on IPA structs, ipa_sys_desc_size, strings/comments.
drivers/platform/msm/ipa/ipa_v3/ipa_nat.c:1101	desc	BENIGN struct ubuf_info.desc: ZERO ubuf_info accesses in ipa. Hits are IPA-local struct ipa_desc desc, ->desc on IPA structs, ipa_sys_desc_size, strings/comments.
drivers/platform/msm/ipa/ipa_v3/ipa_nat.c:1155	desc	BENIGN struct ubuf_info.desc: ZERO ubuf_info accesses in ipa. Hits are IPA-local struct ipa_desc desc, ->desc on IPA structs, ipa_sys_desc_size, strings/comments.
drivers/platform/msm/ipa/ipa_v3/ipa_nat.c:1158	desc	BENIGN struct ubuf_info.desc: ZERO ubuf_info accesses in ipa. Hits are IPA-local struct ipa_desc desc, ->desc on IPA structs, ipa_sys_desc_size, strings/comments.
drivers/platform/msm/ipa/ipa_v3/ipa_nat.c:1283	desc	BENIGN struct ubuf_info.desc: ZERO ubuf_info accesses in ipa. Hits are IPA-local struct ipa_desc desc, ->desc on IPA structs, ipa_sys_desc_size, strings/comments.
drivers/platform/msm/ipa/ipa_v3/ipa_nat.c:1318	desc	BENIGN struct ubuf_info.desc: ZERO ubuf_info accesses in ipa. Hits are IPA-local struct ipa_desc desc, ->desc on IPA structs, ipa_sys_desc_size, strings/comments.
drivers/platform/msm/ipa/ipa_v3/ipa_nat.c:1337	desc	BENIGN struct ubuf_info.desc: ZERO ubuf_info accesses in ipa. Hits are IPA-local struct ipa_desc desc, ->desc on IPA structs, ipa_sys_desc_size, strings/comments.
drivers/platform/msm/ipa/ipa_v3/ipa_nat.c:1340	desc	BENIGN struct ubuf_info.desc: ZERO ubuf_info accesses in ipa. Hits are IPA-local struct ipa_desc desc, ->desc on IPA structs, ipa_sys_desc_size, strings/comments.
drivers/platform/msm/ipa/ipa_v3/ipa_nat.c:723	desc	BENIGN struct ubuf_info.desc: ZERO ubuf_info accesses in ipa. Hits are IPA-local struct ipa_desc desc, ->desc on IPA structs, ipa_sys_desc_size, strings/comments.
drivers/platform/msm/ipa/ipa_v3/ipa_nat.c:737	desc	BENIGN struct ubuf_info.desc: ZERO ubuf_info accesses in ipa. Hits are IPA-local struct ipa_desc desc, ->desc on IPA structs, ipa_sys_desc_size, strings/comments.
drivers/platform/msm/ipa/ipa_v3/ipa_nat.c:748	desc	BENIGN struct ubuf_info.desc: ZERO ubuf_info accesses in ipa. Hits are IPA-local struct ipa_desc desc, ->desc on IPA structs, ipa_sys_desc_size, strings/comments.
drivers/platform/msm/ipa/ipa_v3/ipa_nat.c:770	desc	BENIGN struct ubuf_info.desc: ZERO ubuf_info accesses in ipa. Hits are IPA-local struct ipa_desc desc, ->desc on IPA structs, ipa_sys_desc_size, strings/comments.
drivers/platform/msm/ipa/ipa_v3/ipa_nat.c:775	desc	BENIGN struct ubuf_info.desc: ZERO ubuf_info accesses in ipa. Hits are IPA-local struct ipa_desc desc, ->desc on IPA structs, ipa_sys_desc_size, strings/comments.
drivers/platform/msm/ipa/ipa_v3/ipa_nat.c:792	desc	BENIGN struct ubuf_info.desc: ZERO ubuf_info accesses in ipa. Hits are IPA-local struct ipa_desc desc, ->desc on IPA structs, ipa_sys_desc_size, strings/comments.
drivers/platform/msm/ipa/ipa_v3/ipa_nat.c:807	desc	BENIGN struct ubuf_info.desc: ZERO ubuf_info accesses in ipa. Hits are IPA-local struct ipa_desc desc, ->desc on IPA structs, ipa_sys_desc_size, strings/comments.
drivers/platform/msm/ipa/ipa_v3/ipa_nat.c:824	desc	BENIGN struct ubuf_info.desc: ZERO ubuf_info accesses in ipa. Hits are IPA-local struct ipa_desc desc, ->desc on IPA structs, ipa_sys_desc_size, strings/comments.
drivers/platform/msm/ipa/ipa_v3/ipa_nat.c:827	desc	BENIGN struct ubuf_info.desc: ZERO ubuf_info accesses in ipa. Hits are IPA-local struct ipa_desc desc, ->desc on IPA structs, ipa_sys_desc_size, strings/comments.
drivers/platform/msm/ipa/ipa_v3/ipa_rt.c:461	desc	BENIGN struct ubuf_info.desc: ZERO ubuf_info accesses in ipa. Hits are IPA-local struct ipa_desc desc, ->desc on IPA structs, ipa_sys_desc_size, strings/comments.
drivers/platform/msm/ipa/ipa_v3/ipa_rt.c:481	desc	BENIGN struct ubuf_info.desc: ZERO ubuf_info accesses in ipa. Hits are IPA-local struct ipa_desc desc, ->desc on IPA structs, ipa_sys_desc_size, strings/comments.
drivers/platform/msm/ipa/ipa_v3/ipa_rt.c:587	desc	BENIGN struct ubuf_info.desc: ZERO ubuf_info accesses in ipa. Hits are IPA-local struct ipa_desc desc, ->desc on IPA structs, ipa_sys_desc_size, strings/comments.
drivers/platform/msm/ipa/ipa_v3/ipa_rt.c:602	desc	BENIGN struct ubuf_info.desc: ZERO ubuf_info accesses in ipa. Hits are IPA-local struct ipa_desc desc, ->desc on IPA structs, ipa_sys_desc_size, strings/comments.
drivers/platform/msm/ipa/ipa_v3/ipa_rt.c:617	desc	BENIGN struct ubuf_info.desc: ZERO ubuf_info accesses in ipa. Hits are IPA-local struct ipa_desc desc, ->desc on IPA structs, ipa_sys_desc_size, strings/comments.
drivers/platform/msm/ipa/ipa_v3/ipa_rt.c:641	desc	BENIGN struct ubuf_info.desc: ZERO ubuf_info accesses in ipa. Hits are IPA-local struct ipa_desc desc, ->desc on IPA structs, ipa_sys_desc_size, strings/comments.
drivers/platform/msm/ipa/ipa_v3/ipa_rt.c:665	desc	BENIGN struct ubuf_info.desc: ZERO ubuf_info accesses in ipa. Hits are IPA-local struct ipa_desc desc, ->desc on IPA structs, ipa_sys_desc_size, strings/comments.
drivers/platform/msm/ipa/ipa_v3/ipa_rt.c:669	desc	BENIGN struct ubuf_info.desc: ZERO ubuf_info accesses in ipa. Hits are IPA-local struct ipa_desc desc, ->desc on IPA structs, ipa_sys_desc_size, strings/comments.
drivers/platform/msm/ipa/ipa_v3/ipa_utils.c:4419	desc	BENIGN struct ubuf_info.desc: ZERO ubuf_info accesses in ipa. Hits are IPA-local struct ipa_desc desc, ->desc on IPA structs, ipa_sys_desc_size, strings/comments.
drivers/platform/msm/ipa/ipa_v3/ipa_utils.c:4427	desc	BENIGN struct ubuf_info.desc: ZERO ubuf_info accesses in ipa. Hits are IPA-local struct ipa_desc desc, ->desc on IPA structs, ipa_sys_desc_size, strings/comments.
drivers/platform/msm/ipa/ipa_v3/ipa_utils.c:4467	desc	BENIGN struct ubuf_info.desc: ZERO ubuf_info accesses in ipa. Hits are IPA-local struct ipa_desc desc, ->desc on IPA structs, ipa_sys_desc_size, strings/comments.
drivers/platform/msm/ipa/ipa_v3/ipa_utils.c:4468	desc	BENIGN struct ubuf_info.desc: ZERO ubuf_info accesses in ipa. Hits are IPA-local struct ipa_desc desc, ->desc on IPA structs, ipa_sys_desc_size, strings/comments.
drivers/platform/msm/ipa/ipa_v3/ipa_utils.c:4622	desc	BENIGN struct ubuf_info.desc: ZERO ubuf_info accesses in ipa. Hits are IPA-local struct ipa_desc desc, ->desc on IPA structs, ipa_sys_desc_size, strings/comments.
drivers/platform/msm/ipa/ipa_v3/ipa_utils.c:4623	desc	BENIGN struct ubuf_info.desc: ZERO ubuf_info accesses in ipa. Hits are IPA-local struct ipa_desc desc, ->desc on IPA structs, ipa_sys_desc_size, strings/comments.
drivers/platform/msm/ipa/ipa_v3/ipa_utils.c:4629	desc	BENIGN struct ubuf_info.desc: ZERO ubuf_info accesses in ipa. Hits are IPA-local struct ipa_desc desc, ->desc on IPA structs, ipa_sys_desc_size, strings/comments.
drivers/platform/msm/ipa/ipa_v3/ipa_utils.c:4667	desc	BENIGN struct ubuf_info.desc: ZERO ubuf_info accesses in ipa. Hits are IPA-local struct ipa_desc desc, ->desc on IPA structs, ipa_sys_desc_size, strings/comments.
drivers/platform/msm/ipa/ipa_v3/ipa_utils.c:4668	desc	BENIGN struct ubuf_info.desc: ZERO ubuf_info accesses in ipa. Hits are IPA-local struct ipa_desc desc, ->desc on IPA structs, ipa_sys_desc_size, strings/comments.
drivers/platform/msm/ipa/ipa_v3/ipa_utils.c:4669	desc	BENIGN struct ubuf_info.desc: ZERO ubuf_info accesses in ipa. Hits are IPA-local struct ipa_desc desc, ->desc on IPA structs, ipa_sys_desc_size, strings/comments.
drivers/platform/msm/ipa/ipa_v3/ipa_utils.c:4677	desc	BENIGN struct ubuf_info.desc: ZERO ubuf_info accesses in ipa. Hits are IPA-local struct ipa_desc desc, ->desc on IPA structs, ipa_sys_desc_size, strings/comments.
drivers/platform/msm/ipa/ipa_v3/ipa_utils.c:4678	desc	BENIGN struct ubuf_info.desc: ZERO ubuf_info accesses in ipa. Hits are IPA-local struct ipa_desc desc, ->desc on IPA structs, ipa_sys_desc_size, strings/comments.
drivers/platform/msm/ipa/ipa_v3/ipa_utils.c:4679	desc	BENIGN struct ubuf_info.desc: ZERO ubuf_info accesses in ipa. Hits are IPA-local struct ipa_desc desc, ->desc on IPA structs, ipa_sys_desc_size, strings/comments.
drivers/platform/msm/ipa/ipa_v3/ipa_utils.c:4691	desc	BENIGN struct ubuf_info.desc: ZERO ubuf_info accesses in ipa. Hits are IPA-local struct ipa_desc desc, ->desc on IPA structs, ipa_sys_desc_size, strings/comments.
drivers/platform/msm/ipa/ipa_v3/ipa_utils.c:4713	desc	BENIGN struct ubuf_info.desc: ZERO ubuf_info accesses in ipa. Hits are IPA-local struct ipa_desc desc, ->desc on IPA structs, ipa_sys_desc_size, strings/comments.
drivers/platform/msm/ipa/ipa_v3/ipa_utils.c:4714	desc	BENIGN struct ubuf_info.desc: ZERO ubuf_info accesses in ipa. Hits are IPA-local struct ipa_desc desc, ->desc on IPA structs, ipa_sys_desc_size, strings/comments.
drivers/platform/msm/ipa/ipa_v3/ipa_utils.c:4720	desc	BENIGN struct ubuf_info.desc: ZERO ubuf_info accesses in ipa. Hits are IPA-local struct ipa_desc desc, ->desc on IPA structs, ipa_sys_desc_size, strings/comments.
drivers/platform/msm/ipa/ipa_v3/ipa_utils.c:4728	desc	BENIGN struct ubuf_info.desc: ZERO ubuf_info accesses in ipa. Hits are IPA-local struct ipa_desc desc, ->desc on IPA structs, ipa_sys_desc_size, strings/comments.
drivers/platform/msm/ipa/ipa_v3/ipa_utils.c:4732	desc	BENIGN struct ubuf_info.desc: ZERO ubuf_info accesses in ipa. Hits are IPA-local struct ipa_desc desc, ->desc on IPA structs, ipa_sys_desc_size, strings/comments.
drivers/platform/msm/ipa/ipa_v3/ipa_utils.c:5716	desc	BENIGN struct ubuf_info.desc: ZERO ubuf_info accesses in ipa. Hits are IPA-local struct ipa_desc desc, ->desc on IPA structs, ipa_sys_desc_size, strings/comments.
drivers/platform/msm/ipa/ipa_v3/ipa_utils.c:5718	desc	BENIGN struct ubuf_info.desc: ZERO ubuf_info accesses in ipa. Hits are IPA-local struct ipa_desc desc, ->desc on IPA structs, ipa_sys_desc_size, strings/comments.
drivers/platform/msm/ipa/ipa_v3/ipa_utils.c:5721	desc	BENIGN struct ubuf_info.desc: ZERO ubuf_info accesses in ipa. Hits are IPA-local struct ipa_desc desc, ->desc on IPA structs, ipa_sys_desc_size, strings/comments.
drivers/platform/msm/ipa/ipa_v3/ipa_utils.c:6296	desc	BENIGN struct ubuf_info.desc: ZERO ubuf_info accesses in ipa. Hits are IPA-local struct ipa_desc desc, ->desc on IPA structs, ipa_sys_desc_size, strings/comments.
drivers/platform/msm/ipa/ipa_v3/ipa_utils.c:6299	desc	BENIGN struct ubuf_info.desc: ZERO ubuf_info accesses in ipa. Hits are IPA-local struct ipa_desc desc, ->desc on IPA structs, ipa_sys_desc_size, strings/comments.
drivers/platform/msm/ipa/ipa_v3/ipa_utils.c:6300	desc	BENIGN struct ubuf_info.desc: ZERO ubuf_info accesses in ipa. Hits are IPA-local struct ipa_desc desc, ->desc on IPA structs, ipa_sys_desc_size, strings/comments.
drivers/platform/msm/ipa/ipa_v3/ipa_utils.c:6301	desc	BENIGN struct ubuf_info.desc: ZERO ubuf_info accesses in ipa. Hits are IPA-local struct ipa_desc desc, ->desc on IPA structs, ipa_sys_desc_size, strings/comments.
drivers/platform/msm/ipa/ipa_v3/ipa_utils.c:6302	desc	BENIGN struct ubuf_info.desc: ZERO ubuf_info accesses in ipa. Hits are IPA-local struct ipa_desc desc, ->desc on IPA structs, ipa_sys_desc_size, strings/comments.
drivers/platform/msm/ipa/ipa_v3/ipa_utils.c:6303	desc	BENIGN struct ubuf_info.desc: ZERO ubuf_info accesses in ipa. Hits are IPA-local struct ipa_desc desc, ->desc on IPA structs, ipa_sys_desc_size, strings/comments.
drivers/platform/msm/ipa/ipa_v3/rmnet_ipa.c:2174	desc	BENIGN struct ubuf_info.desc: ZERO ubuf_info accesses in ipa. Hits are IPA-local struct ipa_desc desc, ->desc on IPA structs, ipa_sys_desc_size, strings/comments.
drivers/platform/msm/ipa/ipa_v3/rmnet_ipa.c:2176	desc	BENIGN struct ubuf_info.desc: ZERO ubuf_info accesses in ipa. Hits are IPA-local struct ipa_desc desc, ->desc on IPA structs, ipa_sys_desc_size, strings/comments.
drivers/platform/msm/ipa/ipa_v3/rmnet_ipa.c:2179	desc	BENIGN struct ubuf_info.desc: ZERO ubuf_info accesses in ipa. Hits are IPA-local struct ipa_desc desc, ->desc on IPA structs, ipa_sys_desc_size, strings/comments.
drivers/platform/msm/ipa/ipa_v3/rmnet_ipa.c:2182	desc	BENIGN struct ubuf_info.desc: ZERO ubuf_info accesses in ipa. Hits are IPA-local struct ipa_desc desc, ->desc on IPA structs, ipa_sys_desc_size, strings/comments.
drivers/platform/msm/ipa/test/ipa_ut_framework.c:429	desc	BENIGN struct ubuf_info.desc: ZERO ubuf_info accesses in ipa. Hits are IPA-local struct ipa_desc desc, ->desc on IPA structs, ipa_sys_desc_size, strings/comments.
drivers/platform/msm/ipa/test/ipa_ut_framework.c:438	desc	BENIGN struct ubuf_info.desc: ZERO ubuf_info accesses in ipa. Hits are IPA-local struct ipa_desc desc, ->desc on IPA structs, ipa_sys_desc_size, strings/comments.
drivers/platform/msm/ipa/test/ipa_ut_framework.c:675	desc	BENIGN struct ubuf_info.desc: ZERO ubuf_info accesses in ipa. Hits are IPA-local struct ipa_desc desc, ->desc on IPA structs, ipa_sys_desc_size, strings/comments.
drivers/platform/msm/ipa/test/ipa_ut_framework.h:130	desc	BENIGN struct ubuf_info.desc: ZERO ubuf_info accesses in ipa. Hits are IPA-local struct ipa_desc desc, ->desc on IPA structs, ipa_sys_desc_size, strings/comments.
drivers/platform/msm/ipa/test/ipa_ut_framework.h:140	desc	BENIGN struct ubuf_info.desc: ZERO ubuf_info accesses in ipa. Hits are IPA-local struct ipa_desc desc, ->desc on IPA structs, ipa_sys_desc_size, strings/comments.
drivers/platform/msm/ipa/test/ipa_ut_framework.h:152	desc	BENIGN struct ubuf_info.desc: ZERO ubuf_info accesses in ipa. Hits are IPA-local struct ipa_desc desc, ->desc on IPA structs, ipa_sys_desc_size, strings/comments.
drivers/platform/msm/ipa/test/ipa_ut_framework.h:163	desc	BENIGN struct ubuf_info.desc: ZERO ubuf_info accesses in ipa. Hits are IPA-local struct ipa_desc desc, ->desc on IPA structs, ipa_sys_desc_size, strings/comments.
drivers/platform/msm/ipa/test/ipa_ut_framework.h:194	desc	BENIGN struct ubuf_info.desc: ZERO ubuf_info accesses in ipa. Hits are IPA-local struct ipa_desc desc, ->desc on IPA structs, ipa_sys_desc_size, strings/comments.
drivers/platform/msm/ipa/test/ipa_ut_framework.h:226	desc	BENIGN struct ubuf_info.desc: ZERO ubuf_info accesses in ipa. Hits are IPA-local struct ipa_desc desc, ->desc on IPA structs, ipa_sys_desc_size, strings/comments.
drivers/platform/msm/ipa/ipa_v3/ipa_flt.c:535	image	BENIGN struct bpf_binary_header.image: hits are FW-image strings/comments. IPA uses no BPF at all.
drivers/platform/msm/ipa/ipa_v3/ipa_utils.c:5755	image	BENIGN struct bpf_binary_header.image: hits are FW-image strings/comments. IPA uses no BPF at all.
drivers/platform/msm/ipa/ipa_v3/ipa_utils.c:5824	image	BENIGN struct bpf_binary_header.image: hits are FW-image strings/comments. IPA uses no BPF at all.
drivers/platform/msm/ipa/ipa_v3/ipa_utils.c:5879	image	BENIGN struct bpf_binary_header.image: hits are FW-image strings/comments. IPA uses no BPF at all.
drivers/platform/msm/ipa/ipa_v3/ipa_utils.c:5895	image	BENIGN struct bpf_binary_header.image: hits are FW-image strings/comments. IPA uses no BPF at all.
drivers/platform/msm/ipa/ipa_v3/ipa_utils.c:5897	image	BENIGN struct bpf_binary_header.image: hits are FW-image strings/comments. IPA uses no BPF at all.
drivers/platform/msm/ipa/ipa_v3/ipa_utils.c:5898	image	BENIGN struct bpf_binary_header.image: hits are FW-image strings/comments. IPA uses no BPF at all.
drivers/platform/msm/ipa/ipa_v3/ipa_utils.c:5899	image	BENIGN struct bpf_binary_header.image: hits are FW-image strings/comments. IPA uses no BPF at all.
drivers/platform/msm/ipa/ipa_v3/ipa_utils.c:5902	image	BENIGN struct bpf_binary_header.image: hits are FW-image strings/comments. IPA uses no BPF at all.
drivers/platform/msm/ipa/ipa_v3/ipa_utils.c:5922	image	BENIGN struct bpf_binary_header.image: hits are FW-image strings/comments. IPA uses no BPF at all.
drivers/platform/msm/ipa/ipa_v3/ipa_utils.c:5941	image	BENIGN struct bpf_binary_header.image: hits are FW-image strings/comments. IPA uses no BPF at all.
drivers/platform/msm/ipa/ipa_v3/ipa_utils.c:6079	image	BENIGN struct bpf_binary_header.image: hits are FW-image strings/comments. IPA uses no BPF at all.
drivers/platform/msm/ipa/ipa_v3/ipa_utils.c:6100	image	BENIGN struct bpf_binary_header.image: hits are FW-image strings/comments. IPA uses no BPF at all.
drivers/platform/msm/ipa/ipa_v3/ipa_utils.c:6102	image	BENIGN struct bpf_binary_header.image: hits are FW-image strings/comments. IPA uses no BPF at all.
drivers/platform/msm/ipa/ipa_v3/ipa_utils.c:6103	image	BENIGN struct bpf_binary_header.image: hits are FW-image strings/comments. IPA uses no BPF at all.
drivers/platform/msm/ipa/ipa_v3/ipa_utils.c:6104	image	BENIGN struct bpf_binary_header.image: hits are FW-image strings/comments. IPA uses no BPF at all.
drivers/platform/msm/ipa/ipa_v3/ipa_utils.c:6119	image	BENIGN struct bpf_binary_header.image: hits are FW-image strings/comments. IPA uses no BPF at all.
drivers/platform/msm/ipa/ipa_v3/ipa_utils.c:6136	image	BENIGN struct bpf_binary_header.image: hits are FW-image strings/comments. IPA uses no BPF at all.
drivers/platform/msm/ipa/ipa_v3/ipa_utils.c:6174	image	BENIGN struct bpf_binary_header.image: hits are FW-image strings/comments. IPA uses no BPF at all.
drivers/platform/msm/ipa/ipa_v3/ipahal/ipahal.c:1537	image	BENIGN struct bpf_binary_header.image: hits are FW-image strings/comments. IPA uses no BPF at all.
drivers/platform/msm/ipa/ipa_v3/ipahal/ipahal.c:1545	image	BENIGN struct bpf_binary_header.image: hits are FW-image strings/comments. IPA uses no BPF at all.
drivers/platform/msm/ipa/ipa_v3/ipahal/ipahal.h:657	image	BENIGN struct bpf_binary_header.image: hits are FW-image strings/comments. IPA uses no BPF at all.
drivers/platform/msm/ipa/ipa_v3/ipahal/ipahal.h:662	image	BENIGN struct bpf_binary_header.image: hits are FW-image strings/comments. IPA uses no BPF at all.
drivers/platform/msm/ipa/ipa_v3/ipahal/ipahal_fltrt.c:3104	image	BENIGN struct bpf_binary_header.image: hits are FW-image strings/comments. IPA uses no BPF at all.
drivers/platform/msm/ipa/ipa_v3/ipahal/ipahal_fltrt.c:3166	image	BENIGN struct bpf_binary_header.image: hits are FW-image strings/comments. IPA uses no BPF at all.
drivers/platform/msm/ipa/ipa_v3/ipahal/ipahal_fltrt.h:167	image	BENIGN struct bpf_binary_header.image: hits are FW-image strings/comments. IPA uses no BPF at all.
drivers/platform/msm/ipa/ipa_v3/ipahal/ipahal_fltrt.h:180	image	BENIGN struct bpf_binary_header.image: hits are FW-image strings/comments. IPA uses no BPF at all.
drivers/platform/msm/ipa/ipa_v3/ipahal/ipahal_i.h:760	image	BENIGN struct bpf_binary_header.image: hits are FW-image strings/comments. IPA uses no BPF at all.
drivers/platform/msm/ipa/ipa_clients/odu_bridge.c:1172	ops	BENIGN struct bpf_prog_aux.ops: hits are cdev->ops = &..._fops, i.e. struct cdev.ops.
drivers/platform/msm/ipa/ipa_v2/ipa.c:4329	ops	BENIGN struct bpf_prog_aux.ops: hits are cdev->ops = &..._fops, i.e. struct cdev.ops.
drivers/platform/msm/ipa/ipa_v2/ipa_nat.c:203	ops	BENIGN struct bpf_prog_aux.ops: hits are cdev->ops = &..._fops, i.e. struct cdev.ops.
drivers/platform/msm/ipa/ipa_v2/teth_bridge.c:216	ops	BENIGN struct bpf_prog_aux.ops: hits are cdev->ops = &..._fops, i.e. struct cdev.ops.
drivers/platform/msm/ipa/ipa_v3/ipa.c:5779	ops	BENIGN struct bpf_prog_aux.ops: hits are cdev->ops = &..._fops, i.e. struct cdev.ops.
drivers/platform/msm/ipa/ipa_v3/teth_bridge.c:291	ops	BENIGN struct bpf_prog_aux.ops: hits are cdev->ops = &..._fops, i.e. struct cdev.ops.
drivers/platform/msm/ipa/ipa_v3/ipa.c:4093	refcnt	BENIGN struct sk_filter.refcnt / struct bpf_prog_aux.refcnt: hits are IPA own ref_cnt / enable_ref_cnt fields inside log strings.
drivers/platform/msm/ipa/ipa_v3/ipa_dma.c:1030	refcnt	BENIGN struct sk_filter.refcnt / struct bpf_prog_aux.refcnt: hits are IPA own ref_cnt / enable_ref_cnt fields inside log strings.
drivers/platform/msm/ipa/ipa_v3/ipa_dma.c:221	refcnt	BENIGN struct sk_filter.refcnt / struct bpf_prog_aux.refcnt: hits are IPA own ref_cnt / enable_ref_cnt fields inside log strings.
drivers/platform/msm/ipa/ipa_v3/ipa_dma.c:224	refcnt	BENIGN struct sk_filter.refcnt / struct bpf_prog_aux.refcnt: hits are IPA own ref_cnt / enable_ref_cnt fields inside log strings.
drivers/platform/msm/ipa/ipa_v3/ipa_dma.c:426	refcnt	BENIGN struct sk_filter.refcnt / struct bpf_prog_aux.refcnt: hits are IPA own ref_cnt / enable_ref_cnt fields inside log strings.
drivers/platform/msm/ipa/ipa_v3/ipa_dma.c:485	refcnt	BENIGN struct sk_filter.refcnt / struct bpf_prog_aux.refcnt: hits are IPA own ref_cnt / enable_ref_cnt fields inside log strings.
